kind,direction,section,site_row,geometry_json,chain_m,status,power_kw,fast_points,eligible_power,access_m,return_m,snap_m,entry_chain_m,review_reason,review_detail,exit_name,exit_node,entry_node,diagnostic_access_m,end_m,gap_km,road_gap_km
site,north,,20379,"[11.190786, 49.230133]",122174.18091533096,distance_excluded,88.0,0,False,12670.7,6989.8,8.4,133124.01122834886,access_exceeds_3km_even_optimistic,Подъезд >3 км даже в диагностической сети без проверок доступа и поворотов; исключено только по модели OSM,,69478188,29747074,6878.810864073204,,,
site,north,,20401,"[11.18759, 49.210724]",122174.18091533096,distance_excluded,88.0,0,False,9859.2,8529.2,5.7,133124.01122834886,access_exceeds_3km_even_optimistic,Подъезд >3 км даже в диагностической сети без проверок доступа и поворотов; исключено только по модели OSM,,69478188,29747074,8524.506728428241,,,
site,north,,20402,"[11.186754, 49.209671]",122174.18091533096,distance_excluded,88.0,0,False,9778.7,8448.2,8.4,133124.01122834886,access_exceeds_3km_even_optimistic,Подъезд >3 км даже в диагностической сети без проверок доступа и поворотов; исключено только по модели OSM,,69478188,29747074,8443.999683145325,,,
site,north,,20405,"[11.194075, 49.191379]",122174.18091533096,distance_excluded,44.0,0,False,7597.2,7594.9,0.3,122402.14945084223,access_exceeds_3km_even_optimistic,Подъезд >3 км даже в диагностической сети без проверок доступа и поворотов; исключено только по модели OSM,,69478188,581315,7597.152589879467,,,
site,north,,12254,"[11.17373, 49.41388]",148701.04541626782,unconfirmed,44.0,0,False,4564.8,2751.1,7.1,150991.43306222503,access_or_snap_review,"Короткая связь появляется только в диагностике; проверить доступ, повороты, барьеры и привязку координаты",,580748,5590850491,2994.0719900110007,,,
site,north,,12255,"[11.175358, 49.397726]",148701.04541626782,distance_excluded,44.0,0,False,4634.7,4884.5,39.2,150991.43306222503,access_exceeds_3km_even_optimistic,Подъезд >3 км даже в диагностической сети без проверок доступа и поворотов; исключено только по модели OSM,,580748,5590850491,4634.687816121859,,,
site,north,,12257,"[11.18581, 49.41886]",148701.04541626782,unconfirmed,44.0,0,False,4975.3,3793.1,9.8,150991.43306222503,access_or_snap_review,"Короткая связь появляется только в диагностике; проверить доступ, повороты, барьеры и привязку координаты",,580748,5590850491,1715.1771397685627,,,
site,north,,12259,"[11.17288, 49.41188]",148701.04541626782,unconfirmed,44.0,0,False,4534.3,3149.1,8.1,150991.43306222503,access_or_snap_review,"Короткая связь появляется только в диагностике; проверить доступ, повороты, барьеры и привязку координаты",,580748,5590850491,2963.5933562022315,,,
site,north,,18827,"[11.175675, 49.398242]",148701.04541626782,distance_excluded,150.0,2,False,4672.7,4810.8,5.2,150991.43306222503,access_exceeds_3km_even_optimistic,Подъезд >3 км даже в диагностической сети без проверок доступа и поворотов; исключено только по модели OSM,,580748,5590850491,4672.687229409593,,,
site,north,,18848,"[11.2021, 49.35572]",144723.78739088145,unconfirmed,93.0,0,False,,,,,access_or_snap_review,"Короткая связь появляется только в диагностике; проверить доступ, повороты, барьеры и привязку координаты",,,,1221.2021137640725,,,
site,north,,18850,"[11.201642, 49.356498]",144302.22948248393,road_route_found_entrance_unverified,98.0,0,False,1125.9,973.0,7.1,145035.29697858778,,,Rasthof Nürnberg/Feucht,254482149,254482188,,,,
site,north,,18871,"[11.207207, 49.466297]",155982.4847457498,distance_excluded,44.0,0,False,10219.2,8212.5,6.4,158047.09030188154,access_exceeds_3km_even_optimistic,Подъезд >3 км даже в диагностической сети без проверок доступа и поворотов; исключено только по модели OSM,,584250,254000748,6195.898960991587,,,
site,north,,20330,"[11.169686, 49.364405]",143273.840313591,distance_excluded,22.0,0,False,5443.4,5295.9,8.8,143745.14164015168,access_exceeds_3km_even_optimistic,Подъезд >3 км даже в диагностической сети без проверок доступа и поворотов; исключено только по модели OSM,,5913529,3779207419,5443.368225949432,,,
site,north,,20333,"[11.172303, 49.363365]",143273.840313591,distance_excluded,44.0,0,False,5740.6,5485.3,6.2,143745.14164015168,access_exceeds_3km_even_optimistic,Подъезд >3 км даже в диагностической сети без проверок доступа и поворотов; исключено только по модели OSM,,5913529,3779207419,5740.592900606172,,,
site,north,,20334,"[11.157707, 49.346601]",143273.840313591,distance_excluded,44.0,0,False,8073.4,7837.4,0.1,143745.14164015168,access_exceeds_3km_even_optimistic,Подъезд >3 км даже в диагностической сети без проверок доступа и поворотов; исключено только по модели OSM,,5913529,3779207419,8073.372487136664,,,
site,north,,20335,"[11.16804, 49.36646]",143273.840313591,distance_excluded,44.0,0,False,5173.2,4965.4,2.0,143745.14164015168,access_exceeds_3km_even_optimistic,Подъезд >3 км даже в диагностической сети без проверок доступа и поворотов; исключено только по модели OSM,,5913529,3779207419,5173.237663798096,,,
site,north,,20336,"[11.16804, 49.36646]",143273.840313591,distance_excluded,22.0,0,False,5173.2,4965.4,2.0,143745.14164015168,access_exceeds_3km_even_optimistic,Подъезд >3 км даже в диагностической сети без проверок доступа и поворотов; исключено только по модели OSM,,5913529,3779207419,5173.237663798096,,,
site,north,,20337,"[11.167197000000002, 49.3540275]",143273.840313591,distance_excluded,116.0,0,False,7528.5,7320.6,10.8,143745.14164015168,access_exceeds_3km_even_optimistic,Подъезд >3 км даже в диагностической сети без проверок доступа и поворотов; исключено только по модели OSM,,5913529,3779207419,7528.457302856729,,,
site,north,,20343,"[11.16353, 49.35236]",143273.840313591,distance_excluded,200.0,2,False,7495.1,7250.8,4.2,143745.14164015168,access_exceeds_3km_even_optimistic,Подъезд >3 км даже в диагностической сети без проверок доступа и поворотов; исключено только по модели OSM,,5913529,3779207419,7438.695012556886,,,
site,north,,20353,"[11.16197, 49.34672]",143273.840313591,distance_excluded,72.0,0,False,8294.1,7920.1,10.1,143745.14164015168,access_exceeds_3km_even_optimistic,Подъезд >3 км даже в диагностической сети без проверок доступа и поворотов; исключено только по модели OSM,,5913529,3779207419,8294.09548345467,,,
site,north,,20354,"[11.15713, 49.35096]",143273.840313591,distance_excluded,44.0,0,False,7942.0,7494.3,11.5,143745.14164015168,access_exceeds_3km_even_optimistic,Подъезд >3 км даже в диагностической сети без проверок доступа и поворотов; исключено только по модели OSM,,5913529,3779207419,7942.044659321164,,,
site,north,,11433,"[11.553234, 48.18302]",3302.0490926255716,distance_excluded,22.0,0,False,6893.0,3447.9,4.2,0.0,access_exceeds_3km_even_optimistic,Подъезд >3 км даже в диагностической сети без проверок доступа и поворотов; исключено только по модели OSM,,1639311272,246994535,6593.433071109335,,,
site,north,,11435,"[11.555539, 48.179835]",0.0,distance_excluded,2000.0,10,True,,,,,access_exceeds_3km_even_optimistic,Подъезд >3 км даже в диагностической сети без проверок доступа и поворотов; исключено только по модели OSM,,,,6976.37483973448,,,
site,north,,11442,"[11.54645, 48.175078375]",35.55234687487422,distance_excluded,176.0,0,False,,,,,access_exceeds_3km_even_optimistic,Подъезд >3 км даже в диагностической сети без проверок доступа и поворотов; исключено только по модели OSM,,,,7822.357313522608,,,
site,north,,11443,"[11.55342, 48.17495]",35.55234687487422,distance_excluded,200.0,2,False,,,,,access_exceeds_3km_even_optimistic,Подъезд >3 км даже в диагностической сети без проверок доступа и поворотов; исключено только по модели OSM,,,,7349.682829009905,,,
site,north,,11436,"[11.551593, 48.187429]",3302.0490926255716,distance_excluded,44.0,0,False,6832.7,4130.3,3.9,0.0,access_exceeds_3km_even_optimistic,Подъезд >3 км даже в диагностической сети без проверок доступа и поворотов; исключено только по модели OSM,,1639311272,246994535,6533.104588732868,,,
site,north,,11437,"[11.551952, 48.186629]",3302.0490926255716,distance_excluded,22.0,0,False,6899.9,4194.0,24.2,0.0,access_exceeds_3km_even_optimistic,Подъезд >3 км даже в диагностической сети без проверок доступа и поворотов; исключено только по модели OSM,,1639311272,246994535,6600.320097485319,,,
site,north,,11438,"[11.555002, 48.185812]",3302.0490926255716,distance_excluded,3.7,0,False,6470.2,3705.1,30.1,0.0,access_exceeds_3km_even_optimistic,Подъезд >3 км даже в диагностической сети без проверок доступа и поворотов; исключено только по модели OSM,,1639311272,246994535,6170.702585478639,,,
site,north,,11440,"[11.554438, 48.185115]",0.0,distance_excluded,11.0,0,False,,,,,access_exceeds_3km_even_optimistic,Подъезд >3 км даже в диагностической сети без проверок доступа и поворотов; исключено только по модели OSM,,,,6216.416906462476,,,
site,north,,11444,"[11.549643, 48.185106]",3302.0490926255716,distance_excluded,22.0,0,False,7336.7,4095.7,6.7,0.0,access_exceeds_3km_even_optimistic,Подъезд >3 км даже в диагностической сети без проверок доступа и поворотов; исключено только по модели OSM,,1639311272,246994535,7037.123121175634,,,
site,north,,15857,"[11.558866, 48.352028]",15121.787132908397,distance_excluded,22.0,0,False,9640.7,9570.6,14.1,15422.833484190724,access_exceeds_3km_even_optimistic,Подъезд >3 км даже в диагностической сети без проверок доступа и поворотов; исключено только по модели OSM,,2039887,20856717,6991.5497114157315,,,
site,north,,15692,"[11.547516, 48.491396]",39135.17072510143,distance_excluded,11.0,0,False,4917.1,5014.2,27.4,39397.0738229359,access_exceeds_3km_even_optimistic,Подъезд >3 км даже в диагностической сети без проверок доступа и поворотов; исключено только по модели OSM,,21518694,251820588,4917.12551593051,,,
site,north,,15693,"[11.567628, 48.474394]",39135.17072510143,distance_excluded,22.0,0,False,5120.0,2962.6,6.8,34514.42552648904,access_exceeds_3km_even_optimistic,Подъезд >3 км даже в диагностической сети без проверок доступа и поворотов; исключено только по модели OSM,,21518694,21646525,5119.957578668616,,,
site,north,,15694,"[11.563623, 48.477363]",39135.17072510143,distance_excluded,22.0,0,False,5267.9,3451.8,20.6,34514.42552648904,access_exceeds_3km_even_optimistic,Подъезд >3 км даже в диагностической сети без проверок доступа и поворотов; исключено только по модели OSM,,21518694,21646525,5267.92937440201,,,
site,north,,15695,"[11.564945, 48.471233]",39135.17072510143,distance_excluded,22.0,0,False,5643.2,3566.9,8.0,34514.42552648904,access_exceeds_3km_even_optimistic,Подъезд >3 км даже в диагностической сети без проверок доступа и поворотов; исключено только по модели OSM,,21518694,21646525,5643.242678563871,,,
site,north,,18399,"[11.454556, 48.693646]",64639.500420290635,distance_excluded,150.0,2,False,8247.5,6028.3,8.4,64867.9548508578,access_exceeds_3km_even_optimistic,Подъезд >3 км даже в диагностической сети без проверок доступа и поворотов; исключено только по модели OSM,,21532630,30926604,6098.287669884672,,,
site,north,,19578,"[11.494464, 48.715658]",64639.500420290635,unconfirmed,44.0,0,False,2085.4,3157.2,10.4,64867.9548508578,return_or_snap_unconfirmed,Подъезд ≤3 км найден; возврат ≤3 км на своё направление не подтверждён,,21532630,30926604,2022.8737648146182,,,
site,north,,19579,"[11.459078, 48.712075]",64639.500420290635,unconfirmed,11.0,0,False,5316.9,2831.4,20.4,64867.9548508578,access_or_snap_review,"Короткая связь появляется только в диагностике; проверить доступ, повороты, барьеры и привязку координаты",,21532630,30926604,2842.811175042629,,,
site,north,,19580,"[11.48685, 48.71883]",64639.500420290635,road_route_found_entrance_unverified,22.0,0,False,2917.9,2769.9,6.9,64867.9548508578,,,Manching,21532630,30926604,,,,
site,north,,19581,"[11.485485, 48.714608]",64639.500420290635,unconfirmed,11.0,0,False,3055.1,2968.4,14.7,64867.9548508578,access_or_snap_review,"Короткая связь появляется только в диагностике; проверить доступ, повороты, барьеры и привязку координаты",,21532630,30926604,2926.5881459651027,,,
site,north,,19582,"[11.48144, 48.713755]",65449.0618887908,unconfirmed,800.0,4,True,,,,,access_or_snap_review,"Короткая связь появляется только в диагностике; проверить доступ, повороты, барьеры и привязку координаты",,,,1690.9715732077307,,,
site,north,,19583,"[11.520653, 48.645628]",57088.32205062917,road_route_found_entrance_unverified,5000.0,20,True,418.8,514.1,32.0,57310.90131537659,,,Langenbruck,69471735,1626295973,,,,
site,north,,19584,"[11.520237, 48.644283]",57088.32205062917,road_route_found_entrance_unverified,600.0,4,True,325.5,434.0,1.2,57310.90131537659,,,Langenbruck,69471735,1626295973,,,,
site,north,,19585,"[11.48127, 48.654199000000006]",57088.32205062917,distance_excluded,55.0,0,False,4175.2,4543.7,44.8,57310.90131537659,access_exceeds_3km_even_optimistic,Подъезд >3 км даже в диагностической сети без проверок доступа и поворотов; исключено только по модели OSM,,69471735,1626295973,4175.215526563288,,,
site,north,,19586,"[11.482268, 48.654903]",57088.32205062917,distance_excluded,44.0,0,False,4273.3,4445.7,1.0,57310.90131537659,access_exceeds_3km_even_optimistic,Подъезд >3 км даже в диагностической сети без проверок доступа и поворотов; исключено только по модели OSM,,69471735,1626295973,4273.267749547685,,,
site,north,,19587,"[11.511201, 48.641923]",57088.32205062917,road_route_found_entrance_unverified,11.0,0,False,1564.8,1385.1,11.0,57310.90131537659,,,Langenbruck,69471735,1626295973,,,,
site,north,,19588,"[11.520159999999999, 48.64340000000001]",57088.32205062917,road_route_found_entrance_unverified,900.0,6,True,379.9,518.9,5.1,57310.90131537659,,,Langenbruck,69471735,1626295973,,,,
site,north,,19589,"[11.5135, 48.6449]",57088.32205062917,road_route_found_entrance_unverified,300.0,4,False,1245.4,1224.4,8.4,57310.90131537659,,,Langenbruck,69471735,1626295973,,,,
site,north,,19590,"[11.475382000000002, 48.653763]",57088.32205062917,distance_excluded,194.0,4,False,4353.2,4397.6,6.7,57310.90131537659,access_exceeds_3km_even_optimistic,Подъезд >3 км даже в диагностической сети без проверок доступа и поворотов; исключено только по модели OSM,,69471735,1626295973,4353.170974715796,,,
site,north,,19594,"[11.45990625, 48.67306]",57088.32205062917,distance_excluded,408.0,0,False,7464.0,7575.3,4.3,57310.90131537659,access_exceeds_3km_even_optimistic,Подъезд >3 км даже в диагностической сети без проверок доступа и поворотов; исключено только по модели OSM,,69471735,1626295973,7463.992300218234,,,
site,north,,19595,"[11.467403, 48.671484]",57088.32205062917,distance_excluded,88.0,0,False,7051.3,7068.1,4.9,57310.90131537659,access_exceeds_3km_even_optimistic,Подъезд >3 км даже в диагностической сети без проверок доступа и поворотов; исключено только по модели OSM,,69471735,1626295973,6502.702579019661,,,
site,north,,19596,"[11.467445, 48.67148]",57088.32205062917,distance_excluded,66.0,0,False,7012.8,7106.6,5.3,57310.90131537659,access_exceeds_3km_even_optimistic,Подъезд >3 км даже в диагностической сети без проверок доступа и поворотов; исключено только по модели OSM,,69471735,1626295973,6499.605972583428,,,
site,north,,19597,"[11.46067, 48.67419]",57088.32205062917,distance_excluded,22.0,0,False,7456.4,7507.3,6.9,57310.90131537659,access_exceeds_3km_even_optimistic,Подъезд >3 км даже в диагностической сети без проверок доступа и поворотов; исключено только по модели OSM,,69471735,1626295973,6818.860071083653,,,
site,north,,19598,"[11.459847000000002, 48.673001]",57088.32205062917,distance_excluded,370.0,2,False,7457.6,7581.7,0.3,57310.90131537659,access_exceeds_3km_even_optimistic,Подъезд >3 км даже в диагностической сети без проверок доступа и поворотов; исключено только по модели OSM,,69471735,1626295973,7457.61938400195,,,
site,north,,19599,"[11.460647, 48.674182]",57088.32205062917,distance_excluded,44.0,0,False,7468.7,7495.1,6.1,57310.90131537659,access_exceeds_3km_even_optimistic,Подъезд >3 км даже в диагностической сети без проверок доступа и поворотов; исключено только по модели OSM,,69471735,1626295973,6831.093849199376,,,
site,north,,19600,"[11.460647, 48.674182]",57088.32205062917,distance_excluded,44.0,0,False,7468.7,7495.1,6.1,57310.90131537659,access_exceeds_3km_even_optimistic,Подъезд >3 км даже в диагностической сети без проверок доступа и поворотов; исключено только по модели OSM,,69471735,1626295973,6831.093849199376,,,
site,north,,19611,"[11.481217, 48.654019]",57088.32205062917,distance_excluded,22.0,0,False,4155.0,4563.9,42.0,57310.90131537659,access_exceeds_3km_even_optimistic,Подъезд >3 км даже в диагностической сети без проверок доступа и поворотов; исключено только по модели OSM,,69471735,1626295973,4155.023850882812,,,
site,north,,19639,"[11.537817, 48.524066]",39135.17072510143,distance_excluded,50.0,0,False,5267.4,5384.5,15.0,39397.0738229359,access_exceeds_3km_even_optimistic,Подъезд >3 км даже в диагностической сети без проверок доступа и поворотов; исключено только по модели OSM,,21518694,251820588,5267.393415592578,,,
site,north,,19640,"[11.562305, 48.518278]",39135.17072510143,distance_excluded,6000.0,24,True,3253.6,3412.7,3.6,39397.0738229359,access_exceeds_3km_even_optimistic,Подъезд >3 км даже в диагностической сети без проверок доступа и поворотов; исключено только по модели OSM,,21518694,251820588,3253.570445380464,,,
site,north,,19655,"[11.562317, 48.613224]",48392.39653407401,distance_excluded,30.0,0,False,6139.0,6189.7,13.2,48392.39653407401,access_exceeds_3km_even_optimistic,Подъезд >3 км даже в диагностической сети без проверок доступа и поворотов; исключено только по модели OSM,,3316981716,3316981716,6138.988483208078,,,
site,north,,10635,"[11.419231, 48.791373]",74018.0402650142,distance_excluded,1716.0,0,False,,,,,access_exceeds_3km_even_optimistic,Подъезд >3 км даже в диагностической сети без проверок доступа и поворотов; исключено только по модели OSM,,,,5719.767299532552,,,
site,north,,10636,"[11.418156, 48.78145]",73599.47522448192,distance_excluded,300.0,2,False,,,,,access_exceeds_3km_even_optimistic,Подъезд >3 км даже в диагностической сети без проверок доступа и поворотов; исключено только по модели OSM,,,,5023.818329259051,,,
site,north,,10637,"[11.424704, 48.76702]",71333.78230972918,distance_excluded,22.0,0,False,,,,,access_exceeds_3km_even_optimistic,Подъезд >3 км даже в диагностической сети без проверок доступа и поворотов; исключено только по модели OSM,,,,4329.660106601964,,,
site,north,,10638,"[11.432219, 48.773082]",72350.93324252496,unconfirmed,88.0,0,False,,,,,topology_or_coordinate_review,"Связь не установлена: проверить координату, ближайшую дорогу и полноту OSM",,,,,,,
site,north,,10640,"[11.419227, 48.764779]",72023.47781612109,distance_excluded,88.0,0,False,4602.8,5141.9,40.5,70255.03577898083,access_exceeds_3km_even_optimistic,Подъезд >3 км даже в диагностической сети без проверок доступа и поворотов; исключено только по модели OSM,,13752718319,31021783,4471.068371611628,,,
site,north,,10642,"[11.426317, 48.761385]",69883.67995151604,distance_excluded,22.0,0,False,3870.7,4340.5,2.1,70255.03577898083,access_exceeds_3km_even_optimistic,Подъезд >3 км даже в диагностической сети без проверок доступа и поворотов; исключено только по модели OSM,,17200054,31021783,3815.48677824959,,,
site,north,,10643,"[11.4236, 48.77014]",72023.47781612109,distance_excluded,300.0,4,False,4458.0,4731.5,0.1,70255.03577898083,access_exceeds_3km_even_optimistic,Подъезд >3 км даже в диагностической сети без проверок доступа и поворотов; исключено только по модели OSM,,13752718319,31021783,3860.709334418908,,,
site,north,,10644,"[11.4237725, 48.770126]",72023.47781612109,distance_excluded,88.0,0,False,4461.3,4739.0,8.4,70255.03577898083,access_exceeds_3km_even_optimistic,Подъезд >3 км даже в диагностической сети без проверок доступа и поворотов; исключено только по модели OSM,,13752718319,31021783,3863.985612626498,,,
site,north,,10645,"[11.431439999999998, 48.766056]",71308.75118281401,distance_excluded,88.0,0,False,,,,,access_exceeds_3km_even_optimistic,Подъезд >3 км даже в диагностической сети без проверок доступа и поворотов; исключено только по модели OSM,,,,3476.4408508266242,,,
site,north,,10650,"[11.423098, 48.766229]",72023.47781612109,distance_excluded,100.0,0,False,4415.3,5069.2,7.6,70255.03577898083,access_exceeds_3km_even_optimistic,Подъезд >3 км даже в диагностической сети без проверок доступа и поворотов; исключено только по модели OSM,,13752718319,31021783,4225.615586991322,,,
site,north,,10651,"[11.422195, 48.767608]",72023.47781612109,distance_excluded,50.0,0,False,4507.0,4939.6,6.5,70255.03577898083,access_exceeds_3km_even_optimistic,Подъезд >3 км даже в диагностической сети без проверок доступа и поворотов; исключено только по модели OSM,,13752718319,31021783,4091.1214085894812,,,
site,north,,10652,"[11.42029, 48.76088]",69883.67995151604,distance_excluded,300.0,4,False,4669.5,5040.6,7.5,70255.03577898083,access_exceeds_3km_even_optimistic,Подъезд >3 км даже в диагностической сети без проверок доступа и поворотов; исключено только по модели OSM,,17200054,31021783,4416.372541742969,,,
site,north,,10653,"[11.421405, 48.760782500000005]",70671.36159997837,distance_excluded,88.0,0,False,,,,,access_exceeds_3km_even_optimistic,Подъезд >3 км даже в диагностической сети без проверок доступа и поворотов; исключено только по модели OSM,,,,4311.443438959512,,,
site,north,,10656,"[11.426985, 48.76314]",69883.67995151604,distance_excluded,22.0,0,False,4058.8,4195.0,8.5,70255.03577898083,access_exceeds_3km_even_optimistic,Подъезд >3 км даже в диагностической сети без проверок доступа и поворотов; исключено только по модели OSM,,17200054,31021783,3899.2814115234673,,,
site,north,,10657,"[11.42714, 48.7629]",70908.24269050255,distance_excluded,88.0,0,False,,,,,access_exceeds_3km_even_optimistic,Подъезд >3 км даже в диагностической сети без проверок доступа и поворотов; исключено только по модели OSM,,,,3868.6889364491617,,,
site,north,,10658,"[11.42714, 48.7629]",70908.24269050255,distance_excluded,132.0,0,False,,,,,access_exceeds_3km_even_optimistic,Подъезд >3 км даже в диагностической сети без проверок доступа и поворотов; исключено только по модели OSM,,,,3868.6889364491617,,,
site,north,,10659,"[11.42714, 48.7629]",70908.24269050255,distance_excluded,88.0,0,False,,,,,access_exceeds_3km_even_optimistic,Подъезд >3 км даже в диагностической сети без проверок доступа и поворотов; исключено только по модели OSM,,,,3868.6889364491617,,,
site,north,,10660,"[11.425857, 48.767748]",72023.47781612109,distance_excluded,88.0,0,False,4236.5,4682.6,1.4,70255.03577898083,access_exceeds_3km_even_optimistic,Подъезд >3 км даже в диагностической сети без проверок доступа и поворотов; исключено только по модели OSM,,13752718319,31021783,4125.032516738759,,,
site,north,,10661,"[11.433659, 48.764703]",71186.91256492115,distance_excluded,132.0,0,False,,,,,access_exceeds_3km_even_optimistic,Подъезд >3 км даже в диагностической сети без проверок доступа и поворотов; исключено только по модели OSM,,,,3742.666044362388,,,
site,north,,10662,"[11.4307715, 48.763825499999996]",71053.60266698468,distance_excluded,88.0,0,False,,,,,access_exceeds_3km_even_optimistic,Подъезд >3 км даже в диагностической сети без проверок доступа и поворотов; исключено только по модели OSM,,,,3591.890455790559,,,
site,north,,10663,"[11.43056, 48.76365]",71031.79784437164,distance_excluded,300.0,4,False,,,,,access_exceeds_3km_even_optimistic,Подъезд >3 км даже в диагностической сети без проверок доступа и поворотов; исключено только по модели OSM,,,,3601.108324525171,,,
site,north,,10664,"[11.430773, 48.763837]",71054.88226317753,distance_excluded,150.0,2,False,,,,,access_exceeds_3km_even_optimistic,Подъезд >3 км даже в диагностической сети без проверок доступа и поворотов; исключено только по модели OSM,,,,3575.1431635967897,,,
site,north,,10670,"[11.431278, 48.751639]",69883.67995151604,distance_excluded,44.0,0,False,3142.0,4432.9,4.6,70255.03577898083,access_exceeds_3km_even_optimistic,Подъезд >3 км даже в диагностической сети без проверок доступа и поворотов; исключено только по модели OSM,,17200054,31021783,3023.112691410149,,,
site,north,,10671,"[11.436131, 48.745382]",69883.67995151604,distance_excluded,150.0,2,False,3963.8,5054.8,5.8,70255.03577898083,access_exceeds_3km_even_optimistic,Подъезд >3 км даже в диагностической сети без проверок доступа и поворотов; исключено только по модели OSM,,17200054,31021783,3655.2407727897607,,,
site,north,,10672,"[11.437368, 48.74]",69883.67995151604,distance_excluded,71.0,0,False,4609.5,5746.0,20.1,70255.03577898083,access_exceeds_3km_even_optimistic,Подъезд >3 км даже в диагностической сети без проверок доступа и поворотов; исключено только по модели OSM,,17200054,31021783,4292.710002466904,,,
site,north,,10673,"[11.437203, 48.743583]",69883.67995151604,distance_excluded,88.0,0,False,4193.4,5280.2,23.3,70255.03577898083,access_exceeds_3km_even_optimistic,Подъезд >3 км даже в диагностической сети без проверок доступа и поворотов; исключено только по модели OSM,,17200054,31021783,3876.572487967729,,,
site,north,,10674,"[11.435144, 48.740054]",69883.67995151604,distance_excluded,600.0,4,True,4632.4,5820.7,6.6,70255.03577898083,access_exceeds_3km_even_optimistic,Подъезд >3 км даже в диагностической сети без проверок доступа и поворотов; исключено только по модели OSM,,17200054,31021783,4272.083915398916,,,
site,north,,10675,"[11.426157, 48.73871]",69883.67995151604,distance_excluded,11.0,0,False,4842.9,6119.4,12.0,70255.03577898083,access_exceeds_3km_even_optimistic,Подъезд >3 км даже в диагностической сети без проверок доступа и поворотов; исключено только по модели OSM,,17200054,31021783,4723.948336175466,,,
site,north,,10680,"[11.440074, 48.745065]",69754.48591441722,distance_excluded,88.0,0,False,,,,,access_exceeds_3km_even_optimistic,Подъезд >3 км даже в диагностической сети без проверок доступа и поворотов; исключено только по модели OSM,,,,3242.440142144432,,,
site,north,,10681,"[11.437833, 48.737056]",69883.67995151604,distance_excluded,44.0,0,False,4937.1,6127.7,7.7,70255.03577898083,access_exceeds_3km_even_optimistic,Подъезд >3 км даже в диагностической сети без проверок доступа и поворотов; исключено только по модели OSM,,17200054,31021783,4576.778659767034,,,
site,north,,10682,"[11.43131, 48.753435]",69883.67995151604,distance_excluded,22.0,0,False,3145.6,4119.7,16.4,70255.03577898083,access_exceeds_3km_even_optimistic,Подъезд >3 км даже в диагностической сети без проверок доступа и поворотов; исключено только по модели OSM,,17200054,31021783,3145.5857460480656,,,
site,north,,10683,"[11.43475, 48.742472]",69883.67995151604,distance_excluded,44.0,0,False,4293.8,5572.5,6.4,70255.03577898083,access_exceeds_3km_even_optimistic,Подъезд >3 км даже в диагностической сети без проверок доступа и поворотов; исключено только по модели OSM,,17200054,31021783,3933.4854906642295,,,
site,north,,10684,"[11.436966, 48.739411]",69883.67995151604,distance_excluded,160.0,2,False,4698.3,6006.0,5.3,70255.03577898083,access_exceeds_3km_even_optimistic,Подъезд >3 км даже в диагностической сети без проверок доступа и поворотов; исключено только по модели OSM,,17200054,31021783,4338.003216340659,,,
site,north,,10685,"[11.43925, 48.735361]",69883.67995151604,distance_excluded,150.0,2,False,4710.9,6399.1,9.2,64867.9548508578,access_exceeds_3km_even_optimistic,Подъезд >3 км даже в диагностической сети без проверок доступа и поворотов; исключено только по модели OSM,,17200054,30926604,4710.907655130534,,,
site,north,,10686,"[11.433505, 48.760112]",69883.67995151604,distance_excluded,88.0,0,False,3750.0,4907.6,20.6,70255.03577898083,access_exceeds_3km_even_optimistic,Подъезд >3 км даже в диагностической сети без проверок доступа и поворотов; исключено только по модели OSM,,17200054,31021783,3694.7432637921806,,,
site,north,,10689,"[11.4606, 48.75225]",70063.94081410188,unconfirmed,1200.0,4,True,,,,,access_or_snap_review,"Короткая связь появляется только в диагностике; проверить доступ, повороты, барьеры и привязку координаты",,,,363.77745054835793,,,
site,north,,10690,"[11.48631, 48.74678]",68598.48959375297,distance_excluded,22.0,0,False,,,,,access_exceeds_3km_even_optimistic,Подъезд >3 км даже в диагностической сети без проверок доступа и поворотов; исключено только по модели OSM,,,,3062.487247616799,,,
site,north,,10691,"[11.48414, 48.74494]",69883.67995151604,unconfirmed,22.0,0,False,3489.2,3612.6,8.1,70255.03577898083,access_or_snap_review,"Короткая связь появляется только в диагностике; проверить доступ, повороты, барьеры и привязку координаты",,17200054,31021783,2749.6158946920877,,,
site,north,,10692,"[11.438577, 48.759207]",69883.67995151604,unconfirmed,22.0,0,False,2353.6,3044.7,8.9,70255.03577898083,return_or_snap_unconfirmed,Подъезд ≤3 км найден; возврат ≤3 км на своё направление не подтверждён,,17200054,31021783,2353.567147960762,,,
site,north,,10693,"[11.437408, 48.758534]",69883.67995151604,unconfirmed,66.0,0,False,2484.5,3811.7,23.1,70255.03577898083,return_or_snap_unconfirmed,Подъезд ≤3 км найден; возврат ≤3 км на своё направление не подтверждён,,17200054,31021783,2484.516418749676,,,
site,north,,10694,"[11.468969, 48.74862]",69353.46878391026,unconfirmed,470.0,4,True,,,,,access_or_snap_review,"Короткая связь появляется только в диагностике; проверить доступ, повороты, барьеры и привязку координаты",,,,1606.005148352548,,,
site,north,,10695,"[11.469530500000001, 48.74864]",69336.92801145812,unconfirmed,600.0,4,True,,,,,access_or_snap_review,"Короткая связь появляется только в диагностике; проверить доступ, повороты, барьеры и привязку координаты",,,,1554.2313704627704,,,
site,north,,10696,"[11.46955, 48.74886]",69358.14857372832,unconfirmed,44.0,0,False,,,,,access_or_snap_review,"Короткая связь появляется только в диагностике; проверить доступ, повороты, барьеры и привязку координаты",,,,1563.8706431251237,,,
site,north,,10697,"[11.47034, 48.74866]",69312.20421555976,unconfirmed,450.0,4,True,,,,,access_or_snap_review,"Короткая связь появляется только в диагностике; проверить доступ, повороты, барьеры и привязку координаты",,,,1617.17792541838,,,
site,north,,10698,"[11.470283, 48.747955]",69883.67995151604,unconfirmed,22.0,0,False,2729.1,3489.1,18.2,70255.03577898083,return_or_snap_unconfirmed,Подъезд ≤3 км найден; возврат ≤3 км на своё направление не подтверждён,,17200054,31021783,1548.7452305056288,,,
site,north,,10699,"[11.470283, 48.747955]",69883.67995151604,unconfirmed,22.0,0,False,2729.1,3489.1,18.2,70255.03577898083,return_or_snap_unconfirmed,Подъезд ≤3 км найден; возврат ≤3 км на своё направление не подтверждён,,17200054,31021783,1548.7452305056288,,,
site,north,,10700,"[11.470283, 48.747955]",69883.67995151604,unconfirmed,22.0,0,False,2729.1,3489.1,18.2,70255.03577898083,return_or_snap_unconfirmed,Подъезд ≤3 км найден; возврат ≤3 км на своё направление не подтверждён,,17200054,31021783,1548.7452305056288,,,
site,north,,10701,"[11.447763, 48.741389]",69883.67995151604,unconfirmed,150.0,2,False,2990.6,5392.4,8.7,70255.03577898083,return_or_snap_unconfirmed,Подъезд ≤3 км найден; возврат ≤3 км на своё направление не подтверждён,,17200054,31021783,2990.621378542864,,,
site,north,,10702,"[11.48135, 48.74217]",69883.67995151604,unconfirmed,22.0,0,False,3822.1,4119.2,27.6,70255.03577898083,access_or_snap_review,"Короткая связь появляется только в диагностике; проверить доступ, повороты, барьеры и привязку координаты",,17200054,31021783,2726.481683823256,,,
site,north,,10703,"[11.477489999999998, 48.75304]",69616.23596010332,unconfirmed,3600.0,12,True,,,,,access_or_snap_review,"Короткая связь появляется только в диагностике; проверить доступ, повороты, барьеры и привязку координаты",,,,2652.986648199305,,,
site,north,,10704,"[11.477172, 48.751081]",69327.40429952237,unconfirmed,600.0,4,True,,,,,access_or_snap_review,"Короткая связь появляется только в диагностике; проверить доступ, повороты, барьеры и привязку координаты",,,,2573.757937538727,,,
site,north,,10705,"[11.46956, 48.74606]",69883.67995151604,unconfirmed,600.0,4,True,1593.4,3874.4,10.4,70255.03577898083,return_or_snap_unconfirmed,Подъезд ≤3 км найден; возврат ≤3 км на своё направление не подтверждён,,17200054,31021783,1432.9958641723586,,,
site,north,,10706,"[11.469985, 48.745668]",69883.67995151604,unconfirmed,154.0,0,False,1631.8,3836.0,22.6,70255.03577898083,return_or_snap_unconfirmed,Подъезд ≤3 км найден; возврат ≤3 км на своё направление не подтверждён,,17200054,31021783,1471.4128890208488,,,
site,north,,10707,"[11.451697, 48.752923]",69883.67995151604,unconfirmed,600.0,4,True,1183.1,4022.7,16.7,70255.03577898083,return_or_snap_unconfirmed,Подъезд ≤3 км найден; возврат ≤3 км на своё направление не подтверждён,,17200054,31021783,1183.0615884376582,,,
site,north,,10708,"[11.468098, 48.745788]",69883.67995151604,unconfirmed,300.0,4,False,1507.9,3949.7,4.7,70255.03577898083,return_or_snap_unconfirmed,Подъезд ≤3 км найден; возврат ≤3 км на своё направление не подтверждён,,17200054,31021783,1347.4599293074132,,,
site,north,,10709,"[11.4436, 48.7584]",69883.67995151604,unconfirmed,270.0,2,False,2110.3,3292.8,10.9,70255.03577898083,return_or_snap_unconfirmed,Подъезд ≤3 км найден; возврат ≤3 км на своё направление не подтверждён,,17200054,31021783,2110.3095139516236,,,
site,north,,10710,"[11.462870666666667, 48.74793433333334]",69883.67995151604,unconfirmed,238.0,0,False,1060.7,4546.2,24.4,70255.03577898083,return_or_snap_unconfirmed,Подъезд ≤3 км найден; возврат ≤3 км на своё направление не подтверждён,,17200054,31021783,1060.6692593806938,,,
site,north,,10711,"[11.4498835, 48.753175]",70236.23488798691,unconfirmed,85.0,0,False,,,,,access_or_snap_review,"Короткая связь появляется только в диагностике; проверить доступ, повороты, барьеры и привязку координаты",,,,1418.5096858367572,,,
site,north,,10712,"[11.464294, 48.742317]",69883.67995151604,unconfirmed,22.0,0,False,1864.8,4374.8,8.5,70255.03577898083,return_or_snap_unconfirmed,Подъезд ≤3 км найден; возврат ≤3 км на своё направление не подтверждён,,17200054,31021783,1864.759608776517,,,
site,north,,10713,"[11.465941, 48.74362]",69883.67995151604,unconfirmed,22.0,0,False,1624.5,4234.4,22.3,70255.03577898083,return_or_snap_unconfirmed,Подъезд ≤3 км найден; возврат ≤3 км на своё направление не подтверждён,,17200054,31021783,1624.5034211469317,,,
site,north,,10714,"[11.461752, 48.750191]",69883.67995151604,unconfirmed,33.0,0,False,906.5,5007.3,21.5,70255.03577898083,return_or_snap_unconfirmed,Подъезд ≤3 км найден; возврат ≤3 км на своё направление не подтверждён,,17200054,31021783,906.4548370666635,,,
site,north,,10715,"[11.472515, 48.747459]",69883.67995151604,unconfirmed,115.0,0,False,2444.1,3205.4,9.6,70255.03577898083,return_or_snap_unconfirmed,Подъезд ≤3 км найден; возврат ≤3 км на своё направление не подтверждён,,17200054,31021783,1834.058363993804,,,
site,north,,10718,"[11.425934, 48.782923]",73655.38924258757,distance_excluded,396.0,0,False,,,,,access_exceeds_3km_even_optimistic,Подъезд >3 км даже в диагностической сети без проверок доступа и поворотов; исключено только по модели OSM,,,,4739.905520905781,,,
site,north,,10719,"[11.425757, 48.78293]",73656.79175756843,distance_excluded,1298.0,0,False,,,,,access_exceeds_3km_even_optimistic,Подъезд >3 км даже в диагностической сети без проверок доступа и поворотов; исключено только по модели OSM,,,,4746.393325275018,,,
site,north,,10720,"[11.425934, 48.782923]",73655.38924258757,distance_excluded,22.0,0,False,,,,,access_exceeds_3km_even_optimistic,Подъезд >3 км даже в диагностической сети без проверок доступа и поворотов; исключено только по модели OSM,,,,4739.905520905781,,,
site,north,,10721,"[11.425934, 48.782923]",73655.38924258757,distance_excluded,22.0,0,False,,,,,access_exceeds_3km_even_optimistic,Подъезд >3 км даже в диагностической сети без проверок доступа и поворотов; исключено только по модели OSM,,,,4739.905520905781,,,
site,north,,10722,"[11.452222, 48.776306]",72834.74170294256,unconfirmed,150.0,1,False,,,,,access_or_snap_review,"Короткая связь появляется только в диагностике; проверить доступ, повороты, барьеры и привязку координаты",,,,1956.0997936507115,,,
site,north,,10723,"[11.451806, 48.776139]",72818.0138350138,unconfirmed,150.0,2,False,,,,,access_or_snap_review,"Короткая связь появляется только в диагностике; проверить доступ, повороты, барьеры и привязку координаты",,,,1982.8448674417186,,,
site,north,,10724,"[11.425757, 48.78293]",73656.79175756843,distance_excluded,22.0,0,False,,,,,access_exceeds_3km_even_optimistic,Подъезд >3 км даже в диагностической сети без проверок доступа и поворотов; исключено только по модели OSM,,,,4746.393325275018,,,
site,north,,10726,"[11.437986, 48.766258]",71409.41369997432,unconfirmed,800.0,4,True,,,,,access_or_snap_review,"Короткая связь появляется только в диагностике; проверить доступ, повороты, барьеры и привязку координаты",,,,2926.1209695801986,,,
site,north,,10727,"[11.451888, 48.772318]",72023.47781612109,road_route_found_entrance_unverified,300.0,2,False,1510.9,1642.2,6.0,72710.90330341962,,,Ответвление без названия,13752718319,13752718318,,,,
site,north,,10728,"[11.45326, 48.772558]",72023.47781612109,road_route_found_entrance_unverified,88.0,0,False,1467.1,1568.8,11.1,72710.90330341962,,,Ответвление без названия,13752718319,13752718318,,,,
site,north,,10729,"[11.444582, 48.772741]",72023.47781612109,road_route_found_entrance_unverified,44.0,0,False,2137.5,2188.7,2.9,72710.90330341962,,,Ответвление без названия,13752718319,13752718318,,,,
site,north,,10730,"[11.451975, 48.772269]",72023.47781612109,road_route_found_entrance_unverified,300.0,2,False,1510.8,1624.4,1.3,72710.90330341962,,,Ответвление без названия,13752718319,13752718318,,,,
site,north,,10731,"[11.455017, 48.772707]",72023.47781612109,road_route_found_entrance_unverified,44.0,0,False,1494.9,1629.4,28.4,72710.90330341962,,,Ответвление без названия,13752718319,13752718318,,,,
site,north,,10732,"[11.47795, 48.78239]",72023.47781612109,road_route_found_entrance_unverified,22.0,0,False,2718.0,2574.7,7.0,72710.90330341962,,,Ответвление без названия,13752718319,13752718318,,,,
site,north,,10733,"[11.478626, 48.782635]",73378.4945493381,unconfirmed,1800.0,12,True,,,,,access_or_snap_review,"Короткая связь появляется только в диагностике; проверить доступ, повороты, барьеры и привязку координаты",,,,2640.541003853603,,,
site,north,,10734,"[11.428444, 48.780151]",72023.47781612109,distance_excluded,352.0,0,False,5239.0,5497.8,4.5,72710.90330341962,access_exceeds_3km_even_optimistic,Подъезд >3 км даже в диагностической сети без проверок доступа и поворотов; исключено только по модели OSM,,13752718319,13752718318,4622.023149191388,,,
site,north,,10735,"[11.440444, 48.797333]",72023.47781612109,distance_excluded,300.0,4,False,5180.8,5444.1,7.3,72710.90330341962,access_exceeds_3km_even_optimistic,Подъезд >3 км даже в диагностической сети без проверок доступа и поворотов; исключено только по модели OSM,,13752718319,13752718318,4490.461735361108,,,
site,north,,10737,"[11.47294, 48.783008]",72023.47781612109,distance_excluded,22.0,0,False,3147.0,2975.1,7.2,72710.90330341962,access_exceeds_3km_even_optimistic,Подъезд >3 км даже в диагностической сети без проверок доступа и поворотов; исключено только по модели OSM,,13752718319,13752718318,3146.994685522202,,,
site,north,,10738,"[11.4759864, 48.7816908]",72023.47781612109,road_route_found_entrance_unverified,214.0,0,False,2977.7,2861.9,6.1,72710.90330341962,,,Ответвление без названия,13752718319,13752718318,,,,
site,north,,10739,"[11.475969, 48.782541]",73386.01246576133,unconfirmed,22.0,0,False,,,,,access_or_snap_review,"Короткая связь появляется только в диагностике; проверить доступ, повороты, барьеры и привязку координаты",,,,2872.310209805307,,,
site,north,,10740,"[11.435057, 48.771629]",72023.47781612109,unconfirmed,150.0,2,False,3495.3,3593.4,7.5,72710.90330341962,access_or_snap_review,"Короткая связь появляется только в диагностике; проверить доступ, повороты, барьеры и привязку координаты",,13752718319,13752718318,2775.989870598191,,,
site,north,,10741,"[11.419231, 48.791373]",74018.0402650142,distance_excluded,22.0,0,False,,,,,access_exceeds_3km_even_optimistic,Подъезд >3 км даже в диагностической сети без проверок доступа и поворотов; исключено только по модели OSM,,,,5719.767299532552,,,
site,north,,10742,"[11.478079545454547, 48.783879818181816]",72023.47781612109,distance_excluded,242.0,0,False,3100.1,2904.5,0.3,72710.90330341962,access_exceeds_3km_even_optimistic,Подъезд >3 км даже в диагностической сети без проверок доступа и поворотов; исключено только по модели OSM,,13752718319,13752718318,3100.070097954904,,,
site,north,,10743,"[11.481286, 48.784427]",73560.95055325842,distance_excluded,300.0,2,False,,,,,access_exceeds_3km_even_optimistic,Подъезд >3 км даже в диагностической сети без проверок доступа и поворотов; исключено только по модели OSM,,,,3114.5884787042196,,,
site,north,,10744,"[11.477894, 48.783843]",73518.83949734131,distance_excluded,66.0,0,False,,,,,access_exceeds_3km_even_optimistic,Подъезд >3 км даже в диагностической сети без проверок доступа и поворотов; исключено только по модели OSM,,,,3126.4015715464852,,,
site,north,,10745,"[11.448114, 48.768162]",72023.47781612109,road_route_found_entrance_unverified,44.0,0,False,2090.0,2408.1,32.2,72710.90330341962,,,Ответвление без названия,13752718319,13752718318,,,,
site,north,,10746,"[11.45521, 48.77601]",72777.79168381852,unconfirmed,300.0,4,False,,,,,access_or_snap_review,"Короткая связь появляется только в диагностике; проверить доступ, повороты, барьеры и привязку координаты",,,,1688.9524735892394,,,
site,north,,10747,"[11.45952, 48.77484]",72023.47781612109,road_route_found_entrance_unverified,600.0,4,True,2462.5,2699.4,11.0,72710.90330341962,,,Ответвление без названия,13752718319,13752718318,,,,
site,north,,10748,"[11.430788, 48.778773]",72023.47781612109,distance_excluded,98.0,0,False,4760.3,5022.0,6.0,72710.90330341962,access_exceeds_3km_even_optimistic,Подъезд >3 км даже в диагностической сети без проверок доступа и поворотов; исключено только по модели OSM,,13752718319,13752718318,3528.1039235654102,,,
site,north,,10749,"[11.419373, 48.791394]",74018.0402650142,distance_excluded,330.0,0,False,,,,,access_exceeds_3km_even_optimistic,Подъезд >3 км даже в диагностической сети без проверок доступа и поворотов; исключено только по модели OSM,,,,5712.554466651299,,,
site,north,,10753,"[11.41351, 48.783598000000005]",73699.82977242007,distance_excluded,132.0,0,False,,,,,access_exceeds_3km_even_optimistic,Подъезд >3 км даже в диагностической сети без проверок доступа и поворотов; исключено только по модели OSM,,,,5480.484683806375,,,
site,north,,10754,"[11.413631, 48.783766]",73699.82977242007,distance_excluded,44.0,0,False,,,,,access_exceeds_3km_even_optimistic,Подъезд >3 км даже в диагностической сети без проверок доступа и поворотов; исключено только по модели OSM,,,,5557.507294249248,,,
site,north,,10755,"[11.413547, 48.783571]",73699.82977242007,distance_excluded,220.0,0,False,,,,,access_exceeds_3km_even_optimistic,Подъезд >3 км даже в диагностической сети без проверок доступа и поворотов; исключено только по модели OSM,,,,5477.548100680911,,,
site,north,,10756,"[11.413547, 48.783571]",73699.82977242007,distance_excluded,1200.0,4,True,,,,,access_exceeds_3km_even_optimistic,Подъезд >3 км даже в диагностической сети без проверок доступа и поворотов; исключено только по модели OSM,,,,5477.548100680911,,,
site,north,,10761,"[11.417795, 48.778639]",73348.16411038177,distance_excluded,418.0,0,False,,,,,access_exceeds_3km_even_optimistic,Подъезд >3 км даже в диагностической сети без проверок доступа и поворотов; исключено только по модели OSM,,,,4791.847334547171,,,
site,north,,10777,"[11.424908, 48.77697]",73076.71222850318,distance_excluded,44.0,0,False,,,,,access_exceeds_3km_even_optimistic,Подъезд >3 км даже в диагностической сети без проверок доступа и поворотов; исключено только по модели OSM,,,,4070.819063394311,,,
site,north,,10778,"[11.424152, 48.776334]",73023.26132679851,distance_excluded,198.0,0,False,,,,,access_exceeds_3km_even_optimistic,Подъезд >3 км даже в диагностической сети без проверок доступа и поворотов; исключено только по модели OSM,,,,4052.1591005868227,,,
site,north,,10779,"[11.425258, 48.776649]",73051.44292589415,distance_excluded,22.0,0,False,,,,,access_exceeds_3km_even_optimistic,Подъезд >3 км даже в диагностической сети без проверок доступа и поворотов; исключено только по модели OSM,,,,4027.5180831089783,,,
site,north,,10781,"[11.4258, 48.7665]",72023.47781612109,distance_excluded,22.0,0,False,4144.9,4781.2,0.5,70255.03577898083,access_exceeds_3km_even_optimistic,Подъезд >3 км даже в диагностической сети без проверок доступа и поворотов; исключено только по модели OSM,,13752718319,31021783,4033.405182425598,,,
site,north,,10782,"[11.42225, 48.78146]",73599.47522448192,unconfirmed,330.0,0,False,,,,,topology_or_coordinate_review,"Связь не установлена: проверить координату, ближайшую дорогу и полноту OSM",,,,,,,
site,north,,10783,"[11.421004, 48.781512]",73599.47522448192,distance_excluded,1826.0,0,False,,,,,access_exceeds_3km_even_optimistic,Подъезд >3 км даже в диагностической сети без проверок доступа и поворотов; исключено только по модели OSM,,,,4792.902490021932,,,
site,north,,10784,"[11.420503000000002, 48.781363]",73599.47522448192,distance_excluded,264.0,0,False,,,,,access_exceeds_3km_even_optimistic,Подъезд >3 км даже в диагностической сети без проверок доступа и поворотов; исключено только по модели OSM,,,,4840.472232240885,,,
site,north,,10785,"[11.420503, 48.781363]",73599.47522448192,distance_excluded,176.0,0,False,,,,,access_exceeds_3km_even_optimistic,Подъезд >3 км даже в диагностической сети без проверок доступа и поворотов; исключено только по модели OSM,,,,4840.472232240888,,,
site,north,,10786,"[11.420503, 48.781363]",73599.47522448192,distance_excluded,440.0,0,False,,,,,access_exceeds_3km_even_optimistic,Подъезд >3 км даже в диагностической сети без проверок доступа и поворотов; исключено только по модели OSM,,,,4840.472232240888,,,
site,north,,15267,"[11.48049, 48.809231]",72023.47781612109,unconfirmed,50.0,0,False,6405.2,5384.4,4.9,80014.09213078259,access_or_snap_review,"Короткая связь появляется только в диагностике; проверить доступ, повороты, барьеры и привязку координаты",,13752718319,255949582,1724.4659908690182,,,
site,north,,15268,"[11.479721, 48.807902]",72023.47781612109,unconfirmed,44.0,0,False,6538.7,5270.1,6.4,80014.09213078259,access_or_snap_review,"Короткая связь появляется только в диагностике; проверить доступ, повороты, барьеры и привязку координаты",,13752718319,255949582,1715.2933327854012,,,
site,north,,15269,"[11.505, 48.7978]",75808.49667664683,unconfirmed,22.0,0,False,,,,,topology_or_coordinate_review,"Связь не установлена: проверить координату, ближайшую дорогу и полноту OSM",,,,,,,
site,north,,15270,"[11.479807, 48.811357]",72023.47781612109,unconfirmed,5000.0,20,True,6782.3,7982.9,4.4,72710.90330341962,access_or_snap_review,"Короткая связь появляется только в диагностике; проверить доступ, повороты, барьеры и привязку координаты",,13752718319,13752718318,1445.8561398157262,,,
site,north,,15271,"[11.47946, 48.812766]",77138.17966300137,unconfirmed,22.0,0,False,,,,,access_or_snap_review,"Короткая связь появляется только в диагностике; проверить доступ, повороты, барьеры и привязку координаты",,,,1595.8387518308784,,,
site,north,,15272,"[11.47941, 48.81091]",72023.47781612109,unconfirmed,700.0,4,True,6758.1,7982.3,6.1,72710.90330341962,access_or_snap_review,"Короткая связь появляется только в диагностике; проверить доступ, повороты, барьеры и привязку координаты",,13752718319,13752718318,1421.675605089906,,,
site,north,,15273,"[11.463937000000001, 48.935875249999995]",90062.18825171342,road_route_found_entrance_unverified,116.0,0,False,1143.9,938.9,10.9,90299.67033805737,,,Denkendorf,265274307,265274333,,,,
site,north,,15274,"[11.463711, 48.935984]",90062.18825171342,road_route_found_entrance_unverified,150.0,2,False,1087.8,994.9,5.0,90299.67033805737,,,Denkendorf,265274307,265274333,,,,
site,north,,15275,"[11.466506999999998, 48.933067]",90062.18825171342,road_route_found_entrance_unverified,2100.0,14,True,849.2,799.0,7.4,90299.67033805737,,,Denkendorf,265274307,265274333,,,,
site,north,,15276,"[11.46458, 48.93181]",90062.18825171342,road_route_found_entrance_unverified,176.0,0,False,704.0,693.9,7.9,90299.67033805737,,,Denkendorf,265274307,265274333,,,,
site,north,,15277,"[11.46458, 48.931810000000006]",90062.18825171342,road_route_found_entrance_unverified,132.0,0,False,704.0,693.9,7.9,90299.67033805737,,,Denkendorf,265274307,265274333,,,,
site,north,,15278,"[11.458242, 48.928176]",90062.18825171342,road_route_found_entrance_unverified,22.0,0,False,846.1,733.4,10.2,90299.67033805737,,,Denkendorf,265274307,265274333,,,,
site,north,,15279,"[11.47237, 48.94109]",90062.18825171342,road_route_found_entrance_unverified,22.0,0,False,1881.2,1764.5,31.5,90299.67033805737,,,Denkendorf,265274307,265274333,,,,
site,north,,15280,"[11.502199, 48.789456]",72023.47781612109,distance_excluded,238.0,0,False,5694.2,5753.0,48.2,72710.90330341962,access_exceeds_3km_even_optimistic,Подъезд >3 км даже в диагностической сети без проверок доступа и поворотов; исключено только по модели OSM,,13752718319,13752718318,4508.534987372311,,,
site,north,,15281,"[11.507066, 48.78383]",72023.47781612109,distance_excluded,33.0,0,False,4478.8,4498.4,6.5,72710.90330341962,access_exceeds_3km_even_optimistic,Подъезд >3 км даже в диагностической сети без проверок доступа и поворотов; исключено только по модели OSM,,13752718319,13752718318,4478.823458034061,,,
site,north,,15283,"[11.45571, 48.81104]",72023.47781612109,unconfirmed,22.0,0,False,7691.1,4564.0,1.7,80014.09213078259,access_or_snap_review,"Короткая связь появляется только в диагностике; проверить доступ, повороты, барьеры и привязку координаты",,13752718319,255949582,2009.7712417244975,,,
site,north,,15284,"[11.47026, 48.80751]",76322.68765193388,unconfirmed,22.0,0,False,,,,,access_or_snap_review,"Короткая связь появляется только в диагностике; проверить доступ, повороты, барьеры и привязку координаты",,,,1603.675765522621,,,
site,north,,15285,"[11.4607, 48.8145]",72023.47781612109,unconfirmed,200.0,0,False,8056.5,4054.0,37.8,80014.09213078259,access_or_snap_review,"Короткая связь появляется только в диагностике; проверить доступ, повороты, барьеры и привязку координаты",,13752718319,255949582,1559.3404835884023,,,
site,north,,15292,"[11.39319, 48.94969]",94602.61877467515,distance_excluded,44.0,0,False,3121.0,3160.3,5.9,94602.61877467515,access_exceeds_3km_even_optimistic,Подъезд >3 км даже в диагностической сети без проверок доступа и поворотов; исключено только по модели OSM,,1911795497,1911795497,3120.9516579982596,,,
site,north,,15293,"[11.383286, 48.950997]",94602.61877467515,distance_excluded,44.0,0,False,3823.6,3895.8,41.2,94602.61877467515,access_exceeds_3km_even_optimistic,Подъезд >3 км даже в диагностической сети без проверок доступа и поворотов; исключено только по модели OSM,,1911795497,1911795497,3823.6487094759877,,,
site,north,,15304,"[11.46762, 48.81937]",82244.64851264477,unconfirmed,110.0,0,False,5709.7,3174.0,7.3,80014.09213078259,access_or_snap_review,"Короткая связь появляется только в диагностике; проверить доступ, повороты, барьеры и привязку координаты",,400672330,255949582,1581.650003733531,,,
site,north,,15305,"[11.472234, 48.836599]",79304.32069102146,road_route_found_entrance_unverified,2100.0,6,True,693.4,471.1,4.8,80014.09213078259,,,Ответвление без названия,61083214,255949582,,,,
site,north,,15306,"[11.47115, 48.837281]",79707.94283861713,unconfirmed,50.0,0,False,,,,,topology_or_coordinate_review,"Связь не установлена: проверить координату, ближайшую дорогу и полноту OSM",,,,,,,
site,north,,15307,"[11.472141, 48.836329]",79304.32069102146,road_route_found_entrance_unverified,43.0,0,False,526.0,638.5,8.4,80014.09213078259,,,Ответвление без названия,61083214,255949582,,,,
site,north,,15308,"[11.47229, 48.83632]",79304.32069102146,road_route_found_entrance_unverified,43.0,0,False,537.0,627.5,8.4,80014.09213078259,,,Ответвление без названия,61083214,255949582,,,,
site,north,,15309,"[11.469319666666665, 48.83707566666667]",79723.24136011988,distance_excluded,2100.0,6,True,,,,,access_exceeds_3km_even_optimistic,Подъезд >3 км даже в диагностической сети без проверок доступа и поворотов; исключено только по модели OSM,,,,3199.984065925332,,,
site,north,,15310,"[11.469131, 48.837615]",79784.63495860975,unconfirmed,43.0,0,False,,,,,return_or_snap_unconfirmed,Подъезд ≤3 км найден; возврат ≤3 км на своё направление не подтверждён,,,,2976.3877343093027,,,
site,north,,15311,"[11.375271333333332, 48.997546666666665]",100859.34766700117,road_route_found_entrance_unverified,1000.0,6,True,1164.8,1286.7,0.9,101084.48181338636,,,Altmühltal/Eichstätt,89112084,25686968,,,,
site,north,,15321,"[11.45854, 48.85875]",82244.64851264477,road_route_found_entrance_unverified,44.0,0,False,923.7,975.1,5.7,82244.64851264477,,,Ответвление без названия,400672330,400672330,,,,
site,north,,15322,"[11.449699, 48.855892]",82244.64851264477,road_route_found_entrance_unverified,11.0,0,False,1826.7,1882.6,11.7,82244.64851264477,,,Ответвление без названия,400672330,400672330,,,,
site,north,,15330,"[11.424181, 48.821605]",82244.64851264477,distance_excluded,22.0,0,False,6730.2,6817.8,5.9,82244.64851264477,access_exceeds_3km_even_optimistic,Подъезд >3 км даже в диагностической сети без проверок доступа и поворотов; исключено только по модели OSM,,400672330,400672330,4693.113014683656,,,
site,north,,15312,"[11.380451, 49.000581]",100859.34766700117,road_route_found_entrance_unverified,44.0,0,False,1567.5,1531.5,2.5,101084.48181338636,,,Altmühltal/Eichstätt,89112084,25686968,,,,
site,north,,15314,"[11.378064, 48.998815]",100859.34766700117,road_route_found_entrance_unverified,600.0,4,True,1220.7,1196.9,3.4,101084.48181338636,,,Altmühltal/Eichstätt,89112084,25686968,,,,
site,north,,15315,"[11.383499, 49.000229]",100859.34766700117,road_route_found_entrance_unverified,44.0,0,False,1840.7,1742.5,10.3,101084.48181338636,,,Altmühltal/Eichstätt,89112084,25686968,,,,
site,north,,18546,"[11.283866, 49.203093]",122174.18091533096,distance_excluded,11.0,0,False,7268.6,7269.1,29.1,122402.14945084223,access_exceeds_3km_even_optimistic,Подъезд >3 км даже в диагностической сети без проверок доступа и поворотов; исключено только по модели OSM,,69478188,581315,7268.6303046413705,,,
site,north,,18554,"[11.28545, 49.20348]",125771.05804972406,unconfirmed,30.0,0,False,,,,,topology_or_coordinate_review,"Связь не установлена: проверить координату, ближайшую дорогу и полноту OSM",,,,,,,
site,north,,18555,"[11.286246, 49.201868]",125586.11855954216,distance_excluded,11.0,0,False,,,,,access_exceeds_3km_even_optimistic,Подъезд >3 км даже в диагностической сети без проверок доступа и поворотов; исключено только по модели OSM,,,,7093.6350886466425,,,
site,north,,20355,"[11.203992, 49.229414]",122174.18091533096,distance_excluded,88.0,0,False,12534.0,5586.7,7.3,133124.01122834886,access_exceeds_3km_even_optimistic,Подъезд >3 км даже в диагностической сети без проверок доступа и поворотов; исключено только по модели OSM,,69478188,29747074,5562.610937847506,,,
site,north,,20356,"[11.232961, 49.250997]",122174.18091533096,unconfirmed,44.0,0,False,14326.7,1638.2,8.8,133124.01122834886,access_or_snap_review,"Короткая связь появляется только в диагностике; проверить доступ, повороты, барьеры и привязку координаты",,69478188,29747074,1603.628148504212,,,
site,north,,20357,"[11.228536, 49.2509]",132869.75492195893,unconfirmed,150.0,2,False,,,,,access_or_snap_review,"Короткая связь появляется только в диагностике; проверить доступ, повороты, барьеры и привязку координаты",,,,1248.6188442086127,,,
site,north,,20358,"[11.22741, 49.25158]",122174.18091533096,unconfirmed,11.0,0,False,14868.8,1366.5,13.7,133124.01122834886,access_or_snap_review,"Короткая связь появляется только в диагностике; проверить доступ, повороты, барьеры и привязку координаты",,69478188,29747074,1295.0138742265983,,,
site,north,,20359,"[11.22706, 49.25224]",122174.18091533096,unconfirmed,11.0,0,False,14922.6,1383.4,29.0,133124.01122834886,access_or_snap_review,"Короткая связь появляется только в диагностике; проверить доступ, повороты, барьеры и привязку координаты",,69478188,29747074,1348.776699922057,,,
site,north,,20399,"[11.260164, 49.160999]",122174.18091533096,road_route_found_entrance_unverified,150.0,2,False,895.0,811.4,5.9,122402.14945084223,,,Hilpoltstein,69478188,581315,,,,
site,north,,20403,"[11.260581, 49.161215]",122174.18091533096,road_route_found_entrance_unverified,4000.0,16,True,842.2,836.5,6.3,122402.14945084223,,,Hilpoltstein,69478188,581315,,,,
site,north,,20404,"[11.260235, 49.1610715]",122174.18091533096,road_route_found_entrance_unverified,600.0,4,True,893.2,785.5,6.5,122402.14945084223,,,Hilpoltstein,69478188,581315,,,,
site,north,,20409,"[11.28022, 49.17353]",122174.18091533096,road_route_found_entrance_unverified,44.0,0,False,2884.3,2900.6,9.9,122402.14945084223,,,Hilpoltstein,69478188,581315,,,,
site,north,,20422,"[11.35608, 49.04409]",106987.49068485567,road_route_found_entrance_unverified,44.0,0,False,925.8,926.9,10.4,107202.93345160938,,,Greding,17182206,17182205,,,,
site,north,,20423,"[11.342675666666667, 49.042792999999996]",106987.49068485567,road_route_found_entrance_unverified,675.0,6,True,1289.4,1239.6,7.3,107202.93345160938,,,Greding,17182206,17182205,,,,
site,north,,20424,"[11.337633, 49.045591]",107827.37493835244,unconfirmed,300.0,2,False,,,,,topology_or_coordinate_review,"Связь не установлена: проверить координату, ближайшую дорогу и полноту OSM",,,,,,,
site,north,,20425,"[11.349945, 49.043808]",106987.49068485567,road_route_found_entrance_unverified,150.0,2,False,456.2,443.4,1.7,107202.93345160938,,,Greding,17182206,17182205,,,,
site,north,,20426,"[11.353943, 49.0415]",106565.20181013795,unconfirmed,50.0,0,False,,,,,access_or_snap_review,"Короткая связь появляется только в диагностике; проверить доступ, повороты, барьеры и привязку координаты",,,,363.9135774593451,,,
site,north,,20427,"[11.348685, 49.043877]",106987.49068485567,road_route_found_entrance_unverified,33.0,0,False,480.4,611.8,31.8,107202.93345160938,,,Greding,17182206,17182205,,,,
site,north,,20428,"[11.342622, 49.041939]",106987.49068485567,road_route_found_entrance_unverified,5000.0,20,True,1023.2,1030.9,10.3,107202.93345160938,,,Greding,17182206,17182205,,,,
site,north,,20429,"[11.35275, 49.04614]",106987.49068485567,road_route_found_entrance_unverified,44.0,0,False,772.1,776.6,16.3,107202.93345160938,,,Greding,17182206,17182205,,,,
site,north,,20430,"[11.353943, 49.0415]",106565.20181013795,unconfirmed,98.0,0,False,,,,,access_or_snap_review,"Короткая связь появляется только в диагностике; проверить доступ, повороты, барьеры и привязку координаты",,,,363.9135774593451,,,
site,north,,20431,"[11.337409, 49.045639]",106987.49068485567,road_route_found_entrance_unverified,93.0,0,False,1543.6,1707.3,7.2,107202.93345160938,,,Greding,17182206,17182205,,,,
site,north,,12256,"[11.250154, 49.436657]",148701.04541626782,distance_excluded,44.0,0,False,10531.6,9399.2,1.6,150991.43306222503,access_exceeds_3km_even_optimistic,Подъезд >3 км даже в диагностической сети без проверок доступа и поворотов; исключено только по модели OSM,,580748,5590850491,4118.235484585763,,,
site,north,,18844,"[11.219502, 49.377227]",143273.840313591,distance_excluded,44.0,0,False,5272.6,5973.3,9.9,143745.14164015168,access_exceeds_3km_even_optimistic,Подъезд >3 км даже в диагностической сети без проверок доступа и поворотов; исключено только по модели OSM,,5913529,3779207419,5272.611658474864,,,
site,north,,18845,"[11.213764, 49.377382]",143273.840313591,distance_excluded,44.0,0,False,4890.7,5353.1,4.5,143745.14164015168,access_exceeds_3km_even_optimistic,Подъезд >3 км даже в диагностической сети без проверок доступа и поворотов; исключено только по модели OSM,,5913529,3779207419,4890.741849223477,,,
site,north,,18846,"[11.220995, 49.371816]",143273.840313591,distance_excluded,44.0,0,False,4695.4,5343.2,10.5,143745.14164015168,access_exceeds_3km_even_optimistic,Подъезд >3 км даже в диагностической сети без проверок доступа и поворотов; исключено только по модели OSM,,5913529,3779207419,4695.382843746305,,,
site,north,,18847,"[11.2044, 49.35691]",144302.22948248393,road_route_found_entrance_unverified,93.0,0,False,561.4,231.5,14.7,145035.29697858778,,,Rasthof Nürnberg/Feucht,254482149,254482188,,,,
site,north,,18849,"[11.204249, 49.357242]",144302.22948248393,road_route_found_entrance_unverified,98.0,0,False,599.0,193.9,6.9,145035.29697858778,,,Rasthof Nürnberg/Feucht,254482149,254482188,,,,
site,north,,18851,"[11.207531333333334, 49.364398]",143273.840313591,distance_excluded,1200.0,6,True,3443.5,4168.6,3.2,143745.14164015168,access_exceeds_3km_even_optimistic,Подъезд >3 км даже в диагностической сети без проверок доступа и поворотов; исключено только по модели OSM,,5913529,3779207419,3443.4577764664186,,,
site,north,,18852,"[11.2075645, 49.3653835]",143273.840313591,distance_excluded,800.0,4,True,3473.1,4131.3,7.4,143745.14164015168,access_exceeds_3km_even_optimistic,Подъезд >3 км даже в диагностической сети без проверок доступа и поворотов; исключено только по модели OSM,,5913529,3779207419,3473.082590865144,,,
site,north,,18853,"[11.206005, 49.365103]",143273.840313591,distance_excluded,800.0,4,True,3493.2,4176.8,1.6,143745.14164015168,access_exceeds_3km_even_optimistic,Подъезд >3 км даже в диагностической сети без проверок доступа и поворотов; исключено только по модели OSM,,5913529,3779207419,3493.1650344532545,,,
site,north,,18854,"[11.207273, 49.365019]",143273.840313591,distance_excluded,5000.0,20,True,3518.7,4085.7,4.5,143745.14164015168,access_exceeds_3km_even_optimistic,Подъезд >3 км даже в диагностической сети без проверок доступа и поворотов; исключено только по модели OSM,,5913529,3779207419,3518.725096442725,,,
site,north,,18855,"[11.207220999999999, 49.365658]",143273.840313591,distance_excluded,2100.0,10,True,3511.0,4238.7,13.0,143745.14164015168,access_exceeds_3km_even_optimistic,Подъезд >3 км даже в диагностической сети без проверок доступа и поворотов; исключено только по модели OSM,,5913529,3779207419,3510.950164428691,,,
site,north,,18856,"[11.239893, 49.48312]",162366.68634773573,unconfirmed,44.0,0,False,6266.5,5218.8,6.1,162631.0391620415,access_or_snap_review,"Короткая связь появляется только в диагностике; проверить доступ, повороты, барьеры и привязку координаты",,250043371,250043354,2346.023371457041,,,
site,north,,18857,"[11.242904, 49.48603]",162366.68634773573,unconfirmed,44.0,0,False,5995.3,5071.6,8.8,162631.0391620415,access_or_snap_review,"Короткая связь появляется только в диагностике; проверить доступ, повороты, барьеры и привязку координаты",,250043371,250043354,2788.438291302717,,,
site,north,,18858,"[11.226398, 49.480018]",162366.68634773573,distance_excluded,50.0,0,False,7834.5,6769.6,8.6,162631.0391620415,access_exceeds_3km_even_optimistic,Подъезд >3 км даже в диагностической сети без проверок доступа и поворотов; исключено только по модели OSM,,250043371,250043354,3538.0616951930265,,,
site,north,,18859,"[11.226398, 49.480018]",162366.68634773573,distance_excluded,50.0,0,False,7834.5,6769.6,8.6,162631.0391620415,access_exceeds_3km_even_optimistic,Подъезд >3 км даже в диагностической сети без проверок доступа и поворотов; исключено только по модели OSM,,250043371,250043354,3538.0616951930265,,,
site,north,,18860,"[11.2256, 49.4798]",162366.68634773573,distance_excluded,750.0,8,True,7835.7,6742.3,4.4,162631.0391620415,access_exceeds_3km_even_optimistic,Подъезд >3 км даже в диагностической сети без проверок доступа и поворотов; исключено только по модели OSM,,250043371,250043354,3539.2237632117863,,,
site,north,,18861,"[11.253873, 49.477956]",162366.68634773573,unconfirmed,44.0,0,False,7072.5,5884.9,9.9,162631.0391620415,access_or_snap_review,"Короткая связь появляется только в диагностике; проверить доступ, повороты, барьеры и привязку координаты",,250043371,250043354,1634.4253368057755,,,
site,north,,18862,"[11.25389, 49.47926]",162366.68634773573,unconfirmed,88.0,0,False,6796.3,5876.2,1.3,162631.0391620415,access_or_snap_review,"Короткая связь появляется только в диагностике; проверить доступ, повороты, барьеры и привязку координаты",,250043371,250043354,1646.0206327244246,,,
site,north,,18863,"[11.2486, 49.47299]",158755.75526118703,unconfirmed,11.0,0,False,,,,,access_or_snap_review,"Короткая связь появляется только в диагностике; проверить доступ, повороты, барьеры и привязку координаты",,,,1861.9540787911244,,,
site,north,,18864,"[11.29667, 49.472439]",162366.68634773573,distance_excluded,44.0,0,False,6294.1,5293.5,15.0,162631.0391620415,access_exceeds_3km_even_optimistic,Подъезд >3 км даже в диагностической сети без проверок доступа и поворотов; исключено только по модели OSM,,250043371,250043354,3139.9939621715716,,,
site,north,,18875,"[11.20854, 49.46882]",162366.68634773573,distance_excluded,1050.0,12,True,9750.6,8501.6,7.9,162631.0391620415,access_exceeds_3km_even_optimistic,Подъезд >3 км даже в диагностической сети без проверок доступа и поворотов; исключено только по модели OSM,,250043371,250043354,5454.2006182997475,,,
site,north,,18879,"[11.249226, 49.361544]",143273.840313591,distance_excluded,22.0,0,False,6486.0,7163.1,6.5,143745.14164015168,access_exceeds_3km_even_optimistic,Подъезд >3 км даже в диагностической сети без проверок доступа и поворотов; исключено только по модели OSM,,5913529,3779207419,6486.0486876158975,,,
site,north,,18883,"[11.24367, 49.35553]",143273.840313591,distance_excluded,44.0,0,False,6758.5,7461.2,5.3,143745.14164015168,access_exceeds_3km_even_optimistic,Подъезд >3 км даже в диагностической сети без проверок доступа и поворотов; исключено только по модели OSM,,5913529,3779207419,6758.548378610943,,,
site,north,,18884,"[11.22731, 49.49455]",162366.68634773573,distance_excluded,44.0,0,False,6571.6,5308.5,19.8,162631.0391620415,access_exceeds_3km_even_optimistic,Подъезд >3 км даже в диагностической сети без проверок доступа и поворотов; исключено только по модели OSM,,250043371,250043354,4848.380792704623,,,
site,north,,18885,"[11.24312, 49.49369]",162366.68634773573,distance_excluded,44.0,0,False,5382.7,4149.4,5.6,162631.0391620415,access_exceeds_3km_even_optimistic,Подъезд >3 км даже в диагностической сети без проверок доступа и поворотов; исключено только по модели OSM,,250043371,250043354,3849.3158586817644,,,
site,north,,18886,"[11.260334, 49.503842]",162366.68634773573,distance_excluded,44.0,0,False,3756.6,3421.5,11.7,162631.0391620415,access_exceeds_3km_even_optimistic,Подъезд >3 км даже в диагностической сети без проверок доступа и поворотов; исключено только по модели OSM,,250043371,250043354,3557.247332916177,,,
site,north,,18888,"[11.27342, 49.50865]",162366.68634773573,road_route_found_entrance_unverified,44.0,0,False,2859.6,2608.5,7.1,162631.0391620415,,,Lauf,250043371,250043354,,,,
site,north,,18889,"[11.28584, 49.503686666666674]",162366.68634773573,road_route_found_entrance_unverified,1200.0,6,True,1358.3,1265.5,7.6,162631.0391620415,,,Lauf,250043371,250043354,,,,
site,north,,18890,"[11.263234, 49.519602]",162366.68634773573,distance_excluded,44.0,0,False,4603.9,4293.2,8.6,165301.84779729278,access_exceeds_3km_even_optimistic,Подъезд >3 км даже в диагностической сети без проверок доступа и поворотов; исключено только по модели OSM,,250043371,12249790,4262.799157223363,,,
site,north,,18891,"[11.263465, 49.497781]",162366.68634773573,unconfirmed,44.0,0,False,4325.0,2811.3,8.5,162631.0391620415,access_or_snap_review,"Короткая связь появляется только в диагностике; проверить доступ, повороты, барьеры и привязку координаты",,250043371,250043354,2800.932597536592,,,
site,north,,18893,"[11.311954, 49.516739]",165066.12454998054,road_route_found_entrance_unverified,300.0,2,False,1175.9,2221.9,0.9,165301.84779729278,,,Lauf/Hersbruck,2802833984,12249790,,,,
site,north,,18894,"[11.290601, 49.509857]",162366.68634773573,road_route_found_entrance_unverified,44.0,0,False,2590.3,2459.5,7.3,162631.0391620415,,,Lauf,250043371,250043354,,,,
site,north,,18895,"[11.292752, 49.502473]",162366.68634773573,road_route_found_entrance_unverified,11.0,0,False,1507.7,2163.2,8.7,162631.0391620415,,,Lauf,250043371,250043354,,,,
site,north,,18896,"[11.262469, 49.496311]",162366.68634773573,distance_excluded,50.0,0,False,4266.4,3197.8,7.5,162631.0391620415,access_exceeds_3km_even_optimistic,Подъезд >3 км даже в диагностической сети без проверок доступа и поворотов; исключено только по модели OSM,,250043371,250043354,3209.834233877832,,,
site,north,,18897,"[11.270224, 49.524979]",162366.68634773573,distance_excluded,11.0,0,False,4341.4,3855.0,8.1,165301.84779729278,access_exceeds_3km_even_optimistic,Подъезд >3 км даже в диагностической сети без проверок доступа и поворотов; исключено только по модели OSM,,250043371,12249790,3828.5021428755144,,,
site,north,,18898,"[11.281084, 49.512349]",162366.68634773573,road_route_found_entrance_unverified,50.0,0,False,2488.0,2397.5,6.6,162631.0391620415,,,Lauf,250043371,250043354,,,,
site,north,,18899,"[11.29086, 49.50213]",162366.68634773573,road_route_found_entrance_unverified,46.0,0,False,1285.6,1955.0,7.8,162631.0391620415,,,Lauf,250043371,250043354,,,,
site,north,,18900,"[11.277659, 49.509016]",162366.68634773573,road_route_found_entrance_unverified,44.0,0,False,2307.4,2204.7,7.3,162631.0391620415,,,Lauf,250043371,250043354,,,,
site,north,,18901,"[11.284243, 49.520182]",165066.12454998054,unconfirmed,121.0,0,False,3447.5,2301.5,13.4,165301.84779729278,access_or_snap_review,"Короткая связь появляется только в диагностике; проверить доступ, повороты, барьеры и привязку координаты",,2802833984,12249790,2356.397148682548,,,
site,north,,18902,"[11.279762, 49.519626]",162366.68634773573,unconfirmed,88.0,0,False,3445.4,2739.4,6.6,165301.84779729278,access_or_snap_review,"Короткая связь появляется только в диагностике; проверить доступ, повороты, барьеры и привязку координаты",,250043371,12249790,2790.700522069561,,,
site,north,,18903,"[11.26683, 49.52209]",162366.68634773573,distance_excluded,44.0,0,False,4608.2,4190.2,7.3,165301.84779729278,access_exceeds_3km_even_optimistic,Подъезд >3 км даже в диагностической сети без проверок доступа и поворотов; исключено только по модели OSM,,250043371,12249790,4095.2946553306465,,,
site,north,,18904,"[11.284563, 49.512939]",162366.68634773573,road_route_found_entrance_unverified,44.0,0,False,2498.4,2368.6,3.2,165301.84779729278,,,Lauf,250043371,12249790,,,,
site,north,,18905,"[11.284877, 49.507155]",162366.68634773573,road_route_found_entrance_unverified,44.0,0,False,2301.4,2229.1,9.2,162631.0391620415,,,Lauf,250043371,250043354,,,,
site,north,,18906,"[11.311954, 49.516739]",165066.12454998054,road_route_found_entrance_unverified,150.0,2,False,1175.9,2221.9,0.9,165301.84779729278,,,Lauf/Hersbruck,2802833984,12249790,,,,
site,north,,18907,"[11.27801, 49.51112]",162366.68634773573,road_route_found_entrance_unverified,88.0,0,False,2622.1,2585.7,7.5,162631.0391620415,,,Lauf,250043371,250043354,,,,
site,north,,18908,"[11.272762, 49.516136]",162366.68634773573,distance_excluded,44.0,0,False,3696.4,3311.5,6.0,165301.84779729278,access_exceeds_3km_even_optimistic,Подъезд >3 км даже в диагностической сети без проверок доступа и поворотов; исключено только по модели OSM,,250043371,12249790,3355.356069800162,,,
site,north,,18909,"[11.304517, 49.487617]",162366.68634773573,distance_excluded,44.0,0,False,3305.6,3907.7,8.4,162631.0391620415,access_exceeds_3km_even_optimistic,Подъезд >3 км даже в диагностической сети без проверок доступа и поворотов; исключено только по модели OSM,,250043371,250043354,3305.559150752078,,,
site,north,,18910,"[11.288885, 49.517896]",165066.12454998054,unconfirmed,44.0,0,False,3051.6,1935.4,7.5,165301.84779729278,access_or_snap_review,"Короткая связь появляется только в диагностике; проверить доступ, повороты, барьеры и привязку координаты",,2802833984,12249790,1960.5319882256438,,,
site,north,,18912,"[11.291475, 49.502792]",163326.07213364186,unconfirmed,104.0,0,False,,,,,access_or_snap_review,"Короткая связь появляется только в диагностике; проверить доступ, повороты, барьеры и привязку координаты",,,,1397.253763042348,,,
site,north,,18913,"[11.271766, 49.522816]",162366.68634773573,distance_excluded,44.0,0,False,4052.3,3628.8,6.9,165301.84779729278,access_exceeds_3km_even_optimistic,Подъезд >3 км даже в диагностической сети без проверок доступа и поворотов; исключено только по модели OSM,,250043371,12249790,3539.3777857280816,,,
site,north,,18914,"[11.274866, 49.501614]",162366.68634773573,road_route_found_entrance_unverified,44.0,0,False,2882.2,1809.8,5.8,162631.0391620415,,,Lauf,250043371,250043354,,,,
site,north,,18915,"[11.28015, 49.51256]",162366.68634773573,road_route_found_entrance_unverified,44.0,0,False,2465.0,2389.4,10.3,162631.0391620415,,,Lauf,250043371,250043354,,,,
site,north,,18916,"[11.281506, 49.509474]",162366.68634773573,road_route_found_entrance_unverified,44.0,0,False,2111.8,1983.3,9.6,162631.0391620415,,,Lauf,250043371,250043354,,,,
site,north,,18918,"[11.280252, 49.514268]",162366.68634773573,unconfirmed,44.0,0,False,3062.3,2822.1,12.4,165301.84779729278,access_or_snap_review,"Короткая связь появляется только в диагностике; проверить доступ, повороты, барьеры и привязку координаты",,250043371,12249790,2675.9622959172125,,,
site,north,,18919,"[11.284444, 49.502056]",162366.68634773573,road_route_found_entrance_unverified,44.0,0,False,1370.8,1017.3,9.8,162631.0391620415,,,Lauf,250043371,250043354,,,,
site,north,,18944,"[11.303211, 49.458694]",162366.68634773573,distance_excluded,44.0,0,False,8532.3,7498.7,14.6,162631.0391620415,access_exceeds_3km_even_optimistic,Подъезд >3 км даже в диагностической сети без проверок доступа и поворотов; исключено только по модели OSM,,250043371,250043354,3964.9669740441745,,,
site,north,,18946,"[11.28922, 49.46097]",162366.68634773573,distance_excluded,44.0,0,False,7725.9,6715.7,8.6,162631.0391620415,access_exceeds_3km_even_optimistic,Подъезд >3 км даже в диагностической сети без проверок доступа и поворотов; исключено только по модели OSM,,250043371,250043354,3017.4296518116644,,,
site,north,,18949,"[11.284979, 49.462084]",162366.68634773573,unconfirmed,33.0,0,False,7585.7,6546.1,4.8,162631.0391620415,access_or_snap_review,"Короткая связь появляется только в диагностике; проверить доступ, повороты, барьеры и привязку координаты",,250043371,250043354,2877.151979787807,,,
site,north,,18950,"[11.29003, 49.46024]",162366.68634773573,distance_excluded,44.0,0,False,7861.4,6934.2,9.1,162631.0391620415,access_exceeds_3km_even_optimistic,Подъезд >3 км даже в диагностической сети без проверок доступа и поворотов; исключено только по модели OSM,,250043371,250043354,3152.893038503004,,,
site,north,,18952,"[11.321389, 49.52073]",165066.12454998054,unconfirmed,44.0,0,False,2751.6,3038.7,8.8,165301.84779729278,return_or_snap_unconfirmed,Подъезд ≤3 км найден; возврат ≤3 км на своё направление не подтверждён,,2802833984,12249790,2183.984806311818,,,
site,north,,18954,"[11.336279, 49.520561]",165066.12454998054,unconfirmed,44.0,0,False,2913.2,4265.1,2.7,165301.84779729278,return_or_snap_unconfirmed,Подъезд ≤3 км найден; возврат ≤3 км на своё направление не подтверждён,,2802833984,12249790,2909.2412544921604,,,
site,north,,18955,"[11.33563, 49.5208]",165066.12454998054,unconfirmed,450.0,4,True,2962.8,4313.9,26.4,165301.84779729278,return_or_snap_unconfirmed,Подъезд ≤3 км найден; возврат ≤3 км на своё направление не подтверждён,,2802833984,12249790,2958.8136650817614,,,
site,north,,18966,"[11.34177, 49.51006]",165066.12454998054,distance_excluded,44.0,0,False,3356.0,4914.3,4.7,165301.84779729278,access_exceeds_3km_even_optimistic,Подъезд >3 км даже в диагностической сети без проверок доступа и поворотов; исключено только по модели OSM,,2802833984,12249790,3356.0415021337476,,,
site,north,,14188,"[11.54425, 49.75698]",195448.61147513418,distance_excluded,176.0,0,False,5423.6,5561.5,4.0,195833.08883011542,access_exceeds_3km_even_optimistic,Подъезд >3 км даже в диагностической сети без проверок доступа и поворотов; исключено только по модели OSM,,256918018,2385433,3430.3043067514577,,,
site,north,,14189,"[11.533263, 49.74437]",195448.61147513418,distance_excluded,22.0,0,False,3880.4,4068.0,4.6,195833.08883011542,access_exceeds_3km_even_optimistic,Подъезд >3 км даже в диагностической сети без проверок доступа и поворотов; исключено только по модели OSM,,256918018,2385433,3880.4099852467616,,,
site,north,,14190,"[11.509929, 49.748481]",195448.61147513418,unconfirmed,50.0,0,False,4584.7,4720.8,9.5,195833.08883011542,access_or_snap_review,"Короткая связь появляется только в диагностике; проверить доступ, повороты, барьеры и привязку координаты",,256918018,2385433,1288.0733862459438,,,
site,north,,14191,"[11.538128, 49.749159]",195448.61147513418,distance_excluded,172.0,2,False,4533.2,4621.0,5.9,195833.08883011542,access_exceeds_3km_even_optimistic,Подъезд >3 км даже в диагностической сети без проверок доступа и поворотов; исключено только по модели OSM,,256918018,2385433,3396.1655951800085,,,
site,north,,14192,"[11.538128, 49.749159]",195448.61147513418,distance_excluded,22.0,0,False,4533.2,4621.0,5.9,195833.08883011542,access_exceeds_3km_even_optimistic,Подъезд >3 км даже в диагностической сети без проверок доступа и поворотов; исключено только по модели OSM,,256918018,2385433,3396.1655951800085,,,
site,north,,14193,"[11.514098, 49.748483]",197216.40433899895,road_route_found_entrance_unverified,98.0,0,False,647.9,515.5,5.9,198014.2826184697,,,Ответвление без названия,1576877415,1575448307,,,,
site,north,,14194,"[11.509936, 49.748466]",195448.61147513418,unconfirmed,98.0,0,False,4560.7,4744.8,10.3,195833.08883011542,access_or_snap_review,"Короткая связь появляется только в диагностике; проверить доступ, повороты, барьеры и привязку координаты",,256918018,2385433,1264.0984987115248,,,
site,north,,14195,"[11.54161, 49.747977666666664]",195448.61147513418,distance_excluded,77.0,0,False,4456.5,4614.3,12.5,195833.08883011542,access_exceeds_3km_even_optimistic,Подъезд >3 км даже в диагностической сети без проверок доступа и поворотов; исключено только по модели OSM,,256918018,2385433,3750.862449037941,,,
site,north,,14196,"[11.541996, 49.748758]",195448.61147513418,distance_excluded,11.0,0,False,4544.9,4757.4,30.1,195833.08883011542,access_exceeds_3km_even_optimistic,Подъезд >3 км даже в диагностической сети без проверок доступа и поворотов; исключено только по модели OSM,,256918018,2385433,3662.4492008654265,,,
site,north,,14198,"[11.470361, 49.662833]",186546.70162293254,road_route_found_entrance_unverified,150.0,2,False,516.0,515.7,7.4,186710.12722180603,,,Plech,251478919,251478906,,,,
site,north,,14199,"[11.47072, 49.66416]",186546.70162293254,road_route_found_entrance_unverified,1200.0,8,True,581.5,511.5,4.4,186710.12722180603,,,Plech,251478919,251478906,,,,
site,north,,14200,"[11.471056, 49.662857]",186546.70162293254,road_route_found_entrance_unverified,450.0,4,True,547.3,539.6,25.5,186710.12722180603,,,Plech,251478919,251478906,,,,
site,north,,18930,"[11.407748, 49.613001]",179529.19886020312,road_route_found_entrance_unverified,22.0,0,False,1134.2,1246.4,2.0,179794.34487022558,,,Hormersdorf,306270069,2802936363,,,,
site,north,,18931,"[11.334865, 49.558726]",170744.1068119319,road_route_found_entrance_unverified,44.0,0,False,2134.6,2033.8,9.2,170951.32661280816,,,Schnaittach,1550982726,97620337,,,,
site,north,,18932,"[11.342279, 49.559515]",170744.1068119319,road_route_found_entrance_unverified,44.0,0,False,1737.7,1734.1,1.2,170951.32661280816,,,Schnaittach,1550982726,97620337,,,,
site,north,,18933,"[11.342017, 49.558097]",170744.1068119319,road_route_found_entrance_unverified,11.0,0,False,1903.6,2047.9,7.5,170951.32661280816,,,Schnaittach,1550982726,97620337,,,,
site,north,,18934,"[11.408411, 49.618798]",179529.19886020312,road_route_found_entrance_unverified,300.0,2,False,300.4,401.3,1.5,179794.34487022558,,,Hormersdorf,306270069,2802936363,,,,
site,north,,18935,"[11.408411, 49.618798]",179529.19886020312,road_route_found_entrance_unverified,900.0,6,True,300.4,401.3,1.5,179794.34487022558,,,Hormersdorf,306270069,2802936363,,,,
site,north,,18936,"[11.344963, 49.55491]",170744.1068119319,road_route_found_entrance_unverified,11.0,0,False,2280.5,2286.6,13.7,170951.32661280816,,,Schnaittach,1550982726,97620337,,,,
site,north,,18937,"[11.335443, 49.569771]",170744.1068119319,road_route_found_entrance_unverified,33.0,0,False,1189.0,1163.5,6.7,170951.32661280816,,,Schnaittach,1550982726,97620337,,,,
site,north,,18938,"[11.327495, 49.567291]",170744.1068119319,road_route_found_entrance_unverified,1200.0,8,True,840.2,853.4,0.2,170951.32661280816,,,Schnaittach,1550982726,97620337,,,,
site,north,,18939,"[11.327578, 49.568189999999994]",170744.1068119319,road_route_found_entrance_unverified,6000.0,6,True,1138.5,927.5,11.6,170951.32661280816,,,Schnaittach,1550982726,97620337,,,,
site,north,,18940,"[11.337581, 49.556626]",170744.1068119319,road_route_found_entrance_unverified,116.0,0,False,2175.2,2161.0,4.9,170951.32661280816,,,Schnaittach,1550982726,97620337,,,,
site,north,,18953,"[11.362373, 49.543847]",170744.1068119319,distance_excluded,11.0,0,False,5300.3,5327.2,16.2,170951.32661280816,access_exceeds_3km_even_optimistic,Подъезд >3 км даже в диагностической сети без проверок доступа и поворотов; исключено только по модели OSM,,1550982726,97620337,5300.30423360832,,,
site,north,,18958,"[11.457093, 49.616607]",179529.19886020312,distance_excluded,22.0,0,False,5811.4,5809.1,47.2,179794.34487022558,access_exceeds_3km_even_optimistic,Подъезд >3 км даже в диагностической сети без проверок доступа и поворотов; исключено только по модели OSM,,306270069,2802936363,5811.430744151444,,,
site,north,,18969,"[11.3421, 49.599]",170744.1068119319,distance_excluded,44.0,0,False,4813.5,4838.7,13.1,170951.32661280816,access_exceeds_3km_even_optimistic,Подъезд >3 км даже в диагностической сети без проверок доступа и поворотов; исключено только по модели OSM,,1550982726,97620337,4813.5138828027975,,,
site,north,,10275,"[11.610443, 49.957801]",226600.05992130112,unconfirmed,44.0,0,False,,,,,access_or_snap_review,"Короткая связь появляется только в диагностике; проверить доступ, повороты, барьеры и привязку координаты",,,,1734.9387038166678,,,
site,north,,10276,"[11.610443, 49.957801]",226600.05992130112,unconfirmed,44.0,0,False,,,,,access_or_snap_review,"Короткая связь появляется только в диагностике; проверить доступ, повороты, барьеры и привязку координаты",,,,1734.9387038166678,,,
site,north,,10277,"[11.568171, 49.945043]",223407.74301901727,distance_excluded,50.0,0,False,4355.6,4397.7,6.9,223615.2170165824,access_exceeds_3km_even_optimistic,Подъезд >3 км даже в диагностической сети без проверок доступа и поворотов; исключено только по модели OSM,,82737654,21543675,4164.622716346765,,,
site,north,,10278,"[11.579571, 49.943569]",224706.80171933162,unconfirmed,176.0,0,False,,,,,topology_or_coordinate_review,"Связь не установлена: проверить координату, ближайшую дорогу и полноту OSM",,,,,,,
site,north,,10279,"[11.5826885, 49.943931500000005]",223407.74301901727,unconfirmed,44.0,0,False,2966.5,3100.3,0.8,223615.2170165824,return_or_snap_unconfirmed,Подъезд ≤3 км найден; возврат ≤3 км на своё направление не подтверждён,,82737654,21543675,2966.5020037308195,,,
site,north,,10280,"[11.578591, 49.953129]",223407.74301901727,distance_excluded,22.0,0,False,4116.9,3518.5,0.7,227402.48966452968,access_exceeds_3km_even_optimistic,Подъезд >3 км даже в диагностической сети без проверок доступа и поворотов; исключено только по модели OSM,,82737654,256936302,4116.907105486292,,,
site,north,,10281,"[11.578785, 49.951132]",223407.74301901727,distance_excluded,44.0,0,False,3894.6,3716.5,11.9,227402.48966452968,access_exceeds_3km_even_optimistic,Подъезд >3 км даже в диагностической сети без проверок доступа и поворотов; исключено только по модели OSM,,82737654,256936302,3894.5969064369942,,,
site,north,,10282,"[11.573969, 49.941899]",223407.74301901727,distance_excluded,44.0,0,False,3479.1,3656.4,1.6,223615.2170165824,access_exceeds_3km_even_optimistic,Подъезд >3 км даже в диагностической сети без проверок доступа и поворотов; исключено только по модели OSM,,82737654,21543675,3479.0644220586482,,,
site,north,,10283,"[11.5721, 49.947199]",223407.74301901727,distance_excluded,44.0,0,False,3971.2,4107.9,0.0,223615.2170165824,access_exceeds_3km_even_optimistic,Подъезд >3 км даже в диагностической сети без проверок доступа и поворотов; исключено только по модели OSM,,82737654,21543675,3971.2191472830473,,,
site,north,,10284,"[11.571021, 49.943573]",223407.74301901727,distance_excluded,44.0,0,False,3860.3,4018.4,7.2,223615.2170165824,access_exceeds_3km_even_optimistic,Подъезд >3 км даже в диагностической сети без проверок доступа и поворотов; исключено только по модели OSM,,82737654,21543675,3860.288344619298,,,
site,north,,10285,"[11.57561, 49.94612]",223407.74301901727,distance_excluded,22.0,0,False,3721.7,3828.6,8.1,223615.2170165824,access_exceeds_3km_even_optimistic,Подъезд >3 км даже в диагностической сети без проверок доступа и поворотов; исключено только по модели OSM,,82737654,21543675,3694.6545756650066,,,
site,north,,10286,"[11.575567, 49.945159]",223407.74301901727,distance_excluded,22.0,0,False,3733.2,3756.9,33.1,223615.2170165824,access_exceeds_3km_even_optimistic,Подъезд >3 км даже в диагностической сети без проверок доступа и поворотов; исключено только по модели OSM,,82737654,21543675,3733.1779358859603,,,
site,north,,10287,"[11.577132, 49.945618]",223407.74301901727,distance_excluded,50.0,0,False,3538.7,3669.6,11.7,223615.2170165824,access_exceeds_3km_even_optimistic,Подъезд >3 км даже в диагностической сети без проверок доступа и поворотов; исключено только по модели OSM,,82737654,21543675,3538.6557237713696,,,
site,north,,10288,"[11.575134, 49.94686]",223407.74301901727,distance_excluded,44.0,0,False,3639.3,3727.2,11.3,223615.2170165824,access_exceeds_3km_even_optimistic,Подъезд >3 км даже в диагностической сети без проверок доступа и поворотов; исключено только по модели OSM,,82737654,21543675,3639.266396466722,,,
site,north,,10289,"[11.57684, 49.94554]",223407.74301901727,distance_excluded,22.0,0,False,3557.5,3670.9,0.6,223615.2170165824,access_exceeds_3km_even_optimistic,Подъезд >3 км даже в диагностической сети без проверок доступа и поворотов; исключено только по модели OSM,,82737654,21543675,3557.5256220447695,,,
site,north,,10290,"[11.576707, 49.945563]",224911.02326281252,distance_excluded,33.0,0,False,,,,,access_exceeds_3km_even_optimistic,Подъезд >3 км даже в диагностической сети без проверок доступа и поворотов; исключено только по модели OSM,,,,3567.2147307736823,,,
site,north,,10291,"[11.56924, 49.94075]",223407.74301901727,distance_excluded,200.0,2,False,3817.0,3914.3,12.8,223615.2170165824,access_exceeds_3km_even_optimistic,Подъезд >3 км даже в диагностической сети без проверок доступа и поворотов; исключено только по модели OSM,,82737654,21543675,3778.407498794643,,,
site,north,,10292,"[11.577976, 49.944872]",223407.74301901727,distance_excluded,44.0,0,False,3684.2,3524.1,11.3,223615.2170165824,access_exceeds_3km_even_optimistic,Подъезд >3 км даже в диагностической сети без проверок доступа и поворотов; исключено только по модели OSM,,82737654,21543675,3684.2259381013987,,,
site,north,,10293,"[11.567389999999998, 49.94493]",223407.74301901727,distance_excluded,55.0,0,False,4404.0,4602.4,9.1,223615.2170165824,access_exceeds_3km_even_optimistic,Подъезд >3 км даже в диагностической сети без проверок доступа и поворотов; исключено только по модели OSM,,82737654,21543675,4212.957737737013,,,
site,north,,10295,"[11.567123, 49.952106]",223407.74301901727,distance_excluded,100.0,0,False,4570.3,4406.7,9.4,227402.48966452968,access_exceeds_3km_even_optimistic,Подъезд >3 км даже в диагностической сети без проверок доступа и поворотов; исключено только по модели OSM,,82737654,256936302,4540.154541229371,,,
site,north,,10296,"[11.58473, 49.9332]",223407.74301901727,road_route_found_entrance_unverified,800.0,4,True,2550.9,2674.9,4.8,223615.2170165824,,,Bayreuth-Süd,82737654,21543675,,,,
site,north,,10297,"[11.58473, 49.933181]",223407.74301901727,road_route_found_entrance_unverified,88.0,0,False,2552.4,2673.4,3.3,223615.2170165824,,,Bayreuth-Süd,82737654,21543675,,,,
site,north,,10298,"[11.563164, 49.933108]",223407.74301901727,distance_excluded,44.0,0,False,4481.4,4722.2,31.4,223615.2170165824,access_exceeds_3km_even_optimistic,Подъезд >3 км даже в диагностической сети без проверок доступа и поворотов; исключено только по модели OSM,,82737654,21543675,4481.400985015578,,,
site,north,,10299,"[11.56284375, 49.933399]",223407.74301901727,distance_excluded,1200.0,8,True,4439.4,4629.1,11.6,223615.2170165824,access_exceeds_3km_even_optimistic,Подъезд >3 км даже в диагностической сети без проверок доступа и поворотов; исключено только по модели OSM,,82737654,21543675,4439.366093155387,,,
site,north,,10300,"[11.559149, 49.938642]",223407.74301901727,distance_excluded,50.0,0,False,4661.8,4588.3,16.4,223615.2170165824,access_exceeds_3km_even_optimistic,Подъезд >3 км даже в диагностической сети без проверок доступа и поворотов; исключено только по модели OSM,,82737654,21543675,4508.093181427936,,,
site,north,,10301,"[11.567943, 49.933466]",223407.74301901727,distance_excluded,22.0,0,False,3900.9,4133.4,7.2,223615.2170165824,access_exceeds_3km_even_optimistic,Подъезд >3 км даже в диагностической сети без проверок доступа и поворотов; исключено только по модели OSM,,82737654,21543675,3900.876376543115,,,
site,north,,10302,"[11.567911, 49.933494]",223407.74301901727,distance_excluded,450.0,4,True,3901.8,4132.5,9.8,223615.2170165824,access_exceeds_3km_even_optimistic,Подъезд >3 км даже в диагностической сети без проверок доступа и поворотов; исключено только по модели OSM,,82737654,21543675,3901.7691640509165,,,
site,north,,10303,"[11.567755, 49.932966]",223407.74301901727,distance_excluded,50.0,0,False,3943.3,4206.2,7.9,223615.2170165824,access_exceeds_3km_even_optimistic,Подъезд >3 км даже в диагностической сети без проверок доступа и поворотов; исключено только по модели OSM,,82737654,21543675,3943.2642178828337,,,
site,north,,10304,"[11.567755, 49.932966]",223407.74301901727,distance_excluded,50.0,0,False,3943.3,4206.2,7.9,223615.2170165824,access_exceeds_3km_even_optimistic,Подъезд >3 км даже в диагностической сети без проверок доступа и поворотов; исключено только по модели OSM,,82737654,21543675,3943.2642178828337,,,
site,north,,10305,"[11.564647, 49.93122]",223407.74301901727,distance_excluded,44.0,0,False,4338.5,4557.5,3.1,223615.2170165824,access_exceeds_3km_even_optimistic,Подъезд >3 км даже в диагностической сети без проверок доступа и поворотов; исключено только по модели OSM,,82737654,21543675,4338.522586366108,,,
site,north,,10306,"[11.564211, 49.932545]",223407.74301901727,distance_excluded,300.0,2,False,4487.4,4799.7,4.1,223615.2170165824,access_exceeds_3km_even_optimistic,Подъезд >3 км даже в диагностической сети без проверок доступа и поворотов; исключено только по модели OSM,,82737654,21543675,4487.362770774168,,,
site,north,,10307,"[11.580112, 49.928527]",223407.74301901727,road_route_found_entrance_unverified,88.0,0,False,2400.6,2462.1,6.6,223615.2170165824,,,Bayreuth-Süd,82737654,21543675,,,,
site,north,,10308,"[11.584914, 49.926504]",223407.74301901727,road_route_found_entrance_unverified,44.0,0,False,1966.2,2044.5,3.3,223615.2170165824,,,Bayreuth-Süd,82737654,21543675,,,,
site,north,,10309,"[11.583242, 49.945788]",223407.74301901727,distance_excluded,44.0,0,False,3381.6,3580.4,14.7,223615.2170165824,access_exceeds_3km_even_optimistic,Подъезд >3 км даже в диагностической сети без проверок доступа и поворотов; исключено только по модели OSM,,82737654,21543675,3361.2853943147807,,,
site,north,,10310,"[11.606255, 49.967981]",227109.34610174486,road_route_found_entrance_unverified,44.0,0,False,1508.1,1299.1,7.3,227402.48966452968,,,Bayreuth-Nord,59822486,256936302,,,,
site,north,,10311,"[11.6108, 49.962923]",227109.34610174486,road_route_found_entrance_unverified,600.0,4,True,702.9,619.0,15.4,227402.48966452968,,,Bayreuth-Nord,59822486,256936302,,,,
site,north,,10312,"[11.610191, 49.962291]",227109.34610174486,road_route_found_entrance_unverified,5000.0,20,True,885.3,831.5,5.4,227402.48966452968,,,Bayreuth-Nord,59822486,256936302,,,,
site,north,,10313,"[11.60734, 49.91896]",222251.71424738583,unconfirmed,22.0,0,False,,,,,access_or_snap_review,"Короткая связь появляется только в диагностике; проверить доступ, повороты, барьеры и привязку координаты",,,,2877.9062589958435,,,
site,north,,10314,"[11.592929, 49.944578]",223407.74301901727,distance_excluded,88.0,0,False,3508.4,3190.3,6.2,227402.48966452968,access_exceeds_3km_even_optimistic,Подъезд >3 км даже в диагностической сети без проверок доступа и поворотов; исключено только по модели OSM,,82737654,256936302,3508.384952088319,,,
site,north,,10315,"[11.5915, 49.9586]",227109.34610174486,distance_excluded,44.0,0,False,3360.6,2765.0,2.0,227402.48966452968,access_exceeds_3km_even_optimistic,Подъезд >3 км даже в диагностической сети без проверок доступа и поворотов; исключено только по модели OSM,,59822486,256936302,3360.615614720177,,,
site,north,,10316,"[11.633892, 49.941919]",225208.63204054034,distance_excluded,88.0,0,False,,,,,access_exceeds_3km_even_optimistic,Подъезд >3 км даже в диагностической сети без проверок доступа и поворотов; исключено только по модели OSM,,,,5350.839239204836,,,
site,north,,10317,"[11.603647, 49.939582]",223407.74301901727,unconfirmed,72.0,0,False,2995.8,3080.3,31.3,223615.2170165824,return_or_snap_unconfirmed,Подъезд ≤3 км найден; возврат ≤3 км на своё направление не подтверждён,,82737654,21543675,2734.9160703592524,,,
site,north,,10318,"[11.595981, 49.939401]",223407.74301901727,distance_excluded,22.0,0,False,3241.7,3419.1,18.4,223615.2170165824,access_exceeds_3km_even_optimistic,Подъезд >3 км даже в диагностической сети без проверок доступа и поворотов; исключено только по модели OSM,,82737654,21543675,3230.6934965225873,,,
site,north,,10319,"[11.601235, 49.955081]",227109.34610174486,road_route_found_entrance_unverified,1200.0,8,True,2260.1,1728.2,0.4,227402.48966452968,,,Bayreuth-Nord,59822486,256936302,,,,
site,north,,10320,"[11.595634, 49.956099]",226616.85873243763,unconfirmed,88.0,0,False,,,,,access_or_snap_review,"Короткая связь появляется только в диагностике; проверить доступ, повороты, барьеры и привязку координаты",,,,2801.392976559534,,,
site,north,,10321,"[11.5826, 49.95072]",227109.34610174486,distance_excluded,88.0,0,False,3780.1,3305.4,10.0,227402.48966452968,access_exceeds_3km_even_optimistic,Подъезд >3 км даже в диагностической сети без проверок доступа и поворотов; исключено только по модели OSM,,59822486,256936302,3780.1202804743875,,,
site,north,,10322,"[11.600424, 49.925703]",223066.6388022164,unconfirmed,1600.0,8,True,,,,,access_or_snap_review,"Короткая связь появляется только в диагностике; проверить доступ, повороты, барьеры и привязку координаты",,,,1288.9752264871854,,,
site,north,,10323,"[11.600505, 49.925925]",223083.0373038606,unconfirmed,110.0,0,False,,,,,access_or_snap_review,"Короткая связь появляется только в диагностике; проверить доступ, повороты, барьеры и привязку координаты",,,,1195.266862818625,,,
site,north,,10324,"[11.598887, 49.927438]",223247.12533714797,unconfirmed,154.0,0,False,,,,,access_or_snap_review,"Короткая связь появляется только в диагностике; проверить доступ, повороты, барьеры и привязку координаты",,,,1290.7443857512374,,,
site,north,,10325,"[11.59522, 49.93415]",223407.74301901727,road_route_found_entrance_unverified,11.0,0,False,1546.5,1627.4,1.8,223615.2170165824,,,Bayreuth-Süd,82737654,21543675,,,,
site,north,,10327,"[11.59844, 49.89349]",223407.74301901727,unconfirmed,400.0,2,True,4843.3,12774.7,10.3,207701.24782498827,access_or_snap_review,"Короткая связь появляется только в диагностике; проверить доступ, повороты, барьеры и привязку координаты",,82737654,1448542303,1000.3619119147924,,,
site,north,,10328,"[11.600585, 49.893992]",219254.22203596274,road_route_found_entrance_unverified,800.0,4,True,216.5,238.2,10.9,219697.73944361135,,,Sophienberg,427507958,427507735,,,,
site,north,,10329,"[11.615156, 49.96199099999999]",227109.34610174486,road_route_found_entrance_unverified,110.0,0,False,1133.6,1141.6,7.1,227402.48966452968,,,Bayreuth-Nord,59822486,256936302,,,,
site,north,,10330,"[11.6151346, 49.961845600000004]",227109.34610174486,road_route_found_entrance_unverified,110.0,0,False,1117.4,1157.8,7.7,227402.48966452968,,,Bayreuth-Nord,59822486,256936302,,,,
site,north,,10331,"[11.630091, 49.956097]",227109.34610174486,unconfirmed,11.0,0,False,4166.2,4059.0,4.6,227402.48966452968,access_or_snap_review,"Короткая связь появляется только в диагностике; проверить доступ, повороты, барьеры и привязку координаты",,59822486,256936302,2813.3049781705154,,,
site,north,,10332,"[11.602362, 49.957515]",227109.34610174486,distance_excluded,150.0,2,False,3518.7,1484.1,1.8,227402.48966452968,access_exceeds_3km_even_optimistic,Подъезд >3 км даже в диагностической сети без проверок доступа и поворотов; исключено только по модели OSM,,59822486,256936302,3518.690122979584,,,
site,north,,10333,"[11.601896, 49.957842]",227109.34610174486,distance_excluded,150.0,2,False,3269.2,1443.5,7.4,227402.48966452968,access_exceeds_3km_even_optimistic,Подъезд >3 км даже в диагностической сети без проверок доступа и поворотов; исключено только по модели OSM,,59822486,256936302,3269.161586673094,,,
site,north,,10334,"[11.603417, 49.958527]",227109.34610174486,road_route_found_entrance_unverified,33.0,0,False,2625.1,2271.9,8.4,227402.48966452968,,,Bayreuth-Nord,59822486,256936302,,,,
site,north,,10335,"[11.604554, 49.958127]",227109.34610174486,road_route_found_entrance_unverified,44.0,0,False,2545.6,1124.5,22.6,227402.48966452968,,,Bayreuth-Nord,59822486,256936302,,,,
site,north,,10336,"[11.58114, 49.948659]",227109.34610174486,distance_excluded,44.0,0,False,3925.5,3448.3,10.2,227402.48966452968,access_exceeds_3km_even_optimistic,Подъезд >3 км даже в диагностической сети без проверок доступа и поворотов; исключено только по модели OSM,,59822486,256936302,3925.50425639843,,,
site,north,,10337,"[11.599791, 49.963907]",227109.34610174486,road_route_found_entrance_unverified,72.0,0,False,2866.5,2529.4,6.4,227402.48966452968,,,Bayreuth-Nord,59822486,256936302,,,,
site,north,,10338,"[11.60027, 49.96586]",227550.401009572,unconfirmed,22.0,0,False,,,,,access_or_snap_review,"Короткая связь появляется только в диагностике; проверить доступ, повороты, барьеры и привязку координаты",,,,2211.8362383034564,,,
site,north,,10339,"[11.6006565, 49.966300374999996]",227109.34610174486,road_route_found_entrance_unverified,176.0,0,False,2140.5,1823.4,11.0,227402.48966452968,,,Bayreuth-Nord,59822486,256936302,,,,
site,north,,10340,"[11.606801, 49.908184]",223407.74301901727,road_route_found_entrance_unverified,366.0,4,False,2659.6,2701.4,4.0,223615.2170165824,,,Bayreuth-Süd,82737654,21543675,,,,
site,north,,10341,"[11.6067, 49.9092]",223407.74301901727,road_route_found_entrance_unverified,300.0,2,False,2496.4,2587.3,7.1,223615.2170165824,,,Bayreuth-Süd,82737654,21543675,,,,
site,north,,14207,"[11.61119, 49.96995]",228046.13332117922,unconfirmed,450.0,4,True,,,,,access_or_snap_review,"Короткая связь появляется только в диагностике; проверить доступ, повороты, барьеры и привязку координаты",,,,1377.7272556688301,,,
site,north,,14208,"[11.616431999999998, 49.97110899999999]",227109.34610174486,road_route_found_entrance_unverified,2400.0,12,True,2014.3,1707.4,5.9,227402.48966452968,,,Bayreuth-Nord,59822486,256936302,,,,
site,north,,14209,"[11.620153, 49.974094]",227109.34610174486,road_route_found_entrance_unverified,110.0,0,False,2392.5,2119.8,39.8,227402.48966452968,,,Bayreuth-Nord,59822486,256936302,,,,
site,north,,14210,"[11.620182, 49.974011]",227109.34610174486,road_route_found_entrance_unverified,50.0,0,False,2392.5,2119.8,47.5,227402.48966452968,,,Bayreuth-Nord,59822486,256936302,,,,
site,north,,14211,"[11.615140000000002, 49.969252000000004]",227109.34610174486,road_route_found_entrance_unverified,66.0,0,False,1737.0,1464.2,23.7,227402.48966452968,,,Bayreuth-Nord,59822486,256936302,,,,
site,north,,14212,"[11.612777, 49.976706]",227109.34610174486,road_route_found_entrance_unverified,22.0,0,False,2221.8,2092.1,5.8,227402.48966452968,,,Bayreuth-Nord,59822486,256936302,,,,
site,north,,14213,"[11.610935, 49.977427]",227109.34610174486,road_route_found_entrance_unverified,22.0,0,False,2160.7,1805.0,0.7,227402.48966452968,,,Bayreuth-Nord,59822486,256936302,,,,
site,north,,14241,"[11.509756, 49.892864]",207536.0259040828,distance_excluded,44.0,0,False,10791.1,10840.7,6.0,207701.24782498827,access_exceeds_3km_even_optimistic,Подъезд >3 км даже в диагностической сети без проверок доступа и поворотов; исключено только по модели OSM,,142745591,1448542303,5986.363385309713,,,
site,north,,16958,"[11.615127333333334, 50.05339333333333]",237536.6153552418,road_route_found_entrance_unverified,77.0,0,False,1458.8,1410.1,4.3,237725.1958157188,,,Bad Berneck/Himmelkron,256944416,16534097,,,,
site,north,,16959,"[11.609148, 50.055972]",237536.6153552418,road_route_found_entrance_unverified,2750.0,13,True,1175.0,1267.1,6.2,237725.1958157188,,,Bad Berneck/Himmelkron,256944416,16534097,,,,
site,north,,16960,"[11.609409999999999, 50.056106666666665]",237536.6153552418,road_route_found_entrance_unverified,1244.0,8,True,1152.8,1289.2,3.1,237725.1958157188,,,Bad Berneck/Himmelkron,256944416,16534097,,,,
site,north,,16961,"[11.60612, 50.05907]",237536.6153552418,road_route_found_entrance_unverified,44.0,0,False,1423.4,1400.4,30.8,237725.1958157188,,,Bad Berneck/Himmelkron,256944416,16534097,,,,
site,north,,16962,"[11.62134, 50.05159]",237536.6153552418,road_route_found_entrance_unverified,1600.0,8,True,1213.7,1240.5,8.7,237725.1958157188,,,Bad Berneck/Himmelkron,256944416,16534097,,,,
site,north,,16963,"[11.609148, 50.055972]",237536.6153552418,road_route_found_entrance_unverified,2100.0,6,True,1175.0,1267.1,6.2,237725.1958157188,,,Bad Berneck/Himmelkron,256944416,16534097,,,,
site,north,,16964,"[11.62273, 50.05476]",237536.6153552418,road_route_found_entrance_unverified,1200.0,8,True,641.8,794.8,3.9,237725.1958157188,,,Bad Berneck/Himmelkron,256944416,16534097,,,,
site,north,,16965,"[11.602042, 50.066652]",237536.6153552418,road_route_found_entrance_unverified,11.0,0,False,2490.5,2459.1,20.0,237725.1958157188,,,Bad Berneck/Himmelkron,256944416,16534097,,,,
site,north,,16966,"[11.61276, 50.05531]",237536.6153552418,road_route_found_entrance_unverified,200.0,0,False,1681.5,1670.8,10.1,237725.1958157188,,,Bad Berneck/Himmelkron,256944416,16534097,,,,
site,north,,16967,"[11.617218, 50.054747]",237536.6153552418,road_route_found_entrance_unverified,1600.0,8,True,1413.3,1387.1,0.8,237725.1958157188,,,Bad Berneck/Himmelkron,256944416,16534097,,,,
site,north,,16968,"[11.616755, 50.054078]",237536.6153552418,road_route_found_entrance_unverified,93.0,0,False,1318.5,1381.1,8.5,237725.1958157188,,,Bad Berneck/Himmelkron,256944416,16534097,,,,
site,north,,16969,"[11.605186, 50.056314]",237536.6153552418,road_route_found_entrance_unverified,3.0,0,False,1779.2,1790.6,0.5,237725.1958157188,,,Bad Berneck/Himmelkron,256944416,16534097,,,,
site,north,,16970,"[11.609148, 50.055972]",237536.6153552418,road_route_found_entrance_unverified,350.0,1,False,1175.0,1267.1,6.2,237725.1958157188,,,Bad Berneck/Himmelkron,256944416,16534097,,,,
site,north,,16971,"[11.609148, 50.055972]",237536.6153552418,road_route_found_entrance_unverified,350.0,1,False,1175.0,1267.1,6.2,237725.1958157188,,,Bad Berneck/Himmelkron,256944416,16534097,,,,
site,north,,16972,"[11.609148, 50.055972]",237536.6153552418,road_route_found_entrance_unverified,350.0,1,False,1175.0,1267.1,6.2,237725.1958157188,,,Bad Berneck/Himmelkron,256944416,16534097,,,,
site,north,,16973,"[11.609148, 50.055972]",237536.6153552418,road_route_found_entrance_unverified,350.0,1,False,1175.0,1267.1,6.2,237725.1958157188,,,Bad Berneck/Himmelkron,256944416,16534097,,,,
site,north,,16974,"[11.609148, 50.055972]",237536.6153552418,road_route_found_entrance_unverified,350.0,1,False,1175.0,1267.1,6.2,237725.1958157188,,,Bad Berneck/Himmelkron,256944416,16534097,,,,
site,north,,16976,"[11.655227, 50.095838]",242816.15985630098,road_route_found_entrance_unverified,44.0,0,False,2594.4,2633.3,3.1,243002.11828938525,,,Marktschorgast,262199557,265649596,,,,
site,north,,11056,"[11.57757, 48.1452]",3302.0490926255716,distance_excluded,22.0,0,False,8611.1,4905.9,22.1,559.9674497480636,access_exceeds_3km_even_optimistic,Подъезд >3 км даже в диагностической сети без проверок доступа и поворотов; исключено только по модели OSM,,1639311272,27418674,7335.833427248417,,,
site,north,,11060,"[11.565492, 48.148515]",3302.0490926255716,distance_excluded,22.0,0,False,9048.4,4897.9,5.2,0.0,access_exceeds_3km_even_optimistic,Подъезд >3 км даже в диагностической сети без проверок доступа и поворотов; исключено только по модели OSM,,1639311272,246994535,7960.087058274736,,,
site,north,,11066,"[11.56067, 48.152162]",3302.0490926255716,distance_excluded,22.0,0,False,9100.9,4857.2,3.0,0.0,access_exceeds_3km_even_optimistic,Подъезд >3 км даже в диагностической сети без проверок доступа и поворотов; исключено только по модели OSM,,1639311272,246994535,8084.719467193504,,,
site,north,,11067,"[11.560584, 48.152194]",3302.0490926255716,distance_excluded,22.0,0,False,9108.2,4849.9,3.8,0.0,access_exceeds_3km_even_optimistic,Подъезд >3 км даже в диагностической сети без проверок доступа и поворотов; исключено только по модели OSM,,1639311272,246994535,8092.001108308033,,,
site,north,,11068,"[11.574242, 48.14835]",3302.0490926255716,distance_excluded,22.0,0,False,8599.1,4566.8,3.5,0.0,access_exceeds_3km_even_optimistic,Подъезд >3 км даже в диагностической сети без проверок доступа и поворотов; исключено только по модели OSM,,1639311272,246994535,7323.7607389047735,,,
site,north,,11069,"[11.574032, 48.148418]",3302.0490926255716,distance_excluded,22.0,0,False,8616.5,4549.5,4.4,0.0,access_exceeds_3km_even_optimistic,Подъезд >3 км даже в диагностической сети без проверок доступа и поворотов; исключено только по модели OSM,,1639311272,246994535,7341.088471139476,,,
site,north,,11070,"[11.565181, 48.150791]",3302.0490926255716,distance_excluded,22.0,0,False,8943.7,4749.6,7.5,0.0,access_exceeds_3km_even_optimistic,Подъезд >3 км даже в диагностической сети без проверок доступа и поворотов; исключено только по модели OSM,,1639311272,246994535,7855.391842077395,,,
site,north,,11080,"[11.555638, 48.155111]",3302.0490926255716,distance_excluded,22.0,0,False,8798.3,4622.9,10.0,0.0,access_exceeds_3km_even_optimistic,Подъезд >3 км даже в диагностической сети без проверок доступа и поворотов; исключено только по модели OSM,,1639311272,246994535,8078.118238332089,,,
site,north,,11081,"[11.555799, 48.155204]",78.37296915094583,distance_excluded,22.0,0,False,,,,,access_exceeds_3km_even_optimistic,Подъезд >3 км даже в диагностической сети без проверок доступа и поворотов; исключено только по модели OSM,,,,8066.610785657766,,,
site,north,,11139,"[11.592843, 48.145917]",3302.0490926255716,distance_excluded,22.0,0,False,8774.6,4770.5,1.8,559.9674497480636,access_exceeds_3km_even_optimistic,Подъезд >3 км даже в диагностической сети без проверок доступа и поворотов; исключено только по модели OSM,,1639311272,27418674,7774.72409310814,,,
site,north,,11140,"[11.592891, 48.145982]",3302.0490926255716,distance_excluded,22.0,0,False,8782.6,4762.5,2.2,559.9674497480636,access_exceeds_3km_even_optimistic,Подъезд >3 км даже в диагностической сети без проверок доступа и поворотов; исключено только по модели OSM,,1639311272,27418674,7782.726077788613,,,
site,north,,11143,"[11.593097, 48.144098]",3302.0490926255716,distance_excluded,22.0,0,False,8450.5,5094.6,2.9,559.9674497480636,access_exceeds_3km_even_optimistic,Подъезд >3 км даже в диагностической сети без проверок доступа и поворотов; исключено только по модели OSM,,1639311272,27418674,7450.61904314652,,,
site,north,,11144,"[11.592781, 48.14417]",3302.0490926255716,distance_excluded,22.0,0,False,8475.3,5069.7,3.0,559.9674497480636,access_exceeds_3km_even_optimistic,Подъезд >3 км даже в диагностической сети без проверок доступа и поворотов; исключено только по модели OSM,,1639311272,27418674,7475.461491149494,,,
site,north,,11157,"[11.591821, 48.165971]",3302.0490926255716,distance_excluded,22.0,0,False,5680.2,1699.7,3.1,559.9674497480636,access_exceeds_3km_even_optimistic,Подъезд >3 км даже в диагностической сети без проверок доступа и поворотов; исключено только по модели OSM,,1639311272,27418674,4680.295813268212,,,
site,north,,11288,"[11.556302478991595, 48.178001302521004]",21.014850648029984,distance_excluded,440.2999999999991,0,False,,,,,access_exceeds_3km_even_optimistic,Подъезд >3 км даже в диагностической сети без проверок доступа и поворотов; исключено только по модели OSM,,,,6959.3223152223345,,,
site,north,,11291,"[11.561875, 48.176263]",3302.0490926255716,distance_excluded,44.0,0,False,6449.8,2879.2,5.2,0.0,access_exceeds_3km_even_optimistic,Подъезд >3 км даже в диагностической сети без проверок доступа и поворотов; исключено только по модели OSM,,1639311272,246994535,6440.036813059244,,,
site,north,,11292,"[11.574172, 48.158893]",3302.0490926255716,distance_excluded,22.0,0,False,7504.8,3348.4,5.4,0.0,access_exceeds_3km_even_optimistic,Подъезд >3 км даже в диагностической сети без проверок доступа и поворотов; исключено только по модели OSM,,1639311272,246994535,6488.619357632021,,,
site,north,,11293,"[11.572164, 48.164762]",3302.0490926255716,distance_excluded,22.0,0,False,7080.0,2872.9,4.4,0.0,access_exceeds_3km_even_optimistic,Подъезд >3 км даже в диагностической сети без проверок доступа и поворотов; исключено только по модели OSM,,1639311272,246994535,6251.089824790379,,,
site,north,,11294,"[11.568895, 48.163149]",3302.0490926255716,distance_excluded,22.0,0,False,7473.3,3240.3,2.2,0.0,access_exceeds_3km_even_optimistic,Подъезд >3 км даже в диагностической сети без проверок доступа и поворотов; исключено только по модели OSM,,1639311272,246994535,6473.376859947969,,,
site,north,,11295,"[11.568767, 48.163143]",3302.0490926255716,distance_excluded,22.0,0,False,7482.8,3380.1,4.0,0.0,access_exceeds_3km_even_optimistic,Подъезд >3 км даже в диагностической сети без проверок доступа и поворотов; исключено только по модели OSM,,1639311272,246994535,6482.87623586773,,,
site,north,,11296,"[11.566823, 48.160869]",3302.0490926255716,distance_excluded,22.0,0,False,7919.0,3701.5,4.3,0.0,access_exceeds_3km_even_optimistic,Подъезд >3 км даже в диагностической сети без проверок доступа и поворотов; исключено только по модели OSM,,1639311272,246994535,6912.723031967681,,,
site,north,,11297,"[11.566839, 48.160768]",3302.0490926255716,distance_excluded,22.0,0,False,7938.4,3682.1,4.1,0.0,access_exceeds_3km_even_optimistic,Подъезд >3 км даже в диагностической сети без проверок доступа и поворотов; исключено только по модели OSM,,1639311272,246994535,6932.091152027828,,,
site,north,,11298,"[11.566341, 48.164112]",3302.0490926255716,distance_excluded,22.0,0,False,7722.5,3308.0,2.0,0.0,access_exceeds_3km_even_optimistic,Подъезд >3 км даже в диагностической сети без проверок доступа и поворотов; исключено только по модели OSM,,1639311272,246994535,6745.78139974024,,,
site,north,,11299,"[11.566346, 48.164234]",3302.0490926255716,distance_excluded,22.0,0,False,7736.0,3294.5,3.1,0.0,access_exceeds_3km_even_optimistic,Подъезд >3 км даже в диагностической сети без проверок доступа и поворотов; исключено только по модели OSM,,1639311272,246994535,6759.310124789703,,,
site,north,,11300,"[11.571908, 48.160539]",3302.0490926255716,distance_excluded,22.0,0,False,7508.8,3358.8,4.7,0.0,access_exceeds_3km_even_optimistic,Подъезд >3 км даже в диагностической сети без проверок доступа и поворотов; исключено только по модели OSM,,1639311272,246994535,6492.57520592734,,,
site,north,,11301,"[11.572005, 48.160496]",3302.0490926255716,distance_excluded,22.0,0,False,7501.1,3339.0,7.8,0.0,access_exceeds_3km_even_optimistic,Подъезд >3 км даже в диагностической сети без проверок доступа и поворотов; исключено только по модели OSM,,1639311272,246994535,6484.859558000816,,,
site,north,,11302,"[11.556265, 48.167252]",3302.0490926255716,distance_excluded,22.0,0,False,8741.5,4488.5,3.3,0.0,access_exceeds_3km_even_optimistic,Подъезд >3 км даже в диагностической сети без проверок доступа и поворотов; исключено только по модели OSM,,1639311272,246994535,8180.957325071153,,,
site,north,,11303,"[11.556308, 48.167209]",3302.0490926255716,distance_excluded,22.0,0,False,8714.2,4515.7,1.4,0.0,access_exceeds_3km_even_optimistic,Подъезд >3 км даже в диагностической сети без проверок доступа и поворотов; исключено только по модели OSM,,1639311272,246994535,8153.676145126635,,,
site,north,,11304,"[11.560353, 48.156285]",3302.0490926255716,distance_excluded,22.0,0,False,8562.4,4328.4,2.9,0.0,access_exceeds_3km_even_optimistic,Подъезд >3 км даже в диагностической сети без проверок доступа и поворотов; исключено только по модели OSM,,1639311272,246994535,7758.420245604508,,,
site,north,,11305,"[11.556839, 48.159448]",3302.0490926255716,distance_excluded,22.0,0,False,8530.0,4217.3,4.9,0.0,access_exceeds_3km_even_optimistic,Подъезд >3 км даже в диагностической сети без проверок доступа и поворотов; исключено только по модели OSM,,1639311272,246994535,7797.299556969825,,,
site,north,,11306,"[11.55724, 48.161946]",3302.0490926255716,distance_excluded,22.0,0,False,8360.3,4258.7,23.0,0.0,access_exceeds_3km_even_optimistic,Подъезд >3 км даже в диагностической сети без проверок доступа и поворотов; исключено только по модели OSM,,1639311272,246994535,7609.55276427649,,,
site,north,,11307,"[11.559811, 48.154789]",3302.0490926255716,distance_excluded,22.0,0,False,8729.5,4548.0,4.4,0.0,access_exceeds_3km_even_optimistic,Подъезд >3 км даже в диагностической сети без проверок доступа и поворотов; исключено только по модели OSM,,1639311272,246994535,7953.295199732039,,,
site,north,,11308,"[11.559725, 48.154824]",3302.0490926255716,distance_excluded,22.0,0,False,8722.1,4555.4,3.2,0.0,access_exceeds_3km_even_optimistic,Подъезд >3 км даже в диагностической сети без проверок доступа и поворотов; исключено только по модели OSM,,1639311272,246994535,7945.902607658921,,,
site,north,,11309,"[11.561542, 48.168544]",3302.0490926255716,distance_excluded,22.0,0,False,7318.0,3117.0,3.2,0.0,access_exceeds_3km_even_optimistic,Подъезд >3 км даже в диагностической сети без проверок доступа и поворотов; исключено только по модели OSM,,1639311272,246994535,6757.461150008354,,,
site,north,,11310,"[11.561496, 48.168653]",3302.0490926255716,distance_excluded,22.0,0,False,7323.5,3131.2,2.4,0.0,access_exceeds_3km_even_optimistic,Подъезд >3 км даже в диагностической сети без проверок доступа и поворотов; исключено только по модели OSM,,1639311272,246994535,6762.970721648684,,,
site,north,,11311,"[11.561995, 48.161541]",3302.0490926255716,distance_excluded,22.0,0,False,7897.9,3723.3,4.3,0.0,access_exceeds_3km_even_optimistic,Подъезд >3 км даже в диагностической сети без проверок доступа и поворотов; исключено только по модели OSM,,1639311272,246994535,7177.753961094539,,,
site,north,,11312,"[11.562016, 48.161552]",3302.0490926255716,distance_excluded,22.0,0,False,7896.4,3724.9,3.1,0.0,access_exceeds_3km_even_optimistic,Подъезд >3 км даже в диагностической сети без проверок доступа и поворотов; исключено только по модели OSM,,1639311272,246994535,7176.199822899385,,,
site,north,,11313,"[11.563257, 48.164008]",3302.0490926255716,distance_excluded,11.0,0,False,7695.7,3417.8,32.6,0.0,access_exceeds_3km_even_optimistic,Подъезд >3 км даже в диагностической сети без проверок доступа и поворотов; исключено только по модели OSM,,1639311272,246994535,6975.583816190201,,,
site,north,,11314,"[11.56178, 48.16865]",3302.0490926255716,distance_excluded,22.0,0,False,7318.8,3135.9,23.0,0.0,access_exceeds_3km_even_optimistic,Подъезд >3 км даже в диагностической сети без проверок доступа и поворотов; исключено только по модели OSM,,1639311272,246994535,6758.305349913105,,,
site,north,,11315,"[11.567793, 48.156778]",3302.0490926255716,distance_excluded,22.0,0,False,8129.6,3943.6,1.4,0.0,access_exceeds_3km_even_optimistic,Подъезд >3 км даже в диагностической сети без проверок доступа и поворотов; исключено только по модели OSM,,1639311272,246994535,7113.381285517521,,,
site,north,,11316,"[11.567649, 48.156789]",3302.0490926255716,distance_excluded,22.0,0,False,8129.8,3992.5,2.6,0.0,access_exceeds_3km_even_optimistic,Подъезд >3 км даже в диагностической сети без проверок доступа и поворотов; исключено только по модели OSM,,1639311272,246994535,7113.557339957012,,,
site,north,,11317,"[11.565224, 48.153361]",3302.0490926255716,distance_excluded,22.0,0,False,8626.6,4647.4,5.1,0.0,access_exceeds_3km_even_optimistic,Подъезд >3 км даже в диагностической сети без проверок доступа и поворотов; исключено только по модели OSM,,1639311272,246994535,7577.46609175395,,,
site,north,,11318,"[11.568249, 48.15247]",3302.0490926255716,distance_excluded,22.0,0,False,8588.3,4398.1,2.2,0.0,access_exceeds_3km_even_optimistic,Подъезд >3 км даже в диагностической сети без проверок доступа и поворотов; исключено только по модели OSM,,1639311272,246994535,7471.286534323791,,,
site,north,,11319,"[11.573281333333332, 48.15379733333333]",3302.0490926255716,distance_excluded,66.0,0,False,8229.9,3978.0,7.4,0.0,access_exceeds_3km_even_optimistic,Подъезд >3 км даже в диагностической сети без проверок доступа и поворотов; исключено только по модели OSM,,1639311272,246994535,7082.519741284303,,,
site,north,,11320,"[11.578807, 48.150866]",3302.0490926255716,distance_excluded,22.0,0,False,8004.8,4344.5,0.3,0.0,access_exceeds_3km_even_optimistic,Подъезд >3 км даже в диагностической сети без проверок доступа и поворотов; исключено только по модели OSM,,1639311272,246994535,6729.560363400708,,,
site,north,,11321,"[11.579499, 48.151818]",3302.0490926255716,distance_excluded,22.0,0,False,7887.3,4462.1,4.8,0.0,access_exceeds_3km_even_optimistic,Подъезд >3 км даже в диагностической сети без проверок доступа и поворотов; исключено только по модели OSM,,1639311272,246994535,6612.017963130118,,,
site,north,,11322,"[11.57241275, 48.149846]",3302.0490926255716,distance_excluded,77.0,0,False,8680.0,4376.1,6.6,0.0,access_exceeds_3km_even_optimistic,Подъезд >3 км даже в диагностической сети без проверок доступа и поворотов; исключено только по модели OSM,,1639311272,246994535,7384.651128945188,,,
site,north,,11323,"[11.578978, 48.149467]",3302.0490926255716,distance_excluded,22.0,0,False,8149.3,4274.4,5.2,0.0,access_exceeds_3km_even_optimistic,Подъезд >3 км даже в диагностической сети без проверок доступа и поворотов; исключено только по модели OSM,,1639311272,246994535,6874.075976868776,,,
site,north,,11324,"[11.576039, 48.159079]",3302.0490926255716,distance_excluded,22.0,0,False,7312.9,3226.1,4.2,0.0,access_exceeds_3km_even_optimistic,Подъезд >3 км даже в диагностической сети без проверок доступа и поворотов; исключено только по модели OSM,,1639311272,246994535,6312.974786694284,,,
site,north,,11325,"[11.575942, 48.159094]",3302.0490926255716,distance_excluded,22.0,0,False,7385.4,3153.6,3.4,0.0,access_exceeds_3km_even_optimistic,Подъезд >3 км даже в диагностической сети без проверок доступа и поворотов; исключено только по модели OSM,,1639311272,246994535,6385.471869295844,,,
site,north,,11326,"[11.579895, 48.157636]",3302.0490926255716,distance_excluded,22.0,0,False,7141.3,3210.4,2.5,0.0,access_exceeds_3km_even_optimistic,Подъезд >3 км даже в диагностической сети без проверок доступа и поворотов; исключено только по модели OSM,,1639311272,246994535,6141.426922260265,,,
site,north,,11327,"[11.580389, 48.160686]",3302.0490926255716,distance_excluded,22.0,0,False,6856.4,2786.5,3.2,0.0,access_exceeds_3km_even_optimistic,Подъезд >3 км даже в диагностической сети без проверок доступа и поворотов; исключено только по модели OSM,,1639311272,246994535,5856.530304476311,,,
site,north,,11328,"[11.580395, 48.160768]",3302.0490926255716,distance_excluded,22.0,0,False,6796.2,2846.6,2.7,0.0,access_exceeds_3km_even_optimistic,Подъезд >3 км даже в диагностической сети без проверок доступа и поворотов; исключено только по модели OSM,,1639311272,246994535,5796.365934557543,,,
site,north,,11329,"[11.578844, 48.166647]",3302.0490926255716,distance_excluded,22.0,0,False,6402.3,2163.6,4.9,0.0,access_exceeds_3km_even_optimistic,Подъезд >3 км даже в диагностической сети без проверок доступа и поворотов; исключено только по модели OSM,,1639311272,246994535,5487.586403597301,,,
site,north,,11330,"[11.578753, 48.16669]",3302.0490926255716,distance_excluded,22.0,0,False,6394.1,2164.8,5.7,0.0,access_exceeds_3km_even_optimistic,Подъезд >3 км даже в диагностической сети без проверок доступа и поворотов; исключено только по модели OSM,,1639311272,246994535,5479.3408004275625,,,
site,north,,11331,"[11.57863, 48.166769]",3302.0490926255716,distance_excluded,22.0,0,False,6382.3,2153.9,5.5,0.0,access_exceeds_3km_even_optimistic,Подъезд >3 км даже в диагностической сети без проверок доступа и поворотов; исключено только по модели OSM,,1639311272,246994535,5467.53172305846,,,
site,north,,11332,"[11.575255, 48.155268]",3302.0490926255716,distance_excluded,22.0,0,False,7754.9,3653.3,5.8,0.0,access_exceeds_3km_even_optimistic,Подъезд >3 км даже в диагностической сети без проверок доступа и поворотов; исключено только по модели OSM,,1639311272,246994535,6736.589391992201,,,
site,north,,11333,"[11.575261, 48.155343]",3302.0490926255716,distance_excluded,22.0,0,False,7746.7,3626.3,4.4,0.0,access_exceeds_3km_even_optimistic,Подъезд >3 км даже в диагностической сети без проверок доступа и поворотов; исключено только по модели OSM,,1639311272,246994535,6743.453894843143,,,
site,north,,11334,"[11.589625, 48.161028]",3302.0490926255716,distance_excluded,22.0,0,False,6473.9,2367.0,2.8,559.9674497480636,access_exceeds_3km_even_optimistic,Подъезд >3 км даже в диагностической сети без проверок доступа и поворотов; исключено только по модели OSM,,1639311272,27418674,5474.001595742726,,,
site,north,,11335,"[11.588193, 48.167171]",3302.0490926255716,distance_excluded,22.0,0,False,5811.7,1756.8,2.5,0.0,access_exceeds_3km_even_optimistic,Подъезд >3 км даже в диагностической сети без проверок доступа и поворотов; исключено только по модели OSM,,1639311272,246994535,4811.8587627889165,,,
site,north,,11336,"[11.588223, 48.167268]",3302.0490926255716,distance_excluded,22.0,0,False,5741.8,1826.8,2.5,0.0,access_exceeds_3km_even_optimistic,Подъезд >3 км даже в диагностической сети без проверок доступа и поворотов; исключено только по модели OSM,,1639311272,246994535,4741.911947867148,,,
site,north,,11337,"[11.588548, 48.155279]",3302.0490926255716,distance_excluded,22.0,0,False,7415.9,3197.9,4.8,559.9674497480636,access_exceeds_3km_even_optimistic,Подъезд >3 км даже в диагностической сети без проверок доступа и поворотов; исключено только по модели OSM,,1639311272,27418674,6181.939420209287,,,
site,north,,11338,"[11.588581, 48.155429]",3302.0490926255716,distance_excluded,22.0,0,False,7399.1,3214.7,6.7,559.9674497480636,access_exceeds_3km_even_optimistic,Подъезд >3 км даже в диагностической сети без проверок доступа и поворотов; исключено только по модели OSM,,1639311272,27418674,6165.184409777873,,,
site,north,,11339,"[11.583923, 48.157299]",3302.0490926255716,distance_excluded,22.0,0,False,7012.3,3416.7,5.7,0.0,access_exceeds_3km_even_optimistic,Подъезд >3 км даже в диагностической сети без проверок доступа и поворотов; исключено только по модели OSM,,1639311272,246994535,5814.149154628497,,,
site,north,,11340,"[11.583753, 48.157343]",3302.0490926255716,distance_excluded,22.0,0,False,6997.1,3431.1,5.8,559.9674497480636,access_exceeds_3km_even_optimistic,Подъезд >3 км даже в диагностической сети без проверок доступа и поворотов; исключено только по модели OSM,,1639311272,27418674,5827.710573165099,,,
site,north,,11341,"[11.584123, 48.155504]",3302.0490926255716,distance_excluded,22.0,0,False,7460.4,3607.0,1.8,559.9674497480636,access_exceeds_3km_even_optimistic,Подъезд >3 км даже в диагностической сети без проверок доступа и поворотов; исключено только по модели OSM,,1639311272,27418674,6226.492232258797,,,
site,north,,11342,"[11.583947, 48.155543]",3302.0490926255716,distance_excluded,22.0,0,False,7474.2,3593.2,2.3,559.9674497480636,access_exceeds_3km_even_optimistic,Подъезд >3 км даже в диагностической сети без проверок доступа и поворотов; исключено только по модели OSM,,1639311272,27418674,6240.2788698350405,,,
site,north,,11343,"[11.585572, 48.160369]",3302.0490926255716,distance_excluded,22.0,0,False,6732.5,3044.0,3.1,0.0,access_exceeds_3km_even_optimistic,Подъезд >3 км даже в диагностической сети без проверок доступа и поворотов; исключено только по модели OSM,,1639311272,246994535,5595.5934080493535,,,
site,north,,11344,"[11.585429, 48.160398]",3302.0490926255716,distance_excluded,22.0,0,False,6759.6,3016.9,3.2,0.0,access_exceeds_3km_even_optimistic,Подъезд >3 км даже в диагностической сети без проверок доступа и поворотов; исключено только по модели OSM,,1639311272,246994535,5445.126674128392,,,
site,north,,11345,"[11.582732, 48.154158]",3302.0490926255716,distance_excluded,22.0,0,False,7654.8,3729.2,3.4,0.0,access_exceeds_3km_even_optimistic,Подъезд >3 км даже в диагностической сети без проверок доступа и поворотов; исключено только по модели OSM,,1639311272,246994535,6379.58180564377,,,
site,north,,11346,"[11.582488, 48.154188]",3302.0490926255716,distance_excluded,22.0,0,False,7455.9,3704.2,1.4,0.0,access_exceeds_3km_even_optimistic,Подъезд >3 км даже в диагностической сети без проверок доступа и поворотов; исключено только по модели OSM,,1639311272,246994535,6180.699178458946,,,
site,north,,11347,"[11.58655, 48.16317]",3302.0490926255716,distance_excluded,22.0,0,False,6759.0,2095.9,5.2,559.9674497480636,access_exceeds_3km_even_optimistic,Подъезд >3 км даже в диагностической сети без проверок доступа и поворотов; исключено только по модели OSM,,1639311272,27418674,5410.502581616672,,,
site,north,,11348,"[11.585672, 48.159108]",3302.0490926255716,distance_excluded,22.0,0,False,6989.6,3287.6,3.3,0.0,access_exceeds_3km_even_optimistic,Подъезд >3 км даже в диагностической сети без проверок доступа и поворотов; исключено только по модели OSM,,1639311272,246994535,5620.736875666259,,,
site,north,,11349,"[11.590501, 48.163194]",3302.0490926255716,distance_excluded,22.0,0,False,6150.5,2078.5,1.7,559.9674497480636,access_exceeds_3km_even_optimistic,Подъезд >3 км даже в диагностической сети без проверок доступа и поворотов; исключено только по модели OSM,,1639311272,27418674,5150.572177636462,,,
site,north,,11350,"[11.590437, 48.163101]",3302.0490926255716,distance_excluded,22.0,0,False,6139.1,2089.9,1.0,559.9674497480636,access_exceeds_3km_even_optimistic,Подъезд >3 км даже в диагностической сети без проверок доступа и поворотов; исключено только по модели OSM,,1639311272,27418674,5139.205032660045,,,
site,north,,11351,"[11.590417, 48.166347]",3302.0490926255716,distance_excluded,320.0,2,False,5649.9,1626.8,6.4,559.9674497480636,access_exceeds_3km_even_optimistic,Подъезд >3 км даже в диагностической сети без проверок доступа и поворотов; исключено только по модели OSM,,1639311272,27418674,4649.982656536319,,,
site,north,,11352,"[11.583683, 48.163527]",3302.0490926255716,distance_excluded,22.0,0,False,6320.3,2458.1,3.2,0.0,access_exceeds_3km_even_optimistic,Подъезд >3 км даже в диагностической сети без проверок доступа и поворотов; исключено только по модели OSM,,1639311272,246994535,5320.369887599988,,,
site,north,,11353,"[11.583635, 48.163556]",3302.0490926255716,distance_excluded,22.0,0,False,6315.9,2462.4,5.3,0.0,access_exceeds_3km_even_optimistic,Подъезд >3 км даже в диагностической сети без проверок доступа и поворотов; исключено только по модели OSM,,1639311272,246994535,5316.058869953761,,,
site,north,,11354,"[11.576446, 48.162518]",3302.0490926255716,distance_excluded,22.0,0,False,6928.3,2785.1,10.7,0.0,access_exceeds_3km_even_optimistic,Подъезд >3 км даже в диагностической сети без проверок доступа и поворотов; исключено только по модели OSM,,1639311272,246994535,5928.4130890090855,,,
site,north,,11355,"[11.576114, 48.162565]",3302.0490926255716,distance_excluded,22.0,0,False,6952.1,2761.2,2.4,0.0,access_exceeds_3km_even_optimistic,Подъезд >3 км даже в диагностической сети без проверок доступа и поворотов; исключено только по модели OSM,,1639311272,246994535,5952.242547766601,,,
site,north,,11356,"[11.565331, 48.168568]",3302.0490926255716,distance_excluded,22.0,0,False,7184.2,3093.2,5.6,0.0,access_exceeds_3km_even_optimistic,Подъезд >3 км даже в диагностической сети без проверок доступа и поворотов; исключено только по модели OSM,,1639311272,246994535,6576.416465392266,,,
site,north,,11357,"[11.577825, 48.169438]",3302.0490926255716,distance_excluded,22.0,0,False,6107.5,1870.0,2.6,0.0,access_exceeds_3km_even_optimistic,Подъезд >3 км даже в диагностической сети без проверок доступа и поворотов; исключено только по модели OSM,,1639311272,246994535,5747.362673871444,,,
site,north,,11358,"[11.582433, 48.173531]",3302.0490926255716,distance_excluded,22.0,0,False,5950.4,1212.3,5.1,0.0,access_exceeds_3km_even_optimistic,Подъезд >3 км даже в диагностической сети без проверок доступа и поворотов; исключено только по модели OSM,,1639311272,246994535,5662.092269595258,,,
site,north,,11359,"[11.582567, 48.173541]",3302.0490926255716,distance_excluded,22.0,0,False,5960.4,1202.3,4.8,0.0,access_exceeds_3km_even_optimistic,Подъезд >3 км даже в диагностической сети без проверок доступа и поворотов; исключено только по модели OSM,,1639311272,246994535,5672.114364422086,,,
site,north,,11360,"[11.585785, 48.168498]",3302.0490926255716,distance_excluded,22.0,0,False,5877.0,1681.6,0.7,0.0,access_exceeds_3km_even_optimistic,Подъезд >3 км даже в диагностической сети без проверок доступа и поворотов; исключено только по модели OSM,,1639311272,246994535,5295.285725821323,,,
site,north,,11361,"[11.585614, 48.168526]",3302.0490926255716,distance_excluded,22.0,0,False,5863.9,1694.7,0.8,0.0,access_exceeds_3km_even_optimistic,Подъезд >3 км даже в диагностической сети без проверок доступа и поворотов; исключено только по модели OSM,,1639311272,246994535,5282.1904105397025,,,
site,north,,11362,"[11.586953, 48.169912]",3302.0490926255716,distance_excluded,22.0,0,False,5901.4,1432.1,33.8,0.0,access_exceeds_3km_even_optimistic,Подъезд >3 км даже в диагностической сети без проверок доступа и поворотов; исключено только по модели OSM,,1639311272,246994535,4901.4940968195315,,,
site,north,,11363,"[11.587049, 48.169891]",3302.0490926255716,distance_excluded,22.0,0,False,5901.4,1432.1,28.5,0.0,access_exceeds_3km_even_optimistic,Подъезд >3 км даже в диагностической сети без проверок доступа и поворотов; исключено только по модели OSM,,1639311272,246994535,4901.4940968195315,,,
site,north,,11364,"[11.574714, 48.172947]",3302.0490926255716,distance_excluded,22.0,0,False,6378.5,2053.6,2.1,0.0,access_exceeds_3km_even_optimistic,Подъезд >3 км даже в диагностической сети без проверок доступа и поворотов; исключено только по модели OSM,,1639311272,246994535,6250.198890091912,,,
site,north,,11365,"[11.574687, 48.173058]",3302.0490926255716,distance_excluded,22.0,0,False,6366.0,2033.7,3.8,0.0,access_exceeds_3km_even_optimistic,Подъезд >3 км даже в диагностической сети без проверок доступа и поворотов; исключено только по модели OSM,,1639311272,246994535,6237.87144229852,,,
site,north,,11366,"[11.577755, 48.169899]",3302.0490926255716,distance_excluded,22.0,0,False,6055.8,1829.9,4.0,0.0,access_exceeds_3km_even_optimistic,Подъезд >3 км даже в диагностической сети без проверок доступа и поворотов; исключено только по модели OSM,,1639311272,246994535,5750.747998937452,,,
site,north,,11367,"[11.584858, 48.171198]",3302.0490926255716,distance_excluded,22.0,0,False,5481.3,1311.0,12.0,0.0,access_exceeds_3km_even_optimistic,Подъезд >3 км даже в диагностической сети без проверок доступа и поворотов; исключено только по модели OSM,,1639311272,246994535,5235.925279210377,,,
site,north,,11368,"[11.586043, 48.173711]",3302.0490926255716,distance_excluded,22.0,0,False,5210.9,877.2,17.2,0.0,access_exceeds_3km_even_optimistic,Подъезд >3 км даже в диагностической сети без проверок доступа и поворотов; исключено только по модели OSM,,1639311272,246994535,5201.166463439087,,,
site,north,,11369,"[11.5863115, 48.172177]",3302.0490926255716,distance_excluded,44.0,0,False,5547.0,1048.7,25.6,0.0,access_exceeds_3km_even_optimistic,Подъезд >3 км даже в диагностической сети без проверок доступа и поворотов; исключено только по модели OSM,,1639311272,246994535,5258.103458212101,,,
site,north,,11370,"[11.586169, 48.173739]",3302.0490926255716,distance_excluded,22.0,0,False,5213.4,874.7,26.8,0.0,access_exceeds_3km_even_optimistic,Подъезд >3 км даже в диагностической сети без проверок доступа и поворотов; исключено только по модели OSM,,1639311272,246994535,5203.682833615533,,,
site,north,,11371,"[11.586668, 48.174405]",59.44010852350025,distance_excluded,22.0,0,False,,,,,access_exceeds_3km_even_optimistic,Подъезд >3 км даже в диагностической сети без проверок доступа и поворотов; исключено только по модели OSM,,,,5308.344542703519,,,
site,north,,11372,"[11.586098, 48.174861]",3302.0490926255716,distance_excluded,44.0,0,False,5338.2,749.9,29.9,0.0,access_exceeds_3km_even_optimistic,Подъезд >3 км даже в диагностической сети без проверок доступа и поворотов; исключено только по модели OSM,,1639311272,246994535,5328.414697959267,,,
site,north,,11375,"[11.590839, 48.17467]",3302.0490926255716,distance_excluded,132.0,0,False,4255.3,1233.0,44.8,559.9674497480636,access_exceeds_3km_even_optimistic,Подъезд >3 км даже в диагностической сети без проверок доступа и поворотов; исключено только по модели OSM,,1639311272,27418674,4255.299797243038,,,
site,north,,11376,"[11.591518, 48.174412]",3302.0490926255716,distance_excluded,110.0,0,False,5117.7,1256.0,16.5,559.9674497480636,access_exceeds_3km_even_optimistic,Подъезд >3 км даже в диагностической сети без проверок доступа и поворотов; исключено только по модели OSM,,1639311272,27418674,4545.670384425421,,,
site,north,,11377,"[11.602507, 48.180116]",3302.0490926255716,unconfirmed,22.0,0,False,3922.1,1672.2,5.4,559.9674497480636,access_or_snap_review,"Короткая связь появляется только в диагностике; проверить доступ, повороты, барьеры и привязку координаты",,1639311272,27418674,2922.2035912522106,,,
site,north,,11378,"[11.602598, 48.180023]",3302.0490926255716,unconfirmed,22.0,0,False,3910.6,1683.7,9.9,559.9674497480636,access_or_snap_review,"Короткая связь появляется только в диагностике; проверить доступ, повороты, барьеры и привязку координаты",,1639311272,27418674,2910.683598378085,,,
site,north,,11379,"[11.596797, 48.179465]",3302.0490926255716,distance_excluded,22.0,0,False,4530.6,1538.8,2.6,559.9674497480636,access_exceeds_3km_even_optimistic,Подъезд >3 км даже в диагностической сети без проверок доступа и поворотов; исключено только по модели OSM,,1639311272,27418674,3530.685508730796,,,
site,north,,11380,"[11.596889, 48.179577]",3302.0490926255716,distance_excluded,22.0,0,False,4516.4,1553.0,1.2,559.9674497480636,access_exceeds_3km_even_optimistic,Подъезд >3 км даже в диагностической сети без проверок доступа и поворотов; исключено только по модели OSM,,1639311272,27418674,3516.4740499027616,,,
site,north,,11381,"[11.602763, 48.161505]",3302.0490926255716,distance_excluded,1000.0,4,True,6913.6,2755.1,6.1,559.9674497480636,access_exceeds_3km_even_optimistic,Подъезд >3 км даже в диагностической сети без проверок доступа и поворотов; исключено только по модели OSM,,1639311272,27418674,5913.733766327851,,,
site,north,,11382,"[11.596745, 48.172336]",3302.0490926255716,distance_excluded,22.0,0,False,5305.8,783.0,4.6,559.9674497480636,access_exceeds_3km_even_optimistic,Подъезд >3 км даже в диагностической сети без проверок доступа и поворотов; исключено только по модели OSM,,1639311272,27418674,4287.050726495225,,,
site,north,,11383,"[11.596847, 48.172275]",3302.0490926255716,distance_excluded,22.0,0,False,5269.9,818.8,5.3,559.9674497480636,access_exceeds_3km_even_optimistic,Подъезд >3 км даже в диагностической сети без проверок доступа и поворотов; исключено только по модели OSM,,1639311272,27418674,4251.228365497532,,,
site,north,,11384,"[11.591885, 48.166039]",3302.0490926255716,distance_excluded,22.0,0,False,5671.3,1708.6,2.7,559.9674497480636,access_exceeds_3km_even_optimistic,Подъезд >3 км даже в диагностической сети без проверок доступа и поворотов; исключено только по модели OSM,,1639311272,27418674,4671.369489608807,,,
site,north,,11385,"[11.601692, 48.168233]",3302.0490926255716,distance_excluded,22.0,0,False,5297.5,2300.7,3.5,559.9674497480636,access_exceeds_3km_even_optimistic,Подъезд >3 км даже в диагностической сети без проверок доступа и поворотов; исключено только по модели OSM,,1639311272,27418674,4297.57645903986,,,
site,north,,11386,"[11.589772, 48.173955]",3302.0490926255716,distance_excluded,22.0,0,False,5272.6,1379.8,4.0,559.9674497480636,access_exceeds_3km_even_optimistic,Подъезд >3 км даже в диагностической сети без проверок доступа и поворотов; исключено только по модели OSM,,1639311272,27418674,4700.55502810915,,,
site,north,,11387,"[11.594059, 48.169764]",3302.0490926255716,distance_excluded,22.0,0,False,5271.6,1163.2,6.3,559.9674497480636,access_exceeds_3km_even_optimistic,Подъезд >3 км даже в диагностической сети без проверок доступа и поворотов; исключено только по модели OSM,,1639311272,27418674,4271.699958087828,,,
site,north,,11388,"[11.594125, 48.169755]",3302.0490926255716,distance_excluded,22.0,0,False,5276.5,1158.2,5.6,559.9674497480636,access_exceeds_3km_even_optimistic,Подъезд >3 км даже в диагностической сети без проверок доступа и поворотов; исключено только по модели OSM,,1639311272,27418674,4276.6510260927835,,,
site,north,,11389,"[11.598636, 48.174989000000004]",3302.0490926255716,distance_excluded,66.0,0,False,4435.1,800.2,17.0,559.9674497480636,access_exceeds_3km_even_optimistic,Подъезд >3 км даже в диагностической сети без проверок доступа и поворотов; исключено только по модели OSM,,1639311272,27418674,3435.733195048792,,,
site,north,,11390,"[11.608182, 48.183153]",3302.0490926255716,unconfirmed,22.0,0,False,3296.3,1585.1,4.4,2580.271425702424,access_or_snap_review,"Короткая связь появляется только в диагностике; проверить доступ, повороты, барьеры и привязку координаты",,1639311272,1639311258,2296.4199868078313,,,
site,north,,11391,"[11.608273, 48.183117]",3302.0490926255716,unconfirmed,22.0,0,False,3328.6,1552.8,4.0,2580.271425702424,access_or_snap_review,"Короткая связь появляется только в диагностике; проверить доступ, повороты, барьеры и привязку координаты",,1639311272,1639311258,2328.7431716884116,,,
site,north,,11393,"[11.591979, 48.178118]",3302.0490926255716,distance_excluded,88.0,0,False,4491.9,1037.4,20.4,0.0,access_exceeds_3km_even_optimistic,Подъезд >3 км даже в диагностической сети без проверок доступа и поворотов; исключено только по модели OSM,,1639311272,246994535,4123.803108902061,,,
site,north,,11395,"[11.594742, 48.183295]",3302.0490926255716,distance_excluded,44.0,0,False,4822.7,1906.7,19.7,0.0,access_exceeds_3km_even_optimistic,Подъезд >3 км даже в диагностической сети без проверок доступа и поворотов; исключено только по модели OSM,,1639311272,246994535,3750.7828945952547,,,
site,north,,11406,"[11.582335, 48.18207]",3302.0490926255716,distance_excluded,22.0,0,False,5081.1,1252.5,3.7,0.0,access_exceeds_3km_even_optimistic,Подъезд >3 км даже в диагностической сети без проверок доступа и поворотов; исключено только по модели OSM,,1639311272,246994535,4781.577381412095,,,
site,north,,11407,"[11.582204, 48.182125]",3302.0490926255716,distance_excluded,22.0,0,False,5130.4,1203.2,3.1,0.0,access_exceeds_3km_even_optimistic,Подъезд >3 км даже в диагностической сети без проверок доступа и поворотов; исключено только по модели OSM,,1639311272,246994535,4830.864698114632,,,
site,north,,11408,"[11.582083, 48.182172]",3302.0490926255716,distance_excluded,22.0,0,False,5120.0,1213.6,2.9,0.0,access_exceeds_3km_even_optimistic,Подъезд >3 км даже в диагностической сети без проверок доступа и поворотов; исключено только по модели OSM,,1639311272,246994535,4820.460582370272,,,
site,north,,11414,"[11.58842, 48.179586]",3302.0490926255716,distance_excluded,22.0,0,False,4736.3,1086.4,3.8,0.0,access_exceeds_3km_even_optimistic,Подъезд >3 км даже в диагностической сети без проверок доступа и поворотов; исключено только по модели OSM,,1639311272,246994535,4388.588190713229,,,
site,north,,11415,"[11.588557, 48.179553]",3302.0490926255716,distance_excluded,22.0,0,False,4725.5,1097.2,4.4,0.0,access_exceeds_3km_even_optimistic,Подъезд >3 км даже в диагностической сети без проверок доступа и поворотов; исключено только по модели OSM,,1639311272,246994535,4377.7769908717155,,,
site,north,,11416,"[11.573271, 48.180166]",3302.0490926255716,distance_excluded,22.0,0,False,5798.6,1656.8,3.8,0.0,access_exceeds_3km_even_optimistic,Подъезд >3 км даже в диагностической сети без проверок доступа и поворотов; исключено только по модели OSM,,1639311272,246994535,5598.327361894068,,,
site,north,,11418,"[11.593607, 48.180785]",3302.0490926255716,distance_excluded,22.0,0,False,4884.6,1283.9,5.0,0.0,access_exceeds_3km_even_optimistic,Подъезд >3 км даже в диагностической сети без проверок доступа и поворотов; исключено только по модели OSM,,1639311272,246994535,3877.2680157652153,,,
site,north,,11419,"[11.593435, 48.180828]",3302.0490926255716,distance_excluded,22.0,0,False,4817.4,1351.1,1.8,0.0,access_exceeds_3km_even_optimistic,Подъезд >3 км даже в диагностической сети без проверок доступа и поворотов; исключено только по модели OSM,,1639311272,246994535,3810.106739123396,,,
site,north,,11422,"[11.593057, 48.177246]",3302.0490926255716,distance_excluded,44.0,0,False,4573.0,1140.7,17.6,0.0,access_exceeds_3km_even_optimistic,Подъезд >3 км даже в диагностической сети без проверок доступа и поворотов; исключено только по модели OSM,,1639311272,246994535,4076.708997975172,,,
site,north,,11423,"[11.591492, 48.17698]",3302.0490926255716,distance_excluded,150.0,2,False,4400.1,892.8,10.0,0.0,access_exceeds_3km_even_optimistic,Подъезд >3 км даже в диагностической сети без проверок доступа и поворотов; исключено только по модели OSM,,1639311272,246994535,4338.585730567825,,,
site,north,,11428,"[11.556978, 48.17771100000001]",3302.0490926255716,distance_excluded,66.0,0,False,7003.3,2763.3,13.8,0.0,access_exceeds_3km_even_optimistic,Подъезд >3 км даже в диагностической сети без проверок доступа и поворотов; исключено только по модели OSM,,1639311272,246994535,6993.512500377796,,,
site,north,,11429,"[11.565648, 48.175044]",3302.0490926255716,distance_excluded,22.0,0,False,6307.7,3177.6,9.8,0.0,access_exceeds_3km_even_optimistic,Подъезд >3 км даже в диагностической сети без проверок доступа и поворотов; исключено только по модели OSM,,1639311272,246994535,6297.955444255622,,,
site,north,,11430,"[11.562477, 48.172311]",3302.0490926255716,distance_excluded,22.0,0,False,6751.4,3006.5,4.0,0.0,access_exceeds_3km_even_optimistic,Подъезд >3 км даже в диагностической сети без проверок доступа и поворотов; исключено только по модели OSM,,1639311272,246994535,6741.633811500695,,,
site,north,,11431,"[11.566468, 48.18245]",3302.0490926255716,distance_excluded,22.0,0,False,6090.2,2427.5,3.4,0.0,access_exceeds_3km_even_optimistic,Подъезд >3 км даже в диагностической сети без проверок доступа и поворотов; исключено только по модели OSM,,1639311272,246994535,5754.1650664344825,,,
site,north,,11432,"[11.566349, 48.18244]",3302.0490926255716,distance_excluded,22.0,0,False,6099.1,2418.6,4.1,0.0,access_exceeds_3km_even_optimistic,Подъезд >3 км даже в диагностической сети без проверок доступа и поворотов; исключено только по модели OSM,,1639311272,246994535,5763.058884686521,,,
site,north,,11434,"[11.56171, 48.182155]",0.0,distance_excluded,3.7,0,False,,,,,access_exceeds_3km_even_optimistic,Подъезд >3 км даже в диагностической сети без проверок доступа и поворотов; исключено только по модели OSM,,,,6121.526446500273,,,
site,north,,11441,"[11.557823, 48.175293]",3302.0490926255716,distance_excluded,176.0,0,False,7068.7,2761.8,31.7,0.0,access_exceeds_3km_even_optimistic,Подъезд >3 км даже в диагностической сети без проверок доступа и поворотов; исключено только по модели OSM,,1639311272,246994535,6882.331414700334,,,
site,north,,11458,"[11.571128709677419, 48.17781887096774]",0.0,distance_excluded,114.70000000000006,0,False,,,,,access_exceeds_3km_even_optimistic,Подъезд >3 км даже в диагностической сети без проверок доступа и поворотов; исключено только по модели OSM,,,,5714.314471094738,,,
site,north,,11477,"[11.585194, 48.171139]",3302.0490926255716,distance_excluded,50.0,0,False,5473.9,1224.2,3.2,0.0,access_exceeds_3km_even_optimistic,Подъезд >3 км даже в диагностической сети без проверок доступа и поворотов; исключено только по модели OSM,,1639311272,246994535,5228.531615535881,,,
site,north,,11848,"[11.613062, 48.14911]",3302.0490926255716,distance_excluded,22.0,0,False,7683.0,4452.2,3.0,559.9674497480636,access_exceeds_3km_even_optimistic,Подъезд >3 км даже в диагностической сети без проверок доступа и поворотов; исключено только по модели OSM,,1639311272,27418674,7564.115685248139,,,
site,north,,11850,"[11.60581, 48.151003]",3302.0490926255716,distance_excluded,22.0,0,False,7512.8,4676.5,2.1,559.9674497480636,access_exceeds_3km_even_optimistic,Подъезд >3 км даже в диагностической сети без проверок доступа и поворотов; исключено только по модели OSM,,1639311272,27418674,7512.797552187893,,,
site,north,,11851,"[11.60589, 48.151045]",3302.0490926255716,distance_excluded,22.0,0,False,7520.4,4668.9,2.2,559.9674497480636,access_exceeds_3km_even_optimistic,Подъезд >3 км даже в диагностической сети без проверок доступа и поворотов; исключено только по модели OSM,,1639311272,27418674,7520.363570455826,,,
site,north,,11852,"[11.608376999999999, 48.155911]",3302.0490926255716,distance_excluded,66.0,0,False,7334.6,3144.5,29.0,559.9674497480636,access_exceeds_3km_even_optimistic,Подъезд >3 км даже в диагностической сети без проверок доступа и поворотов; исключено только по модели OSM,,1639311272,27418674,7334.590873462369,,,
site,north,,11853,"[11.601579, 48.150346]",3302.0490926255716,distance_excluded,22.0,0,False,7694.0,4288.3,2.8,559.9674497480636,access_exceeds_3km_even_optimistic,Подъезд >3 км даже в диагностической сети без проверок доступа и поворотов; исключено только по модели OSM,,1639311272,27418674,7198.934841172126,,,
site,north,,11854,"[11.603838, 48.145709]",3302.0490926255716,distance_excluded,22.0,0,False,7703.3,5081.0,2.6,559.9674497480636,access_exceeds_3km_even_optimistic,Подъезд >3 км даже в диагностической сети без проверок доступа и поворотов; исключено только по модели OSM,,1639311272,27418674,7548.910244911366,,,
site,north,,11855,"[11.603929, 48.145644]",3302.0490926255716,distance_excluded,22.0,0,False,7713.1,5071.2,4.0,559.9674497480636,access_exceeds_3km_even_optimistic,Подъезд >3 км даже в диагностической сети без проверок доступа и поворотов; исключено только по модели OSM,,1639311272,27418674,7558.7185588880775,,,
site,north,,11899,"[11.568249, 48.14746]",3302.0490926255716,distance_excluded,22.0,0,False,8945.8,4819.3,8.0,0.0,access_exceeds_3km_even_optimistic,Подъезд >3 км даже в диагностической сети без проверок доступа и поворотов; исключено только по модели OSM,,1639311272,246994535,7798.422386006069,,,
site,north,,11933,"[11.619893, 48.15046]",3302.0490926255716,distance_excluded,66.0,0,False,7267.0,4613.1,25.9,559.9674497480636,access_exceeds_3km_even_optimistic,Подъезд >3 км даже в диагностической сети без проверок доступа и поворотов; исключено только по модели OSM,,1639311272,27418674,7267.007475398647,,,
site,north,,11934,"[11.617596666666666, 48.15302333333333]",3302.0490926255716,distance_excluded,600.0,0,False,6895.6,4199.5,11.9,559.9674497480636,access_exceeds_3km_even_optimistic,Подъезд >3 км даже в диагностической сети без проверок доступа и поворотов; исключено только по модели OSM,,1639311272,27418674,6895.620536012506,,,
site,north,,11935,"[11.617575, 48.15202]",3302.0490926255716,distance_excluded,200.0,0,False,6936.6,4327.8,17.2,559.9674497480636,access_exceeds_3km_even_optimistic,Подъезд >3 км даже в диагностической сети без проверок доступа и поворотов; исключено только по модели OSM,,1639311272,27418674,6936.591943902782,,,
site,north,,11936,"[11.61798, 48.152146]",3302.0490926255716,distance_excluded,22.0,0,False,7161.1,4226.6,1.8,559.9674497480636,access_exceeds_3km_even_optimistic,Подъезд >3 км даже в диагностической сети без проверок доступа и поворотов; исключено только по модели OSM,,1639311272,27418674,7161.136559449855,,,
site,north,,11937,"[11.61816, 48.164303]",3302.0490926255716,distance_excluded,22.0,0,False,5733.3,4843.6,3.0,2580.271425702424,access_exceeds_3km_even_optimistic,Подъезд >3 км даже в диагностической сети без проверок доступа и поворотов; исключено только по модели OSM,,1639311272,1639311258,5733.288449511517,,,
site,north,,11938,"[11.634731, 48.169838]",3302.0490926255716,distance_excluded,200.0,2,False,4687.0,3979.2,13.0,2580.271425702424,access_exceeds_3km_even_optimistic,Подъезд >3 км даже в диагностической сети без проверок доступа и поворотов; исключено только по модели OSM,,1639311272,1639311258,4687.046358747518,,,
site,north,,11940,"[11.62444, 48.16301]",3302.0490926255716,distance_excluded,320.0,2,False,5524.5,4629.4,11.5,2580.271425702424,access_exceeds_3km_even_optimistic,Подъезд >3 км даже в диагностической сети без проверок доступа и поворотов; исключено только по модели OSM,,1639311272,1639311258,5524.512216997526,,,
site,north,,11941,"[11.620134, 48.153536]",3302.0490926255716,distance_excluded,50.0,0,False,6947.4,4432.3,4.0,559.9674497480636,access_exceeds_3km_even_optimistic,Подъезд >3 км даже в диагностической сети без проверок доступа и поворотов; исключено только по модели OSM,,1639311272,27418674,6947.419348789648,,,
site,north,,11942,"[11.635696, 48.172382]",3302.0490926255716,distance_excluded,22.0,0,False,4461.4,3649.2,3.0,2580.271425702424,access_exceeds_3km_even_optimistic,Подъезд >3 км даже в диагностической сети без проверок доступа и поворотов; исключено только по модели OSM,,1639311272,1639311258,4461.359471776123,,,
site,north,,11943,"[11.635782, 48.172321]",3302.0490926255716,distance_excluded,22.0,0,False,4452.6,3658.0,0.2,2580.271425702424,access_exceeds_3km_even_optimistic,Подъезд >3 км даже в диагностической сети без проверок доступа и поворотов; исключено только по модели OSM,,1639311272,1639311258,4452.603622608255,,,
site,north,,11944,"[11.61968, 48.15177]",3302.0490926255716,distance_excluded,44.0,0,False,7105.4,4607.2,27.2,559.9674497480636,access_exceeds_3km_even_optimistic,Подъезд >3 км даже в диагностической сети без проверок доступа и поворотов; исключено только по модели OSM,,1639311272,27418674,7105.4382911601215,,,
site,north,,11945,"[11.61968, 48.15177]",3302.0490926255716,distance_excluded,220.0,0,False,7105.4,4607.2,27.2,559.9674497480636,access_exceeds_3km_even_optimistic,Подъезд >3 км даже в диагностической сети без проверок доступа и поворотов; исключено только по модели OSM,,1639311272,27418674,7105.4382911601215,,,
site,north,,11946,"[11.619330333333332, 48.15212499999999]",3302.0490926255716,distance_excluded,71.0,0,False,7065.8,4347.3,1.9,559.9674497480636,access_exceeds_3km_even_optimistic,Подъезд >3 км даже в диагностической сети без проверок доступа и поворотов; исключено только по модели OSM,,1639311272,27418674,7065.787537452946,,,
site,north,,11947,"[11.618508, 48.160296]",3302.0490926255716,distance_excluded,22.0,0,False,5761.6,4868.3,2.3,559.9674497480636,access_exceeds_3km_even_optimistic,Подъезд >3 км даже в диагностической сети без проверок доступа и поворотов; исключено только по модели OSM,,1639311272,27418674,5761.605285988046,,,
site,north,,11954,"[11.629154, 48.16495]",3302.0490926255716,distance_excluded,22.0,0,False,6078.6,5497.7,14.7,2580.271425702424,access_exceeds_3km_even_optimistic,Подъезд >3 км даже в диагностической сети без проверок доступа и поворотов; исключено только по модели OSM,,1639311272,1639311258,5381.292309082636,,,
site,north,,18224,"[11.632171, 48.179176]",3302.0490926255716,distance_excluded,44.0,0,False,3376.8,2469.3,2.7,2580.271425702424,access_exceeds_3km_even_optimistic,Подъезд >3 км даже в диагностической сети без проверок доступа и поворотов; исключено только по модели OSM,,1639311272,1639311258,3376.818622856728,,,
site,north,,18225,"[11.633012, 48.178781]",3302.0490926255716,distance_excluded,150.0,2,False,3505.0,2567.3,10.1,2580.271425702424,access_exceeds_3km_even_optimistic,Подъезд >3 км даже в диагностической сети без проверок доступа и поворотов; исключено только по модели OSM,,1639311272,1639311258,3504.9822239050127,,,
site,north,,18232,"[11.633449, 48.182082]",3302.0490926255716,distance_excluded,110.0,0,False,3081.2,2179.2,31.1,2580.271425702424,access_exceeds_3km_even_optimistic,Подъезд >3 км даже в диагностической сети без проверок доступа и поворотов; исключено только по модели OSM,,1639311272,1639311258,3081.2300238334537,,,
site,north,,18234,"[11.632048, 48.179847]",3302.0490926255716,distance_excluded,11.0,0,False,3440.6,2525.1,26.3,2580.271425702424,access_exceeds_3km_even_optimistic,Подъезд >3 км даже в диагностической сети без проверок доступа и поворотов; исключено только по модели OSM,,1639311272,1639311258,3440.6137307690838,,,
site,north,,18235,"[11.632259, 48.180303]",3302.0490926255716,distance_excluded,11.0,0,False,3547.5,2676.9,36.4,2580.271425702424,access_exceeds_3km_even_optimistic,Подъезд >3 км даже в диагностической сети без проверок доступа и поворотов; исключено только по модели OSM,,1639311272,1639311258,3547.500798623204,,,
site,north,,18236,"[11.62973, 48.18059]",2346.5823874781295,distance_excluded,110.0,0,False,,,,,access_exceeds_3km_even_optimistic,Подъезд >3 км даже в диагностической сети без проверок доступа и поворотов; исключено только по модели OSM,,,,3391.6662450824515,,,
site,north,,11261,"[11.590282, 48.187411]",3302.0490926255716,distance_excluded,44.0,0,False,4532.3,2041.6,10.2,0.0,access_exceeds_3km_even_optimistic,Подъезд >3 км даже в диагностической сети без проверок доступа и поворотов; исключено только по модели OSM,,1639311272,246994535,4163.156625917953,,,
site,north,,11290,"[11.574607, 48.188294000000006]",0.0,distance_excluded,66.0,0,False,,,,,access_exceeds_3km_even_optimistic,Подъезд >3 км даже в диагностической сети без проверок доступа и поворотов; исключено только по модели OSM,,,,4714.797662341232,,,
site,north,,11374,"[11.615254, 48.185265]",3302.0490926255716,unconfirmed,44.0,0,False,3599.2,1311.5,17.9,2580.271425702424,access_or_snap_review,"Короткая связь появляется только в диагностике; проверить доступ, повороты, барьеры и привязку координаты",,1639311272,1639311258,2271.1831217300823,,,
site,north,,11392,"[11.591811, 48.18888]",3302.0490926255716,distance_excluded,44.0,0,False,3832.9,2367.7,5.2,0.0,access_exceeds_3km_even_optimistic,Подъезд >3 км даже в диагностической сети без проверок доступа и поворотов; исключено только по модели OSM,,1639311272,246994535,3533.3472077744977,,,
site,north,,11394,"[11.57039, 48.189364499999996]",3302.0490926255716,distance_excluded,100.0,0,False,5384.9,2819.5,6.8,0.0,access_exceeds_3km_even_optimistic,Подъезд >3 км даже в диагностической сети без проверок доступа и поворотов; исключено только по модели OSM,,1639311272,246994535,5085.354873800609,,,
site,north,,11396,"[11.590282, 48.187411]",3302.0490926255716,distance_excluded,44.0,0,False,4532.3,2041.6,10.2,0.0,access_exceeds_3km_even_optimistic,Подъезд >3 км даже в диагностической сети без проверок доступа и поворотов; исключено только по модели OSM,,1639311272,246994535,4163.156625917953,,,
site,north,,11397,"[11.604409, 48.185852]",1664.813581924827,unconfirmed,300.0,2,False,,,,,access_or_snap_review,"Короткая связь появляется только в диагностике; проверить доступ, повороты, барьеры и привязку координаты",,,,2663.01352866529,,,
site,north,,11398,"[11.60599, 48.18622]",3302.0490926255716,road_route_found_entrance_unverified,160.0,1,False,2605.3,1885.8,15.8,2580.271425702424,,,München-Freimann,1639311272,1639311258,,,,
site,north,,11399,"[11.607952333333332, 48.18665766666667]",3302.0490926255716,road_route_found_entrance_unverified,222.0,0,False,2442.2,2135.6,23.1,2580.271425702424,,,München-Freimann,1639311272,1639311258,,,,
site,north,,11400,"[11.574231, 48.18802]",0.0,distance_excluded,110.0,0,False,,,,,access_exceeds_3km_even_optimistic,Подъезд >3 км даже в диагностической сети без проверок доступа и поворотов; исключено только по модели OSM,,,,4744.190640264228,,,
site,north,,11401,"[11.57445, 48.18836]",0.0,distance_excluded,50.0,0,False,,,,,access_exceeds_3km_even_optimistic,Подъезд >3 км даже в диагностической сети без проверок доступа и поворотов; исключено только по модели OSM,,,,4720.380297842809,,,
site,north,,11402,"[11.58094, 48.18799]",3302.0490926255716,distance_excluded,150.0,2,False,4461.9,2522.1,10.6,0.0,access_exceeds_3km_even_optimistic,Подъезд >3 км даже в диагностической сети без проверок доступа и поворотов; исключено только по модели OSM,,1639311272,246994535,4162.346159305323,,,
site,north,,11404,"[11.596777, 48.183968]",3302.0490926255716,distance_excluded,22.0,0,False,5028.9,2102.6,1.7,0.0,access_exceeds_3km_even_optimistic,Подъезд >3 км даже в диагностической сети без проверок доступа и поворотов; исключено только по модели OSM,,1639311272,246994535,3337.415505863892,,,
site,north,,11405,"[11.596643, 48.183922]",3302.0490926255716,distance_excluded,22.0,0,False,5019.7,2095.1,4.7,0.0,access_exceeds_3km_even_optimistic,Подъезд >3 км даже в диагностической сети без проверок доступа и поворотов; исключено только по модели OSM,,1639311272,246994535,3425.777700200488,,,
site,north,,11409,"[11.587653, 48.184132]",3302.0490926255716,distance_excluded,176.0,0,False,4851.7,1462.6,7.0,0.0,access_exceeds_3km_even_optimistic,Подъезд >3 км даже в диагностической сети без проверок доступа и поворотов; исключено только по модели OSM,,1639311272,246994535,4532.599792939677,,,
site,north,,11410,"[11.584973, 48.186574]",3302.0490926255716,distance_excluded,11.0,0,False,4892.5,1630.0,1.3,0.0,access_exceeds_3km_even_optimistic,Подъезд >3 км даже в диагностической сети без проверок доступа и поворотов; исключено только по модели OSM,,1639311272,246994535,4593.000487298396,,,
site,north,,11411,"[11.585651, 48.187079]",3302.0490926255716,distance_excluded,44.0,0,False,5017.5,1902.1,20.6,0.0,access_exceeds_3km_even_optimistic,Подъезд >3 км даже в диагностической сети без проверок доступа и поворотов; исключено только по модели OSM,,1639311272,246994535,4717.92106078032,,,
site,north,,11412,"[11.6058, 48.18579]",3302.0490926255716,road_route_found_entrance_unverified,160.0,1,False,2658.0,2006.6,9.9,2580.271425702424,,,München-Freimann,1639311272,1639311258,,,,
site,north,,11413,"[11.605688, 48.185782]",3302.0490926255716,road_route_found_entrance_unverified,50.0,0,False,2660.3,2004.3,1.9,2580.271425702424,,,München-Freimann,1639311272,1639311258,,,,
site,north,,11417,"[11.572863, 48.185717]",3302.0490926255716,distance_excluded,22.0,0,False,5302.0,2298.5,5.6,0.0,access_exceeds_3km_even_optimistic,Подъезд >3 км даже в диагностической сети без проверок доступа и поворотов; исключено только по модели OSM,,1639311272,246994535,4977.853656970643,,,
site,north,,11420,"[11.593051, 48.18694]",3302.0490926255716,distance_excluded,22.0,0,False,3623.8,2452.7,8.2,0.0,access_exceeds_3km_even_optimistic,Подъезд >3 км даже в диагностической сети без проверок доступа и поворотов; исключено только по модели OSM,,1639311272,246994535,3324.230559284253,,,
site,north,,11421,"[11.593489, 48.18693]",3302.0490926255716,distance_excluded,22.0,0,False,3591.4,2485.1,4.5,0.0,access_exceeds_3km_even_optimistic,Подъезд >3 км даже в диагностической сети без проверок доступа и поворотов; исключено только по модели OSM,,1639311272,246994535,3291.8535761536414,,,
site,north,,11424,"[11.574231, 48.18802]",0.0,distance_excluded,22.0,0,False,,,,,access_exceeds_3km_even_optimistic,Подъезд >3 км даже в диагностической сети без проверок доступа и поворотов; исключено только по модели OSM,,,,4744.190640264228,,,
site,north,,11425,"[11.57802, 48.186944]",3302.0490926255716,distance_excluded,22.0,0,False,4787.9,2125.5,3.8,0.0,access_exceeds_3km_even_optimistic,Подъезд >3 км даже в диагностической сети без проверок доступа и поворотов; исключено только по модели OSM,,1639311272,246994535,4488.363537871125,,,
site,north,,11426,"[11.578109, 48.186901]",3302.0490926255716,distance_excluded,22.0,0,False,4781.0,2132.4,8.2,0.0,access_exceeds_3km_even_optimistic,Подъезд >3 км даже в диагностической сети без проверок доступа и поворотов; исключено только по модели OSM,,1639311272,246994535,4481.475205723749,,,
site,north,,11427,"[11.587891, 48.184786]",3302.0490926255716,distance_excluded,11.0,0,False,4853.4,1661.2,3.5,0.0,access_exceeds_3km_even_optimistic,Подъезд >3 км даже в диагностической сети без проверок доступа и поворотов; исключено только по модели OSM,,1639311272,246994535,4484.283476325601,,,
site,north,,11449,"[11.564993, 48.191901]",3302.0490926255716,distance_excluded,3.7,0,False,5681.2,3420.4,24.8,0.0,access_exceeds_3km_even_optimistic,Подъезд >3 км даже в диагностической сети без проверок доступа и поворотов; исключено только по модели OSM,,1639311272,246994535,5529.738445344537,,,
site,north,,11450,"[11.5629, 48.1926]",3302.0490926255716,distance_excluded,75.0,0,False,5767.1,3703.1,3.7,0.0,access_exceeds_3km_even_optimistic,Подъезд >3 км даже в диагностической сети без проверок доступа и поворотов; исключено только по модели OSM,,1639311272,246994535,5615.613679261477,,,
site,north,,11454,"[11.569728, 48.19328]",3302.0490926255716,distance_excluded,50.0,0,False,5022.1,3457.7,3.0,0.0,access_exceeds_3km_even_optimistic,Подъезд >3 км даже в диагностической сети без проверок доступа и поворотов; исключено только по модели OSM,,1639311272,246994535,4988.6605866119735,,,
site,north,,11455,"[11.571009647798743, 48.19321131236897]",956.4094272112699,distance_excluded,2078.1000000000136,0,False,,,,,access_exceeds_3km_even_optimistic,Подъезд >3 км даже в диагностической сети без проверок доступа и поворотов; исключено только по модели OSM,,,,4885.579586096619,,,
site,north,,11456,"[11.565801, 48.1977325]",1019.5987209287753,distance_excluded,14.7,0,False,,,,,access_exceeds_3km_even_optimistic,Подъезд >3 км даже в диагностической сети без проверок доступа и поворотов; исключено только по модели OSM,,,,5484.893162510957,,,
site,north,,11457,"[11.571253, 48.19289033333333]",0.0,distance_excluded,11.100000000000001,0,False,,,,,access_exceeds_3km_even_optimistic,Подъезд >3 км даже в диагностической сети без проверок доступа и поворотов; исключено только по модели OSM,,,,4827.106178021546,,,
site,north,,11459,"[11.60816, 48.1941655]",3302.0490926255716,road_route_found_entrance_unverified,7.4,0,False,1689.2,2009.8,7.3,3555.4248131327568,,,München-Freimann,1639311272,377434,,,,
site,north,,11460,"[11.57086080952381, 48.194159523809525]",1003.6695692183894,distance_excluded,77.70000000000003,0,False,,,,,access_exceeds_3km_even_optimistic,Подъезд >3 км даже в диагностической сети без проверок доступа и поворотов; исключено только по модели OSM,,,,5735.8193054842295,,,
site,north,,11461,"[11.572063, 48.194182]",1008.52969952087,distance_excluded,40.7,0,False,,,,,access_exceeds_3km_even_optimistic,Подъезд >3 км даже в диагностической сети без проверок доступа и поворотов; исключено только по модели OSM,,,,4726.209248640169,,,
site,north,,11462,"[11.572063, 48.195961]",3302.0490926255716,distance_excluded,11.0,0,False,4523.1,3446.2,0.4,0.0,access_exceeds_3km_even_optimistic,Подъезд >3 км даже в диагностической сети без проверок доступа и поворотов; исключено только по модели OSM,,1639311272,246994535,4523.041602712719,,,
site,north,,11463,"[11.572912, 48.205212]",3302.0490926255716,distance_excluded,22.0,0,False,4711.3,4303.9,1.2,0.0,access_exceeds_3km_even_optimistic,Подъезд >3 км даже в диагностической сети без проверок доступа и поворотов; исключено только по модели OSM,,1639311272,246994535,4711.324906172425,,,
site,north,,11464,"[11.573053, 48.205294]",3302.0490926255716,distance_excluded,22.0,0,False,4692.4,4322.8,3.7,0.0,access_exceeds_3km_even_optimistic,Подъезд >3 км даже в диагностической сети без проверок доступа и поворотов; исключено только по модели OSM,,1639311272,246994535,4692.427295759308,,,
site,north,,11467,"[11.606032, 48.197997]",3302.0490926255716,road_route_found_entrance_unverified,72.0,0,False,1798.6,1773.7,6.7,3555.4248131327568,,,München-Freimann,1639311272,377434,,,,
site,north,,11468,"[11.605312, 48.196866]",3124.204926397512,unconfirmed,3000.0,12,True,,,,,access_or_snap_review,"Короткая связь появляется только в диагностике; проверить доступ, повороты, барьеры и привязку координаты",,,,1900.4831779551937,,,
site,north,,11469,"[11.620376, 48.191704]",3302.0490926255716,road_route_found_entrance_unverified,22.0,0,False,1114.7,1235.8,6.1,3555.4248131327568,,,München-Freimann,1639311272,377434,,,,
site,north,,11470,"[11.620515, 48.191679]",3302.0490926255716,road_route_found_entrance_unverified,22.0,0,False,1125.4,1225.1,5.6,3555.4248131327568,,,München-Freimann,1639311272,377434,,,,
site,north,,11471,"[11.630752, 48.18911]",2915.476605880205,unconfirmed,242.0,0,False,,,,,access_or_snap_review,"Короткая связь появляется только в диагностике; проверить доступ, повороты, барьеры и привязку координаты",,,,1977.9512345943933,,,
site,north,,11472,"[11.626377, 48.197549]",3302.0490926255716,road_route_found_entrance_unverified,132.0,0,False,1050.3,1140.8,14.1,3555.4248131327568,,,München-Freimann,1639311272,377434,,,,
site,north,,11473,"[11.588056, 48.201615]",3302.0490926255716,road_route_found_entrance_unverified,44.0,0,False,2853.6,2859.9,9.4,3555.4248131327568,,,München-Freimann,1639311272,377434,,,,
site,north,,11474,"[11.582433, 48.193099]",3302.0490926255716,distance_excluded,44.0,0,False,4095.6,2471.2,20.4,0.0,access_exceeds_3km_even_optimistic,Подъезд >3 км даже в диагностической сети без проверок доступа и поворотов; исключено только по модели OSM,,1639311272,246994535,3927.5403624143332,,,
site,north,,11475,"[11.582594, 48.192788]",3302.0490926255716,distance_excluded,22.0,0,False,4108.9,2389.4,3.5,0.0,access_exceeds_3km_even_optimistic,Подъезд >3 км даже в диагностической сети без проверок доступа и поворотов; исключено только по модели OSM,,1639311272,246994535,3940.8726084379196,,,
site,north,,11476,"[11.586099, 48.201738]",3302.0490926255716,distance_excluded,1200.0,8,True,3091.4,3151.6,1.7,3555.4248131327568,access_exceeds_3km_even_optimistic,Подъезд >3 км даже в диагностической сети без проверок доступа и поворотов; исключено только по модели OSM,,1639311272,377434,3091.3662362094447,,,
site,north,,11478,"[11.608252, 48.19316]",2803.99332392937,unconfirmed,75.0,0,False,,,,,access_or_snap_review,"Короткая связь появляется только в диагностике; проверить доступ, повороты, барьеры и привязку координаты",,,,1855.3321906038675,,,
site,north,,11479,"[11.61039, 48.196262]",3180.917714138064,unconfirmed,44.0,0,False,,,,,access_or_snap_review,"Короткая связь появляется только в диагностике; проверить доступ, повороты, барьеры и привязку координаты",,,,1467.5940761103743,,,
site,north,,11480,"[11.595513, 48.194516]",3302.0490926255716,unconfirmed,44.0,0,False,2997.7,3022.6,23.4,3555.4248131327568,return_or_snap_unconfirmed,Подъезд ≤3 км найден; возврат ≤3 км на своё направление не подтверждён,,1639311272,377434,2997.655353677078,,,
site,north,,11481,"[11.584622, 48.192455]",3302.0490926255716,distance_excluded,150.0,2,False,3643.9,3288.1,6.5,0.0,access_exceeds_3km_even_optimistic,Подъезд >3 км даже в диагностической сети без проверок доступа и поворотов; исключено только по модели OSM,,1639311272,246994535,3643.881560155389,,,
site,north,,11482,"[11.606481, 48.19863]",3302.0490926255716,road_route_found_entrance_unverified,900.0,8,True,1801.5,1700.9,6.9,3555.4248131327568,,,München-Freimann,1639311272,377434,,,,
site,north,,11483,"[11.588362499999999, 48.1912245]",3302.0490926255716,distance_excluded,600.0,8,True,3465.9,2980.7,25.6,0.0,access_exceeds_3km_even_optimistic,Подъезд >3 км даже в диагностической сети без проверок доступа и поворотов; исключено только по модели OSM,,1639311272,246994535,3460.5098000310695,,,
site,north,,11484,"[11.586389, 48.191306]",3302.0490926255716,distance_excluded,418.0,0,False,3663.3,3049.3,7.1,0.0,access_exceeds_3km_even_optimistic,Подъезд >3 км даже в диагностической сети без проверок доступа и поворотов; исключено только по модели OSM,,1639311272,246994535,3621.1894965887273,,,
site,north,,11485,"[11.618283666666665, 48.204253666666666]",4128.056115487233,road_route_found_entrance_unverified,420.0,2,True,1140.8,1284.6,7.8,4394.178650985448,,,München-Fröttmaning-Süd,1059847463,2382800,,,,
site,north,,11486,"[11.6196, 48.211003]",4128.056115487233,road_route_found_entrance_unverified,800.0,4,True,1414.9,1226.6,2.1,4394.178650985448,,,München-Fröttmaning-Süd,1059847463,2382800,,,,
site,north,,11487,"[11.619455, 48.210592]",4128.056115487233,road_route_found_entrance_unverified,176.0,0,False,1367.0,1169.7,3.2,4394.178650985448,,,München-Fröttmaning-Süd,1059847463,2382800,,,,
site,north,,11541,"[11.602783, 48.201249]",3302.0490926255716,road_route_found_entrance_unverified,50.0,0,False,1695.0,1761.5,5.5,3555.4248131327568,,,München-Freimann,1639311272,377434,,,,
site,north,,11685,"[11.564562, 48.192665]",3302.0490926255716,distance_excluded,50.0,0,False,5643.4,3537.1,5.2,0.0,access_exceeds_3km_even_optimistic,Подъезд >3 км даже в диагностической сети без проверок доступа и поворотов; исключено только по модели OSM,,1639311272,246994535,5491.919118414551,,,
site,north,,15746,"[11.646211, 48.310435]",15121.787132908397,road_route_found_entrance_unverified,88.0,0,False,2312.5,2178.4,5.8,15422.833484190724,,,Eching,2039887,20856717,,,,
site,north,,15766,"[11.662306, 48.316948]",15121.787132908397,distance_excluded,22.0,0,False,3557.4,3525.4,6.6,15422.833484190724,access_exceeds_3km_even_optimistic,Подъезд >3 км даже в диагностической сети без проверок доступа и поворотов; исключено только по модели OSM,,2039887,20856717,3557.354866324348,,,
site,north,,15767,"[11.66407, 48.31225]",15121.787132908397,distance_excluded,44.0,0,False,3149.2,3104.8,5.5,15422.833484190724,access_exceeds_3km_even_optimistic,Подъезд >3 км даже в диагностической сети без проверок доступа и поворотов; исключено только по модели OSM,,2039887,20856717,3149.245098941838,,,
site,north,,15769,"[11.652539, 48.313213]",15121.787132908397,road_route_found_entrance_unverified,88.0,0,False,2719.0,2622.2,0.0,15422.833484190724,,,Eching,2039887,20856717,,,,
site,north,,15770,"[11.667394, 48.310985]",15121.787132908397,distance_excluded,44.0,0,False,3656.2,3487.9,3.8,15422.833484190724,access_exceeds_3km_even_optimistic,Подъезд >3 км даже в диагностической сети без проверок доступа и поворотов; исключено только по модели OSM,,2039887,20856717,3656.18667964711,,,
site,north,,15773,"[11.660022, 48.31593]",15121.787132908397,distance_excluded,100.0,0,False,3646.6,3533.0,8.3,15422.833484190724,access_exceeds_3km_even_optimistic,Подъезд >3 км даже в диагностической сети без проверок доступа и поворотов; исключено только по модели OSM,,2039887,20856717,3603.3121779568305,,,
site,north,,15774,"[11.651714, 48.314513]",16319.8357444813,unconfirmed,450.0,4,True,,,,,access_or_snap_review,"Короткая связь появляется только в диагностике; проверить доступ, повороты, барьеры и привязку координаты",,,,2962.781516979614,,,
site,north,,15776,"[11.608175, 48.337413]",30093.8569197651,unconfirmed,300.0,4,False,11150.9,4378.9,6.6,18088.51928806994,access_or_snap_review,"Короткая связь появляется только в диагностике; проверить доступ, повороты, барьеры и привязку координаты",,139299,256631470,2162.8981941763727,,,
site,north,,15778,"[11.608175, 48.337413]",30093.8569197651,unconfirmed,300.0,4,False,11150.9,4378.9,6.6,18088.51928806994,access_or_snap_review,"Короткая связь появляется только в диагностике; проверить доступ, повороты, барьеры и привязку координаты",,139299,256631470,2162.8981941763727,,,
site,north,,15779,"[11.609935, 48.349842]",15121.787132908397,distance_excluded,44.0,0,False,7999.7,7920.1,10.5,15422.833484190724,access_exceeds_3km_even_optimistic,Подъезд >3 км даже в диагностической сети без проверок доступа и поворотов; исключено только по модели OSM,,2039887,20856717,3352.557834575809,,,
site,north,,15780,"[11.618774, 48.330926]",15121.787132908397,unconfirmed,44.0,0,False,6128.6,6081.4,3.5,15422.833484190724,access_or_snap_review,"Короткая связь появляется только в диагностике; проверить доступ, повороты, барьеры и привязку координаты",,2039887,20856717,1139.1841964893251,,,
site,north,,15781,"[11.611102, 48.335955]",19431.54434840792,road_route_found_entrance_unverified,93.0,0,False,244.1,732.7,35.5,20319.87149976541,,,Ответвление без названия,138627,17164664,,,,
site,north,,15782,"[11.637233, 48.349733]",15121.787132908397,distance_excluded,11.0,0,False,7541.4,7541.1,34.7,15422.833484190724,access_exceeds_3km_even_optimistic,Подъезд >3 км даже в диагностической сети без проверок доступа и поворотов; исключено только по модели OSM,,2039887,20856717,4317.21153445213,,,
site,north,,15783,"[11.625633, 48.291778]",15121.787132908397,road_route_found_entrance_unverified,22.0,0,False,1912.2,1854.9,7.3,15422.833484190724,,,Eching,2039887,20856717,,,,
site,north,,15784,"[11.616243, 48.297392]",15121.787132908397,road_route_found_entrance_unverified,33.0,0,False,1843.9,1750.7,0.5,15422.833484190724,,,Eching,2039887,20856717,,,,
site,north,,15785,"[11.620924, 48.29768]",15121.787132908397,road_route_found_entrance_unverified,44.0,0,False,1432.8,1404.3,5.5,15422.833484190724,,,Eching,2039887,20856717,,,,
site,north,,15786,"[11.620764, 48.297512]",15121.787132908397,road_route_found_entrance_unverified,11.0,0,False,1419.6,1340.1,12.2,15422.833484190724,,,Eching,2039887,20856717,,,,
site,north,,15787,"[11.600206, 48.323187]",15121.787132908397,unconfirmed,44.0,0,False,4356.1,4302.0,7.8,15422.833484190724,access_or_snap_review,"Короткая связь появляется только в диагностике; проверить доступ, повороты, барьеры и привязку координаты",,2039887,20856717,2254.9079222762152,,,
site,north,,15788,"[11.618166, 48.303782]",15121.787132908397,road_route_found_entrance_unverified,44.0,0,False,2554.9,2577.0,13.3,15422.833484190724,,,Eching,2039887,20856717,,,,
site,north,,15789,"[11.622383, 48.297519]",15121.787132908397,road_route_found_entrance_unverified,44.0,0,False,1186.0,1220.0,46.8,15422.833484190724,,,Eching,2039887,20856717,,,,
site,north,,15790,"[11.622383, 48.297519]",15121.787132908397,road_route_found_entrance_unverified,44.0,0,False,1186.0,1220.0,46.8,15422.833484190724,,,Eching,2039887,20856717,,,,
site,north,,15791,"[11.623487, 48.297625]",15121.787132908397,road_route_found_entrance_unverified,44.0,0,False,1124.6,1054.1,9.4,15422.833484190724,,,Eching,2039887,20856717,,,,
site,north,,15792,"[11.64325, 48.30964]",15121.787132908397,road_route_found_entrance_unverified,150.0,2,False,1913.3,1852.6,15.4,15422.833484190724,,,Eching,2039887,20856717,,,,
site,north,,15793,"[11.646624, 48.311144]",15121.787132908397,road_route_found_entrance_unverified,60.0,0,False,2213.9,2153.2,6.7,15422.833484190724,,,Eching,2039887,20856717,,,,
site,north,,15794,"[11.6334, 48.3082]",15121.787132908397,road_route_found_entrance_unverified,600.0,6,True,1685.0,1375.5,36.1,15422.833484190724,,,Eching,2039887,20856717,,,,
site,north,,15795,"[11.634505, 48.306234]",15121.787132908397,road_route_found_entrance_unverified,300.0,2,False,1169.0,1185.3,4.0,15422.833484190724,,,Eching,2039887,20856717,,,,
site,north,,15796,"[11.646729, 48.310848]",15121.787132908397,road_route_found_entrance_unverified,2100.0,6,True,2239.9,2151.0,4.8,15422.833484190724,,,Eching,2039887,20856717,,,,
site,north,,15797,"[11.634505, 48.306234]",15121.787132908397,road_route_found_entrance_unverified,300.0,2,False,1169.0,1185.3,4.0,15422.833484190724,,,Eching,2039887,20856717,,,,
site,north,,15798,"[11.634577, 48.306514]",15121.787132908397,road_route_found_entrance_unverified,3000.0,12,True,1201.8,1188.4,5.2,15422.833484190724,,,Eching,2039887,20856717,,,,
site,north,,15799,"[11.639985000000001, 48.306624]",15121.787132908397,road_route_found_entrance_unverified,1200.0,6,True,1436.4,1348.5,12.6,15422.833484190724,,,Eching,2039887,20856717,,,,
site,north,,15800,"[11.639985, 48.306624]",15121.787132908397,road_route_found_entrance_unverified,600.0,4,True,1387.8,1397.1,12.6,15422.833484190724,,,Eching,2039887,20856717,,,,
site,north,,15802,"[11.616192, 48.308141]",16686.96061428202,unconfirmed,3.7,0,False,,,,,access_or_snap_review,"Короткая связь появляется только в диагностике; проверить доступ, повороты, барьеры и привязку координаты",,,,2523.7841038951155,,,
site,north,,15803,"[11.616192, 48.308141]",16686.96061428202,unconfirmed,11.0,0,False,,,,,access_or_snap_review,"Короткая связь появляется только в диагностике; проверить доступ, повороты, барьеры и привязку координаты",,,,2523.7841038951155,,,
site,north,,15804,"[11.622783, 48.29134]",15121.787132908397,road_route_found_entrance_unverified,44.0,0,False,1942.7,1846.4,3.9,15422.833484190724,,,Eching,2039887,20856717,,,,
site,north,,15805,"[11.633904, 48.303782]",15121.787132908397,road_route_found_entrance_unverified,84.0,0,False,1763.8,1025.0,17.1,15422.833484190724,,,Eching,2039887,20856717,,,,
site,north,,15806,"[11.634492, 48.291768]",15121.787132908397,road_route_found_entrance_unverified,44.0,0,False,1890.4,1834.4,3.8,15422.833484190724,,,Eching,2039887,20856717,,,,
site,north,,15807,"[11.59587, 48.288884]",15216.805410706593,distance_excluded,44.0,0,False,,,,,access_exceeds_3km_even_optimistic,Подъезд >3 км даже в диагностической сети без проверок доступа и поворотов; исключено только по модели OSM,,,,3498.247194710782,,,
site,north,,15808,"[11.674053, 48.280986]",10984.183900320217,distance_excluded,44.0,0,False,3979.6,3433.2,4.3,11251.551705943095,access_exceeds_3km_even_optimistic,Подъезд >3 км даже в диагностической сети без проверок доступа и поворотов; исключено только по модели OSM,,427260,82741492,3473.5522978554886,,,
site,north,,15809,"[11.628223, 48.301618]",15121.787132908397,road_route_found_entrance_unverified,44.0,0,False,1361.2,1287.5,6.0,15422.833484190724,,,Eching,2039887,20856717,,,,
site,north,,15810,"[11.619422, 48.303575]",16096.695574378675,unconfirmed,44.0,0,False,,,,,access_or_snap_review,"Короткая связь появляется только в диагностике; проверить доступ, повороты, барьеры и привязку координаты",,,,1714.5844442790312,,,
site,north,,15811,"[11.62071, 48.299711]",15121.787132908397,road_route_found_entrance_unverified,44.0,0,False,1709.4,1633.1,4.9,15422.833484190724,,,Eching,2039887,20856717,,,,
site,north,,15812,"[11.621919, 48.298138]",15121.787132908397,road_route_found_entrance_unverified,50.0,0,False,1576.6,1492.6,8.3,15422.833484190724,,,Eching,2039887,20856717,,,,
site,north,,15813,"[11.6210855, 48.301919999999996]",15121.787132908397,road_route_found_entrance_unverified,200.0,0,False,1554.9,1350.6,7.0,15422.833484190724,,,Eching,2039887,20856717,,,,
site,north,,15814,"[11.627925, 48.297403]",15228.829553923415,unconfirmed,44.0,0,False,,,,,access_or_snap_review,"Короткая связь появляется только в диагностике; проверить доступ, повороты, барьеры и привязку координаты",,,,1104.4546437626893,,,
site,north,,15815,"[11.605581, 48.434208]",30093.8569197651,road_route_found_entrance_unverified,44.0,0,False,2174.6,2267.7,8.5,30323.149893964797,,,Allershausen,139299,139300,,,,
site,north,,15816,"[11.583925, 48.428567]",30093.8569197651,road_route_found_entrance_unverified,2000.0,8,True,1059.6,943.0,6.4,30323.149893964797,,,Allershausen,139299,139300,,,,
site,north,,15817,"[11.58115, 48.42775]",30093.8569197651,road_route_found_entrance_unverified,1200.0,8,True,1263.1,1214.8,25.8,30323.149893964797,,,Allershausen,139299,139300,,,,
site,north,,15818,"[11.59848, 48.43096]",30093.8569197651,road_route_found_entrance_unverified,44.0,0,False,1038.9,1006.1,11.1,30323.149893964797,,,Allershausen,139299,139300,,,,
site,north,,15819,"[11.594905, 48.432852]",30783.39461206127,unconfirmed,44.0,0,False,,,,,access_or_snap_review,"Короткая связь появляется только в диагностике; проверить доступ, повороты, барьеры и привязку координаты",,,,1413.852672705327,,,
site,north,,15820,"[11.580861, 48.429667]",30093.8569197651,road_route_found_entrance_unverified,150.0,2,False,1205.5,1164.1,8.7,30323.149893964797,,,Allershausen,139299,139300,,,,
site,north,,15821,"[11.585611, 48.428085]",30093.8569197651,road_route_found_entrance_unverified,300.0,2,False,894.9,779.8,6.5,30323.149893964797,,,Allershausen,139299,139300,,,,
site,north,,15822,"[11.585668, 48.427259]",30093.8569197651,road_route_found_entrance_unverified,33.0,0,False,941.5,818.9,0.2,30323.149893964797,,,Allershausen,139299,139300,,,,
site,north,,15823,"[11.585405, 48.428207]",30093.8569197651,road_route_found_entrance_unverified,600.0,4,True,918.4,815.1,8.1,30323.149893964797,,,Allershausen,139299,139300,,,,
site,north,,15839,"[11.573482, 48.38894]",30093.8569197651,distance_excluded,11.0,0,False,9349.3,9247.6,4.9,30323.149893964797,access_exceeds_3km_even_optimistic,Подъезд >3 км даже в диагностической сети без проверок доступа и поворотов; исключено только по модели OSM,,139299,139300,6528.288627927592,,,
site,north,,15840,"[11.609967, 48.405501]",30093.8569197651,distance_excluded,22.0,0,False,5569.9,5472.2,7.1,30323.149893964797,access_exceeds_3km_even_optimistic,Подъезд >3 км даже в диагностической сети без проверок доступа и поворотов; исключено только по модели OSM,,139299,139300,5452.784628526602,,,
site,north,,15841,"[11.611599, 48.405478]",30093.8569197651,distance_excluded,44.0,0,False,5624.6,5502.0,8.9,30323.149893964797,access_exceeds_3km_even_optimistic,Подъезд >3 км даже в диагностической сети без проверок доступа и поворотов; исключено только по модели OSM,,139299,139300,5507.481086263055,,,
site,north,,15858,"[11.573892, 48.344099]",15121.787132908397,distance_excluded,11.0,0,False,8058.7,8003.0,9.9,15422.833484190724,access_exceeds_3km_even_optimistic,Подъезд >3 км даже в диагностической сети без проверок доступа и поворотов; исключено только по модели OSM,,2039887,20856717,5624.039597285875,,,
site,north,,18145,"[11.677239, 48.227729]",8464.065511595967,distance_excluded,88.0,0,False,4421.3,4465.6,5.4,8734.26432995997,access_exceeds_3km_even_optimistic,Подъезд >3 км даже в диагностической сети без проверок доступа и поворотов; исключено только по модели OSM,,17196280,21495237,4421.334013403106,,,
site,north,,18146,"[11.678896, 48.226132]",8464.065511595967,distance_excluded,44.0,0,False,4606.6,4624.0,8.3,8734.26432995997,access_exceeds_3km_even_optimistic,Подъезд >3 км даже в диагностической сети без проверок доступа и поворотов; исключено только по модели OSM,,17196280,21495237,4606.626655440846,,,
site,north,,18147,"[11.677253, 48.224919]",8464.065511595967,distance_excluded,44.0,0,False,4605.7,4615.5,0.9,8734.26432995997,access_exceeds_3km_even_optimistic,Подъезд >3 км даже в диагностической сети без проверок доступа и поворотов; исключено только по модели OSM,,17196280,21495237,4605.716913251208,,,
site,north,,18149,"[11.677098, 48.228093]",8464.065511595967,distance_excluded,44.0,0,False,4435.7,4469.1,20.9,8734.26432995997,access_exceeds_3km_even_optimistic,Подъезд >3 км даже в диагностической сети без проверок доступа и поворотов; исключено только по модели OSM,,17196280,21495237,4435.744717858848,,,
site,north,,18151,"[11.683649, 48.234368]",8464.065511595967,distance_excluded,44.0,0,False,3805.2,4039.2,3.2,8734.26432995997,access_exceeds_3km_even_optimistic,Подъезд >3 км даже в диагностической сети без проверок доступа и поворотов; исключено только по модели OSM,,17196280,21495237,3802.0518851271486,,,
site,north,,18152,"[11.683549, 48.234505]",8464.065511595967,distance_excluded,50.0,0,False,3774.3,4070.0,5.6,8734.26432995997,access_exceeds_3km_even_optimistic,Подъезд >3 км даже в диагностической сети без проверок доступа и поворотов; исключено только по модели OSM,,17196280,21495237,3771.193069295027,,,
site,north,,18153,"[11.674512, 48.226393]",8464.065511595967,distance_excluded,44.0,0,False,4510.4,4530.7,8.6,8734.26432995997,access_exceeds_3km_even_optimistic,Подъезд >3 км даже в диагностической сети без проверок доступа и поворотов; исключено только по модели OSM,,17196280,21495237,4510.383578950396,,,
site,north,,18154,"[11.668186, 48.224971]",8464.065511595967,distance_excluded,44.0,0,False,5185.8,5237.0,6.5,8734.26432995997,access_exceeds_3km_even_optimistic,Подъезд >3 км даже в диагностической сети без проверок доступа и поворотов; исключено только по модели OSM,,17196280,21495237,5185.787311801962,,,
site,north,,18155,"[11.6769, 48.22135]",8464.065511595967,distance_excluded,44.0,0,False,5072.7,5084.6,15.3,8734.26432995997,access_exceeds_3km_even_optimistic,Подъезд >3 км даже в диагностической сети без проверок доступа и поворотов; исключено только по модели OSM,,17196280,21495237,5072.705448203452,,,
site,north,,18156,"[11.65712, 48.2078]",3302.0490926255716,distance_excluded,88.0,0,False,6717.4,5808.6,46.9,2580.271425702424,access_exceeds_3km_even_optimistic,Подъезд >3 км даже в диагностической сети без проверок доступа и поворотов; исключено только по модели OSM,,1639311272,1639311258,6283.719979941753,,,
site,north,,18157,"[11.66913, 48.22337]",8464.065511595967,distance_excluded,150.0,2,False,5029.0,5040.8,9.8,8734.26432995997,access_exceeds_3km_even_optimistic,Подъезд >3 км даже в диагностической сети без проверок доступа и поворотов; исключено только по модели OSM,,17196280,21495237,5028.983574836129,,,
site,north,,18158,"[11.680411, 48.234004]",8871.368715288925,distance_excluded,55.0,0,False,,,,,access_exceeds_3km_even_optimistic,Подъезд >3 км даже в диагностической сети без проверок доступа и поворотов; исключено только по модели OSM,,,,3724.7682908755087,,,
site,north,,18159,"[11.682501, 48.230217]",8464.065511595967,distance_excluded,60.0,0,False,4537.8,4503.4,3.7,8734.26432995997,access_exceeds_3km_even_optimistic,Подъезд >3 км даже в диагностической сети без проверок доступа и поворотов; исключено только по модели OSM,,17196280,21495237,4537.754216600492,,,
site,north,,18163,"[11.673102, 48.229043]",8464.065511595967,distance_excluded,22.0,0,False,4279.1,4351.2,1.2,8734.26432995997,access_exceeds_3km_even_optimistic,Подъезд >3 км даже в диагностической сети без проверок доступа и поворотов; исключено только по модели OSM,,17196280,21495237,4279.129870642695,,,
site,north,,18164,"[11.672684, 48.228789]",8082.878962058557,distance_excluded,44.0,0,False,,,,,access_exceeds_3km_even_optimistic,Подъезд >3 км даже в диагностической сети без проверок доступа и поворотов; исключено только по модели OSM,,,,4339.956687257143,,,
site,north,,18167,"[11.681491, 48.229245]",8305.424439433948,distance_excluded,11.0,0,False,,,,,access_exceeds_3km_even_optimistic,Подъезд >3 км даже в диагностической сети без проверок доступа и поворотов; исключено только по модели OSM,,,,4454.770254942176,,,
site,north,,18168,"[11.681491, 48.229245]",8305.424439433948,distance_excluded,11.0,0,False,,,,,access_exceeds_3km_even_optimistic,Подъезд >3 км даже в диагностической сети без проверок доступа и поворотов; исключено только по модели OSM,,,,4454.770254942176,,,
site,north,,18169,"[11.665, 48.22259]",8464.065511595967,distance_excluded,44.0,0,False,5392.8,5437.1,18.6,8734.26432995997,access_exceeds_3km_even_optimistic,Подъезд >3 км даже в диагностической сети без проверок доступа и поворотов; исключено только по модели OSM,,17196280,21495237,5392.788039110454,,,
site,north,,18173,"[11.658105, 48.243994]",8464.065511595967,road_route_found_entrance_unverified,22.0,0,False,2178.6,1991.7,6.8,8734.26432995997,,,Garching-Süd,17196280,21495237,,,,
site,north,,18174,"[11.658105, 48.243994]",8464.065511595967,road_route_found_entrance_unverified,22.0,0,False,2178.6,1991.7,6.8,8734.26432995997,,,Garching-Süd,17196280,21495237,,,,
site,north,,18175,"[11.646365, 48.24308]",8464.065511595967,road_route_found_entrance_unverified,22.0,0,False,1397.9,1365.6,2.8,8734.26432995997,,,Garching-Süd,17196280,21495237,,,,
site,north,,18176,"[11.646365, 48.24308]",8464.065511595967,road_route_found_entrance_unverified,22.0,0,False,1397.9,1365.6,2.8,8734.26432995997,,,Garching-Süd,17196280,21495237,,,,
site,north,,18177,"[11.659534, 48.252757]",10984.183900320217,road_route_found_entrance_unverified,22.0,0,False,2598.0,2556.4,3.5,8734.26432995997,,,Garching-Nord,427260,21495237,,,,
site,north,,18178,"[11.659534, 48.252757]",10984.183900320217,road_route_found_entrance_unverified,22.0,0,False,2598.0,2556.4,3.5,8734.26432995997,,,Garching-Nord,427260,21495237,,,,
site,north,,18179,"[11.637759, 48.251577]",8464.065511595967,road_route_found_entrance_unverified,220.0,0,False,1748.5,1763.2,8.5,8734.26432995997,,,Garching-Süd,17196280,21495237,,,,
site,north,,18181,"[11.637834999999999, 48.25128927272727]",8464.065511595967,road_route_found_entrance_unverified,203.49999999999983,0,False,1777.8,1745.4,9.0,8734.26432995997,,,Garching-Süd,17196280,21495237,,,,
site,north,,18183,"[11.634365, 48.249323]",8464.065511595967,road_route_found_entrance_unverified,3600.0,12,True,1582.9,1588.1,5.7,8734.26432995997,,,Garching-Süd,17196280,21495237,,,,
site,north,,18184,"[11.642138, 48.250648]",8464.065511595967,road_route_found_entrance_unverified,22.0,0,False,1961.5,1951.7,4.9,8734.26432995997,,,Garching-Süd,17196280,21495237,,,,
site,north,,18185,"[11.642138, 48.250648]",8464.065511595967,road_route_found_entrance_unverified,22.0,0,False,1961.5,1951.7,4.9,8734.26432995997,,,Garching-Süd,17196280,21495237,,,,
site,north,,18186,"[11.649787, 48.251481]",8464.065511595967,road_route_found_entrance_unverified,22.0,0,False,2358.3,2326.8,7.0,8734.26432995997,,,Garching-Süd,17196280,21495237,,,,
site,north,,18187,"[11.649787, 48.251481]",8464.065511595967,road_route_found_entrance_unverified,22.0,0,False,2358.3,2326.8,7.0,8734.26432995997,,,Garching-Süd,17196280,21495237,,,,
site,north,,18188,"[11.61262, 48.248385]",8464.065511595967,distance_excluded,22.0,0,False,3135.2,3077.7,7.4,8734.26432995997,access_exceeds_3km_even_optimistic,Подъезд >3 км даже в диагностической сети без проверок доступа и поворотов; исключено только по модели OSM,,17196280,21495237,3135.2485853859066,,,
site,north,,18189,"[11.64635, 48.243003]",8464.065511595967,road_route_found_entrance_unverified,150.0,2,False,1395.8,1367.7,11.1,8734.26432995997,,,Garching-Süd,17196280,21495237,,,,
site,north,,18190,"[11.646365, 48.24308]",8464.065511595967,road_route_found_entrance_unverified,150.0,1,False,1397.9,1365.6,2.8,8734.26432995997,,,Garching-Süd,17196280,21495237,,,,
site,north,,18191,"[11.664881666666666, 48.26836599999999]",11407.325632432206,unconfirmed,55.0,0,False,,,,,access_or_snap_review,"Короткая связь появляется только в диагностике; проверить доступ, повороты, барьеры и привязку координаты",,,,1922.6297460634182,,,
site,north,,18192,"[11.632938, 48.250169]",8464.065511595967,road_route_found_entrance_unverified,220.0,0,False,1786.4,1623.6,1.8,8734.26432995997,,,Garching-Süd,17196280,21495237,,,,
site,north,,18193,"[11.628438, 48.250126]",8464.065511595967,road_route_found_entrance_unverified,110.0,0,False,1773.4,2492.5,29.8,8734.26432995997,,,Garching-Süd,17196280,21495237,,,,
site,north,,18194,"[11.652303, 48.248902]",8464.065511595967,road_route_found_entrance_unverified,22.0,0,False,1717.7,1674.9,1.6,8734.26432995997,,,Garching-Süd,17196280,21495237,,,,
site,north,,18195,"[11.652303, 48.248902]",8464.065511595967,road_route_found_entrance_unverified,22.0,0,False,1717.7,1674.9,1.6,8734.26432995997,,,Garching-Süd,17196280,21495237,,,,
site,north,,18196,"[11.663351, 48.26734100000001]",11321.793704486117,unconfirmed,160.0,0,False,,,,,access_or_snap_review,"Короткая связь появляется только в диагностике; проверить доступ, повороты, барьеры и привязку координаты",,,,1853.783141207228,,,
site,north,,18197,"[11.6066866, 48.2503624]",8464.065511595967,distance_excluded,1500.0,10,True,3450.2,3367.4,3.8,8734.26432995997,access_exceeds_3km_even_optimistic,Подъезд >3 км даже в диагностической сети без проверок доступа и поворотов; исключено только по модели OSM,,17196280,21495237,3450.210142458799,,,
site,north,,18198,"[11.60499125, 48.2310625]",6730.286579549327,distance_excluded,88.0,0,False,,,,,access_exceeds_3km_even_optimistic,Подъезд >3 км даже в диагностической сети без проверок доступа и поворотов; исключено только по модели OSM,,,,6448.491232890588,,,
site,north,,18208,"[11.591979999999998, 48.221864]",3302.0490926255716,distance_excluded,396.0,0,False,5601.8,5549.1,7.8,6163.484736831808,access_exceeds_3km_even_optimistic,Подъезд >3 км даже в диагностической сети без проверок доступа и поворотов; исключено только по модели OSM,,1639311272,1059694872,5341.411851621733,,,
site,north,,18210,"[11.637665, 48.2515355]",8464.065511595967,road_route_found_entrance_unverified,29.599999999999998,0,False,1750.3,1762.2,0.8,8734.26432995997,,,Garching-Süd,17196280,21495237,,,,
site,north,,18216,"[11.6461565, 48.189245]",3302.0490926255716,distance_excluded,44.0,0,False,4918.5,4034.5,13.1,2580.271425702424,access_exceeds_3km_even_optimistic,Подъезд >3 км даже в диагностической сети без проверок доступа и поворотов; исключено только по модели OSM,,1639311272,1639311258,4918.493984406827,,,
site,north,,18217,"[11.646383, 48.189581]",3302.0490926255716,distance_excluded,66.0,0,False,4875.7,4020.3,14.7,2580.271425702424,access_exceeds_3km_even_optimistic,Подъезд >3 км даже в диагностической сети без проверок доступа и поворотов; исключено только по модели OSM,,1639311272,1639311258,4875.663064385121,,,
site,north,,18218,"[11.654683, 48.188358]",3302.0490926255716,distance_excluded,22.0,0,False,5265.5,4328.9,21.0,2580.271425702424,access_exceeds_3km_even_optimistic,Подъезд >3 км даже в диагностической сети без проверок доступа и поворотов; исключено только по модели OSM,,1639311272,1639311258,5253.907872116627,,,
site,north,,18219,"[11.653721, 48.1892]",3302.0490926255716,distance_excluded,44.0,0,False,5195.4,4229.8,33.5,2580.271425702424,access_exceeds_3km_even_optimistic,Подъезд >3 км даже в диагностической сети без проверок доступа и поворотов; исключено только по модели OSM,,1639311272,1639311258,5195.448433869394,,,
site,north,,18220,"[11.651401, 48.1855005]",3010.3513668975256,distance_excluded,88.0,0,False,,,,,access_exceeds_3km_even_optimistic,Подъезд >3 км даже в диагностической сети без проверок доступа и поворотов; исключено только по модели OSM,,,,4680.733614103553,,,
site,north,,18221,"[11.65325, 48.185267499999995]",3302.0490926255716,distance_excluded,44.0,0,False,4938.3,4066.6,26.2,2580.271425702424,access_exceeds_3km_even_optimistic,Подъезд >3 км даже в диагностической сети без проверок доступа и поворотов; исключено только по модели OSM,,1639311272,1639311258,4909.007032996486,,,
site,north,,18222,"[11.654199999999998, 48.185]",3302.0490926255716,distance_excluded,66.0,0,False,4844.7,3952.3,28.6,2580.271425702424,access_exceeds_3km_even_optimistic,Подъезд >3 км даже в диагностической сети без проверок доступа и поворотов; исключено только по модели OSM,,1639311272,1639311258,4844.673431455591,,,
site,north,,18223,"[11.65496, 48.18496]",3010.3513668975256,distance_excluded,22.0,0,False,,,,,access_exceeds_3km_even_optimistic,Подъезд >3 км даже в диагностической сети без проверок доступа и поворотов; исключено только по модели OSM,,,,4870.766215356564,,,
site,north,,18226,"[11.64233, 48.18857]",3302.0490926255716,distance_excluded,44.0,0,False,4153.1,3277.2,8.8,2580.271425702424,access_exceeds_3km_even_optimistic,Подъезд >3 км даже в диагностической сети без проверок доступа и поворотов; исключено только по модели OSM,,1639311272,1639311258,4153.08059571108,,,
site,north,,18227,"[11.643486, 48.197494]",3302.0490926255716,distance_excluded,44.0,0,False,4816.9,4103.9,4.4,2580.271425702424,access_exceeds_3km_even_optimistic,Подъезд >3 км даже в диагностической сети без проверок доступа и поворотов; исключено только по модели OSM,,1639311272,1639311258,4816.919510048175,,,
site,north,,18228,"[11.655399875, 48.1928515]",3302.0490926255716,distance_excluded,176.0,0,False,5850.3,5042.9,2.7,2580.271425702424,access_exceeds_3km_even_optimistic,Подъезд >3 км даже в диагностической сети без проверок доступа и поворотов; исключено только по модели OSM,,1639311272,1639311258,5673.424462952334,,,
site,north,,18229,"[11.652785, 48.199087]",3302.0490926255716,distance_excluded,44.0,0,False,5564.3,4675.3,6.6,2580.271425702424,access_exceeds_3km_even_optimistic,Подъезд >3 км даже в диагностической сети без проверок доступа и поворотов; исключено только по модели OSM,,1639311272,1639311258,5445.615317233475,,,
site,north,,18230,"[11.651843, 48.190949]",3302.0490926255716,distance_excluded,400.0,4,True,5270.2,4481.1,11.2,2580.271425702424,access_exceeds_3km_even_optimistic,Подъезд >3 км даже в диагностической сети без проверок доступа и поворотов; исключено только по модели OSM,,1639311272,1639311258,5023.380207287801,,,
site,north,,18231,"[11.64853, 48.186216]",3010.3513668975256,distance_excluded,440.0,0,False,,,,,access_exceeds_3km_even_optimistic,Подъезд >3 км даже в диагностической сети без проверок доступа и поворотов; исключено только по модели OSM,,,,4812.173308973701,,,
site,north,,18233,"[11.633338, 48.183222]",3302.0490926255716,road_route_found_entrance_unverified,22.0,0,False,2985.1,2183.0,10.8,2580.271425702424,,,München-Freimann,1639311272,1639311258,,,,
site,north,,18237,"[11.633168, 48.183232]",3302.0490926255716,road_route_found_entrance_unverified,22.0,0,False,2974.1,2125.9,6.3,2580.271425702424,,,München-Freimann,1639311272,1639311258,,,,
site,north,,18238,"[11.639426, 48.191088]",3302.0490926255716,distance_excluded,150.0,0,False,4001.9,3134.0,12.6,2580.271425702424,access_exceeds_3km_even_optimistic,Подъезд >3 км даже в диагностической сети без проверок доступа и поворотов; исключено только по модели OSM,,1639311272,1639311258,4001.9280480093616,,,
site,north,,18239,"[11.640531, 48.183316]",3302.0490926255716,distance_excluded,11.0,0,False,3619.8,2802.4,41.0,2580.271425702424,access_exceeds_3km_even_optimistic,Подъезд >3 км даже в диагностической сети без проверок доступа и поворотов; исключено только по модели OSM,,1639311272,1639311258,3619.836536244823,,,
site,north,,18240,"[11.646136, 48.185285]",3302.0490926255716,distance_excluded,175.0,1,False,4234.4,3381.8,1.6,2580.271425702424,access_exceeds_3km_even_optimistic,Подъезд >3 км даже в диагностической сети без проверок доступа и поворотов; исключено только по модели OSM,,1639311272,1639311258,4234.425971394721,,,
site,north,,19644,"[11.632819, 48.58856]",47383.58885255818,distance_excluded,11.0,0,False,5344.8,5559.1,12.1,48392.39653407401,access_exceeds_3km_even_optimistic,Подъезд >3 км даже в диагностической сети без проверок доступа и поворотов; исключено только по модели OSM,,139417,3316981716,5104.145285090116,,,
site,north,,19648,"[11.617199, 48.599101]",48392.39653407401,distance_excluded,11.0,0,False,4395.0,4381.8,18.2,48392.39653407401,access_exceeds_3km_even_optimistic,Подъезд >3 км даже в диагностической сети без проверок доступа и поворотов; исключено только по модели OSM,,3316981716,3316981716,4395.019573469236,,,
site,north,,19660,"[11.6060234, 48.5048366]",38546.59899990272,unconfirmed,666.0,4,True,,,,,access_or_snap_review,"Короткая связь появляется только в диагностике; проверить доступ, повороты, барьеры и привязку координаты",,,,1553.7479811776784,,,
site,north,,19661,"[11.598608, 48.504174]",39135.17072510143,road_route_found_entrance_unverified,49.0,0,False,1108.8,1177.8,6.2,39397.0738229359,,,Pfaffenhofen,21518694,251820588,,,,
site,north,,19662,"[11.588542, 48.554243]",45030.83386061742,road_route_found_entrance_unverified,98.0,0,False,1311.7,1355.2,1.1,45192.15971400867,,,Rasthof Holledau,139392,139399,,,,
site,north,,19663,"[11.582045, 48.51093]",39135.17072510143,road_route_found_entrance_unverified,6300.0,18,True,1544.2,1546.9,22.8,39397.0738229359,,,Pfaffenhofen,21518694,251820588,,,,
site,north,,19664,"[11.5819115, 48.50995575]",39135.17072510143,road_route_found_entrance_unverified,1200.0,8,True,1690.4,1496.5,10.3,39397.0738229359,,,Pfaffenhofen,21518694,251820588,,,,
site,north,,19665,"[11.582393333333334, 48.51072]",39135.17072510143,road_route_found_entrance_unverified,900.0,6,True,1610.2,1469.7,7.9,39397.0738229359,,,Pfaffenhofen,21518694,251820588,,,,
site,north,,19666,"[11.581893, 48.510794]",39135.17072510143,road_route_found_entrance_unverified,2000.0,8,True,1657.6,1511.8,8.5,39397.0738229359,,,Pfaffenhofen,21518694,251820588,,,,
site,north,,19667,"[11.605678, 48.504863]",38560.20917756819,unconfirmed,22.0,0,False,,,,,access_or_snap_review,"Короткая связь появляется только в диагностике; проверить доступ, повороты, барьеры и привязку координаты",,,,1566.6869954547149,,,
site,north,,14204,"[11.65582, 50.041838]",237536.6153552418,distance_excluded,44.0,0,False,3712.0,3782.8,27.1,237725.1958157188,access_exceeds_3km_even_optimistic,Подъезд >3 км даже в диагностической сети без проверок доступа и поворотов; исключено только по модели OSM,,256944416,16534097,3712.033848789154,,,
site,north,,14205,"[11.65582, 50.041838]",237536.6153552418,distance_excluded,44.0,0,False,3712.0,3782.8,27.1,237725.1958157188,access_exceeds_3km_even_optimistic,Подъезд >3 км даже в диагностической сети без проверок доступа и поворотов; исключено только по модели OSM,,256944416,16534097,3712.033848789154,,,
site,north,,14242,"[11.6461, 49.89298]",223407.74301901727,distance_excluded,44.0,0,False,6776.9,6754.4,6.0,223615.2170165824,access_exceeds_3km_even_optimistic,Подъезд >3 км даже в диагностической сети без проверок доступа и поворотов; исключено только по модели OSM,,82737654,21543675,6776.868352375385,,,
site,north,,14220,"[11.728081, 50.092901]",246115.58816536702,unconfirmed,88.0,0,False,,,,,access_or_snap_review,"Короткая связь появляется только в диагностике; проверить доступ, повороты, барьеры и привязку координаты",,,,2608.7518967904557,,,
site,north,,14221,"[11.73252, 50.09474]",245412.1908615818,unconfirmed,44.0,0,False,2973.1,3177.4,7.9,245785.58872723003,return_or_snap_unconfirmed,Подъезд ≤3 км найден; возврат ≤3 км на своё направление не подтверждён,,1734196965,256950092,2973.071229130643,,,
site,north,,14222,"[11.73864, 50.09507]",245412.1908615818,distance_excluded,44.0,0,False,3449.1,3644.7,7.6,245785.58872723003,access_exceeds_3km_even_optimistic,Подъезд >3 км даже в диагностической сети без проверок доступа и поворотов; исключено только по модели OSM,,1734196965,256950092,3449.069671226014,,,
site,north,,16568,"[11.785977, 50.330657]",275105.9386387127,road_route_found_entrance_unverified,72.0,0,False,1708.2,1772.7,4.5,275333.39047906187,,,Naila/Selbitz,310965557,429363064,,,,
site,north,,16569,"[11.785977, 50.330657]",275105.9386387127,road_route_found_entrance_unverified,50.0,0,False,1708.2,1772.7,4.5,275333.39047906187,,,Naila/Selbitz,310965557,429363064,,,,
site,north,,16570,"[11.784410000000001, 50.32476333333333]",275105.9386387127,road_route_found_entrance_unverified,900.0,6,True,2432.9,2447.6,6.9,275333.39047906187,,,Naila/Selbitz,310965557,429363064,,,,
site,north,,16571,"[11.847262, 50.268453]",269681.0488216025,distance_excluded,44.0,0,False,5480.5,5344.2,7.7,269928.1293650572,access_exceeds_3km_even_optimistic,Подъезд >3 км даже в диагностической сети без проверок доступа и поворотов; исключено только по модели OSM,,2385468,256962795,5480.459715249856,,,
site,north,,16593,"[11.796675, 50.286111]",269681.0488216025,road_route_found_entrance_unverified,11.0,0,False,2040.8,1914.2,7.8,269928.1293650572,,,Hof-West,2385468,256962795,,,,
site,north,,16598,"[11.79246, 50.19019]",259682.50583263268,road_route_found_entrance_unverified,92.0,0,False,2586.0,2644.4,0.6,259902.61583246954,,,Münchberg-Nord,1649447803,256956890,,,,
site,north,,16599,"[11.777, 50.20273]",259682.50583263268,road_route_found_entrance_unverified,300.0,2,False,1137.2,1262.0,7.5,259902.61583246954,,,Münchberg-Nord,1649447803,256956890,,,,
site,north,,16600,"[11.780610000000001, 50.203045]",259682.50583263268,road_route_found_entrance_unverified,3600.0,12,True,961.4,936.4,6.5,259902.61583246954,,,Münchberg-Nord,1649447803,256956890,,,,
site,north,,16601,"[11.7796, 50.2024]",259682.50583263268,road_route_found_entrance_unverified,2400.0,16,True,957.2,1000.6,22.8,259902.61583246954,,,Münchberg-Nord,1649447803,256956890,,,,
site,north,,16602,"[11.776895, 50.202754999999996]",259682.50583263268,road_route_found_entrance_unverified,600.0,4,True,1210.6,1188.6,7.2,259902.61583246954,,,Münchberg-Nord,1649447803,256956890,,,,
site,north,,16603,"[11.776552, 50.202872]",259682.50583263268,road_route_found_entrance_unverified,5000.0,20,True,1172.5,1226.6,2.7,259902.61583246954,,,Münchberg-Nord,1649447803,256956890,,,,
site,north,,16604,"[11.785311499999999, 50.1859865]",259682.50583263268,unconfirmed,55.0,0,False,3060.7,3165.3,20.5,259902.61583246954,access_or_snap_review,"Короткая связь появляется только в диагностике; проверить доступ, повороты, барьеры и привязку координаты",,1649447803,256956890,2903.3992330738056,,,
site,north,,16605,"[11.804314, 50.189187]",259682.50583263268,distance_excluded,33.0,0,False,3617.8,3675.1,9.1,259902.61583246954,access_exceeds_3km_even_optimistic,Подъезд >3 км даже в диагностической сети без проверок доступа и поворотов; исключено только по модели OSM,,1649447803,256956890,3460.4523751740985,,,
site,north,,16606,"[11.802242, 50.189222]",259682.50583263268,distance_excluded,22.0,0,False,3481.3,3489.6,26.3,259902.61583246954,access_exceeds_3km_even_optimistic,Подъезд >3 км даже в диагностической сети без проверок доступа и поворотов; исключено только по модели OSM,,1649447803,256956890,3324.001989973403,,,
site,north,,16607,"[11.795786, 50.200042]",259682.50583263268,road_route_found_entrance_unverified,88.0,0,False,2538.3,2522.1,0.4,259902.61583246954,,,Münchberg-Nord,1649447803,256956890,,,,
site,north,,16608,"[11.795735, 50.199865]",259682.50583263268,road_route_found_entrance_unverified,44.0,0,False,2522.5,2500.2,15.8,259902.61583246954,,,Münchberg-Nord,1649447803,256956890,,,,
site,north,,16609,"[11.79304, 50.180695]",259682.50583263268,distance_excluded,72.0,0,False,3832.8,3900.0,5.6,259902.61583246954,access_exceeds_3km_even_optimistic,Подъезд >3 км даже в диагностической сети без проверок доступа и поворотов; исключено только по модели OSM,,1649447803,256956890,3675.410364300876,,,
site,north,,16610,"[11.783449, 50.190821]",259682.50583263268,road_route_found_entrance_unverified,93.0,0,False,2805.3,2987.5,3.7,259902.61583246954,,,Münchberg-Nord,1649447803,256956890,,,,
site,north,,16611,"[11.77699, 50.18908]",259682.50583263268,distance_excluded,450.0,4,True,3314.4,3429.6,26.5,259902.61583246954,access_exceeds_3km_even_optimistic,Подъезд >3 км даже в диагностической сети без проверок доступа и поворотов; исключено только по модели OSM,,1649447803,256956890,3157.0745588109003,,,
site,north,,16617,"[11.739537, 50.220573]",259682.50583263268,distance_excluded,132.0,0,False,3879.8,4042.5,4.8,259902.61583246954,access_exceeds_3km_even_optimistic,Подъезд >3 км даже в диагностической сети без проверок доступа и поворотов; исключено только по модели OSM,,1649447803,256956890,3750.627680878929,,,
site,north,,16975,"[11.66323, 50.08263]",242816.15985630098,road_route_found_entrance_unverified,2400.0,16,True,726.5,719.4,3.0,243002.11828938525,,,Marktschorgast,262199557,265649596,,,,
site,north,,16977,"[11.66394, 50.08216]",242816.15985630098,road_route_found_entrance_unverified,300.0,2,False,648.3,595.0,3.4,243002.11828938525,,,Marktschorgast,262199557,265649596,,,,
site,north,,16978,"[11.66394, 50.08216]",242816.15985630098,road_route_found_entrance_unverified,300.0,2,False,648.3,595.0,3.4,243002.11828938525,,,Marktschorgast,262199557,265649596,,,,
site,north,,16575,"[11.773828, 50.40409]",284274.872999012,road_route_found_entrance_unverified,93.0,0,False,206.7,527.3,15.2,284877.2715621384,,,Rudolphstein,16533292,21133957,,,,
site,north,,16576,"[11.773864, 50.406471]",284274.872999012,unconfirmed,93.0,0,False,1198.0,6053.3,12.5,279510.2582414606,return_or_snap_unconfirmed,Подъезд ≤3 км найден; возврат ≤3 км на своё направление не подтверждён,,16533292,261678684,1198.0029829658465,,,
site,north,,16577,"[11.787354, 50.372371]",279281.6378309253,road_route_found_entrance_unverified,2800.0,12,True,986.2,955.6,8.7,279510.2582414606,,,Berg / Bad Steben,248508762,261678684,,,,
site,north,,16578,"[11.789503, 50.372742]",279613.2210190662,unconfirmed,300.0,2,False,,,,,access_or_snap_review,"Короткая связь появляется только в диагностике; проверить доступ, повороты, барьеры и привязку координаты",,,,1282.4428209892978,,,
site,north,,16579,"[11.787816, 50.371853]",279281.6378309253,road_route_found_entrance_unverified,350.0,2,False,1061.7,1020.6,0.5,279510.2582414606,,,Berg / Bad Steben,248508762,261678684,,,,
site,north,,16580,"[11.773828, 50.40409]",284274.872999012,road_route_found_entrance_unverified,175.0,1,False,206.7,527.3,15.2,284877.2715621384,,,Rudolphstein,16533292,21133957,,,,
site,north,,16581,"[11.773828, 50.40409]",284274.872999012,road_route_found_entrance_unverified,175.0,1,False,206.7,527.3,15.2,284877.2715621384,,,Rudolphstein,16533292,21133957,,,,
site,north,,16582,"[11.773828, 50.40409]",284274.872999012,road_route_found_entrance_unverified,175.0,1,False,206.7,527.3,15.2,284877.2715621384,,,Rudolphstein,16533292,21133957,,,,
site,north,,16583,"[11.773828, 50.40409]",284274.872999012,road_route_found_entrance_unverified,175.0,1,False,206.7,527.3,15.2,284877.2715621384,,,Rudolphstein,16533292,21133957,,,,
site,north,,16584,"[11.772655, 50.405759]",284274.872999012,unconfirmed,175.0,1,False,1553.0,6028.9,6.8,279510.2582414606,return_or_snap_unconfirmed,Подъезд ≤3 км найден; возврат ≤3 км на своё направление не подтверждён,,16533292,261678684,658.6742112362466,,,
site,north,,16585,"[11.772655, 50.405759]",284274.872999012,unconfirmed,175.0,1,False,1553.0,6028.9,6.8,279510.2582414606,return_or_snap_unconfirmed,Подъезд ≤3 км найден; возврат ≤3 км на своё направление не подтверждён,,16533292,261678684,658.6742112362466,,,
site,north,,16586,"[11.772655, 50.405759]",284274.872999012,unconfirmed,175.0,1,False,1553.0,6028.9,6.8,279510.2582414606,return_or_snap_unconfirmed,Подъезд ≤3 км найден; возврат ≤3 км на своё направление не подтверждён,,16533292,261678684,658.6742112362466,,,
site,north,,16587,"[11.772655, 50.405759]",284274.872999012,unconfirmed,175.0,1,False,1553.0,6028.9,6.8,279510.2582414606,return_or_snap_unconfirmed,Подъезд ≤3 км найден; возврат ≤3 км на своё направление не подтверждён,,16533292,261678684,658.6742112362466,,,
site,north,,16590,"[11.84013, 50.37118]",279281.6378309253,distance_excluded,22.0,0,False,3789.4,3802.5,6.3,279510.2582414606,access_exceeds_3km_even_optimistic,Подъезд >3 км даже в диагностической сети без проверок доступа и поворотов; исключено только по модели OSM,,248508762,261678684,3789.401776680273,,,
site,north,,16592,"[11.805803, 50.347779]",275105.9386387127,road_route_found_entrance_unverified,11.0,0,False,2302.3,2372.9,15.2,275333.39047906187,,,Naila/Selbitz,310965557,429363064,,,,
site,north,,67238,"[11.825771, 50.60192]",314979.4996338482,distance_excluded,33.0,0,False,6869.3,6853.5,25.5,315159.4857754159,access_exceeds_3km_even_optimistic,Подъезд >3 км даже в диагностической сети без проверок доступа и поворотов; исключено только по модели OSM,,2094195954,1750934225,4796.211742804768,,,
site,north,,67239,"[11.80585125, 50.577723]",306341.5088181545,distance_excluded,176.0,0,False,,,,,access_exceeds_3km_even_optimistic,Подъезд >3 км даже в диагностической сети без проверок доступа и поворотов; исключено только по модели OSM,,,,3841.0180033129213,,,
site,north,,67240,"[11.81483, 50.57982]",301521.16614247987,distance_excluded,30.0,0,False,5003.6,4828.3,19.6,301805.12143513164,access_exceeds_3km_even_optimistic,Подъезд >3 км даже в диагностической сети без проверок доступа и поворотов; исключено только по модели OSM,,30049754,6303728756,3943.0898538421397,,,
site,north,,67241,"[11.809474, 50.580827]",301521.16614247987,distance_excluded,33.0,0,False,4804.7,4656.6,7.3,301805.12143513164,access_exceeds_3km_even_optimistic,Подъезд >3 км даже в диагностической сети без проверок доступа и поворотов; исключено только по модели OSM,,30049754,6303728756,3624.2255944782064,,,
site,north,,67242,"[11.803402, 50.546455]",301521.16614247987,road_route_found_entrance_unverified,10000.0,40,True,2030.3,2087.2,9.4,301805.12143513164,,,Schleiz,30049754,6303728756,,,,
site,north,,67243,"[11.803665, 50.546848]",301521.16614247987,road_route_found_entrance_unverified,1400.0,6,True,2102.7,2051.8,1.5,301805.12143513164,,,Schleiz,30049754,6303728756,,,,
site,north,,67244,"[11.803639, 50.546556]",301521.16614247987,road_route_found_entrance_unverified,2400.0,16,True,2020.9,2014.3,1.2,301805.12143513164,,,Schleiz,30049754,6303728756,,,,
site,north,,67245,"[11.81053, 50.55139]",301521.16614247987,road_route_found_entrance_unverified,44.0,0,False,1282.4,1369.9,35.7,301805.12143513164,,,Schleiz,30049754,6303728756,,,,
site,north,,67246,"[11.790748, 50.552022]",301521.16614247987,road_route_found_entrance_unverified,800.0,4,True,1585.4,1528.8,6.9,301805.12143513164,,,Schleiz,30049754,6303728756,,,,
site,north,,67247,"[11.789914, 50.551498]",301521.16614247987,road_route_found_entrance_unverified,450.0,3,True,1491.9,1362.1,12.0,301805.12143513164,,,Schleiz,30049754,6303728756,,,,
site,north,,67248,"[11.787862950000001, 50.55065175]",301521.16614247987,road_route_found_entrance_unverified,7600.0,40,True,1283.4,1130.6,1.6,301805.12143513164,,,Schleiz,30049754,6303728756,,,,
site,north,,67249,"[11.788119, 50.5500495]",301521.16614247987,road_route_found_entrance_unverified,600.0,4,True,1196.1,1066.3,11.2,301805.12143513164,,,Schleiz,30049754,6303728756,,,,
site,north,,67250,"[11.789408, 50.549261]",301521.16614247987,road_route_found_entrance_unverified,150.0,2,False,1299.8,1187.9,12.0,301805.12143513164,,,Schleiz,30049754,6303728756,,,,
site,north,,67251,"[11.825434, 50.56249]",301521.16614247987,distance_excluded,50.0,0,False,3330.3,3225.3,0.5,301805.12143513164,access_exceeds_3km_even_optimistic,Подъезд >3 км даже в диагностической сети без проверок доступа и поворотов; исключено только по модели OSM,,30049754,6303728756,3330.297687395778,,,
site,north,,67252,"[11.811129, 50.573284]",301521.16614247987,distance_excluded,22.0,0,False,3948.9,3866.2,8.0,301805.12143513164,access_exceeds_3km_even_optimistic,Подъезд >3 км даже в диагностической сети без проверок доступа и поворотов; исключено только по модели OSM,,30049754,6303728756,3948.8604648442742,,,
site,north,,67255,"[11.830321000000001, 50.493884]",288939.9673342042,unconfirmed,88.0,0,False,8583.2,8072.6,10.2,289628.55232320924,access_or_snap_review,"Короткая связь появляется только в диагностике; проверить доступ, повороты, барьеры и привязку координаты",,15853313,1506774897,2992.966797033299,,,
site,north,,67256,"[11.830025, 50.493869]",288939.9673342042,unconfirmed,22.0,0,False,8439.0,8216.8,13.2,289628.55232320924,access_or_snap_review,"Короткая связь появляется только в диагностике; проверить доступ, повороты, барьеры и привязку координаты",,15853313,1506774897,2848.79639104506,,,
site,north,,67257,"[11.830025, 50.493869]",288939.9673342042,unconfirmed,22.0,0,False,8439.0,8216.8,13.2,289628.55232320924,access_or_snap_review,"Короткая связь появляется только в диагностике; проверить доступ, повороты, барьеры и привязку координаты",,15853313,1506774897,2848.79639104506,,,
site,north,,67262,"[11.79556, 50.4278]",287152.56028814614,road_route_found_entrance_unverified,93.0,0,False,460.2,432.0,4.4,287925.5504061138,,,Rasthof Hirschberg,311977790,311977820,,,,
site,north,,67263,"[11.817399, 50.403235]",284274.872999012,distance_excluded,22.0,0,False,4309.2,3877.1,0.2,284877.2715621384,access_exceeds_3km_even_optimistic,Подъезд >3 км даже в диагностической сети без проверок доступа и поворотов; исключено только по модели OSM,,16533292,21133957,3564.509140984481,,,
site,north,,66939,"[11.900109, 50.805528]",333099.96899157576,road_route_found_entrance_unverified,22.0,0,False,717.8,763.6,25.3,333512.82674968394,,,Lederhose,448930740,436193020,,,,
site,north,,66940,"[11.89429, 50.803239999999995]",333099.96899157576,road_route_found_entrance_unverified,900.0,6,True,803.8,765.2,4.0,333512.82674968394,,,Lederhose,448930740,436193020,,,,
site,north,,67185,"[11.878945, 50.866893]",340377.76077193755,unconfirmed,11.0,0,False,,,,,access_or_snap_review,"Короткая связь появляется только в диагностике; проверить доступ, повороты, барьеры и привязку координаты",,,,2291.7533980361027,,,
site,north,,67186,"[11.846642, 50.874935]",340955.3890583524,distance_excluded,98.0,0,False,3208.4,2707.8,6.9,340252.55645273393,access_exceeds_3km_even_optimistic,Подъезд >3 км даже в диагностической сети без проверок доступа и поворотов; исключено только по модели OSM,,1605385300,13889003,3208.3763746027917,,,
site,north,,67187,"[11.909384, 50.856592]",340117.40967186016,distance_excluded,44.0,0,False,4497.9,4540.0,7.6,340252.55645273393,access_exceeds_3km_even_optimistic,Подъезд >3 км даже в диагностической сети без проверок доступа и поворотов; исключено только по модели OSM,,849942235,13889003,4497.880201109432,,,
site,north,,67193,"[11.801893, 50.868934]",341829.2573824712,distance_excluded,22.0,0,False,,,,,access_exceeds_3km_even_optimistic,Подъезд >3 км даже в диагностической сети без проверок доступа и поворотов; исключено только по модели OSM,,,,4391.947399452249,,,
site,north,,67234,"[11.86416, 50.7365]",325596.56354687834,unconfirmed,22.0,0,False,4006.9,4213.8,9.6,326594.8920885557,access_or_snap_review,"Короткая связь появляется только в диагностике; проверить доступ, повороты, барьеры и привязку координаты",,1379027227,1379027222,2078.830139251825,,,
site,north,,67235,"[11.86983, 50.73737]",325596.56354687834,unconfirmed,150.0,1,False,4397.3,4604.1,9.6,326594.8920885557,access_or_snap_review,"Короткая связь появляется только в диагностике; проверить доступ, повороты, барьеры и привязку координаты",,1379027227,1379027222,2553.09858417155,,,
site,north,,67236,"[11.888515, 50.743503]",325596.56354687834,unconfirmed,33.0,0,False,2848.7,3087.4,16.1,326594.8920885557,return_or_snap_unconfirmed,Подъезд ≤3 км найден; возврат ≤3 км на своё направление не подтверждён,,1379027227,1379027222,2394.743069010837,,,
site,north,,67237,"[11.845551, 50.737564]",325596.56354687834,distance_excluded,300.0,4,False,3668.3,3571.6,1.7,326594.8920885557,access_exceeds_3km_even_optimistic,Подъезд >3 км даже в диагностической сети без проверок доступа и поворотов; исключено только по модели OSM,,1379027227,1379027222,3085.2977975042095,,,
site,north,,62881,"[11.954786, 51.104587]",379148.8213318525,unconfirmed,150.0,2,False,10623.1,2051.1,5.2,369291.9216095685,access_or_snap_review,"Короткая связь появляется только в диагностике; проверить доступ, повороты, барьеры и привязку координаты",,1583306711,280429250,2804.1577371459493,,,
site,north,,62901,"[11.957702, 51.105401]",370415.8963902092,road_route_found_entrance_unverified,93.0,0,False,526.9,446.6,5.4,371288.3295747001,,,Rasthof Osterfeld,508738,508739,,,,
site,north,,62902,"[11.954837, 51.105341]",379148.8213318525,unconfirmed,43.0,0,False,10539.2,2135.0,2.3,369291.9216095685,access_or_snap_review,"Короткая связь появляется только в диагностике; проверить доступ, повороты, барьеры и привязку координаты",,1583306711,280429250,2720.2426009674678,,,
site,north,,62912,"[11.957291, 51.105607]",370415.8963902092,road_route_found_entrance_unverified,175.0,1,False,564.8,406.2,4.0,371288.3295747001,,,Rasthof Osterfeld,508738,508739,,,,
site,north,,62913,"[11.957291, 51.105607]",370415.8963902092,road_route_found_entrance_unverified,175.0,1,False,564.8,406.2,4.0,371288.3295747001,,,Rasthof Osterfeld,508738,508739,,,,
site,north,,62914,"[11.957291, 51.105607]",370415.8963902092,road_route_found_entrance_unverified,175.0,1,False,564.8,406.2,4.0,371288.3295747001,,,Rasthof Osterfeld,508738,508739,,,,
site,north,,62915,"[11.957291, 51.105607]",370415.8963902092,road_route_found_entrance_unverified,175.0,1,False,564.8,406.2,4.0,371288.3295747001,,,Rasthof Osterfeld,508738,508739,,,,
site,north,,62916,"[11.957236, 51.105588]",370415.8963902092,road_route_found_entrance_unverified,100.0,0,False,562.6,408.4,7.9,371288.3295747001,,,Rasthof Osterfeld,508738,508739,,,,
site,north,,62940,"[11.961205999999999, 51.08765400000001]",369047.39137888764,road_route_found_entrance_unverified,450.0,6,True,781.9,934.1,6.6,369291.9216095685,,,Naumburg,280429243,280429250,,,,
site,north,,62941,"[11.91433, 51.04015]",363381.6997346074,unconfirmed,22.0,0,False,,,,,access_or_snap_review,"Короткая связь появляется только в диагностике; проверить доступ, повороты, барьеры и привязку координаты",,,,2870.2296522453835,,,
site,north,,62942,"[11.937675, 51.039914]",363357.7732915238,road_route_found_entrance_unverified,350.0,2,False,681.4,640.6,1.7,363506.15644571395,,,Droyßig,508694,51647551,,,,
site,north,,62943,"[11.937675, 51.039914]",363357.7732915238,road_route_found_entrance_unverified,175.0,1,False,681.4,640.6,1.7,363506.15644571395,,,Droyßig,508694,51647551,,,,
site,north,,62944,"[11.937764, 51.039773]",363357.7732915238,road_route_found_entrance_unverified,600.0,4,True,682.7,639.2,7.8,363506.15644571395,,,Droyßig,508694,51647551,,,,
site,north,,62945,"[11.934963000000002, 51.083993]",369047.39137888764,road_route_found_entrance_unverified,132.0,0,False,2421.9,2295.3,8.4,369291.9216095685,,,Naumburg,280429243,280429250,,,,
site,north,,62946,"[11.938881, 51.040083]",363357.7732915238,road_route_found_entrance_unverified,175.0,1,False,688.7,696.2,9.9,363506.15644571395,,,Droyßig,508694,51647551,,,,
site,north,,62947,"[11.938881, 51.040083]",363357.7732915238,road_route_found_entrance_unverified,175.0,1,False,688.7,696.2,9.9,363506.15644571395,,,Droyßig,508694,51647551,,,,
site,north,,62948,"[11.938881, 51.040083]",363357.7732915238,road_route_found_entrance_unverified,175.0,1,False,688.7,696.2,9.9,363506.15644571395,,,Droyßig,508694,51647551,,,,
site,north,,62949,"[11.938881, 51.040083]",363357.7732915238,road_route_found_entrance_unverified,175.0,1,False,688.7,696.2,9.9,363506.15644571395,,,Droyßig,508694,51647551,,,,
site,north,,67153,"[11.92447, 50.966455]",356895.52091348404,unconfirmed,22.0,0,False,,,,,topology_or_coordinate_review,"Связь не установлена: проверить координату, ближайшую дорогу и полноту OSM",,,,,,,
site,north,,67154,"[11.89313, 50.97063]",353023.34993593505,road_route_found_entrance_unverified,71.0,0,False,2550.6,2553.0,6.3,353208.96003557893,,,Eisenberg,1700485112,508635,,,,
site,north,,67155,"[11.883358000000001, 50.9709285]",353023.34993593505,road_route_found_entrance_unverified,300.0,4,False,1812.9,1768.3,3.7,353208.96003557893,,,Eisenberg,1700485112,508635,,,,
site,north,,67156,"[11.87558, 50.97159]",353023.34993593505,road_route_found_entrance_unverified,600.0,4,True,1265.7,1237.3,8.7,353208.96003557893,,,Eisenberg,1700485112,508635,,,,
site,north,,67157,"[11.87521, 50.97138]",353023.34993593505,road_route_found_entrance_unverified,22.0,0,False,1264.7,1145.6,6.2,353208.96003557893,,,Eisenberg,1700485112,508635,,,,
site,north,,67158,"[11.906125, 50.968118]",353023.34993593505,distance_excluded,11.0,0,False,3547.0,3632.5,14.2,353208.96003557893,access_exceeds_3km_even_optimistic,Подъезд >3 км даже в диагностической сети без проверок доступа и поворотов; исключено только по модели OSM,,1700485112,508635,3547.0388309156697,,,
site,north,,67159,"[11.88508, 50.96585]",353023.34993593505,road_route_found_entrance_unverified,93.0,0,False,2275.3,2235.1,9.9,353208.96003557893,,,Eisenberg,1700485112,508635,,,,
site,north,,67160,"[11.88273, 50.97035]",353023.34993593505,road_route_found_entrance_unverified,93.0,0,False,1733.5,1703.4,11.6,353208.96003557893,,,Eisenberg,1700485112,508635,,,,
site,north,,67161,"[11.897986, 50.969732]",353023.34993593505,road_route_found_entrance_unverified,22.0,0,False,2941.7,2941.3,2.0,353208.96003557893,,,Eisenberg,1700485112,508635,,,,
site,north,,67162,"[11.838002, 50.964428999999996]",353023.34993593505,road_route_found_entrance_unverified,88.0,0,False,2276.4,2180.3,14.0,353208.96003557893,,,Eisenberg,1700485112,508635,,,,
site,north,,67167,"[11.85273, 50.968689]",353023.34993593505,road_route_found_entrance_unverified,55.0,0,False,1289.2,1253.0,8.0,353208.96003557893,,,Eisenberg,1700485112,508635,,,,
site,north,,67168,"[11.855171, 50.96965]",353023.34993593505,road_route_found_entrance_unverified,900.0,6,True,1628.9,1470.8,11.2,353208.96003557893,,,Eisenberg,1700485112,508635,,,,
site,north,,67169,"[11.854993, 50.968487]",352919.3244178768,unconfirmed,1800.0,12,True,,,,,access_or_snap_review,"Короткая связь появляется только в диагностике; проверить доступ, повороты, барьеры и привязку координаты",,,,1545.3619199584896,,,
site,north,,67170,"[11.82932, 50.928302]",347868.9331468079,unconfirmed,44.0,0,False,,,,,access_or_snap_review,"Короткая связь появляется только в диагностике; проверить доступ, повороты, барьеры и привязку координаты",,,,2584.9696876730945,,,
site,north,,67171,"[11.830462, 50.928493]",347875.4177199666,unconfirmed,44.0,0,False,,,,,access_or_snap_review,"Короткая связь появляется только в диагностике; проверить доступ, повороты, барьеры и привязку координаты",,,,2651.4595051464566,,,
site,north,,67172,"[11.853236, 50.900645]",345901.0295763024,road_route_found_entrance_unverified,44.0,0,False,2013.4,2002.6,12.3,346071.2776647418,,,Bad Klosterlausnitz,296385338,277760948,,,,
site,north,,67173,"[11.855354, 50.903477]",345901.0295763024,road_route_found_entrance_unverified,900.0,6,True,2278.4,2365.0,36.1,346071.2776647418,,,Bad Klosterlausnitz,296385338,277760948,,,,
site,north,,67174,"[11.872676, 50.889776]",345901.0295763024,distance_excluded,93.0,0,False,4536.6,3598.8,6.3,343093.43194164854,access_exceeds_3km_even_optimistic,Подъезд >3 км даже в диагностической сети без проверок доступа и поворотов; исключено только по модели OSM,,296385338,21585884,4373.88254989589,,,
site,north,,67175,"[11.871973000000002, 50.889761]",345901.0295763024,distance_excluded,900.0,6,True,4613.2,3749.0,2.7,343093.43194164854,access_exceeds_3km_even_optimistic,Подъезд >3 км даже в диагностической сети без проверок доступа и поворотов; исключено только по модели OSM,,296385338,21585884,4450.443365248433,,,
site,north,,67176,"[11.871398, 50.88986400000001]",343284.7032076223,distance_excluded,3000.0,12,True,,,,,access_exceeds_3km_even_optimistic,Подъезд >3 км даже в диагностической сети без проверок доступа и поворотов; исключено только по модели OSM,,,,4290.176767773542,,,
site,north,,67177,"[11.867302, 50.892279]",345901.0295763024,distance_excluded,88.0,0,False,4046.0,3405.6,16.6,346071.2776647418,access_exceeds_3km_even_optimistic,Подъезд >3 км даже в диагностической сети без проверок доступа и поворотов; исключено только по модели OSM,,296385338,277760948,3883.2823215620588,,,
site,north,,67178,"[11.869983, 50.894148]",345901.0295763024,distance_excluded,22.0,0,False,4330.9,3577.9,13.8,346071.2776647418,access_exceeds_3km_even_optimistic,Подъезд >3 км даже в диагностической сети без проверок доступа и поворотов; исключено только по модели OSM,,296385338,277760948,4168.173073446998,,,
site,north,,67179,"[11.84998, 50.88614]",340117.40967186016,distance_excluded,750.0,8,True,3330.6,3358.0,3.8,340252.55645273393,access_exceeds_3km_even_optimistic,Подъезд >3 км даже в диагностической сети без проверок доступа и поворотов; исключено только по модели OSM,,849942235,13889003,3264.268917976253,,,
site,north,,67180,"[11.849357, 50.887153]",340117.40967186016,distance_excluded,400.0,4,True,3408.3,3379.7,8.2,340252.55645273393,access_exceeds_3km_even_optimistic,Подъезд >3 км даже в диагностической сети без проверок доступа и поворотов; исключено только по модели OSM,,849942235,13889003,3341.9854933696133,,,
site,north,,67181,"[11.850075, 50.886443]",340117.40967186016,distance_excluded,600.0,4,True,3364.4,3368.7,2.1,340252.55645273393,access_exceeds_3km_even_optimistic,Подъезд >3 км даже в диагностической сети без проверок доступа и поворотов; исключено только по модели OSM,,849942235,13889003,3298.062954117606,,,
site,north,,67182,"[11.848517, 50.886023]",340117.40967186016,distance_excluded,22.0,0,False,3204.6,3187.3,6.3,340252.55645273393,access_exceeds_3km_even_optimistic,Подъезд >3 км даже в диагностической сети без проверок доступа и поворотов; исключено только по модели OSM,,849942235,13889003,3204.644738455385,,,
site,north,,67183,"[11.84998, 50.88613999999999]",340117.40967186016,distance_excluded,1050.0,12,True,3330.6,3358.0,3.8,340252.55645273393,access_exceeds_3km_even_optimistic,Подъезд >3 км даже в диагностической сети без проверок доступа и поворотов; исключено только по модели OSM,,849942235,13889003,3264.2689179753215,,,
site,north,,67184,"[11.856583, 50.894663]",345901.0295763024,unconfirmed,44.0,0,False,2561.7,3558.7,8.9,346071.2776647418,return_or_snap_unconfirmed,Подъезд ≤3 км найден; возврат ≤3 км на своё направление не подтверждён,,296385338,277760948,2561.7022514014247,,,
site,north,,67188,"[11.84339, 50.908066]",345901.0295763024,road_route_found_entrance_unverified,600.0,4,True,821.0,770.3,6.6,346071.2776647418,,,Bad Klosterlausnitz,296385338,277760948,,,,
site,north,,67189,"[11.859349, 50.907541]",345901.0295763024,road_route_found_entrance_unverified,72.0,0,False,2071.8,2097.4,4.8,346071.2776647418,,,Bad Klosterlausnitz,296385338,277760948,,,,
site,north,,67190,"[11.860431, 50.9083375]",345901.0295763024,road_route_found_entrance_unverified,88.0,0,False,2034.5,2177.7,17.4,346071.2776647418,,,Bad Klosterlausnitz,296385338,277760948,,,,
site,north,,67191,"[11.859999, 50.916379]",345901.0295763024,road_route_found_entrance_unverified,122.0,0,False,1561.2,1768.7,3.1,346071.2776647418,,,Bad Klosterlausnitz,296385338,277760948,,,,
site,north,,67192,"[11.851304, 50.910047]",345901.0295763024,road_route_found_entrance_unverified,11.0,0,False,1228.3,1318.9,22.8,346071.2776647418,,,Bad Klosterlausnitz,296385338,277760948,,,,
site,north,,62888,"[11.9982925, 51.1980195]",379148.8213318525,unconfirmed,166.0,0,False,4463.7,4815.1,13.1,380200.7921136462,access_or_snap_review,"Короткая связь появляется только в диагностике; проверить доступ, повороты, барьеры и привязку координаты",,1583306711,1777199453,1953.191102025529,,,
site,north,,62890,"[11.986975, 51.187971]",379148.8213318525,distance_excluded,44.0,0,False,6794.3,6962.8,13.0,380200.7921136462,access_exceeds_3km_even_optimistic,Подъезд >3 км даже в диагностической сети без проверок доступа и поворотов; исключено только по модели OSM,,1583306711,1777199453,3722.625165753835,,,
site,north,,62891,"[11.98812, 51.186851]",379148.8213318525,distance_excluded,1200.0,4,True,6744.6,6818.5,29.1,380200.7921136462,access_exceeds_3km_even_optimistic,Подъезд >3 км даже в диагностической сети без проверок доступа и поворотов; исключено только по модели OSM,,1583306711,1777199453,3672.863745417286,,,
site,north,,62892,"[11.988904, 51.18801]",379148.8213318525,distance_excluded,160.0,2,False,6780.8,6896.2,3.6,380200.7921136462,access_exceeds_3km_even_optimistic,Подъезд >3 км даже в диагностической сети без проверок доступа и поворотов; исключено только по модели OSM,,1583306711,1777199453,3709.0905133614065,,,
site,north,,62893,"[11.967209, 51.1987]",379148.8213318525,distance_excluded,44.0,0,False,6310.9,6290.3,7.0,380200.7921136462,access_exceeds_3km_even_optimistic,Подъезд >3 км даже в диагностической сети без проверок доступа и поворотов; исключено только по модели OSM,,1583306711,1777199453,4197.175724051232,,,
site,north,,62894,"[11.970367, 51.191207]",379148.8213318525,distance_excluded,22.0,0,False,7210.3,6827.6,16.4,380200.7921136462,access_exceeds_3km_even_optimistic,Подъезд >3 км даже в диагностической сети без проверок доступа и поворотов; исключено только по модели OSM,,1583306711,1777199453,4779.860972615484,,,
site,north,,62895,"[11.987466, 51.203805]",379148.8213318525,distance_excluded,11.0,0,False,5179.5,5686.6,12.2,380200.7921136462,access_exceeds_3km_even_optimistic,Подъезд >3 км даже в диагностической сети без проверок доступа и поворотов; исключено только по модели OSM,,1583306711,1777199453,3065.7311912415457,,,
site,north,,62896,"[11.98161, 51.18747]",379148.8213318525,distance_excluded,72.0,0,False,7337.7,7450.9,7.7,380200.7921136462,access_exceeds_3km_even_optimistic,Подъезд >3 км даже в диагностической сети без проверок доступа и поворотов; исключено только по модели OSM,,1583306711,1777199453,4293.037493510733,,,
site,north,,62897,"[11.983936, 51.186121]",379148.8213318525,distance_excluded,44.0,0,False,7187.5,7200.0,35.1,380200.7921136462,access_exceeds_3km_even_optimistic,Подъезд >3 км даже в диагностической сети без проверок доступа и поворотов; исключено только по модели OSM,,1583306711,1777199453,4115.767077170344,,,
site,north,,62899,"[11.9636825, 51.197953999999996]",379148.8213318525,distance_excluded,360.0,4,False,6559.8,6634.6,9.3,380200.7921136462,access_exceeds_3km_even_optimistic,Подъезд >3 км даже в диагностической сети без проверок доступа и поворотов; исключено только по модели OSM,,1583306711,1777199453,4446.048439700139,,,
site,north,,62900,"[11.99051, 51.18771999999999]",379148.8213318525,distance_excluded,900.0,6,True,6722.8,6828.0,1.1,380200.7921136462,access_exceeds_3km_even_optimistic,Подъезд >3 км даже в диагностической сети без проверок доступа и поворотов; исключено только по модели OSM,,1583306711,1777199453,3513.9307869349864,,,
site,north,,62903,"[11.974032, 51.198605]",381089.37385180884,distance_excluded,22.0,0,False,,,,,access_exceeds_3km_even_optimistic,Подъезд >3 км даже в диагностической сети без проверок доступа и поворотов; исключено только по модели OSM,,,,3617.6719274232355,,,
site,north,,62905,"[11.963434, 51.191887]",379148.8213318525,distance_excluded,44.0,0,False,7680.2,7287.5,8.7,380200.7921136462,access_exceeds_3km_even_optimistic,Подъезд >3 км даже в диагностической сети без проверок доступа и поворотов; исключено только по модели OSM,,1583306711,1777199453,5369.977730200967,,,
site,north,,62906,"[11.974411, 51.201725]",381381.0313297188,distance_excluded,44.0,0,False,,,,,access_exceeds_3km_even_optimistic,Подъезд >3 км даже в диагностической сети без проверок доступа и поворотов; исключено только по модели OSM,,,,4179.931405550351,,,
site,north,,62917,"[12.01086, 51.17768]",379148.8213318525,road_route_found_entrance_unverified,2400.0,16,True,1887.4,2161.7,0.0,380200.7921136462,,,Weißenfels,1583306711,1777199453,,,,
site,north,,62918,"[12.00878, 51.17718]",379148.8213318525,road_route_found_entrance_unverified,1200.0,8,True,1995.2,2255.9,0.1,380200.7921136462,,,Weißenfels,1583306711,1777199453,,,,
site,north,,63414,"[12.137328, 51.290043]",395069.0021641548,road_route_found_entrance_unverified,2000.0,8,True,684.1,629.5,5.6,395309.1132901995,,,Bad Dürrenberg,508935,18343701,,,,
site,north,,63419,"[12.145649, 51.349084]",402183.0493338558,distance_excluded,200.0,1,False,4118.2,3890.6,30.2,402987.1915834106,access_exceeds_3km_even_optimistic,Подъезд >3 км даже в диагностической сети без проверок доступа и поворотов; исключено только по модели OSM,,1545952040,1373998644,4118.175783696035,,,
site,north,,63353,"[12.15528, 51.417912]",408814.19583090564,distance_excluded,11.0,0,False,3649.7,3698.9,1.6,409060.911475151,access_exceeds_3km_even_optimistic,Подъезд >3 км даже в диагностической сети без проверок доступа и поворотов; исключено только по модели OSM,,309241483,411904990,3649.693401765647,,,
site,north,,63355,"[12.150216, 51.415226]",408814.19583090564,distance_excluded,11.0,0,False,3628.6,3669.1,2.9,409060.911475151,access_exceeds_3km_even_optimistic,Подъезд >3 км даже в диагностической сети без проверок доступа и поворотов; исключено только по модели OSM,,309241483,411904990,3628.583011328308,,,
site,north,,63358,"[12.162005, 51.535311]",424942.22095234063,distance_excluded,66.0,0,False,,,,,access_exceeds_3km_even_optimistic,Подъезд >3 км даже в диагностической сети без проверок доступа и поворотов; исключено только по модели OSM,,,,5765.827621852624,,,
site,north,,61426,"[12.19462, 51.287312]",397319.490597649,distance_excluded,33.0,0,False,,,,,access_exceeds_3km_even_optimistic,Подъезд >3 км даже в диагностической сети без проверок доступа и поворотов; исключено только по модели OSM,,,,5177.960179819139,,,
site,north,,61429,"[12.2149284, 51.3125798]",402183.0493338558,distance_excluded,450.0,4,True,6257.3,6161.1,7.3,403262.8174084005,access_exceeds_3km_even_optimistic,Подъезд >3 км даже в диагностической сети без проверок доступа и поворотов; исключено только по модели OSM,,1545952040,25581624,6257.298201139707,,,
site,north,,61430,"[12.169238333333334, 51.324587666666666]",402183.0493338558,distance_excluded,1200.0,6,True,4394.5,5454.4,10.4,395309.1132901995,access_exceeds_3km_even_optimistic,Подъезд >3 км даже в диагностической сети без проверок доступа и поворотов; исключено только по модели OSM,,1545952040,18343701,4394.541289718668,,,
site,north,,61842,"[12.181622666666668, 51.401570666666665]",408814.19583090564,road_route_found_entrance_unverified,900.0,6,True,784.8,948.1,4.0,409060.911475151,,,Großkugel,309241483,411904990,,,,
site,north,,61843,"[12.181375, 51.401587]",408814.19583090564,road_route_found_entrance_unverified,4000.0,16,True,798.9,980.0,5.1,409060.911475151,,,Großkugel,309241483,411904990,,,,
site,north,,61845,"[12.191227, 51.399168]",408814.19583090564,road_route_found_entrance_unverified,900.0,6,True,844.4,1268.3,6.4,409060.911475151,,,Großkugel,309241483,411904990,,,,
site,north,,61846,"[12.210556, 51.400556]",409459.2370465533,distance_excluded,100.0,0,False,,,,,access_exceeds_3km_even_optimistic,Подъезд >3 км даже в диагностической сети без проверок доступа и поворотов; исключено только по модели OSM,,,,3288.6693007385625,,,
site,north,,61847,"[12.207366, 51.406021333333335]",408814.19583090564,road_route_found_entrance_unverified,66.0,0,False,2839.6,2876.4,13.1,409060.911475151,,,Großkugel,309241483,411904990,,,,
site,north,,61848,"[12.223528, 51.395572]",408814.19583090564,distance_excluded,22.0,0,False,3694.2,3902.8,6.7,409060.911475151,access_exceeds_3km_even_optimistic,Подъезд >3 км даже в диагностической сети без проверок доступа и поворотов; исключено только по модели OSM,,309241483,411904990,3539.5089705168934,,,
site,north,,61849,"[12.220331, 51.394185]",408814.19583090564,distance_excluded,22.0,0,False,3187.5,3468.1,7.7,409060.911475151,access_exceeds_3km_even_optimistic,Подъезд >3 км даже в диагностической сети без проверок доступа и поворотов; исключено только по модели OSM,,309241483,411904990,3187.53202902035,,,
site,north,,61850,"[12.197485, 51.404169]",409532.62008249445,unconfirmed,22.0,0,False,,,,,access_or_snap_review,"Короткая связь появляется только в диагностике; проверить доступ, повороты, барьеры и привязку координаты",,,,2510.9541600209322,,,
site,north,,61851,"[12.220019, 51.396039]",408814.19583090564,distance_excluded,22.0,0,False,3233.3,3524.1,7.4,409060.911475151,access_exceeds_3km_even_optimistic,Подъезд >3 км даже в диагностической сети без проверок доступа и поворотов; исключено только по модели OSM,,309241483,411904990,3233.261761028679,,,
site,north,,63415,"[12.176065833333332, 51.346057333333334]",402183.0493338558,road_route_found_entrance_unverified,292.0,0,False,2434.0,1814.2,7.4,402987.1915834106,,,Leipzig-West,1545952040,1373998644,,,,
site,north,,63420,"[12.181941, 51.348196]",402183.0493338558,road_route_found_entrance_unverified,84.0,0,False,2728.4,2892.0,7.8,402987.1915834106,,,Leipzig-West,1545952040,1373998644,,,,
site,north,,63421,"[12.17508, 51.34761]",402183.0493338558,road_route_found_entrance_unverified,900.0,6,True,2032.8,2121.1,7.9,402987.1915834106,,,Leipzig-West,1545952040,1373998644,,,,
site,north,,61839,"[12.22494, 51.42266]",411325.6517123786,distance_excluded,1200.0,8,True,7158.6,7622.0,6.2,409060.911475151,access_exceeds_3km_even_optimistic,Подъезд >3 км даже в диагностической сети без проверок доступа и поворотов; исключено только по модели OSM,,509105,411904990,7158.620524073821,,,
site,north,,61852,"[12.2216845, 51.422]",408814.19583090564,distance_excluded,60.0,0,False,6892.5,7028.7,18.1,409060.911475151,access_exceeds_3km_even_optimistic,Подъезд >3 км даже в диагностической сети без проверок доступа и поворотов; исключено только по модели OSM,,309241483,411904990,6892.496543752677,,,
site,north,,61853,"[12.236786500000001, 51.423382000000004]",412477.81662747473,distance_excluded,60.0,0,False,,,,,access_exceeds_3km_even_optimistic,Подъезд >3 км даже в диагностической сети без проверок доступа и поворотов; исключено только по модели OSM,,,,6950.255928825214,,,
site,north,,61865,"[12.206859, 51.464508]",416170.66740412096,road_route_found_entrance_unverified,11.0,0,False,1280.2,1224.3,4.5,416337.33152498497,,,Wiedemar,509119,298987482,,,,
site,north,,61866,"[12.207972, 51.4718]",416170.66740412096,road_route_found_entrance_unverified,44.0,0,False,1738.0,1579.8,7.4,416337.33152498497,,,Wiedemar,509119,298987482,,,,
site,north,,62793,"[12.1991, 51.6363]",435504.1025208921,road_route_found_entrance_unverified,150.0,2,False,575.9,514.4,8.3,435763.49155041017,,,Bitterfeld-Wolfen,509212,1356968729,,,,
site,north,,62807,"[12.1991, 51.6363]",435504.1025208921,road_route_found_entrance_unverified,300.0,2,False,575.9,514.4,8.3,435763.49155041017,,,Bitterfeld-Wolfen,509212,1356968729,,,,
site,north,,62815,"[12.249229, 51.670962]",435504.1025208921,distance_excluded,44.0,0,False,7952.2,7858.9,6.1,435763.49155041017,access_exceeds_3km_even_optimistic,Подъезд >3 км даже в диагностической сети без проверок доступа и поворотов; исключено только по модели OSM,,509212,1356968729,7943.352642729714,,,
site,north,,62817,"[12.20036, 51.636481]",435504.1025208921,road_route_found_entrance_unverified,3500.0,10,True,643.3,540.6,1.1,435763.49155041017,,,Bitterfeld-Wolfen,509212,1356968729,,,,
site,north,,62818,"[12.200732, 51.636487]",435504.1025208921,road_route_found_entrance_unverified,5000.0,20,True,632.1,586.4,7.9,435763.49155041017,,,Bitterfeld-Wolfen,509212,1356968729,,,,
site,north,,62821,"[12.25349, 51.66127]",435504.1025208921,distance_excluded,22.0,0,False,6491.4,6408.0,21.0,435763.49155041017,access_exceeds_3km_even_optimistic,Подъезд >3 км даже в диагностической сети без проверок доступа и поворотов; исключено только по модели OSM,,509212,1356968729,6491.404528994619,,,
site,north,,62834,"[12.187898, 51.608992]",432398.56424019305,road_route_found_entrance_unverified,98.0,0,False,460.7,278.1,4.6,433036.2255391758,,,Rasthof Köckern,509193,506081657,,,,
site,north,,62835,"[12.183264, 51.607277]",435504.1025208921,distance_excluded,98.0,0,False,4057.2,9316.9,4.6,427319.9457067432,access_exceeds_3km_even_optimistic,Подъезд >3 км даже в диагностической сети без проверок доступа и поворотов; исключено только по модели OSM,,509212,509169,4057.194626824471,,,
site,north,,62837,"[12.185403, 51.606076]",432398.56424019305,road_route_found_entrance_unverified,93.0,0,False,69.6,576.3,19.5,433036.2255391758,,,Rasthof Köckern,509193,506081657,,,,
site,north,,62838,"[12.183984, 51.605481]",435504.1025208921,distance_excluded,93.0,0,False,4208.5,9080.8,2.0,427319.9457067432,access_exceeds_3km_even_optimistic,Подъезд >3 км даже в диагностической сети без проверок доступа и поворотов; исключено только по модели OSM,,509212,509169,4208.529128744758,,,
site,north,,62839,"[12.196509999999998, 51.55357]",426149.87140921556,road_route_found_entrance_unverified,900.0,6,True,2829.9,2910.3,11.7,427319.9457067432,,,Halle,21484185,509169,,,,
site,north,,62840,"[12.192885, 51.55534]",426149.87140921556,road_route_found_entrance_unverified,72.0,0,False,2858.7,2956.1,1.9,427319.9457067432,,,Halle,21484185,509169,,,,
site,north,,62841,"[12.19341, 51.54623]",426149.87140921556,distance_excluded,44.0,0,False,3827.4,3920.1,6.8,427319.9457067432,access_exceeds_3km_even_optimistic,Подъезд >3 км даже в диагностической сети без проверок доступа и поворотов; исключено только по модели OSM,,21484185,509169,3827.3820908904763,,,
site,north,,62425,"[12.24472, 51.81223]",449009.7637461776,distance_excluded,600.0,4,True,7527.6,7558.5,6.7,449209.851623401,access_exceeds_3km_even_optimistic,Подъезд >3 км даже в диагностической сети без проверок доступа и поворотов; исключено только по модели OSM,,26317586,26518306,7527.553104873549,,,
site,north,,62426,"[12.30109, 51.82129]",458358.41773221863,road_route_found_entrance_unverified,100.0,0,False,1379.0,1343.2,9.0,458565.1252125451,,,Dessau-Ost,280423024,26667769,,,,
site,north,,62427,"[12.30396, 51.8202]",458413.3010772969,unconfirmed,49.0,0,False,,,,,access_or_snap_review,"Короткая связь появляется только в диагностике; проверить доступ, повороты, барьеры и привязку координаты",,,,1343.2996553153434,,,
site,north,,62428,"[12.3027, 51.8197]",458358.41773221863,road_route_found_entrance_unverified,900.0,8,True,1628.3,1551.7,53.1,458565.1252125451,,,Dessau-Ost,280423024,26667769,,,,
site,north,,62432,"[12.247305, 51.816404]",456050.6406457446,distance_excluded,22.0,0,False,,,,,access_exceeds_3km_even_optimistic,Подъезд >3 км даже в диагностической сети без проверок доступа и поворотов; исключено только по модели OSM,,,,7468.974629477237,,,
site,north,,62433,"[12.241669, 51.806367]",449009.7637461776,distance_excluded,150.0,2,False,6768.3,6866.3,2.7,449209.851623401,access_exceeds_3km_even_optimistic,Подъезд >3 км даже в диагностической сети без проверок доступа и поворотов; исключено только по модели OSM,,26317586,26518306,6768.322595667563,,,
site,north,,62436,"[12.301239, 51.823412]",458358.41773221863,road_route_found_entrance_unverified,800.0,4,True,1290.9,1104.5,7.4,458565.1252125451,,,Dessau-Ost,280423024,26667769,,,,
site,north,,62466,"[12.23677, 51.80269]",449009.7637461776,distance_excluded,44.0,0,False,6578.5,6646.9,8.0,449209.851623401,access_exceeds_3km_even_optimistic,Подъезд >3 км даже в диагностической сети без проверок доступа и поворотов; исключено только по модели OSM,,26317586,26518306,6578.496465989873,,,
site,north,,62467,"[12.23677, 51.80269]",449009.7637461776,distance_excluded,44.0,0,False,6578.5,6646.9,8.0,449209.851623401,access_exceeds_3km_even_optimistic,Подъезд >3 км даже в диагностической сети без проверок доступа и поворотов; исключено только по модели OSM,,26317586,26518306,6578.496465989873,,,
site,north,,62472,"[12.23718, 51.80512]",449009.7637461776,distance_excluded,44.0,0,False,6787.7,6856.8,5.7,449209.851623401,access_exceeds_3km_even_optimistic,Подъезд >3 км даже в диагностической сети без проверок доступа и поворотов; исключено только по модели OSM,,26317586,26518306,6787.73392781348,,,
site,north,,62473,"[12.236797, 51.802712]",449009.7637461776,distance_excluded,44.0,0,False,6690.3,6746.2,7.0,449209.851623401,access_exceeds_3km_even_optimistic,Подъезд >3 км даже в диагностической сети без проверок доступа и поворотов; исключено только по модели OSM,,26317586,26518306,6690.331403705258,,,
site,north,,63659,"[12.341552, 51.85247]",462984.3957273397,unconfirmed,800.0,4,True,,,,,return_or_snap_unconfirmed,Подъезд ≤3 км найден; возврат ≤3 км на своё направление не подтверждён,,,,1838.5017338518421,,,
site,north,,63661,"[12.344692, 51.846286]",461632.98775967926,road_route_found_entrance_unverified,22.0,0,False,1533.6,1409.4,2.0,461854.86646165425,,,Vockerode,509304,509306,,,,
site,north,,63663,"[12.405792, 51.887723]",468522.7524198163,road_route_found_entrance_unverified,22.0,0,False,660.0,894.9,0.4,468772.0001751819,,,Coswig,286794309,153626677,,,,
site,north,,63664,"[12.433140999999999, 51.88480199999999]",468522.7524198163,road_route_found_entrance_unverified,720.0,4,True,2629.7,2577.8,5.5,468772.0001751819,,,Coswig,286794309,153626677,,,,
site,north,,63665,"[12.403429, 51.888974]",468522.7524198163,road_route_found_entrance_unverified,700.0,4,True,599.7,454.4,3.3,468772.0001751819,,,Coswig,286794309,153626677,,,,
site,north,,63666,"[12.371308, 51.886586]",467648.57554063335,unconfirmed,44.0,0,False,,,,,access_or_snap_review,"Короткая связь появляется только в диагностике; проверить доступ, повороты, барьеры и привязку координаты",,,,2934.2978137785717,,,
site,north,,63667,"[12.46186, 51.88795]",468522.7524198163,distance_excluded,72.0,0,False,5198.6,4917.5,6.8,468772.0001751819,access_exceeds_3km_even_optimistic,Подъезд >3 км даже в диагностической сети без проверок доступа и поворотов; исключено только по модели OSM,,286794309,153626677,5198.573389842234,,,
site,north,,63668,"[12.402887, 51.889047]",468522.7524198163,road_route_found_entrance_unverified,525.0,3,True,523.8,459.9,8.2,468772.0001751819,,,Coswig,286794309,153626677,,,,
site,north,,63669,"[12.403369, 51.889449]",468522.7524198163,road_route_found_entrance_unverified,800.0,4,True,541.3,511.2,3.6,468772.0001751819,,,Coswig,286794309,153626677,,,,
site,north,,63670,"[12.455562, 51.891447]",468522.7524198163,distance_excluded,50.0,0,False,4899.8,4868.0,7.4,468772.0001751819,access_exceeds_3km_even_optimistic,Подъезд >3 км даже в диагностической сети без проверок доступа и поворотов; исключено только по модели OSM,,286794309,153626677,4899.786006860312,,,
site,north,,26463,"[12.575419, 52.041466]",488224.00533456734,distance_excluded,30.0,0,False,3525.8,3506.5,7.6,488374.7252997796,access_exceeds_3km_even_optimistic,Подъезд >3 км даже в диагностической сети без проверок доступа и поворотов; исключено только по модели OSM,,279181360,279181378,3525.7547392336337,,,
site,north,,26453,"[12.776496, 52.15925]",509588.2257502604,road_route_found_entrance_unverified,50.0,0,False,1551.0,1557.5,4.1,509781.7242786945,,,Brück,29406840,29406839,,,,
site,north,,26454,"[12.776562, 52.1592]",509588.2257502604,road_route_found_entrance_unverified,22.0,0,False,1550.9,1557.6,8.8,509781.7242786945,,,Brück,29406840,29406839,,,,
site,north,,26455,"[12.78473, 52.15879]",509588.2257502604,road_route_found_entrance_unverified,77.0,0,False,551.8,574.1,4.6,509781.7242786945,,,Brück,29406840,29406839,,,,
site,north,,26456,"[12.781675, 52.160592]",509588.2257502604,road_route_found_entrance_unverified,98.0,0,False,826.9,846.9,8.1,509781.7242786945,,,Brück,29406840,29406839,,,,
site,north,,26457,"[12.779865, 52.16009499999999]",509588.2257502604,road_route_found_entrance_unverified,2100.0,6,True,851.7,866.5,5.7,509781.7242786945,,,Brück,29406840,29406839,,,,
site,north,,26458,"[12.754556, 52.133086]",505959.51330742094,road_route_found_entrance_unverified,98.0,0,False,574.1,246.9,3.2,506721.4229090517,,,Fläming,508522,508536,,,,
site,north,,26459,"[12.753397, 52.132662]",505959.51330742094,road_route_found_entrance_unverified,93.0,0,False,468.4,320.7,1.1,506721.4229090517,,,Fläming,508522,508536,,,,
site,north,,26460,"[12.751164, 52.132549]",509588.2257502604,unconfirmed,43.0,0,False,4237.8,7132.4,0.6,500340.1491756775,access_or_snap_review,"Короткая связь появляется только в диагностике; проверить доступ, повороты, барьеры и привязку координаты",,29406840,95633911,2165.1196423973724,,,
site,north,,26461,"[12.750125, 52.132321]",509588.2257502604,unconfirmed,150.0,2,False,4321.0,7093.1,10.3,500340.1491756775,access_or_snap_review,"Короткая связь появляется только в диагностике; проверить доступ, повороты, барьеры и привязку координаты",,29406840,95633911,2248.3881041151567,,,
site,north,,26462,"[12.689253, 52.074784]",500204.55089901644,road_route_found_entrance_unverified,44.0,0,False,2911.7,2973.7,0.8,500340.1491756775,,,Niemegk,509475,95633911,,,,
site,north,,26388,"[12.922528, 52.266766]",526825.1833440827,unconfirmed,3500.0,14,True,,,,,access_or_snap_review,"Короткая связь появляется только в диагностике; проверить доступ, повороты, барьеры и привязку координаты",,,,1346.6709881635297,,,
site,north,,26391,"[12.963217, 52.238428]",520677.1559980782,distance_excluded,93.0,0,False,5522.8,5687.9,8.5,527240.2606939283,access_exceeds_3km_even_optimistic,Подъезд >3 км даже в диагностической сети без проверок доступа и поворотов; исключено только по модели OSM,,509559,60373166,5522.810900466664,,,
site,north,,26393,"[12.95328, 52.24453]",527002.1411427632,distance_excluded,11.0,0,False,4840.5,4704.8,9.6,527240.2606939283,access_exceeds_3km_even_optimistic,Подъезд >3 км даже в диагностической сети без проверок доступа и поворотов; исключено только по модели OSM,,262267792,60373166,4840.508265130043,,,
site,north,,26394,"[12.924107, 52.263409]",527002.1411427632,road_route_found_entrance_unverified,30.0,0,False,1642.7,1735.5,4.4,527240.2606939283,,,Beelitz-Heilstätten,262267792,60373166,,,,
site,north,,26398,"[12.971563, 52.303543]",529947.1022878122,distance_excluded,350.0,2,False,4091.1,7580.3,4.4,527240.2606939283,access_exceeds_3km_even_optimistic,Подъезд >3 км даже в диагностической сети без проверок доступа и поворотов; исключено только по модели OSM,,1657851626,60373166,4091.0834250899147,,,
site,north,,26401,"[12.930642, 52.311438]",529947.1022878122,distance_excluded,11.0,0,False,10421.4,13947.7,4.8,527240.2606939283,access_exceeds_3km_even_optimistic,Подъезд >3 км даже в диагностической сети без проверок доступа и поворотов; исключено только по модели OSM,,1657851626,60373166,8410.901760250516,,,
site,north,,26405,"[12.929861, 52.310957]",529947.1022878122,distance_excluded,22.0,0,False,10513.2,13721.6,9.4,527240.2606939283,access_exceeds_3km_even_optimistic,Подъезд >3 км даже в диагностической сети без проверок доступа и поворотов; исключено только по модели OSM,,1657851626,60373166,8067.491167692988,,,
site,south,,20379,"[11.190786, 49.230133]",396503.87860317744,distance_excluded,88.0,0,False,5724.2,5838.0,8.4,396780.02044510114,access_exceeds_3km_even_optimistic,Подъезд >3 км даже в диагностической сети без проверок доступа и поворотов; исключено только по модели OSM,,29747075,250966173,5667.7045209793205,,,
site,south,,20401,"[11.18759, 49.210724]",396503.87860317744,distance_excluded,88.0,0,False,9195.0,9202.5,5.7,396780.02044510114,access_exceeds_3km_even_optimistic,Подъезд >3 км даже в диагностической сети без проверок доступа и поворотов; исключено только по модели OSM,,29747075,250966173,9138.494710478131,,,
site,south,,20402,"[11.186754, 49.209671]",396503.87860317744,distance_excluded,88.0,0,False,9114.5,9121.5,8.4,396780.02044510114,access_exceeds_3km_even_optimistic,Подъезд >3 км даже в диагностической сети без проверок доступа и поворотов; исключено только по модели OSM,,29747075,250966173,9057.987665195215,,,
site,south,,20405,"[11.194075, 49.191379]",406666.73179589247,distance_excluded,44.0,0,False,7794.8,7834.2,0.3,406932.87785918097,access_exceeds_3km_even_optimistic,Подъезд >3 км даже в диагностической сети без проверок доступа и поворотов; исключено только по модели OSM,,1618827055,581314,7794.84184215093,,,
site,south,,12254,"[11.17373, 49.41388]",378565.09611124214,unconfirmed,44.0,0,False,2946.5,3651.8,7.1,381077.991369357,return_or_snap_unconfirmed,Подъезд ≤3 км найден; возврат ≤3 км на своё направление не подтверждён,,5905102,584253,2868.038220095384,,,
site,south,,12255,"[11.175358, 49.397726]",378565.09611124214,distance_excluded,44.0,0,False,4669.5,4283.5,39.2,381077.991369357,access_exceeds_3km_even_optimistic,Подъезд >3 км даже в диагностической сети без проверок доступа и поворотов; исключено только по модели OSM,,5905102,584253,4591.10134357268,,,
site,south,,12257,"[11.18581, 49.41886]",378565.09611124214,unconfirmed,44.0,0,False,3357.0,4693.8,9.8,381077.991369357,access_or_snap_review,"Короткая связь появляется только в диагностике; проверить доступ, повороты, барьеры и привязку координаты",,5905102,584253,1589.143369852946,,,
site,south,,12259,"[11.17288, 49.41188]",378565.09611124214,unconfirmed,44.0,0,False,2916.0,4049.8,8.1,381077.991369357,return_or_snap_unconfirmed,Подъезд ≤3 км найден; возврат ≤3 км на своё направление не подтверждён,,5905102,584253,2837.559586286615,,,
site,south,,18827,"[11.175675, 49.398242]",378565.09611124214,distance_excluded,150.0,2,False,4651.6,4263.4,5.2,381077.991369357,access_exceeds_3km_even_optimistic,Подъезд >3 км даже в диагностической сети без проверок доступа и поворотов; исключено только по модели OSM,,5905102,584253,4573.212306436656,,,
site,south,,18848,"[11.2021, 49.35572]",385014.38545474096,unconfirmed,93.0,0,False,,,,,access_or_snap_review,"Короткая связь появляется только в диагностике; проверить доступ, повороты, барьеры и привязку координаты",,,,862.2827325511334,,,
site,south,,18850,"[11.201642, 49.356498]",384193.4278109365,road_route_found_entrance_unverified,98.0,0,False,767.0,463.1,7.1,385314.5645226721,,,Rasthof Nürnberg/Feucht,747044454,747044287,,,,
site,south,,18871,"[11.207207, 49.466297]",366762.6419744531,distance_excluded,44.0,0,False,9082.8,7881.3,6.4,373915.2390850229,access_exceeds_3km_even_optimistic,Подъезд >3 км даже в диагностической сети без проверок доступа и поворотов; исключено только по модели OSM,,250042929,5905100,5873.10718919522,,,
site,south,,18877,"[11.199548, 49.47188]",366762.6419744531,distance_excluded,11.0,0,False,8122.1,7150.2,2.4,373915.2390850229,access_exceeds_3km_even_optimistic,Подъезд >3 км даже в диагностической сети без проверок доступа и поворотов; исключено только по модели OSM,,250042929,5905100,4912.460449010693,,,
site,south,,20330,"[11.169686, 49.364405]",385477.35282183334,distance_excluded,22.0,0,False,4610.5,4917.2,8.8,386008.8155438407,access_exceeds_3km_even_optimistic,Подъезд >3 км даже в диагностической сети без проверок доступа и поворотов; исключено только по модели OSM,,5913535,3779207414,4610.502378208586,,,
site,south,,20333,"[11.172303, 49.363365]",385477.35282183334,distance_excluded,44.0,0,False,4907.7,5106.7,6.2,386008.8155438407,access_exceeds_3km_even_optimistic,Подъезд >3 км даже в диагностической сети без проверок доступа и поворотов; исключено только по модели OSM,,5913535,3779207414,4907.727052865327,,,
site,south,,20334,"[11.157707, 49.346601]",385477.35282183334,distance_excluded,44.0,0,False,7240.5,7458.7,0.1,386008.8155438407,access_exceeds_3km_even_optimistic,Подъезд >3 км даже в диагностической сети без проверок доступа и поворотов; исключено только по модели OSM,,5913535,3779207414,7240.506639395819,,,
site,south,,20335,"[11.16804, 49.36646]",385477.35282183334,distance_excluded,44.0,0,False,4340.4,4586.7,2.0,386008.8155438407,access_exceeds_3km_even_optimistic,Подъезд >3 км даже в диагностической сети без проверок доступа и поворотов; исключено только по модели OSM,,5913535,3779207414,4340.371816057252,,,
site,south,,20336,"[11.16804, 49.36646]",385477.35282183334,distance_excluded,22.0,0,False,4340.4,4586.7,2.0,386008.8155438407,access_exceeds_3km_even_optimistic,Подъезд >3 км даже в диагностической сети без проверок доступа и поворотов; исключено только по модели OSM,,5913535,3779207414,4340.371816057252,,,
site,south,,20337,"[11.167197000000002, 49.3540275]",385477.35282183334,distance_excluded,116.0,0,False,6695.6,6941.9,10.8,386008.8155438407,access_exceeds_3km_even_optimistic,Подъезд >3 км даже в диагностической сети без проверок доступа и поворотов; исключено только по модели OSM,,5913535,3779207414,6695.591455115884,,,
site,south,,20342,"[11.15549, 49.34763]",385477.35282183334,distance_excluded,88.0,0,False,7416.1,7586.2,7.1,386008.8155438407,access_exceeds_3km_even_optimistic,Подъезд >3 км даже в диагностической сети без проверок доступа и поворотов; исключено только по модели OSM,,5913535,3779207414,7416.08200739775,,,
site,south,,20343,"[11.16353, 49.35236]",385477.35282183334,distance_excluded,200.0,2,False,6662.2,6872.1,4.2,386008.8155438407,access_exceeds_3km_even_optimistic,Подъезд >3 км даже в диагностической сети без проверок доступа и поворотов; исключено только по модели OSM,,5913535,3779207414,6605.82916481604,,,
site,south,,20353,"[11.16197, 49.34672]",385477.35282183334,distance_excluded,72.0,0,False,7461.2,7541.4,10.1,386008.8155438407,access_exceeds_3km_even_optimistic,Подъезд >3 км даже в диагностической сети без проверок доступа и поворотов; исключено только по модели OSM,,5913535,3779207414,7461.229635713825,,,
site,south,,20354,"[11.15713, 49.35096]",385477.35282183334,distance_excluded,44.0,0,False,7109.2,7115.6,11.5,386008.8155438407,access_exceeds_3km_even_optimistic,Подъезд >3 км даже в диагностической сети без проверок доступа и поворотов; исключено только по модели OSM,,5913535,3779207414,7109.178811580318,,,
site,south,,11433,"[11.553234, 48.18302]",529299.531777378,distance_excluded,22.0,0,False,3918.6,6573.7,4.2,526501.9582870953,access_exceeds_3km_even_optimistic,Подъезд >3 км даже в диагностической сети без проверок доступа и поворотов; исключено только по модели OSM,,2382884,26823580,3743.0389792570095,,,
site,south,,11435,"[11.555539, 48.179835]",529299.531777378,distance_excluded,2000.0,10,True,,,,,access_exceeds_3km_even_optimistic,Подъезд >3 км даже в диагностической сети без проверок доступа и поворотов; исключено только по модели OSM,,,,3349.5212278354475,,,
site,south,,11443,"[11.55342, 48.17495]",529299.531777378,distance_excluded,200.0,2,False,,,,,access_exceeds_3km_even_optimistic,Подъезд >3 км даже в диагностической сети без проверок доступа и поворотов; исключено только по модели OSM,,,,3537.2651207923827,,,
site,south,,11436,"[11.551593, 48.187429]",529299.531777378,distance_excluded,44.0,0,False,4383.7,6490.9,3.9,526501.9582870953,access_exceeds_3km_even_optimistic,Подъезд >3 км даже в диагностической сети без проверок доступа и поворотов; исключено только по модели OSM,,2382884,26823580,4337.147622789477,,,
site,south,,11437,"[11.551952, 48.186629]",529299.531777378,distance_excluded,22.0,0,False,4415.0,6554.7,24.2,526501.9582870953,access_exceeds_3km_even_optimistic,Подъезд >3 км даже в диагностической сети без проверок доступа и поворотов; исключено только по модели OSM,,2382884,26823580,4368.422227927982,,,
site,south,,11438,"[11.555002, 48.185812]",529299.531777378,distance_excluded,3.7,0,False,4069.0,6026.7,30.1,526501.9582870953,access_exceeds_3km_even_optimistic,Подъезд >3 км даже в диагностической сети без проверок доступа и поворотов; исключено только по модели OSM,,2382884,26823580,4069.0113690387366,,,
site,south,,11440,"[11.554438, 48.185115]",529299.531777378,distance_excluded,11.0,0,False,,,,,access_exceeds_3km_even_optimistic,Подъезд >3 км даже в диагностической сети без проверок доступа и поворотов; исключено только по модели OSM,,,,4114.725690022574,,,
site,south,,11444,"[11.549643, 48.185106]",529299.531777378,distance_excluded,22.0,0,False,4217.1,6893.6,6.7,526501.9582870953,access_exceeds_3km_even_optimistic,Подъезд >3 км даже в диагностической сети без проверок доступа и поворотов; исключено только по модели OSM,,2382884,26823580,4186.729029323311,,,
site,south,,15857,"[11.558866, 48.352028]",514493.48773381254,distance_excluded,22.0,0,False,9283.4,9339.8,14.1,514750.1901193355,access_exceeds_3km_even_optimistic,Подъезд >3 км даже в диагностической сети без проверок доступа и поворотов; исключено только по модели OSM,,13888745,540181,6312.305070182572,,,
site,south,,15692,"[11.547516, 48.491396]",490531.1037196171,distance_excluded,11.0,0,False,4775.9,4746.7,27.4,490730.8388202927,access_exceeds_3km_even_optimistic,Подъезд >3 км даже в диагностической сети без проверок доступа и поворотов; исключено только по модели OSM,,119803319,21518736,4775.890170017535,,,
site,south,,15693,"[11.567628, 48.474394]",490531.1037196171,distance_excluded,22.0,0,False,4978.7,5008.8,6.8,490730.8388202927,access_exceeds_3km_even_optimistic,Подъезд >3 км даже в диагностической сети без проверок доступа и поворотов; исключено только по модели OSM,,119803319,21518736,4978.722232755642,,,
site,south,,15694,"[11.563623, 48.477363]",490531.1037196171,distance_excluded,22.0,0,False,5126.7,5101.3,20.6,490730.8388202927,access_exceeds_3km_even_optimistic,Подъезд >3 км даже в диагностической сети без проверок доступа и поворотов; исключено только по модели OSM,,119803319,21518736,5126.694028489035,,,
site,south,,15695,"[11.564945, 48.471233]",490531.1037196171,distance_excluded,22.0,0,False,5502.0,5488.1,8.0,490730.8388202927,access_exceeds_3km_even_optimistic,Подъезд >3 км даже в диагностической сети без проверок доступа и поворотов; исключено только по модели OSM,,119803319,21518736,5502.007332650896,,,
site,south,,18399,"[11.454556, 48.693646]",464604.32203696994,distance_excluded,150.0,2,False,6999.4,5917.2,8.4,465232.37021052587,access_exceeds_3km_even_optimistic,Подъезд >3 км даже в диагностической сети без проверок доступа и поворотов; исключено только по модели OSM,,334278260,21532629,5658.494417574026,,,
site,south,,19578,"[11.494464, 48.715658]",464604.32203696994,unconfirmed,44.0,0,False,2722.3,3046.1,10.4,465232.37021052587,return_or_snap_unconfirmed,Подъезд ≤3 км найден; возврат ≤3 км на своё направление не подтверждён,,334278260,21532629,2407.953632723741,,,
site,south,,19579,"[11.459078, 48.712075]",464604.32203696994,road_route_found_entrance_unverified,11.0,0,False,2515.9,2720.4,20.4,465232.37021052587,,,Ответвление без названия,334278260,21532629,,,,
site,south,,19580,"[11.48685, 48.71883]",464604.32203696994,road_route_found_entrance_unverified,22.0,0,False,2295.1,2658.8,6.9,465232.37021052587,,,Ответвление без названия,334278260,21532629,,,,
site,south,,19581,"[11.485485, 48.714608]",464604.32203696994,road_route_found_entrance_unverified,11.0,0,False,2486.8,2857.3,14.7,465232.37021052587,,,Ответвление без названия,334278260,21532629,,,,
site,south,,19582,"[11.48144, 48.713755]",464426.6095436227,unconfirmed,800.0,4,True,,,,,access_or_snap_review,"Короткая связь появляется только в диагностике; проверить доступ, повороты, барьеры и привязку координаты",,,,1251.178320897087,,,
site,south,,19583,"[11.520653, 48.645628]",472191.81933485414,road_route_found_entrance_unverified,5000.0,20,True,1048.8,1045.3,32.0,472429.64760641084,,,Langenbruck,20921014,1626295988,,,,
site,south,,19584,"[11.520237, 48.644283]",472191.81933485414,road_route_found_entrance_unverified,600.0,4,True,955.6,965.2,1.2,472429.64760641084,,,Langenbruck,20921014,1626295988,,,,
site,south,,19585,"[11.48127, 48.654199000000006]",472191.81933485414,distance_excluded,55.0,0,False,3750.6,4207.2,44.8,472429.64760641084,access_exceeds_3km_even_optimistic,Подъезд >3 км даже в диагностической сети без проверок доступа и поворотов; исключено только по модели OSM,,20921014,1626295988,3750.649714110386,,,
site,south,,19586,"[11.482268, 48.654903]",472191.81933485414,distance_excluded,44.0,0,False,3848.7,4109.2,1.0,472429.64760641084,access_exceeds_3km_even_optimistic,Подъезд >3 км даже в диагностической сети без проверок доступа и поворотов; исключено только по модели OSM,,20921014,1626295988,3848.701937094782,,,
site,south,,19587,"[11.511201, 48.641923]",472191.81933485414,road_route_found_entrance_unverified,11.0,0,False,1140.2,1048.7,11.0,472429.64760641084,,,Langenbruck,20921014,1626295988,,,,
site,south,,19588,"[11.520159999999999, 48.64340000000001]",472191.81933485414,road_route_found_entrance_unverified,900.0,6,True,1010.0,1050.1,5.1,472429.64760641084,,,Langenbruck,20921014,1626295988,,,,
site,south,,19589,"[11.5135, 48.6449]",472191.81933485414,road_route_found_entrance_unverified,300.0,4,False,820.9,888.0,8.4,472429.64760641084,,,Langenbruck,20921014,1626295988,,,,
site,south,,19590,"[11.475382000000002, 48.653763]",472191.81933485414,distance_excluded,194.0,4,False,3928.6,4061.1,6.7,472429.64760641084,access_exceeds_3km_even_optimistic,Подъезд >3 км даже в диагностической сети без проверок доступа и поворотов; исключено только по модели OSM,,20921014,1626295988,3928.605162262894,,,
site,south,,19594,"[11.45990625, 48.67306]",472191.81933485414,distance_excluded,408.0,0,False,7039.4,7238.9,4.3,472429.64760641084,access_exceeds_3km_even_optimistic,Подъезд >3 км даже в диагностической сети без проверок доступа и поворотов; исключено только по модели OSM,,20921014,1626295988,7039.426487765334,,,
site,south,,19595,"[11.467403, 48.671484]",472191.81933485414,distance_excluded,88.0,0,False,6626.7,6731.7,4.9,472429.64760641084,access_exceeds_3km_even_optimistic,Подъезд >3 км даже в диагностической сети без проверок доступа и поворотов; исключено только по модели OSM,,20921014,1626295988,6062.909326709022,,,
site,south,,19596,"[11.467445, 48.67148]",472191.81933485414,distance_excluded,66.0,0,False,6588.2,6770.2,5.3,472429.64760641084,access_exceeds_3km_even_optimistic,Подъезд >3 км даже в диагностической сети без проверок доступа и поворотов; исключено только по модели OSM,,20921014,1626295988,6059.812720272789,,,
site,south,,19597,"[11.46067, 48.67419]",472191.81933485414,distance_excluded,22.0,0,False,7031.9,7170.9,6.9,472429.64760641084,access_exceeds_3km_even_optimistic,Подъезд >3 км даже в диагностической сети без проверок доступа и поворотов; исключено только по модели OSM,,20921014,1626295988,6379.066818773012,,,
site,south,,19598,"[11.459847000000002, 48.673001]",472191.81933485414,distance_excluded,370.0,2,False,7033.1,7245.2,0.3,472429.64760641084,access_exceeds_3km_even_optimistic,Подъезд >3 км даже в диагностической сети без проверок доступа и поворотов; исключено только по модели OSM,,20921014,1626295988,7033.05357154905,,,
site,south,,19599,"[11.460647, 48.674182]",472191.81933485414,distance_excluded,44.0,0,False,7044.1,7158.6,6.1,472429.64760641084,access_exceeds_3km_even_optimistic,Подъезд >3 км даже в диагностической сети без проверок доступа и поворотов; исключено только по модели OSM,,20921014,1626295988,6391.300596888735,,,
site,south,,19600,"[11.460647, 48.674182]",472191.81933485414,distance_excluded,44.0,0,False,7044.1,7158.6,6.1,472429.64760641084,access_exceeds_3km_even_optimistic,Подъезд >3 км даже в диагностической сети без проверок доступа и поворотов; исключено только по модели OSM,,20921014,1626295988,6391.300596888735,,,
site,south,,19611,"[11.481217, 48.654019]",472191.81933485414,distance_excluded,22.0,0,False,3730.5,4227.4,42.0,472429.64760641084,access_exceeds_3km_even_optimistic,Подъезд >3 км даже в диагностической сети без проверок доступа и поворотов; исключено только по модели OSM,,20921014,1626295988,3730.45803842991,,,
site,south,,19639,"[11.537817, 48.524066]",490531.1037196171,distance_excluded,50.0,0,False,4726.1,4751.9,15.0,490730.8388202927,access_exceeds_3km_even_optimistic,Подъезд >3 км даже в диагностической сети без проверок доступа и поворотов; исключено только по модели OSM,,119803319,21518736,4726.0857474322565,,,
site,south,,19640,"[11.562305, 48.518278]",490531.1037196171,road_route_found_entrance_unverified,6000.0,24,True,2712.3,2780.1,3.6,490730.8388202927,,,Pfaffenhofen,119803319,21518736,,,,
site,south,,19655,"[11.562317, 48.613224]",481342.3847718096,distance_excluded,30.0,0,False,5917.2,5968.0,13.2,481342.3847718096,access_exceeds_3km_even_optimistic,Подъезд >3 км даже в диагностической сети без проверок доступа и поворотов; исключено только по модели OSM,,334283419,334283419,5917.202720686518,,,
site,south,,10635,"[11.419231, 48.791373]",455850.9134532044,distance_excluded,1716.0,0,False,,,,,access_exceeds_3km_even_optimistic,Подъезд >3 км даже в диагностической сети без проверок доступа и поворотов; исключено только по модели OSM,,,,4678.697346552472,,,
site,south,,10636,"[11.418156, 48.78145]",456275.9183165894,distance_excluded,300.0,2,False,,,,,access_exceeds_3km_even_optimistic,Подъезд >3 км даже в диагностической сети без проверок доступа и поворотов; исключено только по модели OSM,,,,4129.750738203017,,,
site,south,,10637,"[11.424704, 48.76702]",458527.762216912,distance_excluded,22.0,0,False,,,,,access_exceeds_3km_even_optimistic,Подъезд >3 км даже в диагностической сети без проверок доступа и поворотов; исключено только по модели OSM,,,,3668.030636677502,,,
site,south,,10638,"[11.432219, 48.773082]",457519.3653595412,unconfirmed,88.0,0,False,,,,,topology_or_coordinate_review,"Связь не установлена: проверить координату, ближайшую дорогу и полноту OSM",,,,,,,
site,south,,10640,"[11.419227, 48.764779]",459451.2392207569,distance_excluded,88.0,0,False,4207.3,4359.9,40.5,457852.3842789145,access_exceeds_3km_even_optimistic,Подъезд >3 км даже в диагностической сети без проверок доступа и поворотов; исключено только по модели OSM,,3784371033,255885778,3720.789054479446,,,
site,south,,10642,"[11.426317, 48.761385]",459451.2392207569,distance_excluded,22.0,0,False,3369.5,3558.5,2.1,457852.3842789145,access_exceeds_3km_even_optimistic,Подъезд >3 км даже в диагностической сети без проверок доступа и поворотов; исключено только по модели OSM,,3784371033,255885778,3226.14947764209,,,
site,south,,10643,"[11.4236, 48.77014]",459451.2392207569,distance_excluded,300.0,4,False,4370.4,3949.5,0.1,457852.3842789145,access_exceeds_3km_even_optimistic,Подъезд >3 км даже в диагностической сети без проверок доступа и поворотов; исключено только по модели OSM,,3784371033,255885778,3242.135979257823,,,
site,south,,10644,"[11.4237725, 48.770126]",459451.2392207569,distance_excluded,88.0,0,False,4373.7,3957.1,8.4,457852.3842789145,access_exceeds_3km_even_optimistic,Подъезд >3 км даже в диагностической сети без проверок доступа и поворотов; исключено только по модели OSM,,3784371033,255885778,3245.412257465413,,,
site,south,,10645,"[11.431439999999998, 48.766056]",458553.99220331636,unconfirmed,88.0,0,False,,,,,access_or_snap_review,"Короткая связь появляется только в диагностике; проверить доступ, повороты, барьеры и привязку координаты",,,,2857.8674956655386,,,
site,south,,10650,"[11.423098, 48.766229]",459451.2392207569,distance_excluded,100.0,0,False,4327.7,4287.2,7.6,457852.3842789145,access_exceeds_3km_even_optimistic,Подъезд >3 км даже в диагностической сети без проверок доступа и поворотов; исключено только по модели OSM,,3784371033,255885778,3553.5323799985667,,,
site,south,,10651,"[11.422195, 48.767608]",459451.2392207569,distance_excluded,50.0,0,False,4419.4,4157.7,6.5,457852.3842789145,access_exceeds_3km_even_optimistic,Подъезд >3 км даже в диагностической сети без проверок доступа и поворотов; исключено только по модели OSM,,3784371033,255885778,3472.548053428396,,,
site,south,,10652,"[11.42029, 48.76088]",459451.2392207569,distance_excluded,300.0,4,False,4168.3,4117.1,7.5,459816.12367609947,access_exceeds_3km_even_optimistic,Подъезд >3 км даже в диагностической сети без проверок доступа и поворотов; исключено только по модели OSM,,3784371033,3784338850,3890.7637661014523,,,
site,south,,10653,"[11.421405, 48.760782500000005]",459196.5173205903,distance_excluded,88.0,0,False,,,,,access_exceeds_3km_even_optimistic,Подъезд >3 км даже в диагностической сети без проверок доступа и поворотов; исключено только по модели OSM,,,,3785.834663317997,,,
site,south,,10656,"[11.426985, 48.76314]",459451.2392207569,distance_excluded,22.0,0,False,3557.6,3413.0,8.5,457852.3842789145,access_exceeds_3km_even_optimistic,Подъезд >3 км даже в диагностической сети без проверок доступа и поворотов; исключено только по модели OSM,,3784371033,255885778,3037.5139554842326,,,
site,south,,10657,"[11.42714, 48.7629]",458965.02924605407,distance_excluded,88.0,0,False,,,,,access_exceeds_3km_even_optimistic,Подъезд >3 км даже в диагностической сети без проверок доступа и поворотов; исключено только по модели OSM,,,,3006.921480409927,,,
site,south,,10658,"[11.42714, 48.7629]",458965.02924605407,distance_excluded,132.0,0,False,,,,,access_exceeds_3km_even_optimistic,Подъезд >3 км даже в диагностической сети без проверок доступа и поворотов; исключено только по модели OSM,,,,3006.921480409927,,,
site,south,,10659,"[11.42714, 48.7629]",458965.02924605407,distance_excluded,88.0,0,False,,,,,access_exceeds_3km_even_optimistic,Подъезд >3 км даже в диагностической сети без проверок доступа и поворотов; исключено только по модели OSM,,,,3006.921480409927,,,
site,south,,10660,"[11.425857, 48.767748]",459451.2392207569,distance_excluded,88.0,0,False,4148.9,3900.6,1.4,457852.3842789145,access_exceeds_3km_even_optimistic,Подъезд >3 км даже в диагностической сети без проверок доступа и поворотов; исключено только по модели OSM,,3784371033,255885778,3374.753199606575,,,
site,south,,10661,"[11.433659, 48.764703]",458676.2699411415,unconfirmed,132.0,0,False,,,,,access_or_snap_review,"Короткая связь появляется только в диагностике; проверить доступ, повороты, барьеры и привязку координаты",,,,2880.8985883231535,,,
site,south,,10662,"[11.4307715, 48.763825499999996]",458819.06165146857,unconfirmed,88.0,0,False,,,,,access_or_snap_review,"Короткая связь появляется только в диагностике; проверить доступ, повороты, барьеры и привязку координаты",,,,2730.1229997513237,,,
site,south,,10663,"[11.43056, 48.76365]",458840.89634183183,unconfirmed,300.0,4,False,,,,,access_or_snap_review,"Короткая связь появляется только в диагностике; проверить доступ, повороты, барьеры и привязку координаты",,,,2739.340868485936,,,
site,south,,10664,"[11.430773, 48.763837]",458817.7823089481,unconfirmed,150.0,2,False,,,,,access_or_snap_review,"Короткая связь появляется только в диагностике; проверить доступ, повороты, барьеры и привязку координаты",,,,2713.375707557555,,,
site,south,,10670,"[11.431278, 48.751639]",459451.2392207569,road_route_found_entrance_unverified,44.0,0,False,2640.8,2529.2,4.6,459816.12367609947,,,Ingolstadt-Süd,3784371033,3784338850,,,,
site,south,,10671,"[11.436131, 48.745382]",459451.2392207569,distance_excluded,150.0,2,False,3462.6,3151.2,5.8,459816.12367609947,access_exceeds_3km_even_optimistic,Подъезд >3 км даже в диагностической сети без проверок доступа и поворотов; исключено только по модели OSM,,3784371033,3784338850,3154.026300788782,,,
site,south,,10672,"[11.437368, 48.74]",459451.2392207569,distance_excluded,71.0,0,False,4108.3,3842.3,20.1,459816.12367609947,access_exceeds_3km_even_optimistic,Подъезд >3 км даже в диагностической сети без проверок доступа и поворотов; исключено только по модели OSM,,3784371033,3784338850,3791.495530465924,,,
site,south,,10673,"[11.437203, 48.743583]",459451.2392207569,distance_excluded,88.0,0,False,3692.2,3376.5,23.3,459816.12367609947,access_exceeds_3km_even_optimistic,Подъезд >3 км даже в диагностической сети без проверок доступа и поворотов; исключено только по модели OSM,,3784371033,3784338850,3375.3580159667504,,,
site,south,,10674,"[11.435144, 48.740054]",459451.2392207569,distance_excluded,600.0,4,True,4131.2,3917.0,6.6,459816.12367609947,access_exceeds_3km_even_optimistic,Подъезд >3 км даже в диагностической сети без проверок доступа и поворотов; исключено только по модели OSM,,3784371033,3784338850,3770.8694433979367,,,
site,south,,10675,"[11.426157, 48.73871]",459451.2392207569,distance_excluded,11.0,0,False,4341.7,4215.7,12.0,459816.12367609947,access_exceeds_3km_even_optimistic,Подъезд >3 км даже в диагностической сети без проверок доступа и поворотов; исключено только по модели OSM,,3784371033,3784338850,4222.7338641744855,,,
site,south,,10680,"[11.440074, 48.745065]",460121.5318605081,unconfirmed,88.0,0,False,,,,,access_or_snap_review,"Короткая связь появляется только в диагностике; проверить доступ, повороты, барьеры и привязку координаты",,,,2741.2256701434517,,,
site,south,,10681,"[11.437833, 48.737056]",459451.2392207569,distance_excluded,44.0,0,False,4435.8,4224.1,7.7,459816.12367609947,access_exceeds_3km_even_optimistic,Подъезд >3 км даже в диагностической сети без проверок доступа и поворотов; исключено только по модели OSM,,3784371033,3784338850,4075.5641877660514,,,
site,south,,10682,"[11.43131, 48.753435]",459451.2392207569,road_route_found_entrance_unverified,22.0,0,False,2644.4,2603.5,16.4,459816.12367609947,,,Ingolstadt-Süd,3784371033,3784338850,,,,
site,south,,10683,"[11.43475, 48.742472]",459451.2392207569,distance_excluded,44.0,0,False,3792.6,3668.9,6.4,459816.12367609947,access_exceeds_3km_even_optimistic,Подъезд >3 км даже в диагностической сети без проверок доступа и поворотов; исключено только по модели OSM,,3784371033,3784338850,3432.2710186632507,,,
site,south,,10684,"[11.436966, 48.739411]",459451.2392207569,distance_excluded,160.0,2,False,4197.1,4102.3,5.3,459816.12367609947,access_exceeds_3km_even_optimistic,Подъезд >3 км даже в диагностической сети без проверок доступа и поворотов; исключено только по модели OSM,,3784371033,3784338850,3836.7887443396776,,,
site,south,,10685,"[11.43925, 48.735361]",459451.2392207569,distance_excluded,150.0,2,False,4715.6,4518.4,9.2,459816.12367609947,access_exceeds_3km_even_optimistic,Подъезд >3 км даже в диагностической сети без проверок доступа и поворотов; исключено только по модели OSM,,3784371033,3784338850,4355.359468589363,,,
site,south,,10686,"[11.433505, 48.760112]",459451.2392207569,distance_excluded,88.0,0,False,3248.8,4125.7,20.6,457852.3842789145,access_exceeds_3km_even_optimistic,Подъезд >3 км даже в диагностической сети без проверок доступа и поворотов; исключено только по модели OSM,,3784371033,255885778,3193.5287917912015,,,
site,south,,10689,"[11.4606, 48.75225]",459806.57801775594,unconfirmed,1200.0,4,True,,,,,access_or_snap_review,"Короткая связь появляется только в диагностике; проверить доступ, повороты, барьеры и привязку координаты",,,,1115.9671646547915,,,
site,south,,10690,"[11.48631, 48.74678]",461281.364658531,distance_excluded,22.0,0,False,,,,,access_exceeds_3km_even_optimistic,Подъезд >3 км даже в диагностической сети без проверок доступа и поворотов; исключено только по модели OSM,,,,3301.7432805999465,,,
site,south,,10691,"[11.48414, 48.74494]",459451.2392207569,unconfirmed,22.0,0,False,3728.4,3348.1,8.1,459816.12367609947,access_or_snap_review,"Короткая связь появляется только в диагностике; проверить доступ, повороты, барьеры и привязку координаты",,3784371033,3784338850,2988.871927675234,,,
site,south,,10692,"[11.438577, 48.759207]",459451.2392207569,road_route_found_entrance_unverified,22.0,0,False,1852.4,2281.3,8.9,459816.12367609947,,,Ingolstadt-Süd,3784371033,3784338850,,,,
site,south,,10693,"[11.437408, 48.758534]",459451.2392207569,road_route_found_entrance_unverified,66.0,0,False,1983.3,2253.4,23.1,459816.12367609947,,,Ingolstadt-Süd,3784371033,3784338850,,,,
site,south,,10694,"[11.468969, 48.74862]",460528.33514094545,unconfirmed,470.0,4,True,,,,,access_or_snap_review,"Короткая связь появляется только в диагностике; проверить доступ, повороты, барьеры и привязку координаты",,,,1845.2611813356948,,,
site,south,,10695,"[11.469530500000001, 48.74864]",460541.11018837214,unconfirmed,600.0,4,True,,,,,access_or_snap_review,"Короткая связь появляется только в диагностике; проверить доступ, повороты, барьеры и привязку координаты",,,,1793.4874034459172,,,
site,south,,10696,"[11.46955, 48.74886]",460528.33514094545,unconfirmed,44.0,0,False,,,,,access_or_snap_review,"Короткая связь появляется только в диагностике; проверить доступ, повороты, барьеры и привязку координаты",,,,1803.1266761082704,,,
site,south,,10697,"[11.47034, 48.74866]",460565.7878547129,unconfirmed,450.0,4,True,,,,,access_or_snap_review,"Короткая связь появляется только в диагностике; проверить доступ, повороты, барьеры и привязку координаты",,,,1856.4339584015268,,,
site,south,,10698,"[11.470283, 48.747955]",459451.2392207569,unconfirmed,22.0,0,False,2968.4,3058.2,18.2,459816.12367609947,return_or_snap_unconfirmed,Подъезд ≤3 км найден; возврат ≤3 км на своё направление не подтверждён,,3784371033,3784338850,1788.0012634887755,,,
site,south,,10699,"[11.470283, 48.747955]",459451.2392207569,unconfirmed,22.0,0,False,2968.4,3058.2,18.2,459816.12367609947,return_or_snap_unconfirmed,Подъезд ≤3 км найден; возврат ≤3 км на своё направление не подтверждён,,3784371033,3784338850,1788.0012634887755,,,
site,south,,10700,"[11.470283, 48.747955]",459451.2392207569,unconfirmed,22.0,0,False,2968.4,3058.2,18.2,459816.12367609947,return_or_snap_unconfirmed,Подъезд ≤3 км найден; возврат ≤3 км на своё направление не подтверждён,,3784371033,3784338850,1788.0012634887755,,,
site,south,,10701,"[11.447763, 48.741389]",459451.2392207569,road_route_found_entrance_unverified,150.0,2,False,2978.0,2883.2,8.7,459816.12367609947,,,Ingolstadt-Süd,3784371033,3784338850,,,,
site,south,,10702,"[11.48135, 48.74217]",459451.2392207569,unconfirmed,22.0,0,False,4061.4,3854.7,27.6,459816.12367609947,access_or_snap_review,"Короткая связь появляется только в диагностике; проверить доступ, повороты, барьеры и привязку координаты",,3784371033,3784338850,2965.737716806402,,,
site,south,,10703,"[11.477489999999998, 48.75304]",460256.0640611069,unconfirmed,3600.0,12,True,,,,,access_or_snap_review,"Короткая связь появляется только в диагностике; проверить доступ, повороты, барьеры и привязку координаты",,,,2892.242681182452,,,
site,south,,10704,"[11.477172, 48.751081]",460550.10290755884,unconfirmed,600.0,4,True,,,,,access_or_snap_review,"Короткая связь появляется только в диагностике; проверить доступ, повороты, барьеры и привязку координаты",,,,2813.0139705218744,,,
site,south,,10705,"[11.46956, 48.74606]",459451.2392207569,road_route_found_entrance_unverified,600.0,4,True,1832.6,2027.6,10.4,459816.12367609947,,,Ingolstadt-Süd,3784371033,3784338850,,,,
site,south,,10706,"[11.469985, 48.745668]",459451.2392207569,road_route_found_entrance_unverified,154.0,0,False,1871.1,1989.2,22.6,459816.12367609947,,,Ingolstadt-Süd,3784371033,3784338850,,,,
site,south,,10707,"[11.451697, 48.752923]",459451.2392207569,road_route_found_entrance_unverified,600.0,4,True,681.8,624.3,16.7,459816.12367609947,,,Ingolstadt-Süd,3784371033,3784338850,,,,
site,south,,10708,"[11.468098, 48.745788]",459451.2392207569,road_route_found_entrance_unverified,300.0,4,False,1747.1,1834.6,4.7,459816.12367609947,,,Ingolstadt-Süd,3784371033,3784338850,,,,
site,south,,10709,"[11.4436, 48.7584]",459451.2392207569,road_route_found_entrance_unverified,270.0,2,False,1609.1,1642.9,10.9,459816.12367609947,,,Ingolstadt-Süd,3784371033,3784338850,,,,
site,south,,10710,"[11.462870666666667, 48.74793433333334]",459451.2392207569,road_route_found_entrance_unverified,238.0,0,False,1299.9,1185.5,24.4,459816.12367609947,,,Ingolstadt-Süd,3784371033,3784338850,,,,
site,south,,10711,"[11.4498835, 48.753175]",459624.9612756668,unconfirmed,85.0,0,False,,,,,access_or_snap_review,"Короткая связь появляется только в диагностике; проверить доступ, повороты, барьеры и привязку координаты",,,,917.2952138357783,,,
site,south,,10712,"[11.464294, 48.742317]",459451.2392207569,road_route_found_entrance_unverified,22.0,0,False,2104.0,1978.0,8.5,459816.12367609947,,,Ingolstadt-Süd,3784371033,3784338850,,,,
site,south,,10713,"[11.465941, 48.74362]",459451.2392207569,road_route_found_entrance_unverified,22.0,0,False,1863.8,1752.0,22.3,459816.12367609947,,,Ingolstadt-Süd,3784371033,3784338850,,,,
site,south,,10714,"[11.461752, 48.750191]",459451.2392207569,road_route_found_entrance_unverified,33.0,0,False,1145.7,991.4,21.5,459816.12367609947,,,Ingolstadt-Süd,3784371033,3784338850,,,,
site,south,,10715,"[11.472515, 48.747459]",459451.2392207569,road_route_found_entrance_unverified,115.0,0,False,2683.4,2781.6,9.6,459816.12367609947,,,Ingolstadt-Süd,3784371033,3784338850,,,,
site,south,,10718,"[11.425934, 48.782923]",456179.7919134457,distance_excluded,396.0,0,False,,,,,access_exceeds_3km_even_optimistic,Подъезд >3 км даже в диагностической сети без проверок доступа и поворотов; исключено только по модели OSM,,,,3698.835567925702,,,
site,south,,10719,"[11.425757, 48.78293]",456178.2022970244,distance_excluded,1298.0,0,False,,,,,access_exceeds_3km_even_optimistic,Подъезд >3 км даже в диагностической сети без проверок доступа и поворотов; исключено только по модели OSM,,,,3705.323372294939,,,
site,south,,10720,"[11.425934, 48.782923]",456179.7919134457,distance_excluded,22.0,0,False,,,,,access_exceeds_3km_even_optimistic,Подъезд >3 км даже в диагностической сети без проверок доступа и поворотов; исключено только по модели OSM,,,,3698.835567925702,,,
site,south,,10721,"[11.425934, 48.782923]",456179.7919134457,distance_excluded,22.0,0,False,,,,,access_exceeds_3km_even_optimistic,Подъезд >3 км даже в диагностической сети без проверок доступа и поворотов; исключено только по модели OSM,,,,3698.835567925702,,,
site,south,,10722,"[11.452222, 48.776306]",457033.7895769504,unconfirmed,150.0,1,False,,,,,return_or_snap_unconfirmed,Подъезд ≤3 км найден; возврат ≤3 км на своё направление не подтверждён,,,,915.0298406706326,,,
site,south,,10723,"[11.451806, 48.776139]",457050.37370369927,unconfirmed,150.0,2,False,,,,,return_or_snap_unconfirmed,Подъезд ≤3 км найден; возврат ≤3 км на своё направление не подтверждён,,,,941.77491446164,,,
site,south,,10724,"[11.425757, 48.78293]",456178.2022970244,distance_excluded,22.0,0,False,,,,,access_exceeds_3km_even_optimistic,Подъезд >3 км даже в диагностической сети без проверок доступа и поворотов; исключено только по модели OSM,,,,3705.323372294939,,,
site,south,,10726,"[11.437986, 48.766258]",458454.4461506867,unconfirmed,800.0,4,True,,,,,access_or_snap_review,"Короткая связь появляется только в диагностике; проверить доступ, повороты, барьеры и привязку координаты",,,,2064.353513540962,,,
site,south,,10727,"[11.451888, 48.772318]",457595.90180692286,road_route_found_entrance_unverified,300.0,2,False,2249.2,854.3,6.0,457852.3842789145,,,Ingolstadt-Nord,2363191326,255885778,,,,
site,south,,10728,"[11.45326, 48.772558]",457595.90180692286,road_route_found_entrance_unverified,88.0,0,False,2205.4,780.9,11.1,457852.3842789145,,,Ingolstadt-Nord,2363191326,255885778,,,,
site,south,,10729,"[11.444582, 48.772741]",457595.90180692286,road_route_found_entrance_unverified,44.0,0,False,2875.7,1400.9,2.9,457852.3842789145,,,Ingolstadt-Nord,2363191326,255885778,,,,
site,south,,10730,"[11.451975, 48.772269]",457595.90180692286,road_route_found_entrance_unverified,300.0,2,False,2249.1,836.6,1.3,457852.3842789145,,,Ingolstadt-Nord,2363191326,255885778,,,,
site,south,,10731,"[11.455017, 48.772707]",457595.90180692286,road_route_found_entrance_unverified,44.0,0,False,2233.2,841.6,28.4,457852.3842789145,,,Ingolstadt-Nord,2363191326,255885778,,,,
site,south,,10732,"[11.47795, 48.78239]",457595.90180692286,road_route_found_entrance_unverified,22.0,0,False,2972.6,2866.2,7.0,457346.7943950226,,,Ingolstadt-Nord,2363191326,7437618,,,,
site,south,,10733,"[11.478626, 48.782635]",456494.168520363,unconfirmed,1800.0,12,True,,,,,access_or_snap_review,"Короткая связь появляется только в диагностике; проверить доступ, повороты, барьеры и привязку координаты",,,,2895.1662236336297,,,
site,south,,10734,"[11.428444, 48.780151]",457216.81074288354,distance_excluded,352.0,0,False,4049.0,5547.6,4.5,457852.3842789145,access_exceeds_3km_even_optimistic,Подъезд >3 км даже в диагностической сети без проверок доступа и поворотов; исключено только по модели OSM,,139545,255885778,3580.9531962113097,,,
site,south,,10735,"[11.440444, 48.797333]",457216.81074288354,distance_excluded,300.0,4,False,3990.8,4561.0,7.3,452958.5165319802,access_exceeds_3km_even_optimistic,Подъезд >3 км даже в диагностической сети без проверок доступа и поворотов; исключено только по модели OSM,,139545,139570,3891.5951012372047,,,
site,south,,10737,"[11.47294, 48.783008]",457595.90180692286,distance_excluded,22.0,0,False,3401.6,3266.5,7.2,457346.7943950226,access_exceeds_3km_even_optimistic,Подъезд >3 км даже в диагностической сети без проверок доступа и поворотов; исключено только по модели OSM,,2363191326,7437618,3401.6199053022287,,,
site,south,,10738,"[11.4759864, 48.7816908]",457595.90180692286,distance_excluded,214.0,0,False,3232.3,3153.4,6.1,457346.7943950226,access_exceeds_3km_even_optimistic,Подъезд >3 км даже в диагностической сети без проверок доступа и поворотов; исключено только по модели OSM,,2363191326,7437618,3232.2934716526215,,,
site,south,,10739,"[11.475969, 48.782541]",456486.549266277,distance_excluded,22.0,0,False,,,,,access_exceeds_3km_even_optimistic,Подъезд >3 км даже в диагностической сети без проверок доступа и поворотов; исключено только по модели OSM,,,,3126.9354295853336,,,
site,south,,10740,"[11.435057, 48.771629]",457595.90180692286,unconfirmed,150.0,2,False,4233.6,2805.6,7.5,457852.3842789145,access_or_snap_review,"Короткая связь появляется только в диагностике; проверить доступ, повороты, барьеры и привязку координаты",,2363191326,255885778,2157.4165154371053,,,
site,south,,10741,"[11.419231, 48.791373]",455850.9134532044,distance_excluded,22.0,0,False,,,,,access_exceeds_3km_even_optimistic,Подъезд >3 км даже в диагностической сети без проверок доступа и поворотов; исключено только по модели OSM,,,,4678.697346552472,,,
site,south,,10742,"[11.478079545454547, 48.783879818181816]",457595.90180692286,distance_excluded,242.0,0,False,3354.7,3196.0,0.3,457346.7943950226,access_exceeds_3km_even_optimistic,Подъезд >3 км даже в диагностической сети без проверок доступа и поворотов; исключено только по модели OSM,,2363191326,7437618,3354.695317734931,,,
site,south,,10743,"[11.481286, 48.784427]",456296.66202581243,distance_excluded,300.0,2,False,,,,,access_exceeds_3km_even_optimistic,Подъезд >3 км даже в диагностической сети без проверок доступа и поворотов; исключено только по модели OSM,,,,3369.2136984842464,,,
site,south,,10744,"[11.477894, 48.783843]",456341.0802353496,distance_excluded,66.0,0,False,,,,,access_exceeds_3km_even_optimistic,Подъезд >3 км даже в диагностической сети без проверок доступа и поворотов; исключено только по модели OSM,,,,3381.026791326512,,,
site,south,,10745,"[11.448114, 48.768162]",457595.90180692286,road_route_found_entrance_unverified,44.0,0,False,2828.3,1620.3,32.2,457852.3842789145,,,Ingolstadt-Nord,2363191326,255885778,,,,
site,south,,10746,"[11.45521, 48.77601]",457090.8479028977,unconfirmed,300.0,4,False,,,,,access_or_snap_review,"Короткая связь появляется только в диагностике; проверить доступ, повороты, барьеры и привязку координаты",,,,647.8825206091612,,,
site,south,,10747,"[11.45952, 48.77484]",457216.81074288354,road_route_found_entrance_unverified,600.0,4,True,290.5,2990.9,11.0,457346.7943950226,,,Ingolstadt-Nord,139545,7437618,,,,
site,south,,10748,"[11.430788, 48.778773]",457216.81074288354,unconfirmed,98.0,0,False,3356.0,4380.7,6.0,457852.3842789145,access_or_snap_review,"Короткая связь появляется только в диагностике; проверить доступ, повороты, барьеры и привязку координаты",,139545,255885778,2487.0339705853316,,,
site,south,,10749,"[11.419373, 48.791394]",455850.9134532044,distance_excluded,330.0,0,False,,,,,access_exceeds_3km_even_optimistic,Подъезд >3 км даже в диагностической сети без проверок доступа и поворотов; исключено только по модели OSM,,,,4671.484513671218,,,
site,south,,10753,"[11.41351, 48.783598000000005]",456171.5509572366,distance_excluded,132.0,0,False,,,,,access_exceeds_3km_even_optimistic,Подъезд >3 км даже в диагностической сети без проверок доступа и поворотов; исключено только по модели OSM,,,,4586.417092750344,,,
site,south,,10754,"[11.413631, 48.783766]",456171.5509572366,distance_excluded,44.0,0,False,,,,,access_exceeds_3km_even_optimistic,Подъезд >3 км даже в диагностической сети без проверок доступа и поворотов; исключено только по модели OSM,,,,4663.439703193217,,,
site,south,,10755,"[11.413547, 48.783571]",456171.5509572366,distance_excluded,220.0,0,False,,,,,access_exceeds_3km_even_optimistic,Подъезд >3 км даже в диагностической сети без проверок доступа и поворотов; исключено только по модели OSM,,,,4583.48050962488,,,
site,south,,10756,"[11.413547, 48.783571]",456171.5509572366,distance_excluded,1200.0,4,True,,,,,access_exceeds_3km_even_optimistic,Подъезд >3 км даже в диагностической сети без проверок доступа и поворотов; исключено только по модели OSM,,,,4583.48050962488,,,
site,south,,10761,"[11.417795, 48.778639]",456522.1690077716,distance_excluded,418.0,0,False,,,,,access_exceeds_3km_even_optimistic,Подъезд >3 км даже в диагностической сети без проверок доступа и поворотов; исключено только по модели OSM,,,,3929.0090217526713,,,
site,south,,10777,"[11.424908, 48.77697]",456778.0269156195,distance_excluded,44.0,0,False,,,,,access_exceeds_3km_even_optimistic,Подъезд >3 км даже в диагностической сети без проверок доступа и поворотов; исключено только по модели OSM,,,,3176.751472338276,,,
site,south,,10778,"[11.424152, 48.776334]",456850.16463140154,distance_excluded,198.0,0,False,,,,,access_exceeds_3km_even_optimistic,Подъезд >3 км даже в диагностической сети без проверок доступа и поворотов; исключено только по модели OSM,,,,3158.091509530788,,,
site,south,,10779,"[11.425258, 48.776649]",456821.93189291545,distance_excluded,22.0,0,False,,,,,access_exceeds_3km_even_optimistic,Подъезд >3 км даже в диагностической сети без проверок доступа и поворотов; исключено только по модели OSM,,,,3133.4504920529434,,,
site,south,,10781,"[11.4258, 48.7665]",459451.2392207569,distance_excluded,22.0,0,False,4057.3,3999.2,0.5,457852.3842789145,access_exceeds_3km_even_optimistic,Подъезд >3 км даже в диагностической сети без проверок доступа и поворотов; исключено только по модели OSM,,3784371033,255885778,3283.125865293414,,,
site,south,,10782,"[11.42225, 48.78146]",456275.9183165894,unconfirmed,330.0,0,False,,,,,topology_or_coordinate_review,"Связь не установлена: проверить координату, ближайшую дорогу и полноту OSM",,,,,,,
site,south,,10783,"[11.421004, 48.781512]",456275.9183165894,distance_excluded,1826.0,0,False,,,,,access_exceeds_3km_even_optimistic,Подъезд >3 км даже в диагностической сети без проверок доступа и поворотов; исключено только по модели OSM,,,,3898.834898965897,,,
site,south,,10784,"[11.420503000000002, 48.781363]",456275.9183165894,distance_excluded,264.0,0,False,,,,,access_exceeds_3km_even_optimistic,Подъезд >3 км даже в диагностической сети без проверок доступа и поворотов; исключено только по модели OSM,,,,3946.404641184851,,,
site,south,,10785,"[11.420503, 48.781363]",456275.9183165894,distance_excluded,176.0,0,False,,,,,access_exceeds_3km_even_optimistic,Подъезд >3 км даже в диагностической сети без проверок доступа и поворотов; исключено только по модели OSM,,,,3946.404641184853,,,
site,south,,10786,"[11.420503, 48.781363]",456275.9183165894,distance_excluded,440.0,0,False,,,,,access_exceeds_3km_even_optimistic,Подъезд >3 км даже в диагностической сети без проверок доступа и поворотов; исключено только по модели OSM,,,,3946.404641184853,,,
site,south,,15267,"[11.48049, 48.809231]",457595.90180692286,unconfirmed,50.0,0,False,6659.9,3278.2,4.9,452958.5165319802,access_or_snap_review,"Короткая связь появляется только в диагностике; проверить доступ, повороты, барьеры и привязку координаты",,2363191326,139570,1986.1519945545588,,,
site,south,,15268,"[11.479721, 48.807902]",457595.90180692286,unconfirmed,44.0,0,False,6793.3,3163.9,6.4,452958.5165319802,access_or_snap_review,"Короткая связь появляется только в диагностике; проверить доступ, повороты, барьеры и привязку координаты",,2363191326,139570,1976.9793364709417,,,
site,south,,15269,"[11.505, 48.7978]",454095.06093716563,unconfirmed,22.0,0,False,,,,,topology_or_coordinate_review,"Связь не установлена: проверить координату, ближайшую дорогу и полноту OSM",,,,,,,
site,south,,15270,"[11.479807, 48.811357]",457595.90180692286,unconfirmed,5000.0,20,True,7036.9,6066.8,4.4,452958.5165319802,access_or_snap_review,"Короткая связь появляется только в диагностике; проверить доступ, повороты, барьеры и привязку координаты",,2363191326,139570,1707.5421435012668,,,
site,south,,15271,"[11.47946, 48.812766]",452744.6764523749,unconfirmed,22.0,0,False,,,,,access_or_snap_review,"Короткая связь появляется только в диагностике; проверить доступ, повороты, барьеры и привязку координаты",,,,1857.524755516419,,,
site,south,,15272,"[11.47941, 48.81091]",457595.90180692286,unconfirmed,700.0,4,True,7012.7,6066.2,6.1,452958.5165319802,access_or_snap_review,"Короткая связь появляется только в диагностике; проверить доступ, повороты, барьеры и привязку координаты",,2363191326,139570,1683.3616087754465,,,
site,south,,15273,"[11.463937000000001, 48.935875249999995]",439558.0089380574,road_route_found_entrance_unverified,116.0,0,False,1315.7,1215.6,10.9,439790.70241515216,,,Denkendorf,277793706,2383347,,,,
site,south,,15274,"[11.463711, 48.935984]",439558.0089380574,road_route_found_entrance_unverified,150.0,2,False,1259.7,1271.6,5.0,439790.70241515216,,,Denkendorf,277793706,2383347,,,,
site,south,,15275,"[11.466506999999998, 48.933067]",439558.0089380574,road_route_found_entrance_unverified,2100.0,14,True,1021.0,1075.7,7.4,439790.70241515216,,,Denkendorf,277793706,2383347,,,,
site,south,,15276,"[11.46458, 48.93181]",439558.0089380574,road_route_found_entrance_unverified,176.0,0,False,875.8,970.6,7.9,439790.70241515216,,,Denkendorf,277793706,2383347,,,,
site,south,,15277,"[11.46458, 48.931810000000006]",439558.0089380574,road_route_found_entrance_unverified,132.0,0,False,875.8,970.6,7.9,439790.70241515216,,,Denkendorf,277793706,2383347,,,,
site,south,,15278,"[11.458242, 48.928176]",439558.0089380574,road_route_found_entrance_unverified,22.0,0,False,583.1,577.3,10.2,439790.70241515216,,,Denkendorf,277793706,2383347,,,,
site,south,,15279,"[11.47237, 48.94109]",439558.0089380574,road_route_found_entrance_unverified,22.0,0,False,2053.0,2041.2,31.5,439790.70241515216,,,Denkendorf,277793706,2383347,,,,
site,south,,15280,"[11.502199, 48.789456]",457595.90180692286,distance_excluded,238.0,0,False,5948.9,6044.5,48.2,457346.7943950226,access_exceeds_3km_even_optimistic,Подъезд >3 км даже в диагностической сети без проверок доступа и поворотов; исключено только по модели OSM,,2363191326,7437618,4770.220991057853,,,
site,south,,15281,"[11.507066, 48.78383]",457595.90180692286,distance_excluded,33.0,0,False,4733.4,4789.9,6.5,457346.7943950226,access_exceeds_3km_even_optimistic,Подъезд >3 км даже в диагностической сети без проверок доступа и поворотов; исключено только по модели OSM,,2363191326,7437618,4733.448677814086,,,
site,south,,15283,"[11.45571, 48.81104]",457216.81074288354,unconfirmed,22.0,0,False,6817.5,1690.1,1.7,452958.5165319802,access_or_snap_review,"Короткая связь появляется только в диагностике; проверить доступ, повороты, барьеры и привязку координаты",,139545,139570,1788.8122511882934,,,
site,south,,15284,"[11.47026, 48.80751]",453546.6286101769,unconfirmed,22.0,0,False,,,,,access_or_snap_review,"Короткая связь появляется только в диагностике; проверить доступ, повороты, барьеры и привязку координаты",,,,1865.3617692081616,,,
site,south,,15285,"[11.4607, 48.8145]",457216.81074288354,unconfirmed,200.0,0,False,7277.8,1180.1,37.8,452958.5165319802,access_or_snap_review,"Короткая связь появляется только в диагностике; проверить доступ, повороты, барьеры и привязку координаты",,139545,139570,1338.3814930521983,,,
site,south,,15292,"[11.39319, 48.94969]",435400.11303620395,road_route_found_entrance_unverified,44.0,0,False,2904.3,2943.6,5.9,435400.11303620395,,,Ответвление без названия,1911795491,1911795491,,,,
site,south,,15293,"[11.383286, 48.950997]",435400.11303620395,distance_excluded,44.0,0,False,3607.0,3679.2,41.2,435400.11303620395,access_exceeds_3km_even_optimistic,Подъезд >3 км даже в диагностической сети без проверок доступа и поворотов; исключено только по модели OSM,,1911795491,1911795491,3607.0028594038486,,,
site,south,,15304,"[11.46762, 48.81937]",447621.2993494945,unconfirmed,110.0,0,False,5438.8,1788.1,7.3,452958.5165319802,access_or_snap_review,"Короткая связь появляется только в диагностике; проверить доступ, повороты, барьеры и привязку координаты",,1658379311,139570,1370.4543051060882,,,
site,south,,15305,"[11.472234, 48.836599]",447621.2993494945,unconfirmed,2100.0,6,True,4542.2,3207.5,4.8,447621.2993494945,access_or_snap_review,"Короткая связь появляется только в диагностике; проверить доступ, повороты, барьеры и привязку координаты",,1658379311,1658379311,1421.455994934167,,,
site,south,,15306,"[11.47115, 48.837281]",450167.4764145699,unconfirmed,50.0,0,False,,,,,topology_or_coordinate_review,"Связь не установлена: проверить координату, ближайшую дорогу и полноту OSM",,,,,,,
site,south,,15307,"[11.472141, 48.836329]",447621.2993494945,unconfirmed,43.0,0,False,4374.8,3374.8,8.4,447621.2993494945,access_or_snap_review,"Короткая связь появляется только в диагностике; проверить доступ, повороты, барьеры и привязку координаты",,1658379311,1658379311,1254.0897348088283,,,
site,south,,15308,"[11.47229, 48.83632]",447621.2993494945,unconfirmed,43.0,0,False,4385.8,3363.8,8.4,447621.2993494945,access_or_snap_review,"Короткая связь появляется только в диагностике; проверить доступ, повороты, барьеры и привязку координаты",,1658379311,1658379311,1265.0736936896633,,,
site,south,,15309,"[11.469319666666665, 48.83707566666667]",450151.85478441685,unconfirmed,2100.0,6,True,,,,,return_or_snap_unconfirmed,Подъезд ≤3 км найден; возврат ≤3 км на своё направление не подтверждён,,,,591.1612086594157,,,
site,south,,15310,"[11.469131, 48.837615]",450090.5148814162,unconfirmed,43.0,0,False,,,,,return_or_snap_unconfirmed,Подъезд ≤3 км найден; возврат ≤3 км на своё направление не подтверждён,,,,367.5648770433869,,,
site,south,,15311,"[11.375271333333332, 48.997546666666665]",428697.9122635621,road_route_found_entrance_unverified,1000.0,6,True,1224.4,1276.2,0.9,428866.4049652333,,,Altmühltal/Eichstätt,584882,344999516,,,,
site,south,,15321,"[11.45854, 48.85875]",447621.2993494945,road_route_found_entrance_unverified,44.0,0,False,652.8,704.2,5.7,447621.2993494945,,,Ответвление без названия,1658379311,1658379311,,,,
site,south,,15322,"[11.449699, 48.855892]",447621.2993494945,road_route_found_entrance_unverified,11.0,0,False,1555.8,1611.7,11.7,447621.2993494945,,,Ответвление без названия,1658379311,1658379311,,,,
site,south,,15330,"[11.424181, 48.821605]",447621.2993494945,distance_excluded,22.0,0,False,6459.3,5671.7,5.9,452958.5165319802,access_exceeds_3km_even_optimistic,Подъезд >3 км даже в диагностической сети без проверок доступа и поворотов; исключено только по модели OSM,,1658379311,139570,4472.154024147453,,,
site,south,,15312,"[11.380451, 49.000581]",428697.9122635621,road_route_found_entrance_unverified,44.0,0,False,1627.2,1521.0,2.5,428866.4049652333,,,Altmühltal/Eichstätt,584882,344999516,,,,
site,south,,15314,"[11.378064, 48.998815]",428697.9122635621,road_route_found_entrance_unverified,600.0,4,True,1280.3,1186.4,3.4,428866.4049652333,,,Altmühltal/Eichstätt,584882,344999516,,,,
site,south,,15315,"[11.383499, 49.000229]",428697.9122635621,road_route_found_entrance_unverified,44.0,0,False,1900.3,1732.0,10.3,428866.4049652333,,,Altmühltal/Eichstätt,584882,344999516,,,,
site,south,,18546,"[11.283866, 49.203093]",406666.73179589247,distance_excluded,11.0,0,False,8024.2,7923.3,29.1,406932.87785918097,access_exceeds_3km_even_optimistic,Подъезд >3 км даже в диагностической сети без проверок доступа и поворотов; исключено только по модели OSM,,1618827055,581314,8024.23495158376,,,
site,south,,18554,"[11.28545, 49.20348]",403974.6714974785,unconfirmed,30.0,0,False,,,,,topology_or_coordinate_review,"Связь не установлена: проверить координату, ближайшую дорогу и полноту OSM",,,,,,,
site,south,,18555,"[11.286246, 49.201868]",404159.60815953166,distance_excluded,11.0,0,False,,,,,access_exceeds_3km_even_optimistic,Подъезд >3 км даже в диагностической сети без проверок доступа и поворотов; исключено только по модели OSM,,,,7849.2397355890325,,,
site,south,,20355,"[11.203992, 49.229414]",396503.87860317744,distance_excluded,88.0,0,False,7412.6,7439.5,7.3,396780.02044510114,access_exceeds_3km_even_optimistic,Подъезд >3 км даже в диагностической сети без проверок доступа и поворотов; исключено только по модели OSM,,29747075,250966173,7356.096150044306,,,
site,south,,20356,"[11.232961, 49.250997]",396503.87860317744,distance_excluded,44.0,0,False,3930.8,3975.8,8.8,396780.02044510114,access_exceeds_3km_even_optimistic,Подъезд >3 км даже в диагностической сети без проверок доступа и поворотов; исключено только по модели OSM,,29747075,250966173,3874.292937626484,,,
site,south,,20357,"[11.228536, 49.2509]",396873.6498163687,distance_excluded,150.0,2,False,,,,,access_exceeds_3km_even_optimistic,Подъезд >3 км даже в диагностической сети без проверок доступа и поворотов; исключено только по модели OSM,,,,4110.981109489261,,,
site,south,,20358,"[11.22741, 49.25158]",396503.87860317744,distance_excluded,11.0,0,False,4331.0,4412.9,13.7,396780.02044510114,access_exceeds_3km_even_optimistic,Подъезд >3 км даже в диагностической сети без проверок доступа и поворотов; исключено только по модели OSM,,29747075,250966173,4274.479211974125,,,
site,south,,20359,"[11.22706, 49.25224]",396503.87860317744,distance_excluded,11.0,0,False,4384.8,4429.8,29.0,396780.02044510114,access_exceeds_3km_even_optimistic,Подъезд >3 км даже в диагностической сети без проверок доступа и поворотов; исключено только по модели OSM,,29747075,250966173,4328.2420376695845,,,
site,south,,20399,"[11.260164, 49.160999]",406666.73179589247,road_route_found_entrance_unverified,150.0,2,False,1092.7,1050.7,5.9,406932.87785918097,,,Hilpoltstein,1618827055,581314,,,,
site,south,,20403,"[11.260581, 49.161215]",406666.73179589247,road_route_found_entrance_unverified,4000.0,16,True,1039.9,1075.8,6.3,406932.87785918097,,,Hilpoltstein,1618827055,581314,,,,
site,south,,20404,"[11.260235, 49.1610715]",406666.73179589247,road_route_found_entrance_unverified,600.0,4,True,1090.9,1024.8,6.5,406932.87785918097,,,Hilpoltstein,1618827055,581314,,,,
site,south,,20409,"[11.28022, 49.17353]",406666.73179589247,distance_excluded,44.0,0,False,3639.9,3554.8,9.9,406932.87785918097,access_exceeds_3km_even_optimistic,Подъезд >3 км даже в диагностической сети без проверок доступа и поворотов; исключено только по модели OSM,,1618827055,581314,3639.9142115153663,,,
site,south,,20422,"[11.35608, 49.04409]",422634.05998112616,road_route_found_entrance_unverified,44.0,0,False,1025.9,1007.1,10.4,422848.94249655475,,,Greding,20968154,584861,,,,
site,south,,20423,"[11.342675666666667, 49.042792999999996]",422634.05998112616,road_route_found_entrance_unverified,675.0,6,True,919.0,858.0,7.3,422848.94249655475,,,Greding,20968154,584861,,,,
site,south,,20424,"[11.337633, 49.045591]",421397.16105377174,road_route_found_entrance_unverified,300.0,2,False,535.8,574.7,1.1,422462.2021103555,,,Rasthof Greding,2240116127,581350,,,,
site,south,,20425,"[11.349945, 49.043808]",422634.05998112616,road_route_found_entrance_unverified,150.0,2,False,556.3,523.5,1.7,422848.94249655475,,,Greding,20968154,584861,,,,
site,south,,20426,"[11.353943, 49.0415]",423189.6101867721,unconfirmed,50.0,0,False,,,,,access_or_snap_review,"Короткая связь появляется только в диагностике; проверить доступ, повороты, барьеры и привязку координаты",,,,859.0452512822352,,,
site,south,,20427,"[11.348685, 49.043877]",422634.05998112616,road_route_found_entrance_unverified,33.0,0,False,580.5,691.9,31.8,422848.94249655475,,,Greding,20968154,584861,,,,
site,south,,20428,"[11.342622, 49.041939]",422634.05998112616,road_route_found_entrance_unverified,5000.0,20,True,652.8,649.3,10.3,422848.94249655475,,,Greding,20968154,584861,,,,
site,south,,20429,"[11.35275, 49.04614]",422634.05998112616,road_route_found_entrance_unverified,44.0,0,False,872.1,856.7,16.3,422848.94249655475,,,Greding,20968154,584861,,,,
site,south,,20430,"[11.353943, 49.0415]",423189.6101867721,unconfirmed,98.0,0,False,,,,,access_or_snap_review,"Короткая связь появляется только в диагностике; проверить доступ, повороты, барьеры и привязку координаты",,,,859.0452512822352,,,
site,south,,20431,"[11.337409, 49.045639]",422634.05998112616,road_route_found_entrance_unverified,93.0,0,False,1173.2,1325.7,7.2,422848.94249655475,,,Greding,20968154,584861,,,,
site,south,,12256,"[11.250154, 49.436657]",378565.09611124214,distance_excluded,44.0,0,False,8913.3,10300.0,1.6,381077.991369357,access_exceeds_3km_even_optimistic,Подъезд >3 км даже в диагностической сети без проверок доступа и поворотов; исключено только по модели OSM,,5905102,584253,4844.068189127578,,,
site,south,,18844,"[11.219502, 49.377227]",385477.35282183334,distance_excluded,44.0,0,False,4439.7,5594.6,9.9,386008.8155438407,access_exceeds_3km_even_optimistic,Подъезд >3 км даже в диагностической сети без проверок доступа и поворотов; исключено только по модели OSM,,5913535,3779207414,4439.745810734019,,,
site,south,,18845,"[11.213764, 49.377382]",385477.35282183334,distance_excluded,44.0,0,False,4057.9,4974.4,4.5,386008.8155438407,access_exceeds_3km_even_optimistic,Подъезд >3 км даже в диагностической сети без проверок доступа и поворотов; исключено только по модели OSM,,5913535,3779207414,4057.8760014826325,,,
site,south,,18846,"[11.220995, 49.371816]",385477.35282183334,distance_excluded,44.0,0,False,3862.5,4964.5,10.5,386008.8155438407,access_exceeds_3km_even_optimistic,Подъезд >3 км даже в диагностической сети без проверок доступа и поворотов; исключено только по модели OSM,,5913535,3779207414,3862.5169960054623,,,
site,south,,18847,"[11.2044, 49.35691]",384193.4278109365,road_route_found_entrance_unverified,93.0,0,False,1004.7,1021.5,14.9,385314.5645226721,,,Rasthof Nürnberg/Feucht,747044454,747044287,,,,
site,south,,18849,"[11.204249, 49.357242]",384193.4278109365,road_route_found_entrance_unverified,98.0,0,False,1036.0,990.1,6.9,385314.5645226721,,,Rasthof Nürnberg/Feucht,747044454,747044287,,,,
site,south,,18851,"[11.207531333333334, 49.364398]",385477.35282183334,unconfirmed,1200.0,6,True,2610.6,3789.9,3.2,386008.8155438407,return_or_snap_unconfirmed,Подъезд ≤3 км найден; возврат ≤3 км на своё направление не подтверждён,,5913535,3779207414,2610.5919287255733,,,
site,south,,18852,"[11.2075645, 49.3653835]",385477.35282183334,unconfirmed,800.0,4,True,2640.2,3752.6,7.4,386008.8155438407,return_or_snap_unconfirmed,Подъезд ≤3 км найден; возврат ≤3 км на своё направление не подтверждён,,5913535,3779207414,2640.216743124299,,,
site,south,,18853,"[11.206005, 49.365103]",385477.35282183334,unconfirmed,800.0,4,True,2660.3,3798.1,1.6,386008.8155438407,return_or_snap_unconfirmed,Подъезд ≤3 км найден; возврат ≤3 км на своё направление не подтверждён,,5913535,3779207414,2660.299186712409,,,
site,south,,18854,"[11.207273, 49.365019]",385477.35282183334,unconfirmed,5000.0,20,True,2685.9,3707.0,4.5,386008.8155438407,return_or_snap_unconfirmed,Подъезд ≤3 км найден; возврат ≤3 км на своё направление не подтверждён,,5913535,3779207414,2685.8592487018796,,,
site,south,,18855,"[11.207220999999999, 49.365658]",385477.35282183334,unconfirmed,2100.0,10,True,2678.1,3860.0,13.0,386008.8155438407,return_or_snap_unconfirmed,Подъезд ≤3 км найден; возврат ≤3 км на своё направление не подтверждён,,5913535,3779207414,2678.084316687846,,,
site,south,,18856,"[11.239893, 49.48312]",366762.6419744531,unconfirmed,44.0,0,False,4857.0,5051.7,6.1,366963.1086792595,access_or_snap_review,"Короткая связь появляется только в диагностике; проверить доступ, повороты, барьеры и привязку координаты",,250042929,256612127,2023.2315996606737,,,
site,south,,18857,"[11.242904, 49.48603]",366762.6419744531,unconfirmed,44.0,0,False,4585.8,4904.4,8.8,366963.1086792595,access_or_snap_review,"Короткая связь появляется только в диагностике; проверить доступ, повороты, барьеры и привязку координаты",,250042929,256612127,2465.6465195063497,,,
site,south,,18858,"[11.226398, 49.480018]",366762.6419744531,distance_excluded,50.0,0,False,6424.9,6602.4,8.6,366963.1086792595,access_exceeds_3km_even_optimistic,Подъезд >3 км даже в диагностической сети без проверок доступа и поворотов; исключено только по модели OSM,,250042929,256612127,3215.2699233966596,,,
site,south,,18859,"[11.226398, 49.480018]",366762.6419744531,distance_excluded,50.0,0,False,6424.9,6602.4,8.6,366963.1086792595,access_exceeds_3km_even_optimistic,Подъезд >3 км даже в диагностической сети без проверок доступа и поворотов; исключено только по модели OSM,,250042929,256612127,3215.2699233966596,,,
site,south,,18860,"[11.2256, 49.4798]",366762.6419744531,distance_excluded,750.0,8,True,6426.1,6575.1,4.4,366963.1086792595,access_exceeds_3km_even_optimistic,Подъезд >3 км даже в диагностической сети без проверок доступа и поворотов; исключено только по модели OSM,,250042929,256612127,3216.4319914154194,,,
site,south,,18861,"[11.253873, 49.477956]",366762.6419744531,unconfirmed,44.0,0,False,5662.9,5717.8,9.9,366963.1086792595,access_or_snap_review,"Короткая связь появляется только в диагностике; проверить доступ, повороты, барьеры и привязку координаты",,250042929,256612127,1311.633565009408,,,
site,south,,18862,"[11.25389, 49.47926]",366762.6419744531,unconfirmed,88.0,0,False,5386.7,5709.0,1.3,366963.1086792595,access_or_snap_review,"Короткая связь появляется только в диагностике; проверить доступ, повороты, барьеры и привязку координаты",,250042929,256612127,1323.228860928057,,,
site,south,,18863,"[11.2486, 49.47299]",370946.4283914752,unconfirmed,11.0,0,False,,,,,access_or_snap_review,"Короткая связь появляется только в диагностике; проверить доступ, повороты, барьеры и привязку координаты",,,,1539.1623069947566,,,
site,south,,18864,"[11.29667, 49.472439]",366762.6419744531,distance_excluded,44.0,0,False,5101.8,5126.3,15.0,366963.1086792595,access_exceeds_3km_even_optimistic,Подъезд >3 км даже в диагностической сети без проверок доступа и поворотов; исключено только по модели OSM,,250042929,256612127,3652.0253066861374,,,
site,south,,18875,"[11.20854, 49.46882]",366762.6419744531,distance_excluded,1050.0,12,True,8341.1,8177.6,7.9,373915.2390850229,access_exceeds_3km_even_optimistic,Подъезд >3 км даже в диагностической сети без проверок доступа и поворотов; исключено только по модели OSM,,250042929,5905100,5131.40884650338,,,
site,south,,18879,"[11.249226, 49.361544]",385477.35282183334,distance_excluded,22.0,0,False,5653.2,6784.4,6.5,386008.8155438407,access_exceeds_3km_even_optimistic,Подъезд >3 км даже в диагностической сети без проверок доступа и поворотов; исключено только по модели OSM,,5913535,3779207414,5653.182839875053,,,
site,south,,18883,"[11.24367, 49.35553]",385477.35282183334,distance_excluded,44.0,0,False,5925.7,7082.5,5.3,386008.8155438407,access_exceeds_3km_even_optimistic,Подъезд >3 км даже в диагностической сети без проверок доступа и поворотов; исключено только по модели OSM,,5913535,3779207414,5925.682530870096,,,
site,south,,18884,"[11.22731, 49.49455]",366762.6419744531,distance_excluded,44.0,0,False,4924.8,5141.3,19.8,366963.1086792595,access_exceeds_3km_even_optimistic,Подъезд >3 км даже в диагностической сети без проверок доступа и поворотов; исключено только по модели OSM,,250042929,256612127,4525.589020908254,,,
site,south,,18885,"[11.24312, 49.49369]",366762.6419744531,distance_excluded,44.0,0,False,3735.9,3982.2,5.6,366963.1086792595,access_exceeds_3km_even_optimistic,Подъезд >3 км даже в диагностической сети без проверок доступа и поворотов; исключено только по модели OSM,,250042929,256612127,3526.524086885396,,,
site,south,,18886,"[11.260334, 49.503842]",366762.6419744531,distance_excluded,44.0,0,False,3204.2,3254.3,11.7,366963.1086792595,access_exceeds_3km_even_optimistic,Подъезд >3 км даже в диагностической сети без проверок доступа и поворотов; исключено только по модели OSM,,250042929,256612127,3204.246900119732,,,
site,south,,18888,"[11.27342, 49.50865]",366762.6419744531,road_route_found_entrance_unverified,44.0,0,False,2307.2,2441.3,7.1,366963.1086792595,,,Lauf,250042929,256612127,,,,
site,south,,18889,"[11.28584, 49.503686666666674]",366762.6419744531,road_route_found_entrance_unverified,1200.0,6,True,1122.5,1098.3,7.6,366963.1086792595,,,Lauf,250042929,256612127,,,,
site,south,,18890,"[11.263234, 49.519602]",364272.7802916192,distance_excluded,44.0,0,False,3809.7,3899.7,8.6,364487.4718420806,access_exceeds_3km_even_optimistic,Подъезд >3 км даже в диагностической сети без проверок доступа и поворотов; исключено только по модели OSM,,250098542,29075552,3809.6610680817753,,,
site,south,,18891,"[11.263465, 49.497781]",366762.6419744531,road_route_found_entrance_unverified,44.0,0,False,2915.5,2644.2,8.5,366963.1086792595,,,Lauf,250042929,256612127,,,,
site,south,,18893,"[11.311954, 49.516739]",366762.6419744531,unconfirmed,300.0,2,False,4579.2,1683.0,0.9,364487.4718420806,access_or_snap_review,"Короткая связь появляется только в диагностике; проверить доступ, повороты, барьеры и привязку координаты",,250042929,29075552,1604.7462662210041,,,
site,south,,18894,"[11.290601, 49.509857]",366762.6419744531,road_route_found_entrance_unverified,44.0,0,False,2354.5,2292.3,7.3,366963.1086792595,,,Lauf,250042929,256612127,,,,
site,south,,18895,"[11.292752, 49.502473]",366762.6419744531,road_route_found_entrance_unverified,11.0,0,False,1916.5,1996.0,8.7,366963.1086792595,,,Lauf,250042929,256612127,,,,
site,south,,18896,"[11.262469, 49.496311]",366762.6419744531,unconfirmed,50.0,0,False,2856.8,3030.6,7.5,366963.1086792595,return_or_snap_unconfirmed,Подъезд ≤3 км найден; возврат ≤3 км на своё направление не подтверждён,,250042929,256612127,2856.833801081387,,,
site,south,,18897,"[11.270224, 49.524979]",364272.7802916192,distance_excluded,11.0,0,False,3375.4,3461.5,8.1,364487.4718420806,access_exceeds_3km_even_optimistic,Подъезд >3 км даже в диагностической сети без проверок доступа и поворотов; исключено только по модели OSM,,250098542,29075552,3375.3640537339247,,,
site,south,,18898,"[11.281084, 49.512349]",366762.6419744531,road_route_found_entrance_unverified,50.0,0,False,2252.3,2230.3,6.6,366963.1086792595,,,Lauf,250042929,256612127,,,,
site,south,,18899,"[11.29086, 49.50213]",366762.6419744531,road_route_found_entrance_unverified,46.0,0,False,1694.5,1787.8,7.8,366963.1086792595,,,Lauf,250042929,256612127,,,,
site,south,,18900,"[11.277659, 49.509016]",366762.6419744531,road_route_found_entrance_unverified,44.0,0,False,2071.7,2037.5,7.3,366963.1086792595,,,Lauf,250042929,256612127,,,,
site,south,,18901,"[11.284243, 49.520182]",364272.7802916192,road_route_found_entrance_unverified,121.0,0,False,1903.3,1908.1,13.4,364487.4718420806,,,Lauf/Hersbruck,250098542,29075552,,,,
site,south,,18902,"[11.279762, 49.519626]",364272.7802916192,road_route_found_entrance_unverified,88.0,0,False,2337.6,2346.0,6.6,364487.4718420806,,,Lauf/Hersbruck,250098542,29075552,,,,
site,south,,18903,"[11.26683, 49.52209]",364272.7802916192,distance_excluded,44.0,0,False,3642.2,3796.8,7.3,364487.4718420806,access_exceeds_3km_even_optimistic,Подъезд >3 км даже в диагностической сети без проверок доступа и поворотов; исключено только по модели OSM,,250098542,29075552,3642.156566189057,,,
site,south,,18904,"[11.284563, 49.512939]",364272.7802916192,road_route_found_entrance_unverified,44.0,0,False,2019.3,1975.2,3.2,364487.4718420806,,,Lauf/Hersbruck,250098542,29075552,,,,
site,south,,18905,"[11.284877, 49.507155]",366762.6419744531,road_route_found_entrance_unverified,44.0,0,False,2065.7,2061.9,9.2,366963.1086792595,,,Lauf,250042929,256612127,,,,
site,south,,18906,"[11.311954, 49.516739]",366762.6419744531,unconfirmed,150.0,2,False,4579.2,1683.0,0.9,364487.4718420806,access_or_snap_review,"Короткая связь появляется только в диагностике; проверить доступ, повороты, барьеры и привязку координаты",,250042929,29075552,1604.7462662210041,,,
site,south,,18907,"[11.27801, 49.51112]",366762.6419744531,road_route_found_entrance_unverified,88.0,0,False,2386.3,2367.3,7.5,364487.4718420806,,,Lauf,250042929,29075552,,,,
site,south,,18908,"[11.272762, 49.516136]",364272.7802916192,road_route_found_entrance_unverified,44.0,0,False,2902.2,2918.0,6.0,364487.4718420806,,,Lauf/Hersbruck,250098542,29075552,,,,
site,south,,18909,"[11.304517, 49.487617]",366762.6419744531,distance_excluded,44.0,0,False,3714.4,3740.5,8.4,366963.1086792595,access_exceeds_3km_even_optimistic,Подъезд >3 км даже в диагностической сети без проверок доступа и поворотов; исключено только по модели OSM,,250042929,256612127,3397.208037498451,,,
site,south,,18910,"[11.288885, 49.517896]",364272.7802916192,road_route_found_entrance_unverified,44.0,0,False,1507.4,1542.0,7.5,364487.4718420806,,,Lauf/Hersbruck,250098542,29075552,,,,
site,south,,18912,"[11.291475, 49.502792]",366386.1944629123,unconfirmed,104.0,0,False,,,,,access_or_snap_review,"Короткая связь появляется только в диагностике; проверить доступ, повороты, барьеры и привязку координаты",,,,1488.9026497887219,,,
site,south,,18913,"[11.271766, 49.522816]",364272.7802916192,distance_excluded,44.0,0,False,3086.2,3235.3,6.9,364487.4718420806,access_exceeds_3km_even_optimistic,Подъезд >3 км даже в диагностической сети без проверок доступа и поворотов; исключено только по модели OSM,,250098542,29075552,3086.239696586492,,,
site,south,,18914,"[11.274866, 49.501614]",366762.6419744531,road_route_found_entrance_unverified,44.0,0,False,1472.6,1642.6,5.8,366963.1086792595,,,Lauf,250042929,256612127,,,,
site,south,,18915,"[11.28015, 49.51256]",364272.7802916192,road_route_found_entrance_unverified,44.0,0,False,2152.3,2143.2,10.3,364487.4718420806,,,Lauf/Hersbruck,250098542,29075552,,,,
site,south,,18916,"[11.281506, 49.509474]",366762.6419744531,road_route_found_entrance_unverified,44.0,0,False,1876.1,1816.2,9.6,366963.1086792595,,,Lauf,250042929,256612127,,,,
site,south,,18918,"[11.280252, 49.514268]",364272.7802916192,road_route_found_entrance_unverified,44.0,0,False,2222.8,2428.6,12.4,364487.4718420806,,,Lauf/Hersbruck,250098542,29075552,,,,
site,south,,18919,"[11.284444, 49.502056]",366762.6419744531,road_route_found_entrance_unverified,44.0,0,False,878.6,865.7,9.8,366963.1086792595,,,Lauf,250042929,256612127,,,,
site,south,,18946,"[11.28922, 49.46097]",366762.6419744531,distance_excluded,44.0,0,False,6533.7,6548.5,8.6,366963.1086792595,access_exceeds_3km_even_optimistic,Подъезд >3 км даже в диагностической сети без проверок доступа и поворотов; исключено только по модели OSM,,250042929,256612127,3529.4609963262287,,,
site,south,,18949,"[11.284979, 49.462084]",366762.6419744531,distance_excluded,33.0,0,False,6393.4,6378.9,4.8,366963.1086792595,access_exceeds_3km_even_optimistic,Подъезд >3 км даже в диагностической сети без проверок доступа и поворотов; исключено только по модели OSM,,250042929,256612127,3389.183324302371,,,
site,south,,18950,"[11.29003, 49.46024]",366762.6419744531,distance_excluded,44.0,0,False,6669.1,6767.0,9.1,366963.1086792595,access_exceeds_3km_even_optimistic,Подъезд >3 км даже в диагностической сети без проверок доступа и поворотов; исключено только по модели OSM,,250042929,256612127,3664.924383017568,,,
site,south,,18952,"[11.321389, 49.52073]",366762.6419744531,unconfirmed,44.0,0,False,6154.8,2499.8,8.8,364487.4718420806,access_or_snap_review,"Короткая связь появляется только в диагностике; проверить доступ, повороты, барьеры и привязку координаты",,250042929,29075552,2590.7503961779657,,,
site,south,,18954,"[11.336279, 49.520561]",366762.6419744531,distance_excluded,44.0,0,False,6316.5,3726.2,2.7,364487.4718420806,access_exceeds_3km_even_optimistic,Подъезд >3 км даже в диагностической сети без проверок доступа и поворотов; исключено только по модели OSM,,250042929,29075552,3338.06799366446,,,
site,south,,18955,"[11.33563, 49.5208]",366762.6419744531,distance_excluded,450.0,4,True,6366.1,3775.0,26.4,364487.4718420806,access_exceeds_3km_even_optimistic,Подъезд >3 км даже в диагностической сети без проверок доступа и поворотов; исключено только по модели OSM,,250042929,29075552,3387.640404254061,,,
site,south,,18966,"[11.34177, 49.51006]",366762.6419744531,distance_excluded,44.0,0,False,6179.1,4375.4,4.7,364487.4718420806,access_exceeds_3km_even_optimistic,Подъезд >3 км даже в диагностической сети без проверок доступа и поворотов; исключено только по модели OSM,,250042929,29075552,3784.868241306048,,,
site,south,,14188,"[11.54425, 49.75698]",333791.4362589153,distance_excluded,176.0,0,False,4601.2,4693.1,4.0,334183.4363938415,access_exceeds_3km_even_optimistic,Подъезд >3 км даже в диагностической сети без проверок доступа и поворотов; исключено только по модели OSM,,21350669,256918017,3130.168670795368,,,
site,south,,14189,"[11.533263, 49.74437]",333791.4362589153,distance_excluded,22.0,0,False,3058.0,3199.6,4.6,334183.4363938415,access_exceeds_3km_even_optimistic,Подъезд >3 км даже в диагностической сети без проверок доступа и поворотов; исключено только по модели OSM,,21350669,256918017,3058.015253282765,,,
site,south,,14190,"[11.509929, 49.748481]",333791.4362589153,unconfirmed,50.0,0,False,3762.3,3796.0,9.5,334183.4363938415,access_or_snap_review,"Короткая связь появляется только в диагностике; проверить доступ, повороты, барьеры и привязку координаты",,21350669,256918017,506.7067523362787,,,
site,south,,14191,"[11.538128, 49.749159]",333791.4362589153,distance_excluded,172.0,2,False,3710.8,3752.7,5.9,334183.4363938415,access_exceeds_3km_even_optimistic,Подъезд >3 км даже в диагностической сети без проверок доступа и поворотов; исключено только по модели OSM,,21350669,256918017,3096.029959223919,,,
site,south,,14192,"[11.538128, 49.749159]",333791.4362589153,distance_excluded,22.0,0,False,3710.8,3752.7,5.9,334183.4363938415,access_exceeds_3km_even_optimistic,Подъезд >3 км даже в диагностической сети без проверок доступа и поворотов; исключено только по модели OSM,,21350669,256918017,3096.029959223919,,,
site,south,,14193,"[11.514098, 49.748483]",333791.4362589153,unconfirmed,98.0,0,False,3670.5,10896.9,5.9,322257.13703469705,access_or_snap_review,"Короткая связь появляется только в диагностике; проверить доступ, повороты, барьеры и привязку координаты",,21350669,142738408,1192.9886872803072,,,
site,south,,14194,"[11.509936, 49.748466]",333791.4362589153,unconfirmed,98.0,0,False,3738.3,3820.0,10.3,334183.4363938415,access_or_snap_review,"Короткая связь появляется только в диагностике; проверить доступ, повороты, барьеры и привязку координаты",,21350669,256918017,482.73186480186007,,,
site,south,,14195,"[11.54161, 49.747977666666664]",333791.4362589153,distance_excluded,77.0,0,False,3634.1,3746.0,12.5,334183.4363938415,access_exceeds_3km_even_optimistic,Подъезд >3 км даже в диагностической сети без проверок доступа и поворотов; исключено только по модели OSM,,21350669,256918017,3450.7268130818516,,,
site,south,,14196,"[11.541996, 49.748758]",333791.4362589153,distance_excluded,11.0,0,False,3722.5,3889.0,30.1,334183.4363938415,access_exceeds_3km_even_optimistic,Подъезд >3 км даже в диагностической сети без проверок доступа и поворотов; исключено только по модели OSM,,21350669,256918017,3362.313564909337,,,
site,south,,14198,"[11.470361, 49.662833]",342761.5845409279,road_route_found_entrance_unverified,150.0,2,False,738.5,699.2,7.4,342935.9434121308,,,Plech,21350655,2164087125,,,,
site,south,,14199,"[11.47072, 49.66416]",342761.5845409279,road_route_found_entrance_unverified,1200.0,8,True,803.9,694.9,4.4,342935.9434121308,,,Plech,21350655,2164087125,,,,
site,south,,14200,"[11.471056, 49.662857]",342761.5845409279,road_route_found_entrance_unverified,450.0,4,True,769.8,723.0,25.5,342935.9434121308,,,Plech,21350655,2164087125,,,,
site,south,,18930,"[11.407748, 49.613001]",349861.7899347629,road_route_found_entrance_unverified,22.0,0,False,1328.8,1442.9,2.0,350032.87298091146,,,Hormersdorf,52614231,306270786,,,,
site,south,,18931,"[11.334865, 49.558726]",358433.50992214127,road_route_found_entrance_unverified,44.0,0,False,1859.2,1807.4,9.2,358607.43500282714,,,Schnaittach,1547360346,1547424669,,,,
site,south,,18932,"[11.342279, 49.559515]",358433.50992214127,road_route_found_entrance_unverified,44.0,0,False,1851.2,1822.5,1.2,358607.43500282714,,,Schnaittach,1547360346,1547424669,,,,
site,south,,18933,"[11.342017, 49.558097]",358433.50992214127,road_route_found_entrance_unverified,11.0,0,False,2017.0,2136.4,7.5,358607.43500282714,,,Schnaittach,1547360346,1547424669,,,,
site,south,,18934,"[11.408411, 49.618798]",349861.7899347629,road_route_found_entrance_unverified,300.0,2,False,495.1,597.8,1.5,350032.87298091146,,,Hormersdorf,52614231,306270786,,,,
site,south,,18935,"[11.408411, 49.618798]",349861.7899347629,road_route_found_entrance_unverified,900.0,6,True,495.1,597.8,1.5,350032.87298091146,,,Hormersdorf,52614231,306270786,,,,
site,south,,18936,"[11.344963, 49.55491]",358433.50992214127,road_route_found_entrance_unverified,11.0,0,False,2394.0,2375.1,13.7,358607.43500282714,,,Schnaittach,1547360346,1547424669,,,,
site,south,,18937,"[11.335443, 49.569771]",358433.50992214127,road_route_found_entrance_unverified,33.0,0,False,1302.4,1252.0,6.7,358607.43500282714,,,Schnaittach,1547360346,1547424669,,,,
site,south,,18938,"[11.327495, 49.567291]",358433.50992214127,road_route_found_entrance_unverified,1200.0,8,True,564.7,626.9,0.2,358607.43500282714,,,Schnaittach,1547360346,1547424669,,,,
site,south,,18939,"[11.327578, 49.568189999999994]",358433.50992214127,road_route_found_entrance_unverified,6000.0,6,True,863.0,701.0,11.6,358607.43500282714,,,Schnaittach,1547360346,1547424669,,,,
site,south,,18940,"[11.337581, 49.556626]",358433.50992214127,road_route_found_entrance_unverified,116.0,0,False,2149.7,2161.7,4.9,358607.43500282714,,,Schnaittach,1547360346,1547424669,,,,
site,south,,18953,"[11.362373, 49.543847]",358433.50992214127,distance_excluded,11.0,0,False,5413.7,5415.7,16.2,358607.43500282714,access_exceeds_3km_even_optimistic,Подъезд >3 км даже в диагностической сети без проверок доступа и поворотов; исключено только по модели OSM,,1547360346,1547424669,5413.74057807436,,,
site,south,,18958,"[11.457093, 49.616607]",349861.7899347629,distance_excluded,22.0,0,False,5552.6,5575.3,47.2,350032.87298091146,access_exceeds_3km_even_optimistic,Подъезд >3 км даже в диагностической сети без проверок доступа и поворотов; исключено только по модели OSM,,52614231,306270786,5552.550956597692,,,
site,south,,18969,"[11.3421, 49.599]",358433.50992214127,distance_excluded,44.0,0,False,4927.0,4927.2,13.1,358607.43500282714,access_exceeds_3km_even_optimistic,Подъезд >3 км даже в диагностической сети без проверок доступа и поворотов; исключено только по модели OSM,,1547360346,1547424669,4926.950227268836,,,
site,south,,10275,"[11.610443, 49.957801]",303019.72469228605,unconfirmed,44.0,0,False,,,,,access_or_snap_review,"Короткая связь появляется только в диагностике; проверить доступ, повороты, барьеры и привязку координаты",,,,2520.794442844755,,,
site,south,,10276,"[11.610443, 49.957801]",303019.72469228605,unconfirmed,44.0,0,False,,,,,access_or_snap_review,"Короткая связь появляется только в диагностике; проверить доступ, повороты, барьеры и привязку координаты",,,,2520.794442844755,,,
site,south,,10277,"[11.568171, 49.945043]",306029.88481893163,distance_excluded,50.0,0,False,4079.0,3684.3,6.9,303133.32264000847,access_exceeds_3km_even_optimistic,Подъезд >3 км даже в диагностической сети без проверок доступа и поворотов; исключено только по модели OSM,,21543674,16535912,3887.9669541176777,,,
site,south,,10278,"[11.579571, 49.943569]",304893.0129658441,unconfirmed,176.0,0,False,,,,,topology_or_coordinate_review,"Связь не установлена: проверить координату, ближайшую дорогу и полноту OSM",,,,,,,
site,south,,10279,"[11.5826885, 49.943931500000005]",306029.88481893163,road_route_found_entrance_unverified,44.0,0,False,2689.8,2770.2,0.8,306237.0973864084,,,Bayreuth-Süd,21543674,16535872,,,,
site,south,,10280,"[11.578591, 49.953129]",302667.42906979716,distance_excluded,22.0,0,False,3120.7,2672.6,0.7,303133.32264000847,access_exceeds_3km_even_optimistic,Подъезд >3 км даже в диагностической сети без проверок доступа и поворотов; исключено только по модели OSM,,124438929,16535912,3120.7350483926034,,,
site,south,,10281,"[11.578785, 49.951132]",302667.42906979716,distance_excluded,44.0,0,False,3288.8,2782.4,11.9,303133.32264000847,access_exceeds_3km_even_optimistic,Подъезд >3 км даже в диагностической сети без проверок доступа и поворотов; исключено только по модели OSM,,124438929,16535912,3288.142136014189,,,
site,south,,10282,"[11.573969, 49.941899]",306029.88481893163,distance_excluded,44.0,0,False,3202.4,3326.3,1.6,306237.0973864084,access_exceeds_3km_even_optimistic,Подъезд >3 км даже в диагностической сети без проверок доступа и поворотов; исключено только по модели OSM,,21543674,16535872,3202.4086598295617,,,
site,south,,10283,"[11.5721, 49.947199]",306029.88481893163,distance_excluded,44.0,0,False,3694.6,3290.6,0.0,303133.32264000847,access_exceeds_3km_even_optimistic,Подъезд >3 км даже в диагностической сети без проверок доступа и поворотов; исключено только по модели OSM,,21543674,16535912,3694.563385053961,,,
site,south,,10284,"[11.571021, 49.943573]",306029.88481893163,distance_excluded,44.0,0,False,3583.6,3688.3,7.2,306237.0973864084,access_exceeds_3km_even_optimistic,Подъезд >3 км даже в диагностической сети без проверок доступа и поворотов; исключено только по модели OSM,,21543674,16535872,3583.6325823902116,,,
site,south,,10285,"[11.57561, 49.94612]",306029.88481893163,distance_excluded,22.0,0,False,3445.1,3115.2,8.1,303133.32264000847,access_exceeds_3km_even_optimistic,Подъезд >3 км даже в диагностической сети без проверок доступа и поворотов; исключено только по модели OSM,,21543674,16535912,3417.9988134359205,,,
site,south,,10286,"[11.575567, 49.945159]",306029.88481893163,distance_excluded,22.0,0,False,3456.5,3185.6,33.1,303133.32264000847,access_exceeds_3km_even_optimistic,Подъезд >3 км даже в диагностической сети без проверок доступа и поворотов; исключено только по модели OSM,,21543674,16535912,3456.522173656874,,,
site,south,,10287,"[11.577132, 49.945618]",306029.88481893163,distance_excluded,50.0,0,False,3262.0,3003.3,11.7,303133.32264000847,access_exceeds_3km_even_optimistic,Подъезд >3 км даже в диагностической сети без проверок доступа и поворотов; исключено только по модели OSM,,21543674,16535912,3261.9999615422835,,,
site,south,,10288,"[11.575134, 49.94686]",306029.88481893163,distance_excluded,44.0,0,False,3362.6,3013.8,11.3,303133.32264000847,access_exceeds_3km_even_optimistic,Подъезд >3 км даже в диагностической сети без проверок доступа и поворотов; исключено только по модели OSM,,21543674,16535912,3362.610634237636,,,
site,south,,10289,"[11.57684, 49.94554]",306029.88481893163,distance_excluded,22.0,0,False,3280.9,3024.3,0.6,303133.32264000847,access_exceeds_3km_even_optimistic,Подъезд >3 км даже в диагностической сети без проверок доступа и поворотов; исключено только по модели OSM,,21543674,16535912,3280.8698598156834,,,
site,south,,10290,"[11.576707, 49.945563]",304705.7344641214,distance_excluded,33.0,0,False,,,,,access_exceeds_3km_even_optimistic,Подъезд >3 км даже в диагностической сети без проверок доступа и поворотов; исключено только по модели OSM,,,,3290.558968544596,,,
site,south,,10291,"[11.56924, 49.94075]",306029.88481893163,distance_excluded,200.0,2,False,3540.3,3584.2,12.8,306237.0973864084,access_exceeds_3km_even_optimistic,Подъезд >3 км даже в диагностической сети без проверок доступа и поворотов; исключено только по модели OSM,,21543674,16535872,3501.7517365655563,,,
site,south,,10292,"[11.577976, 49.944872]",306029.88481893163,distance_excluded,44.0,0,False,3407.6,2952.7,11.3,303133.32264000847,access_exceeds_3km_even_optimistic,Подъезд >3 км даже в диагностической сети без проверок доступа и поворотов; исключено только по модели OSM,,21543674,16535912,3407.5701758723126,,,
site,south,,10293,"[11.567389999999998, 49.94493]",306029.88481893163,distance_excluded,55.0,0,False,4127.3,3889.0,9.1,303133.32264000847,access_exceeds_3km_even_optimistic,Подъезд >3 км даже в диагностической сети без проверок доступа и поворотов; исключено только по модели OSM,,21543674,16535912,3936.3019755079285,,,
site,south,,10295,"[11.567123, 49.952106]",302667.42906979716,distance_excluded,100.0,0,False,3760.0,3455.4,9.4,303133.32264000847,access_exceeds_3km_even_optimistic,Подъезд >3 км даже в диагностической сети без проверок доступа и поворотов; исключено только по модели OSM,,124438929,16535912,3759.956476457271,,,
site,south,,10296,"[11.58473, 49.9332]",306029.88481893163,road_route_found_entrance_unverified,800.0,4,True,2274.3,2344.9,4.8,306237.0973864084,,,Bayreuth-Süd,21543674,16535872,,,,
site,south,,10297,"[11.58473, 49.933181]",306029.88481893163,road_route_found_entrance_unverified,88.0,0,False,2275.8,2343.4,3.3,306237.0973864084,,,Bayreuth-Süd,21543674,16535872,,,,
site,south,,10298,"[11.563164, 49.933108]",306029.88481893163,distance_excluded,44.0,0,False,4204.7,4392.1,31.4,306237.0973864084,access_exceeds_3km_even_optimistic,Подъезд >3 км даже в диагностической сети без проверок доступа и поворотов; исключено только по модели OSM,,21543674,16535872,4204.745222786492,,,
site,south,,10299,"[11.56284375, 49.933399]",306029.88481893163,distance_excluded,1200.0,8,True,4162.7,4299.0,11.6,306237.0973864084,access_exceeds_3km_even_optimistic,Подъезд >3 км даже в диагностической сети без проверок доступа и поворотов; исключено только по модели OSM,,21543674,16535872,4162.710330926299,,,
site,south,,10300,"[11.559149, 49.938642]",306029.88481893163,distance_excluded,50.0,0,False,4385.1,4258.2,16.4,306237.0973864084,access_exceeds_3km_even_optimistic,Подъезд >3 км даже в диагностической сети без проверок доступа и поворотов; исключено только по модели OSM,,21543674,16535872,4231.43741919885,,,
site,south,,10301,"[11.567943, 49.933466]",306029.88481893163,distance_excluded,22.0,0,False,3624.2,3803.4,7.2,306237.0973864084,access_exceeds_3km_even_optimistic,Подъезд >3 км даже в диагностической сети без проверок доступа и поворотов; исключено только по модели OSM,,21543674,16535872,3624.2206143140284,,,
site,south,,10302,"[11.567911, 49.933494]",306029.88481893163,distance_excluded,450.0,4,True,3625.1,3802.5,9.8,306237.0973864084,access_exceeds_3km_even_optimistic,Подъезд >3 км даже в диагностической сети без проверок доступа и поворотов; исключено только по модели OSM,,21543674,16535872,3625.11340182183,,,
site,south,,10303,"[11.567755, 49.932966]",306029.88481893163,distance_excluded,50.0,0,False,3666.6,3876.2,7.9,306237.0973864084,access_exceeds_3km_even_optimistic,Подъезд >3 км даже в диагностической сети без проверок доступа и поворотов; исключено только по модели OSM,,21543674,16535872,3666.608455653747,,,
site,south,,10304,"[11.567755, 49.932966]",306029.88481893163,distance_excluded,50.0,0,False,3666.6,3876.2,7.9,306237.0973864084,access_exceeds_3km_even_optimistic,Подъезд >3 км даже в диагностической сети без проверок доступа и поворотов; исключено только по модели OSM,,21543674,16535872,3666.608455653747,,,
site,south,,10305,"[11.564647, 49.93122]",306029.88481893163,distance_excluded,44.0,0,False,4061.9,4227.5,3.1,306237.0973864084,access_exceeds_3km_even_optimistic,Подъезд >3 км даже в диагностической сети без проверок доступа и поворотов; исключено только по модели OSM,,21543674,16535872,4061.8668241370215,,,
site,south,,10306,"[11.564211, 49.932545]",306029.88481893163,distance_excluded,300.0,2,False,4210.7,4469.6,4.1,306237.0973864084,access_exceeds_3km_even_optimistic,Подъезд >3 км даже в диагностической сети без проверок доступа и поворотов; исключено только по модели OSM,,21543674,16535872,4210.707008545082,,,
site,south,,10307,"[11.580112, 49.928527]",306029.88481893163,road_route_found_entrance_unverified,88.0,0,False,2124.0,2132.1,6.6,306237.0973864084,,,Bayreuth-Süd,21543674,16535872,,,,
site,south,,10308,"[11.584914, 49.926504]",306029.88481893163,road_route_found_entrance_unverified,44.0,0,False,1689.5,1714.4,3.3,306237.0973864084,,,Bayreuth-Süd,21543674,16535872,,,,
site,south,,10309,"[11.583242, 49.945788]",306029.88481893163,distance_excluded,44.0,0,False,3105.0,2707.3,14.7,303133.32264000847,access_exceeds_3km_even_optimistic,Подъезд >3 км даже в диагностической сети без проверок доступа и поворотов; исключено только по модели OSM,,21543674,16535912,3084.629632085694,,,
site,south,,10310,"[11.606255, 49.967981]",302667.42906979716,road_route_found_entrance_unverified,44.0,0,False,2309.7,1449.8,7.3,302083.5753638686,,,Bayreuth-Nord,124438929,4753488040,,,,
site,south,,10311,"[11.6108, 49.962923]",302667.42906979716,road_route_found_entrance_unverified,600.0,4,True,1488.7,2070.2,15.4,302083.5753638686,,,Bayreuth-Nord,124438929,4753488040,,,,
site,south,,10312,"[11.610191, 49.962291]",302667.42906979716,road_route_found_entrance_unverified,5000.0,20,True,1671.1,2185.6,5.4,303133.32264000847,,,Bayreuth-Nord,124438929,16535912,,,,
site,south,,10313,"[11.60734, 49.91896]",307367.4199142392,distance_excluded,22.0,0,False,,,,,access_exceeds_3km_even_optimistic,Подъезд >3 км даже в диагностической сети без проверок доступа и поворотов; исключено только по модели OSM,,,,3042.1856680705273,,,
site,south,,10314,"[11.592929, 49.944578]",306029.88481893163,distance_excluded,88.0,0,False,3231.7,2212.2,6.2,303133.32264000847,access_exceeds_3km_even_optimistic,Подъезд >3 км даже в диагностической сети без проверок доступа и поворотов; исключено только по модели OSM,,21543674,16535912,3231.729189859233,,,
site,south,,10315,"[11.5915, 49.9586]",302667.42906979716,road_route_found_entrance_unverified,44.0,0,False,2300.7,1786.9,2.0,303133.32264000847,,,Bayreuth-Nord,124438929,16535912,,,,
site,south,,10316,"[11.633892, 49.941919]",304408.1402665766,distance_excluded,88.0,0,False,,,,,access_exceeds_3km_even_optimistic,Подъезд >3 км даже в диагностической сети без проверок доступа и поворотов; исключено только по модели OSM,,,,5257.229522215047,,,
site,south,,10317,"[11.603647, 49.939582]",306029.88481893163,road_route_found_entrance_unverified,72.0,0,False,2719.2,2750.3,31.3,306237.0973864084,,,Bayreuth-Süd,21543674,16535872,,,,
site,south,,10318,"[11.595981, 49.939401]",306029.88481893163,road_route_found_entrance_unverified,22.0,0,False,2965.1,2888.5,18.4,303133.32264000847,,,Bayreuth-Süd,21543674,16535912,,,,
site,south,,10319,"[11.601235, 49.955081]",302667.42906979716,road_route_found_entrance_unverified,1200.0,8,True,2974.3,750.1,0.4,303133.32264000847,,,Bayreuth-Nord,124438929,16535912,,,,
site,south,,10320,"[11.595634, 49.956099]",303002.6043557305,unconfirmed,88.0,0,False,,,,,access_or_snap_review,"Короткая связь появляется только в диагностике; проверить доступ, повороты, барьеры и привязку координаты",,,,2273.9160302399323,,,
site,south,,10321,"[11.5826, 49.95072]",302667.42906979716,distance_excluded,88.0,0,False,3065.4,2327.3,10.0,303133.32264000847,access_exceeds_3km_even_optimistic,Подъезд >3 км даже в диагностической сети без проверок доступа и поворотов; исключено только по модели OSM,,124438929,16535912,3065.416971876646,,,
site,south,,10322,"[11.600424, 49.925703]",306553.08563672623,unconfirmed,1600.0,8,True,,,,,access_or_snap_review,"Короткая связь появляется только в диагностике; проверить доступ, повороты, барьеры и привязку координаты",,,,1012.3194642580991,,,
site,south,,10323,"[11.600505, 49.925925]",306534.0783205824,unconfirmed,110.0,0,False,,,,,access_or_snap_review,"Короткая связь появляется только в диагностике; проверить доступ, повороты, барьеры и привязку координаты",,,,918.6111005895388,,,
site,south,,10324,"[11.598887, 49.927438]",306363.17313910596,unconfirmed,154.0,0,False,,,,,access_or_snap_review,"Короткая связь появляется только в диагностике; проверить доступ, повороты, барьеры и привязку координаты",,,,1014.088623522151,,,
site,south,,10325,"[11.59522, 49.93415]",306029.88481893163,road_route_found_entrance_unverified,11.0,0,False,1269.8,1297.4,1.8,306237.0973864084,,,Bayreuth-Süd,21543674,16535872,,,,
site,south,,10327,"[11.59844, 49.89349]",309861.9294603952,road_route_found_entrance_unverified,400.0,2,True,397.6,302.0,10.3,310514.042983751,,,Sophienberg,286471448,286471476,,,,
site,south,,10328,"[11.600585, 49.893992]",322105.672410653,distance_excluded,800.0,4,True,12650.5,4769.1,10.9,306237.0973864084,access_exceeds_3km_even_optimistic,Подъезд >3 км даже в диагностической сети без проверок доступа и поворотов; исключено только по модели OSM,,16536347,16535872,3600.604119657698,,,
site,south,,10329,"[11.615156, 49.96199099999999]",302667.42906979716,road_route_found_entrance_unverified,110.0,0,False,1919.5,2313.2,7.1,303133.32264000847,,,Bayreuth-Nord,124438929,16535912,,,,
site,south,,10330,"[11.6151346, 49.961845600000004]",302667.42906979716,road_route_found_entrance_unverified,110.0,0,False,1903.3,2329.4,7.7,303133.32264000847,,,Bayreuth-Nord,124438929,16535912,,,,
site,south,,10331,"[11.630091, 49.956097]",302667.42906979716,distance_excluded,11.0,0,False,4952.1,3579.2,4.6,303133.32264000847,access_exceeds_3km_even_optimistic,Подъезд >3 км даже в диагностической сети без проверок доступа и поворотов; исключено только по модели OSM,,124438929,16535912,3599.1607171985993,,,
site,south,,10332,"[11.602362, 49.957515]",302667.42906979716,road_route_found_entrance_unverified,150.0,2,False,1837.3,506.0,1.8,303133.32264000847,,,Bayreuth-Nord,124438929,16535912,,,,
site,south,,10333,"[11.601896, 49.957842]",302667.42906979716,road_route_found_entrance_unverified,150.0,2,False,1587.8,465.4,7.4,303133.32264000847,,,Bayreuth-Nord,124438929,16535912,,,,
site,south,,10334,"[11.603417, 49.958527]",302667.42906979716,road_route_found_entrance_unverified,33.0,0,False,696.2,872.9,8.4,302083.5753638686,,,Bayreuth-Nord,124438929,4753488040,,,,
site,south,,10335,"[11.604554, 49.958127]",302667.42906979716,road_route_found_entrance_unverified,44.0,0,False,616.7,2596.1,22.6,302083.5753638686,,,Bayreuth-Nord,124438929,4753488040,,,,
site,south,,10336,"[11.58114, 49.948659]",302667.42906979716,distance_excluded,44.0,0,False,3281.4,2470.2,10.2,303133.32264000847,access_exceeds_3km_even_optimistic,Подъезд >3 км даже в диагностической сети без проверок доступа и поворотов; исключено только по модели OSM,,124438929,16535912,3281.401541211044,,,
site,south,,10337,"[11.599791, 49.963907]",302667.42906979716,road_route_found_entrance_unverified,72.0,0,False,1999.9,1156.8,6.4,302083.5753638686,,,Bayreuth-Nord,124438929,4753488040,,,,
site,south,,10338,"[11.60027, 49.96586]",302069.82406486676,unconfirmed,22.0,0,False,,,,,access_or_snap_review,"Короткая связь появляется только в диагностике; проверить доступ, повороты, барьеры и привязку координаты",,,,1783.4330728333002,,,
site,south,,10339,"[11.6006565, 49.966300374999996]",302667.42906979716,road_route_found_entrance_unverified,176.0,0,False,1772.4,408.5,11.0,302083.5753638686,,,Bayreuth-Nord,124438929,4753488040,,,,
site,south,,10340,"[11.606801, 49.908184]",306029.88481893163,road_route_found_entrance_unverified,366.0,4,False,2823.9,2822.7,4.0,306237.0973864084,,,Bayreuth-Süd,21543674,16535872,,,,
site,south,,10341,"[11.6067, 49.9092]",306029.88481893163,road_route_found_entrance_unverified,300.0,2,False,2660.7,2708.6,7.1,306237.0973864084,,,Bayreuth-Süd,21543674,16535872,,,,
site,south,,14207,"[11.61119, 49.96995]",301568.51335403,unconfirmed,450.0,4,True,,,,,access_or_snap_review,"Короткая связь появляется только в диагностике; проверить доступ, повороты, барьеры и привязку координаты",,,,2179.311359935717,,,
site,south,,14208,"[11.616431999999998, 49.97110899999999]",302667.42906979716,road_route_found_entrance_unverified,2400.0,12,True,2800.2,2136.8,5.9,302083.5753638686,,,Bayreuth-Nord,124438929,4753488040,,,,
site,south,,14209,"[11.620153, 49.974094]",302667.42906979716,distance_excluded,110.0,0,False,3178.4,2549.2,39.8,302083.5753638686,access_exceeds_3km_even_optimistic,Подъезд >3 км даже в диагностической сети без проверок доступа и поворотов; исключено только по модели OSM,,124438929,4753488040,3178.3871066964275,,,
site,south,,14210,"[11.620182, 49.974011]",302667.42906979716,distance_excluded,50.0,0,False,3178.4,2549.2,47.5,302083.5753638686,access_exceeds_3km_even_optimistic,Подъезд >3 км даже в диагностической сети без проверок доступа и поворотов; исключено только по модели OSM,,124438929,4753488040,3178.3871066964275,,,
site,south,,14211,"[11.615140000000002, 49.969252000000004]",302667.42906979716,road_route_found_entrance_unverified,66.0,0,False,2538.6,1893.6,23.7,302083.5753638686,,,Bayreuth-Nord,124438929,4753488040,,,,
site,south,,14212,"[11.612777, 49.976706]",302667.42906979716,distance_excluded,22.0,0,False,3023.3,2335.0,5.8,302083.5753638686,access_exceeds_3km_even_optimistic,Подъезд >3 км даже в диагностической сети без проверок доступа и поворотов; исключено только по модели OSM,,124438929,4753488040,3023.3495835652184,,,
site,south,,14213,"[11.610935, 49.977427]",302667.42906979716,road_route_found_entrance_unverified,22.0,0,False,2962.3,2003.4,0.7,302083.5753638686,,,Bayreuth-Nord,124438929,4753488040,,,,
site,south,,14241,"[11.509756, 49.892864]",322105.672410653,distance_excluded,44.0,0,False,10796.8,10825.0,6.0,322257.13703469705,access_exceeds_3km_even_optimistic,Подъезд >3 км даже в диагностической сети без проверок доступа и поворотов; исключено только по модели OSM,,16536347,142738408,6440.766573746518,,,
site,south,,16958,"[11.615127333333334, 50.05339333333333]",291604.797307685,road_route_found_entrance_unverified,77.0,0,False,1133.2,1107.1,4.3,291798.47115225776,,,Bad Berneck/Himmelkron,21440533,21610585,,,,
site,south,,16959,"[11.609148, 50.055972]",291604.797307685,road_route_found_entrance_unverified,2750.0,13,True,849.4,964.1,6.2,291798.47115225776,,,Bad Berneck/Himmelkron,21440533,21610585,,,,
site,south,,16960,"[11.609409999999999, 50.056106666666665]",291604.797307685,road_route_found_entrance_unverified,1244.0,8,True,827.2,986.3,3.1,291798.47115225776,,,Bad Berneck/Himmelkron,21440533,21610585,,,,
site,south,,16961,"[11.60612, 50.05907]",291604.797307685,road_route_found_entrance_unverified,44.0,0,False,1097.8,1097.4,30.8,291798.47115225776,,,Bad Berneck/Himmelkron,21440533,21610585,,,,
site,south,,16962,"[11.62134, 50.05159]",291604.797307685,road_route_found_entrance_unverified,1600.0,8,True,1442.3,1420.6,8.7,291798.47115225776,,,Bad Berneck/Himmelkron,21440533,21610585,,,,
site,south,,16963,"[11.609148, 50.055972]",291604.797307685,road_route_found_entrance_unverified,2100.0,6,True,849.4,964.1,6.2,291798.47115225776,,,Bad Berneck/Himmelkron,21440533,21610585,,,,
site,south,,16964,"[11.62273, 50.05476]",291604.797307685,road_route_found_entrance_unverified,1200.0,8,True,870.5,974.9,3.9,291798.47115225776,,,Bad Berneck/Himmelkron,21440533,21610585,,,,
site,south,,16965,"[11.602042, 50.066652]",291604.797307685,road_route_found_entrance_unverified,11.0,0,False,2164.8,2156.2,20.0,291798.47115225776,,,Bad Berneck/Himmelkron,21440533,21610585,,,,
site,south,,16966,"[11.61276, 50.05531]",291604.797307685,road_route_found_entrance_unverified,200.0,0,False,1355.9,1367.8,10.1,291798.47115225776,,,Bad Berneck/Himmelkron,21440533,21610585,,,,
site,south,,16967,"[11.617218, 50.054747]",291604.797307685,road_route_found_entrance_unverified,1600.0,8,True,1087.7,1084.1,0.8,291798.47115225776,,,Bad Berneck/Himmelkron,21440533,21610585,,,,
site,south,,16968,"[11.616755, 50.054078]",291604.797307685,road_route_found_entrance_unverified,93.0,0,False,992.9,1078.1,8.5,291798.47115225776,,,Bad Berneck/Himmelkron,21440533,21610585,,,,
site,south,,16969,"[11.605186, 50.056314]",291604.797307685,road_route_found_entrance_unverified,3.0,0,False,1453.6,1487.6,0.5,291798.47115225776,,,Bad Berneck/Himmelkron,21440533,21610585,,,,
site,south,,16970,"[11.609148, 50.055972]",291604.797307685,road_route_found_entrance_unverified,350.0,1,False,849.4,964.1,6.2,291798.47115225776,,,Bad Berneck/Himmelkron,21440533,21610585,,,,
site,south,,16971,"[11.609148, 50.055972]",291604.797307685,road_route_found_entrance_unverified,350.0,1,False,849.4,964.1,6.2,291798.47115225776,,,Bad Berneck/Himmelkron,21440533,21610585,,,,
site,south,,16972,"[11.609148, 50.055972]",291604.797307685,road_route_found_entrance_unverified,350.0,1,False,849.4,964.1,6.2,291798.47115225776,,,Bad Berneck/Himmelkron,21440533,21610585,,,,
site,south,,16973,"[11.609148, 50.055972]",291604.797307685,road_route_found_entrance_unverified,350.0,1,False,849.4,964.1,6.2,291798.47115225776,,,Bad Berneck/Himmelkron,21440533,21610585,,,,
site,south,,16974,"[11.609148, 50.055972]",291604.797307685,road_route_found_entrance_unverified,350.0,1,False,849.4,964.1,6.2,291798.47115225776,,,Bad Berneck/Himmelkron,21440533,21610585,,,,
site,south,,16976,"[11.655227, 50.095838]",286598.0619981767,road_route_found_entrance_unverified,44.0,0,False,2389.6,2404.7,3.1,286775.507777519,,,Marktschorgast,265649582,265649581,,,,
site,south,,11157,"[11.591821, 48.165971]",529299.531777378,unconfirmed,22.0,0,False,2088.8,5466.3,3.1,526501.9582870953,return_or_snap_unconfirmed,Подъезд ≤3 км найден; возврат ≤3 км на своё направление не подтверждён,,2382884,26823580,2088.8019755330893,,,
site,south,,11288,"[11.556302478991595, 48.178001302521004]",529299.531777378,distance_excluded,440.2999999999991,0,False,,,,,access_exceeds_3km_even_optimistic,Подъезд >3 км даже в диагностической сети без проверок доступа и поворотов; исключено только по модели OSM,,,,3146.9046070048103,,,
site,south,,11291,"[11.561875, 48.176263]",529299.531777378,unconfirmed,44.0,0,False,2627.6,7156.7,5.2,526501.9582870953,return_or_snap_unconfirmed,Подъезд ≤3 км найден; возврат ≤3 км на своё направление не подтверждён,,2382884,26823580,2627.6191048417204,,,
site,south,,11292,"[11.574172, 48.158893]",529299.531777378,distance_excluded,22.0,0,False,3779.2,7440.7,5.4,526501.9582870953,access_exceeds_3km_even_optimistic,Подъезд >3 км даже в диагностической сети без проверок доступа и поворотов; исключено только по модели OSM,,2382884,26823580,3743.3890188718487,,,
site,south,,11293,"[11.572164, 48.164762]",529299.531777378,distance_excluded,22.0,0,False,3257.8,6998.9,4.4,526501.9582870953,access_exceeds_3km_even_optimistic,Подъезд >3 км даже в диагностической сети без проверок доступа и поворотов; исключено только по модели OSM,,2382884,26823580,3248.9538213864607,,,
site,south,,11294,"[11.568895, 48.163149]",529299.531777378,distance_excluded,22.0,0,False,3669.8,7366.3,2.2,526501.9582870953,access_exceeds_3km_even_optimistic,Подъезд >3 км даже в диагностической сети без проверок доступа и поворотов; исключено только по модели OSM,,2382884,26823580,3662.4001716479856,,,
site,south,,11295,"[11.568767, 48.163143]",529299.531777378,distance_excluded,22.0,0,False,3679.3,7506.1,4.0,526501.9582870953,access_exceeds_3km_even_optimistic,Подъезд >3 км даже в диагностической сети без проверок доступа и поворотов; исключено только по модели OSM,,2382884,26823580,3671.8995475677475,,,
site,south,,11296,"[11.566823, 48.160869]",529299.531777378,distance_excluded,22.0,0,False,4096.8,7850.8,4.3,526501.9582870953,access_exceeds_3km_even_optimistic,Подъезд >3 км даже в диагностической сети без проверок доступа и поворотов; исключено только по модели OSM,,2382884,26823580,4087.9829268941908,,,
site,south,,11297,"[11.566839, 48.160768]",529299.531777378,distance_excluded,22.0,0,False,4116.2,7831.5,4.1,526501.9582870953,access_exceeds_3km_even_optimistic,Подъезд >3 км даже в диагностической сети без проверок доступа и поворотов; исключено только по модели OSM,,2382884,26823580,4107.351046954338,,,
site,south,,11298,"[11.566341, 48.164112]",529299.531777378,distance_excluded,22.0,0,False,3900.3,7494.9,2.0,526501.9582870953,access_exceeds_3km_even_optimistic,Подъезд >3 км даже в диагностической сети без проверок доступа и поворотов; исключено только по модели OSM,,2382884,26823580,3891.4811153163764,,,
site,south,,11299,"[11.566346, 48.164234]",529299.531777378,distance_excluded,22.0,0,False,3913.8,7481.4,3.1,526501.9582870953,access_exceeds_3km_even_optimistic,Подъезд >3 км даже в диагностической сети без проверок доступа и поворотов; исключено только по модели OSM,,2382884,26823580,3905.009840365839,,,
site,south,,11300,"[11.571908, 48.160539]",529299.531777378,distance_excluded,22.0,0,False,3783.2,7451.1,4.7,526501.9582870953,access_exceeds_3km_even_optimistic,Подъезд >3 км даже в диагностической сети без проверок доступа и поворотов; исключено только по модели OSM,,2382884,26823580,3747.3448671671695,,,
site,south,,11301,"[11.572005, 48.160496]",529299.531777378,distance_excluded,22.0,0,False,3775.5,7431.2,7.8,526501.9582870953,access_exceeds_3km_even_optimistic,Подъезд >3 км даже в диагностической сети без проверок доступа и поворотов; исключено только по модели OSM,,2382884,26823580,3739.629219240646,,,
site,south,,11302,"[11.556265, 48.167252]",529299.531777378,distance_excluded,22.0,0,False,4919.3,8757.3,3.3,526501.9582870953,access_exceeds_3km_even_optimistic,Подъезд >3 км даже в диагностической сети без проверок доступа и поворотов; исключено только по модели OSM,,2382884,26823580,4919.278213165218,,,
site,south,,11303,"[11.556308, 48.167209]",529299.531777378,distance_excluded,22.0,0,False,4892.0,8784.6,1.4,526501.9582870953,access_exceeds_3km_even_optimistic,Подъезд >3 км даже в диагностической сети без проверок доступа и поворотов; исключено только по модели OSM,,2382884,26823580,4891.9970332207,,,
site,south,,11304,"[11.560353, 48.156285]",529299.531777378,distance_excluded,22.0,0,False,4740.2,8597.3,2.9,526501.9582870953,access_exceeds_3km_even_optimistic,Подъезд >3 км даже в диагностической сети без проверок доступа и поворотов; исключено только по модели OSM,,2382884,26823580,4685.124447179073,,,
site,south,,11305,"[11.556839, 48.159448]",529299.531777378,distance_excluded,22.0,0,False,4707.9,8486.2,4.9,526501.9582870953,access_exceeds_3km_even_optimistic,Подъезд >3 км даже в диагностической сети без проверок доступа и поворотов; исключено только по модели OSM,,2382884,26823580,4695.274409731113,,,
site,south,,11306,"[11.55724, 48.161946]",529299.531777378,distance_excluded,22.0,0,False,4538.1,8527.6,23.0,526501.9582870953,access_exceeds_3km_even_optimistic,Подъезд >3 км даже в диагностической сети без проверок доступа и поворотов; исключено только по модели OSM,,2382884,26823580,4507.527617037778,,,
site,south,,11309,"[11.561542, 48.168544]",529299.531777378,distance_excluded,22.0,0,False,3495.8,7385.9,3.2,526501.9582870953,access_exceeds_3km_even_optimistic,Подъезд >3 км даже в диагностической сети без проверок доступа и поворотов; исключено только по модели OSM,,2382884,26823580,3495.7820381024226,,,
site,south,,11310,"[11.561496, 48.168653]",529299.531777378,distance_excluded,22.0,0,False,3501.3,7400.1,2.4,526501.9582870953,access_exceeds_3km_even_optimistic,Подъезд >3 км даже в диагностической сети без проверок доступа и поворотов; исключено только по модели OSM,,2382884,26823580,3501.291609742753,,,
site,south,,11311,"[11.561995, 48.161541]",529299.531777378,distance_excluded,22.0,0,False,4075.7,7992.2,4.3,526501.9582870953,access_exceeds_3km_even_optimistic,Подъезд >3 км даже в диагностической сети без проверок доступа и поворотов; исключено только по модели OSM,,2382884,26823580,4075.728813855826,,,
site,south,,11312,"[11.562016, 48.161552]",529299.531777378,distance_excluded,22.0,0,False,4074.2,7993.8,3.1,526501.9582870953,access_exceeds_3km_even_optimistic,Подъезд >3 км даже в диагностической сети без проверок доступа и поворотов; исключено только по модели OSM,,2382884,26823580,4074.174675660673,,,
site,south,,11313,"[11.563257, 48.164008]",529299.531777378,distance_excluded,11.0,0,False,3873.6,7686.6,32.6,526501.9582870953,access_exceeds_3km_even_optimistic,Подъезд >3 км даже в диагностической сети без проверок доступа и поворотов; исключено только по модели OSM,,2382884,26823580,3873.558668951488,,,
site,south,,11314,"[11.56178, 48.16865]",529299.531777378,distance_excluded,22.0,0,False,3496.6,7404.8,23.0,526501.9582870953,access_exceeds_3km_even_optimistic,Подъезд >3 км даже в диагностической сети без проверок доступа и поворотов; исключено только по модели OSM,,2382884,26823580,3496.626238007174,,,
site,south,,11315,"[11.567793, 48.156778]",529299.531777378,distance_excluded,22.0,0,False,4404.0,8035.9,1.4,526501.9582870953,access_exceeds_3km_even_optimistic,Подъезд >3 км даже в диагностической сети без проверок доступа и поворотов; исключено только по модели OSM,,2382884,26823580,4368.15094675735,,,
site,south,,11316,"[11.567649, 48.156789]",529299.531777378,distance_excluded,22.0,0,False,4404.2,8084.8,2.6,526501.9582870953,access_exceeds_3km_even_optimistic,Подъезд >3 км даже в диагностической сети без проверок доступа и поворотов; исключено только по модели OSM,,2382884,26823580,4368.327001196841,,,
site,south,,11317,"[11.565224, 48.153361]",529299.531777378,distance_excluded,22.0,0,False,4901.0,8739.7,5.1,526501.9582870953,access_exceeds_3km_even_optimistic,Подъезд >3 км даже в диагностической сети без проверок доступа и поворотов; исключено только по модели OSM,,2382884,26823580,4832.235752993778,,,
site,south,,11318,"[11.568249, 48.15247]",529299.531777378,distance_excluded,22.0,0,False,4862.7,8490.3,2.2,526501.9582870953,access_exceeds_3km_even_optimistic,Подъезд >3 км даже в диагностической сети без проверок доступа и поворотов; исключено только по модели OSM,,2382884,26823580,4793.938454444046,,,
site,south,,11319,"[11.573281333333332, 48.15379733333333]",529299.531777378,distance_excluded,66.0,0,False,4556.4,8033.1,7.4,526501.9582870953,access_exceeds_3km_even_optimistic,Подъезд >3 км даже в диагностической сети без проверок доступа и поворотов; исключено только по модели OSM,,2382884,26823580,4408.920668796671,,,
site,south,,11320,"[11.578807, 48.150866]",529299.531777378,distance_excluded,22.0,0,False,4413.4,8287.7,0.3,526501.9582870953,access_exceeds_3km_even_optimistic,Подъезд >3 км даже в диагностической сети без проверок доступа и поворотов; исключено только по модели OSM,,2382884,26823580,4107.951003821868,,,
site,south,,11321,"[11.579499, 48.151818]",529299.531777378,distance_excluded,22.0,0,False,4295.9,8405.3,4.8,526501.9582870953,access_exceeds_3km_even_optimistic,Подъезд >3 км даже в диагностической сети без проверок доступа и поворотов; исключено только по модели OSM,,2382884,26823580,3990.4086035512773,,,
site,south,,11323,"[11.578978, 48.149467]",529299.531777378,distance_excluded,22.0,0,False,4557.9,8217.6,5.2,526501.9582870953,access_exceeds_3km_even_optimistic,Подъезд >3 км даже в диагностической сети без проверок доступа и поворотов; исключено только по модели OSM,,2382884,26823580,4252.466617289933,,,
site,south,,11324,"[11.576039, 48.159079]",529299.531777378,distance_excluded,22.0,0,False,3598.3,7318.4,4.2,526501.9582870953,access_exceeds_3km_even_optimistic,Подъезд >3 км даже в диагностической сети без проверок доступа и поворотов; исключено только по модели OSM,,2382884,26823580,3598.3287613306516,,,
site,south,,11325,"[11.575942, 48.159094]",529299.531777378,distance_excluded,22.0,0,False,3670.8,7245.9,3.4,526501.9582870953,access_exceeds_3km_even_optimistic,Подъезд >3 км даже в диагностической сети без проверок доступа и поворотов; исключено только по модели OSM,,2382884,26823580,3670.8258439322112,,,
site,south,,11326,"[11.579895, 48.157636]",529299.531777378,distance_excluded,22.0,0,False,3549.9,7153.6,2.5,526501.9582870953,access_exceeds_3km_even_optimistic,Подъезд >3 км даже в диагностической сети без проверок доступа и поворотов; исключено только по модели OSM,,2382884,26823580,3519.8175626814236,,,
site,south,,11327,"[11.580389, 48.160686]",529299.531777378,distance_excluded,22.0,0,False,3264.0,6729.7,3.2,526501.9582870953,access_exceeds_3km_even_optimistic,Подъезд >3 км даже в диагностической сети без проверок доступа и поворотов; исключено только по модели OSM,,2382884,26823580,3234.9209448974725,,,
site,south,,11328,"[11.580395, 48.160768]",529299.531777378,distance_excluded,22.0,0,False,3203.8,6789.8,2.7,526501.9582870953,access_exceeds_3km_even_optimistic,Подъезд >3 км даже в диагностической сети без проверок доступа и поворотов; исключено только по модели OSM,,2382884,26823580,3174.756574978704,,,
site,south,,11329,"[11.578844, 48.166647]",529299.531777378,unconfirmed,22.0,0,False,2580.2,6277.2,4.9,526501.9582870953,return_or_snap_unconfirmed,Подъезд ≤3 км найден; возврат ≤3 км на своё направление не подтверждён,,2382884,26823580,2580.1666834807293,,,
site,south,,11330,"[11.578753, 48.16669]",529299.531777378,unconfirmed,22.0,0,False,2571.9,6278.3,5.7,526501.9582870953,return_or_snap_unconfirmed,Подъезд ≤3 км найден; возврат ≤3 км на своё направление не подтверждён,,2382884,26823580,2571.9210803109904,,,
site,south,,11331,"[11.57863, 48.166769]",529299.531777378,unconfirmed,22.0,0,False,2560.1,6267.5,5.5,526501.9582870953,return_or_snap_unconfirmed,Подъезд ≤3 км найден; возврат ≤3 км на своё направление не подтверждён,,2382884,26823580,2560.1120029418885,,,
site,south,,11332,"[11.575255, 48.155268]",529299.531777378,distance_excluded,22.0,0,False,4081.5,7708.4,5.8,526501.9582870953,access_exceeds_3km_even_optimistic,Подъезд >3 км даже в диагностической сети без проверок доступа и поворотов; исключено только по модели OSM,,2382884,26823580,4078.081746292831,,,
site,south,,11333,"[11.575261, 48.155343]",529299.531777378,distance_excluded,22.0,0,False,4073.2,7681.4,4.4,526501.9582870953,access_exceeds_3km_even_optimistic,Подъезд >3 км даже в диагностической сети без проверок доступа и поворотов; исключено только по модели OSM,,2382884,26823580,4069.85482235551,,,
site,south,,11334,"[11.589625, 48.161028]",529299.531777378,unconfirmed,22.0,0,False,2882.5,6133.7,2.8,526501.9582870953,return_or_snap_unconfirmed,Подъезд ≤3 км найден; возврат ≤3 км на своё направление не подтверждён,,2382884,26823580,2882.507758007599,,,
site,south,,11335,"[11.588193, 48.167171]",529299.531777378,unconfirmed,22.0,0,False,2220.4,5548.4,2.5,526501.9582870953,return_or_snap_unconfirmed,Подъезд ≤3 км найден; возврат ≤3 км на своё направление не подтверждён,,2382884,26823580,2220.3649250537937,,,
site,south,,11336,"[11.588223, 48.167268]",529299.531777378,unconfirmed,22.0,0,False,2150.4,5618.4,2.5,526501.9582870953,return_or_snap_unconfirmed,Подъезд ≤3 км найден; возврат ≤3 км на своё направление не подтверждён,,2382884,26823580,2150.418110132026,,,
site,south,,11337,"[11.588548, 48.155279]",529299.531777378,distance_excluded,22.0,0,False,3824.5,6964.6,4.8,526501.9582870953,access_exceeds_3km_even_optimistic,Подъезд >3 км даже в диагностической сети без проверок доступа и поворотов; исключено только по модели OSM,,2382884,26823580,3560.3300606304456,,,
site,south,,11338,"[11.588581, 48.155429]",529299.531777378,distance_excluded,22.0,0,False,3807.7,6981.4,6.7,526501.9582870953,access_exceeds_3km_even_optimistic,Подъезд >3 км даже в диагностической сети без проверок доступа и поворотов; исключено только по модели OSM,,2382884,26823580,3543.5750501990315,,,
site,south,,11339,"[11.583923, 48.157299]",529299.531777378,distance_excluded,22.0,0,False,3420.9,7220.8,5.7,526501.9582870953,access_exceeds_3km_even_optimistic,Подъезд >3 км даже в диагностической сети без проверок доступа и поворотов; исключено только по модели OSM,,2382884,26823580,3192.539795049656,,,
site,south,,11340,"[11.583753, 48.157343]",529299.531777378,distance_excluded,22.0,0,False,3405.7,7197.8,5.8,526501.9582870953,access_exceeds_3km_even_optimistic,Подъезд >3 км даже в диагностической сети без проверок доступа и поворотов; исключено только по модели OSM,,2382884,26823580,3206.1012135862584,,,
site,south,,11341,"[11.584123, 48.155504]",529299.531777378,distance_excluded,22.0,0,False,3869.0,7373.7,1.8,526501.9582870953,access_exceeds_3km_even_optimistic,Подъезд >3 км даже в диагностической сети без проверок доступа и поворотов; исключено только по модели OSM,,2382884,26823580,3604.8828726799584,,,
site,south,,11342,"[11.583947, 48.155543]",529299.531777378,distance_excluded,22.0,0,False,3882.8,7359.9,2.3,526501.9582870953,access_exceeds_3km_even_optimistic,Подъезд >3 км даже в диагностической сети без проверок доступа и поворотов; исключено только по модели OSM,,2382884,26823580,3618.6695102562016,,,
site,south,,11343,"[11.585572, 48.160369]",529299.531777378,unconfirmed,22.0,0,False,3141.1,6987.2,3.1,526501.9582870953,access_or_snap_review,"Короткая связь появляется только в диагностике; проверить доступ, повороты, барьеры и привязку координаты",,2382884,26823580,2973.9840484705132,,,
site,south,,11344,"[11.585429, 48.160398]",529299.531777378,unconfirmed,22.0,0,False,3168.2,6960.1,3.2,526501.9582870953,access_or_snap_review,"Короткая связь появляется только в диагностике; проверить доступ, повороты, барьеры и привязку координаты",,2382884,26823580,2823.517314549551,,,
site,south,,11345,"[11.582732, 48.154158]",529299.531777378,distance_excluded,22.0,0,False,4063.5,7532.4,3.4,526501.9582870953,access_exceeds_3km_even_optimistic,Подъезд >3 км даже в диагностической сети без проверок доступа и поворотов; исключено только по модели OSM,,2382884,26823580,3757.97244606493,,,
site,south,,11346,"[11.582488, 48.154188]",529299.531777378,distance_excluded,22.0,0,False,3864.6,7647.3,1.4,526501.9582870953,access_exceeds_3km_even_optimistic,Подъезд >3 км даже в диагностической сети без проверок доступа и поворотов; исключено только по модели OSM,,2382884,26823580,3559.089818880106,,,
site,south,,11347,"[11.58655, 48.16317]",529299.531777378,unconfirmed,22.0,0,False,3167.6,5862.6,5.2,526501.9582870953,access_or_snap_review,"Короткая связь появляется только в диагностике; проверить доступ, повороты, барьеры и привязку координаты",,2382884,26823580,2788.893222037833,,,
site,south,,11348,"[11.585672, 48.159108]",529299.531777378,unconfirmed,22.0,0,False,3398.3,7066.6,3.3,526501.9582870953,access_or_snap_review,"Короткая связь появляется только в диагностике; проверить доступ, повороты, барьеры и привязку координаты",,2382884,26823580,2999.127516087418,,,
site,south,,11349,"[11.590501, 48.163194]",529299.531777378,unconfirmed,22.0,0,False,2559.1,5845.2,1.7,526501.9582870953,return_or_snap_unconfirmed,Подъезд ≤3 км найден; возврат ≤3 км на своё направление не подтверждён,,2382884,26823580,2559.078339901336,,,
site,south,,11350,"[11.590437, 48.163101]",529299.531777378,unconfirmed,22.0,0,False,2547.7,5856.6,1.0,526501.9582870953,return_or_snap_unconfirmed,Подъезд ≤3 км найден; возврат ≤3 км на своё направление не подтверждён,,2382884,26823580,2547.7111949249193,,,
site,south,,11351,"[11.590417, 48.166347]",529299.531777378,unconfirmed,320.0,2,False,2058.5,5393.5,6.4,526501.9582870953,return_or_snap_unconfirmed,Подъезд ≤3 км найден; возврат ≤3 км на своё направление не подтверждён,,2382884,26823580,2058.488818801196,,,
site,south,,11352,"[11.583683, 48.163527]",529299.531777378,unconfirmed,22.0,0,False,2728.9,6366.8,3.2,526501.9582870953,return_or_snap_unconfirmed,Подъезд ≤3 км найден; возврат ≤3 км на своё направление не подтверждён,,2382884,26823580,2698.760528021148,,,
site,south,,11353,"[11.583635, 48.163556]",529299.531777378,unconfirmed,22.0,0,False,2724.6,6371.1,5.3,526501.9582870953,return_or_snap_unconfirmed,Подъезд ≤3 км найден; возврат ≤3 км на своё направление не подтверждён,,2382884,26823580,2694.449510374921,,,
site,south,,11354,"[11.576446, 48.162518]",529299.531777378,distance_excluded,22.0,0,False,3146.0,6883.1,10.7,526501.9582870953,access_exceeds_3km_even_optimistic,Подъезд >3 км даже в диагностической сети без проверок доступа и поворотов; исключено только по модели OSM,,2382884,26823580,3145.9935353669443,,,
site,south,,11355,"[11.576114, 48.162565]",529299.531777378,distance_excluded,22.0,0,False,3169.8,6859.3,2.4,526501.9582870953,access_exceeds_3km_even_optimistic,Подъезд >3 км даже в диагностической сети без проверок доступа и поворотов; исключено только по модели OSM,,2382884,26823580,3169.8229941244604,,,
site,south,,11356,"[11.565331, 48.168568]",529299.531777378,distance_excluded,22.0,0,False,3362.0,7328.3,5.6,526501.9582870953,access_exceeds_3km_even_optimistic,Подъезд >3 км даже в диагностической сети без проверок доступа и поворотов; исключено только по модели OSM,,2382884,26823580,3362.0225880536127,,,
site,south,,11357,"[11.577825, 48.169438]",529299.531777378,unconfirmed,22.0,0,False,2285.3,6196.7,2.6,526501.9582870953,return_or_snap_unconfirmed,Подъезд ≤3 км найден; возврат ≤3 км на своё направление не подтверждён,,2382884,26823580,2276.482089704462,,,
site,south,,11358,"[11.582433, 48.173531]",529299.531777378,unconfirmed,22.0,0,False,2128.2,5539.0,5.1,526501.9582870953,return_or_snap_unconfirmed,Подъезд ≤3 км найден; возврат ≤3 км на своё направление не подтверждён,,2382884,26823580,1849.6745613777323,,,
site,south,,11359,"[11.582567, 48.173541]",529299.531777378,unconfirmed,22.0,0,False,2138.2,5529.0,4.8,526501.9582870953,return_or_snap_unconfirmed,Подъезд ≤3 км найден; возврат ≤3 км на своё направление не подтверждён,,2382884,26823580,1859.6966562045598,,,
site,south,,11360,"[11.585785, 48.168498]",529299.531777378,unconfirmed,22.0,0,False,2054.8,5832.9,0.7,526501.9582870953,return_or_snap_unconfirmed,Подъезд ≤3 км найден; возврат ≤3 км на своё направление не подтверждён,,2382884,26823580,2054.810082409889,,,
site,south,,11361,"[11.585614, 48.168526]",529299.531777378,unconfirmed,22.0,0,False,2041.7,5846.0,0.8,526501.9582870953,return_or_snap_unconfirmed,Подъезд ≤3 км найден; возврат ≤3 км на своё направление не подтверждён,,2382884,26823580,2041.714767128269,,,
site,south,,11362,"[11.586953, 48.169912]",529299.531777378,unconfirmed,22.0,0,False,2120.5,5692.6,33.8,526501.9582870953,return_or_snap_unconfirmed,Подъезд ≤3 км найден; возврат ≤3 км на своё направление не подтверждён,,2382884,26823580,1874.673693725775,,,
site,south,,11363,"[11.587049, 48.169891]",529299.531777378,unconfirmed,22.0,0,False,2120.5,5692.6,28.5,526501.9582870953,return_or_snap_unconfirmed,Подъезд ≤3 км найден; возврат ≤3 км на своё направление не подтверждён,,2382884,26823580,1874.673693725775,,,
site,south,,11364,"[11.574714, 48.172947]",529299.531777378,unconfirmed,22.0,0,False,2556.4,6322.5,2.1,526501.9582870953,return_or_snap_unconfirmed,Подъезд ≤3 км найден; возврат ≤3 км на своё направление не подтверждён,,2382884,26823580,2479.1295916958156,,,
site,south,,11365,"[11.574687, 48.173058]",529299.531777378,unconfirmed,22.0,0,False,2543.8,6302.6,3.8,526501.9582870953,return_or_snap_unconfirmed,Подъезд ≤3 км найден; возврат ≤3 км на своё направление не подтверждён,,2382884,26823580,2466.802143902424,,,
site,south,,11366,"[11.577755, 48.169899]",529299.531777378,unconfirmed,22.0,0,False,2233.7,6156.6,4.0,526501.9582870953,return_or_snap_unconfirmed,Подъезд ≤3 км найден; возврат ≤3 км на своё направление не подтверждён,,2382884,26823580,2224.827871541965,,,
site,south,,11367,"[11.584858, 48.171198]",529299.531777378,unconfirmed,22.0,0,False,1659.1,5637.6,12.0,526501.9582870953,return_or_snap_unconfirmed,Подъезд ≤3 км найден; возврат ≤3 км на своё направление не подтверждён,,2382884,26823580,1659.096118986225,,,
site,south,,11368,"[11.586043, 48.173711]",529299.531777378,unconfirmed,22.0,0,False,1388.7,5203.8,17.2,526501.9582870953,return_or_snap_unconfirmed,Подъезд ≤3 км найден; возврат ≤3 км на своё направление не подтверждён,,2382884,26823580,1388.7487552215614,,,
site,south,,11369,"[11.5863115, 48.172177]",529299.531777378,unconfirmed,44.0,0,False,1724.8,5375.3,25.6,526501.9582870953,return_or_snap_unconfirmed,Подъезд ≤3 км найден; возврат ≤3 км на своё направление не подтверждён,,2382884,26823580,1699.1556466921136,,,
site,south,,11370,"[11.586169, 48.173739]",529299.531777378,unconfirmed,22.0,0,False,1391.3,5201.3,26.8,526501.9582870953,return_or_snap_unconfirmed,Подъезд ≤3 км найден; возврат ≤3 км на своё направление не подтверждён,,2382884,26823580,1391.2651253980073,,,
site,south,,11371,"[11.586668, 48.174405]",529299.531777378,unconfirmed,22.0,0,False,,,,,access_or_snap_review,"Короткая связь появляется только в диагностике; проверить доступ, повороты, барьеры и привязку координаты",,,,1495.9268344859936,,,
site,south,,11372,"[11.586098, 48.174861]",529299.531777378,unconfirmed,44.0,0,False,1516.0,5076.6,29.9,526501.9582870953,return_or_snap_unconfirmed,Подъезд ≤3 км найден; возврат ≤3 км на своё направление не подтверждён,,2382884,26823580,1515.9969897417416,,,
site,south,,11375,"[11.590839, 48.17467]",529299.531777378,unconfirmed,132.0,0,False,1338.0,4215.1,32.4,526501.9582870953,return_or_snap_unconfirmed,Подъезд ≤3 км найден; возврат ≤3 км на своё направление не подтверждён,,2382884,26823580,693.1495446299505,,,
site,south,,11376,"[11.591518, 48.174412]",529299.531777378,unconfirmed,110.0,0,False,1295.6,5022.7,16.5,526501.9582870953,return_or_snap_unconfirmed,Подъезд ≤3 км найден; возврат ≤3 км на своё направление не подтверждён,,2382884,26823580,1295.566554508646,,,
site,south,,11377,"[11.602507, 48.180116]",529299.531777378,unconfirmed,22.0,0,False,1881.5,4064.2,5.4,526501.9582870953,return_or_snap_unconfirmed,Подъезд ≤3 км найден; возврат ≤3 км на своё направление не подтверждён,,2382884,26823580,1881.5181655594738,,,
site,south,,11378,"[11.602598, 48.180023]",529299.531777378,unconfirmed,22.0,0,False,1847.2,3917.0,9.9,526501.9582870953,return_or_snap_unconfirmed,Подъезд ≤3 км найден; возврат ≤3 км на своё направление не подтверждён,,2382884,26823580,1847.1617041007787,,,
site,south,,11379,"[11.596797, 48.179465]",529299.531777378,unconfirmed,22.0,0,False,1866.6,4555.5,2.6,526501.9582870953,return_or_snap_unconfirmed,Подъезд ≤3 км найден; возврат ≤3 км на своё направление не подтверждён,,2382884,26823580,1866.5841608222956,,,
site,south,,11380,"[11.596889, 48.179577]",529299.531777378,unconfirmed,22.0,0,False,1852.4,4531.0,1.2,526501.9582870953,return_or_snap_unconfirmed,Подъезд ≤3 км найден; возврат ≤3 км на своё направление не подтверждён,,2382884,26823580,1852.372701994262,,,
site,south,,11381,"[11.602763, 48.161505]",529299.531777378,distance_excluded,1000.0,4,True,3363.2,6521.8,6.1,526501.9582870953,access_exceeds_3km_even_optimistic,Подъезд >3 км даже в диагностической сети без проверок доступа и поворотов; исключено только по модели OSM,,2382884,26823580,3363.153067710537,,,
site,south,,11382,"[11.596745, 48.172336]",529299.531777378,unconfirmed,22.0,0,False,1695.6,4549.6,4.6,526501.9582870953,return_or_snap_unconfirmed,Подъезд ≤3 км найден; возврат ≤3 км на своё направление не подтверждён,,2382884,26823580,1695.556888760103,,,
site,south,,11383,"[11.596847, 48.172275]",529299.531777378,unconfirmed,22.0,0,False,1659.7,4585.5,5.3,526501.9582870953,return_or_snap_unconfirmed,Подъезд ≤3 км найден; возврат ≤3 км на своё направление не подтверждён,,2382884,26823580,1659.7345277624097,,,
site,south,,11384,"[11.591885, 48.166039]",529299.531777378,unconfirmed,22.0,0,False,2079.9,5475.3,2.7,526501.9582870953,return_or_snap_unconfirmed,Подъезд ≤3 км найден; возврат ≤3 км на своё направление не подтверждён,,2382884,26823580,2079.875651873684,,,
site,south,,11385,"[11.601692, 48.168233]",529299.531777378,unconfirmed,22.0,0,False,2759.2,5265.6,3.5,526501.9582870953,return_or_snap_unconfirmed,Подъезд ≤3 км найден; возврат ≤3 км на своё направление не подтверждён,,2382884,26823580,2759.2468542429983,,,
site,south,,11386,"[11.589772, 48.173955]",529299.531777378,unconfirmed,22.0,0,False,1450.5,5146.5,4.0,526501.9582870953,return_or_snap_unconfirmed,Подъезд ≤3 км найден; возврат ≤3 км на своё направление не подтверждён,,2382884,26823580,1450.4511981923754,,,
site,south,,11387,"[11.594059, 48.169764]",529299.531777378,unconfirmed,22.0,0,False,1680.2,4929.9,6.3,526501.9582870953,return_or_snap_unconfirmed,Подъезд ≤3 км найден; возврат ≤3 км на своё направление не подтверждён,,2382884,26823580,1680.206120352705,,,
site,south,,11388,"[11.594125, 48.169755]",529299.531777378,unconfirmed,22.0,0,False,1685.2,4924.9,5.6,526501.9582870953,return_or_snap_unconfirmed,Подъезд ≤3 км найден; возврат ≤3 км на своё направление не подтверждён,,2382884,26823580,1685.1571883576596,,,
site,south,,11389,"[11.598636, 48.174989000000004]",529299.531777378,unconfirmed,66.0,0,False,1668.3,4566.9,17.0,526501.9582870953,return_or_snap_unconfirmed,Подъезд ≤3 км найден; возврат ≤3 км на своё направление не подтверждён,,2382884,26823580,1668.8384970319862,,,
site,south,,11390,"[11.608182, 48.183153]",527272.9426792188,unconfirmed,22.0,0,False,1500.7,3331.5,4.4,526501.9582870953,return_or_snap_unconfirmed,Подъезд ≤3 км найден; возврат ≤3 км на своё направление не подтверждён,,1578742478,26823580,1500.7135675732231,,,
site,south,,11391,"[11.608273, 48.183117]",527272.9426792188,unconfirmed,22.0,0,False,1533.0,3299.2,4.0,526501.9582870953,return_or_snap_unconfirmed,Подъезд ≤3 км найден; возврат ≤3 км на своё направление не подтверждён,,1578742478,26823580,1533.0367524538037,,,
site,south,,11393,"[11.591979, 48.178118]",529299.531777378,unconfirmed,88.0,0,False,669.7,5133.0,20.4,526501.9582870953,return_or_snap_unconfirmed,Подъезд ≤3 км найден; возврат ≤3 км на своё направление не подтверждён,,2382884,26823580,669.6797293629456,,,
site,south,,11395,"[11.594742, 48.183295]",529299.531777378,unconfirmed,44.0,0,False,1695.5,4615.8,19.7,526501.9582870953,return_or_snap_unconfirmed,Подъезд ≤3 км найден; возврат ≤3 км на своё направление не подтверждён,,2382884,26823580,1315.9204255896466,,,
site,south,,11406,"[11.582335, 48.18207]",529299.531777378,unconfirmed,22.0,0,False,1479.2,5125.4,3.7,526501.9582870953,return_or_snap_unconfirmed,Подъезд ≤3 км найден; возврат ≤3 км на своё направление не подтверждён,,2382884,26823580,1479.2203634061866,,,
site,south,,11407,"[11.582204, 48.182125]",529299.531777378,unconfirmed,22.0,0,False,1528.5,5153.6,3.1,526501.9582870953,return_or_snap_unconfirmed,Подъезд ≤3 км найден; возврат ≤3 км на своё направление не подтверждён,,2382884,26823580,1528.5076801087246,,,
site,south,,11408,"[11.582083, 48.182172]",529299.531777378,unconfirmed,22.0,0,False,1518.1,5164.0,2.9,526501.9582870953,return_or_snap_unconfirmed,Подъезд ≤3 км найден; возврат ≤3 км на своё направление не подтверждён,,2382884,26823580,1518.103564364365,,,
site,south,,11414,"[11.58842, 48.179586]",529299.531777378,unconfirmed,22.0,0,False,914.1,4850.4,3.8,526501.9582870953,return_or_snap_unconfirmed,Подъезд ≤3 км найден; возврат ≤3 км на своё направление не подтверждён,,2382884,26823580,914.1344332828832,,,
site,south,,11415,"[11.588557, 48.179553]",529299.531777378,unconfirmed,22.0,0,False,903.3,4861.2,4.4,526501.9582870953,return_or_snap_unconfirmed,Подъезд ≤3 км найден; возврат ≤3 км на своё направление не подтверждён,,2382884,26823580,903.32323344137,,,
site,south,,11416,"[11.573271, 48.180166]",529299.531777378,unconfirmed,22.0,0,False,1976.4,5392.4,3.8,526501.9582870953,return_or_snap_unconfirmed,Подъезд ≤3 км найден; возврат ≤3 км на своё направление не подтверждён,,2382884,26823580,1976.3852409426668,,,
site,south,,11418,"[11.593607, 48.180785]",529299.531777378,unconfirmed,22.0,0,False,1062.4,5483.2,5.0,526501.9582870953,return_or_snap_unconfirmed,Подъезд ≤3 км найден; возврат ≤3 км на своё направление не подтверждён,,2382884,26823580,1062.3933807871467,,,
site,south,,11419,"[11.593435, 48.180828]",529299.531777378,unconfirmed,22.0,0,False,995.2,5550.4,1.8,526501.9582870953,return_or_snap_unconfirmed,Подъезд ≤3 км найден; возврат ≤3 км на своё направление не подтверждён,,2382884,26823580,995.2321041453275,,,
site,south,,11422,"[11.593057, 48.177246]",529299.531777378,unconfirmed,44.0,0,False,750.8,5013.3,17.6,526501.9582870953,return_or_snap_unconfirmed,Подъезд ≤3 км найден; возврат ≤3 км на своё направление не подтверждён,,2382884,26823580,750.8454166165719,,,
site,south,,11423,"[11.591492, 48.17698]",529299.531777378,unconfirmed,150.0,2,False,577.9,5186.2,10.0,526501.9582870953,return_or_snap_unconfirmed,Подъезд ≤3 км найден; возврат ≤3 км на своё направление не подтверждён,,2382884,26823580,577.9218632952004,,,
site,south,,11428,"[11.556978, 48.17771100000001]",529299.531777378,distance_excluded,66.0,0,False,3181.1,6891.9,13.8,526501.9582870953,access_exceeds_3km_even_optimistic,Подъезд >3 км даже в диагностической сети без проверок доступа и поворотов; исключено только по модели OSM,,2382884,26823580,3181.094792160271,,,
site,south,,11429,"[11.565648, 48.175044]",529299.531777378,unconfirmed,22.0,0,False,2485.5,7455.1,9.8,526501.9582870953,return_or_snap_unconfirmed,Подъезд ≤3 км найден; возврат ≤3 км на своё направление не подтверждён,,2382884,26823580,2485.537736038101,,,
site,south,,11430,"[11.562477, 48.172311]",529299.531777378,unconfirmed,22.0,0,False,2929.2,7284.0,4.0,526501.9582870953,return_or_snap_unconfirmed,Подъезд ≤3 км найден; возврат ≤3 км на своё направление не подтверждён,,2382884,26823580,2929.216103283172,,,
site,south,,11431,"[11.566468, 48.18245]",529299.531777378,unconfirmed,22.0,0,False,2706.2,5748.8,3.4,526501.9582870953,return_or_snap_unconfirmed,Подъезд ≤3 км найден; возврат ≤3 км на своё направление не подтверждён,,2382884,26823580,2706.175312783447,,,
site,south,,11432,"[11.566349, 48.18244]",529299.531777378,unconfirmed,22.0,0,False,2715.1,5740.0,4.1,526501.9582870953,return_or_snap_unconfirmed,Подъезд ≤3 км найден; возврат ≤3 км на своё направление не подтверждён,,2382884,26823580,2715.0691310354855,,,
site,south,,11434,"[11.56171, 48.182155]",529299.531777378,distance_excluded,3.7,0,False,,,,,access_exceeds_3km_even_optimistic,Подъезд >3 км даже в диагностической сети без проверок доступа и поворотов; исключено только по модели OSM,,,,3049.705864693222,,,
site,south,,11441,"[11.557823, 48.175293]",529299.531777378,distance_excluded,176.0,0,False,3246.5,7039.3,31.7,526501.9582870953,access_exceeds_3km_even_optimistic,Подъезд >3 км даже в диагностической сети без проверок доступа и поворотов; исключено только по модели OSM,,2382884,26823580,3069.913706482813,,,
site,south,,11458,"[11.571128709677419, 48.17781887096774]",529299.531777378,unconfirmed,114.70000000000006,0,False,,,,,access_or_snap_review,"Короткая связь появляется только в диагностике; проверить доступ, повороты, барьеры и привязку координаты",,,,1901.8967628772164,,,
site,south,,11477,"[11.585194, 48.171139]",529299.531777378,unconfirmed,50.0,0,False,1651.7,5550.8,3.2,526501.9582870953,return_or_snap_unconfirmed,Подъезд ≤3 км найден; возврат ≤3 км на своё направление не подтверждён,,2382884,26823580,1651.7024553117292,,,
site,south,,11848,"[11.613062, 48.14911]",529299.531777378,distance_excluded,22.0,0,False,5023.7,7797.7,3.0,526501.9582870953,access_exceeds_3km_even_optimistic,Подъезд >3 км даже в диагностической сети без проверок доступа и поворотов; исключено только по модели OSM,,2382884,26823580,5023.705395466855,,,
site,south,,11850,"[11.60581, 48.151003]",529299.531777378,distance_excluded,22.0,0,False,4990.6,7858.2,2.1,526501.9582870953,access_exceeds_3km_even_optimistic,Подъезд >3 км даже в диагностической сети без проверок доступа и поворотов; исключено только по модели OSM,,2382884,26823580,4990.608894926701,,,
site,south,,11851,"[11.60589, 48.151045]",529299.531777378,distance_excluded,22.0,0,False,4998.2,7850.6,2.2,526501.9582870953,access_exceeds_3km_even_optimistic,Подъезд >3 км даже в диагностической сети без проверок доступа и поворотов; исключено только по модели OSM,,2382884,26823580,4998.174913194634,,,
site,south,,11852,"[11.608376999999999, 48.155911]",529299.531777378,distance_excluded,66.0,0,False,4863.5,6911.2,29.0,526501.9582870953,access_exceeds_3km_even_optimistic,Подъезд >3 км даже в диагностической сети без проверок доступа и поворотов; исключено только по модели OSM,,2382884,26823580,4863.492137814889,,,
site,south,,11853,"[11.601579, 48.150346]",529299.531777378,distance_excluded,22.0,0,False,4648.4,8055.0,2.8,526501.9582870953,access_exceeds_3km_even_optimistic,Подъезд >3 км даже в диагностической сети без проверок доступа и поворотов; исключено только по модели OSM,,2382884,26823580,4648.354142554812,,,
site,south,,11934,"[11.617596666666666, 48.15302333333333]",529299.531777378,distance_excluded,600.0,0,False,4702.5,7269.5,11.9,526501.9582870953,access_exceeds_3km_even_optimistic,Подъезд >3 км даже в диагностической сети без проверок доступа и поворотов; исключено только по модели OSM,,2382884,26823580,4702.46711433937,,,
site,south,,11935,"[11.617575, 48.15202]",529299.531777378,distance_excluded,200.0,0,False,4743.4,7397.8,17.2,526501.9582870953,access_exceeds_3km_even_optimistic,Подъезд >3 км даже в диагностической сети без проверок доступа и поворотов; исключено только по модели OSM,,2382884,26823580,4743.438522229646,,,
site,south,,11936,"[11.61798, 48.152146]",529299.531777378,distance_excluded,22.0,0,False,4968.0,7296.6,1.8,526501.9582870953,access_exceeds_3km_even_optimistic,Подъезд >3 км даже в диагностической сети без проверок доступа и поворотов; исключено только по модели OSM,,2382884,26823580,4967.983137776719,,,
site,south,,11937,"[11.61816, 48.164303]",527272.9426792188,distance_excluded,22.0,0,False,5117.3,6105.7,3.0,526501.9582870953,access_exceeds_3km_even_optimistic,Подъезд >3 км даже в диагностической сети без проверок доступа и поворотов; исключено только по модели OSM,,1578742478,26823580,5117.328881841787,,,
site,south,,11938,"[11.634731, 48.169838]",527272.9426792188,distance_excluded,200.0,2,False,4071.1,5241.3,13.0,526501.9582870953,access_exceeds_3km_even_optimistic,Подъезд >3 км даже в диагностической сети без проверок доступа и поворотов; исключено только по модели OSM,,1578742478,26823580,4071.0867910777883,,,
site,south,,11940,"[11.62444, 48.16301]",527272.9426792188,distance_excluded,320.0,2,False,4908.6,5891.5,11.5,526501.9582870953,access_exceeds_3km_even_optimistic,Подъезд >3 км даже в диагностической сети без проверок доступа и поворотов; исключено только по модели OSM,,1578742478,26823580,4908.552649327796,,,
site,south,,11941,"[11.620134, 48.153536]",529299.531777378,distance_excluded,50.0,0,False,4754.3,7317.6,4.0,526501.9582870953,access_exceeds_3km_even_optimistic,Подъезд >3 км даже в диагностической сети без проверок доступа и поворотов; исключено только по модели OSM,,2382884,26823580,4754.265927116512,,,
site,south,,11942,"[11.635696, 48.172382]",527272.9426792188,distance_excluded,22.0,0,False,3845.4,4911.3,3.0,526501.9582870953,access_exceeds_3km_even_optimistic,Подъезд >3 км даже в диагностической сети без проверок доступа и поворотов; исключено только по модели OSM,,1578742478,26823580,3845.3999041063926,,,
site,south,,11943,"[11.635782, 48.172321]",527272.9426792188,distance_excluded,22.0,0,False,3836.6,4920.1,0.2,526501.9582870953,access_exceeds_3km_even_optimistic,Подъезд >3 км даже в диагностической сети без проверок доступа и поворотов; исключено только по модели OSM,,1578742478,26823580,3836.6440549385243,,,
site,south,,11944,"[11.61968, 48.15177]",529299.531777378,distance_excluded,44.0,0,False,4912.3,7677.3,27.2,526501.9582870953,access_exceeds_3km_even_optimistic,Подъезд >3 км даже в диагностической сети без проверок доступа и поворотов; исключено только по модели OSM,,2382884,26823580,4912.284869486985,,,
site,south,,11945,"[11.61968, 48.15177]",529299.531777378,distance_excluded,220.0,0,False,4912.3,7677.3,27.2,526501.9582870953,access_exceeds_3km_even_optimistic,Подъезд >3 км даже в диагностической сети без проверок доступа и поворотов; исключено только по модели OSM,,2382884,26823580,4912.284869486985,,,
site,south,,11946,"[11.619330333333332, 48.15212499999999]",529299.531777378,distance_excluded,71.0,0,False,4872.6,7417.3,1.9,526501.9582870953,access_exceeds_3km_even_optimistic,Подъезд >3 км даже в диагностической сети без проверок доступа и поворотов; исключено только по модели OSM,,2382884,26823580,4872.63411577981,,,
site,south,,11947,"[11.618508, 48.160296]",527272.9426792188,distance_excluded,22.0,0,False,5145.6,6156.8,2.3,526501.9582870953,access_exceeds_3km_even_optimistic,Подъезд >3 км даже в диагностической сети без проверок доступа и поворотов; исключено только по модели OSM,,1578742478,26823580,5145.645718318316,,,
site,south,,11954,"[11.629154, 48.16495]",527272.9426792188,distance_excluded,22.0,0,False,5462.7,6759.8,14.7,526501.9582870953,access_exceeds_3km_even_optimistic,Подъезд >3 км даже в диагностической сети без проверок доступа и поворотов; исключено только по модели OSM,,1578742478,26823580,4765.332741412907,,,
site,south,,18224,"[11.632171, 48.179176]",527272.9426792188,unconfirmed,44.0,0,False,2760.9,3731.4,2.7,526501.9582870953,return_or_snap_unconfirmed,Подъезд ≤3 км найден; возврат ≤3 км на своё направление не подтверждён,,1578742478,26823580,2760.859055186997,,,
site,south,,18225,"[11.633012, 48.178781]",527272.9426792188,unconfirmed,150.0,2,False,2889.0,3829.5,10.1,526501.9582870953,return_or_snap_unconfirmed,Подъезд ≤3 км найден; возврат ≤3 км на своё направление не подтверждён,,1578742478,26823580,2889.022656235282,,,
site,south,,18232,"[11.633449, 48.182082]",527272.9426792188,unconfirmed,110.0,0,False,3006.9,3441.3,31.1,526501.9582870953,access_or_snap_review,"Короткая связь появляется только в диагностике; проверить доступ, повороты, барьеры и привязку координаты",,1578742478,26823580,2942.094318933167,,,
site,south,,18234,"[11.632048, 48.179847]",527272.9426792188,unconfirmed,11.0,0,False,2824.7,3787.2,26.3,526501.9582870953,return_or_snap_unconfirmed,Подъезд ≤3 км найден; возврат ≤3 км на своё направление не подтверждён,,1578742478,26823580,2824.654163099353,,,
site,south,,18235,"[11.632259, 48.180303]",527272.9426792188,unconfirmed,11.0,0,False,2931.5,3939.0,36.4,526501.9582870953,return_or_snap_unconfirmed,Подъезд ≤3 км найден; возврат ≤3 км на своё направление не подтверждён,,1578742478,26823580,2931.541230953473,,,
site,south,,18236,"[11.62973, 48.18059]",527505.9164737626,unconfirmed,110.0,0,False,,,,,access_or_snap_review,"Короткая связь появляется только в диагностике; проверить доступ, повороты, барьеры и привязку координаты",,,,2753.7618519989232,,,
site,south,,11261,"[11.590282, 48.187411]",529299.531777378,unconfirmed,44.0,0,False,2351.1,3572.4,10.2,526501.9582870953,return_or_snap_unconfirmed,Подъезд ≤3 км найден; возврат ≤3 км на своё направление не подтверждён,,2382884,26823580,2351.1129907692552,,,
site,south,,11290,"[11.574607, 48.188294000000006]",529120.7157375328,unconfirmed,66.0,0,False,,,,,access_or_snap_review,"Короткая связь появляется только в диагностике; проверить доступ, повороты, барьеры и привязку координаты",,,,2724.220913315676,,,
site,south,,11374,"[11.615254, 48.185265]",527272.9426792188,road_route_found_entrance_unverified,44.0,0,False,1874.3,2987.2,17.9,526501.9582870953,,,München-Frankfurter Ring,1578742478,26823580,,,,
site,south,,11392,"[11.591811, 48.18888]",527272.9426792188,unconfirmed,44.0,0,False,2037.3,3586.7,5.2,526501.9582870953,return_or_snap_unconfirmed,Подъезд ≤3 км найден; возврат ≤3 км на своё направление не подтверждён,,1578742478,26823580,2037.3047020688239,,,
site,south,,11394,"[11.57039, 48.189364499999996]",529299.531777378,distance_excluded,100.0,0,False,3051.9,4972.6,6.8,526501.9582870953,access_exceeds_3km_even_optimistic,Подъезд >3 км даже в диагностической сети без проверок доступа и поворотов; исключено только по модели OSM,,2382884,26823580,3051.9345463333098,,,
site,south,,11396,"[11.590282, 48.187411]",529299.531777378,unconfirmed,44.0,0,False,2351.1,3572.4,10.2,526501.9582870953,return_or_snap_unconfirmed,Подъезд ≤3 км найден; возврат ≤3 км на своё направление не подтверждён,,2382884,26823580,2351.1129907692552,,,
site,south,,11397,"[11.604409, 48.185852]",528189.3639372468,unconfirmed,300.0,2,False,,,,,access_or_snap_review,"Короткая связь появляется только в диагностике; проверить доступ, повороты, барьеры и привязку координаты",,,,1166.9710229596153,,,
site,south,,11398,"[11.60599, 48.18622]",527272.9426792188,road_route_found_entrance_unverified,160.0,1,False,809.7,2851.7,15.8,526501.9582870953,,,München-Frankfurter Ring,1578742478,26823580,,,,
site,south,,11399,"[11.607952333333332, 48.18665766666667]",527272.9426792188,unconfirmed,222.0,0,False,646.6,3074.7,23.1,526501.9582870953,return_or_snap_unconfirmed,Подъезд ≤3 км найден; возврат ≤3 км на своё направление не подтверждён,,1578742478,26823580,646.6413814694242,,,
site,south,,11400,"[11.574231, 48.18802]",529134.0451999449,unconfirmed,110.0,0,False,,,,,access_or_snap_review,"Короткая связь появляется только в диагностике; проверить доступ, повороты, барьеры и привязку координаты",,,,2753.613891238672,,,
site,south,,11401,"[11.57445, 48.18836]",529120.8755818608,unconfirmed,50.0,0,False,,,,,access_or_snap_review,"Короткая связь появляется только в диагностике; проверить доступ, повороты, барьеры и привязку координаты",,,,2729.803548817253,,,
site,south,,11402,"[11.58094, 48.18799]",529299.531777378,unconfirmed,150.0,2,False,2249.5,4330.3,10.6,526501.9582870953,return_or_snap_unconfirmed,Подъезд ≤3 км найден; возврат ≤3 км на своё направление не подтверждён,,2382884,26823580,2249.491770198733,,,
site,south,,11404,"[11.596777, 48.183968]",529299.531777378,unconfirmed,22.0,0,False,1901.7,4636.6,1.7,526501.9582870953,return_or_snap_unconfirmed,Подъезд ≤3 км найден; возврат ≤3 км на своё направление не подтверждён,,2382884,26823580,1400.3066126623403,,,
site,south,,11405,"[11.596643, 48.183922]",529299.531777378,unconfirmed,22.0,0,False,1892.5,4629.1,4.7,526501.9582870953,return_or_snap_unconfirmed,Подъезд ≤3 км найден; возврат ≤3 км на своё направление не подтверждён,,2382884,26823580,1391.108186319263,,,
site,south,,11409,"[11.587653, 48.184132]",529299.531777378,unconfirmed,176.0,0,False,1733.3,4103.0,7.0,526501.9582870953,return_or_snap_unconfirmed,Подъезд ≤3 км найден; возврат ≤3 км на своё направление не подтверждён,,2382884,26823580,1733.269443995465,,,
site,south,,11410,"[11.584973, 48.186574]",529299.531777378,unconfirmed,11.0,0,False,1845.3,3934.0,1.3,526501.9582870953,return_or_snap_unconfirmed,Подъезд ≤3 км найден; возврат ≤3 км на своё направление не подтверждён,,2382884,26823580,1845.3405788838916,,,
site,south,,11411,"[11.585651, 48.187079]",529299.531777378,unconfirmed,44.0,0,False,1970.3,3924.2,20.6,526501.9582870953,return_or_snap_unconfirmed,Подъезд ≤3 км найден; возврат ≤3 км на своё направление не подтверждён,,2382884,26823580,1970.2611523658147,,,
site,south,,11412,"[11.6058, 48.18579]",527272.9426792188,road_route_found_entrance_unverified,160.0,1,False,862.4,2972.5,9.9,526501.9582870953,,,München-Frankfurter Ring,1578742478,26823580,,,,
site,south,,11413,"[11.605688, 48.185782]",527272.9426792188,road_route_found_entrance_unverified,50.0,0,False,864.7,2970.2,1.9,526501.9582870953,,,München-Frankfurter Ring,1578742478,26823580,,,,
site,south,,11417,"[11.572863, 48.185717]",529299.531777378,unconfirmed,22.0,0,False,2506.4,4813.1,5.6,526501.9582870953,return_or_snap_unconfirmed,Подъезд ≤3 км найден; возврат ≤3 км на своё направление не подтверждён,,2382884,26823580,2506.3922368035405,,,
site,south,,11420,"[11.593051, 48.18694]",527272.9426792188,unconfirmed,22.0,0,False,1828.2,3362.5,8.2,526501.9582870953,return_or_snap_unconfirmed,Подъезд ≤3 км найден; возврат ≤3 км на своё направление не подтверждён,,1578742478,26823580,1828.188053578578,,,
site,south,,11421,"[11.593489, 48.18693]",527272.9426792188,unconfirmed,22.0,0,False,1795.8,3342.6,4.5,526501.9582870953,return_or_snap_unconfirmed,Подъезд ≤3 км найден; возврат ≤3 км на своё направление не подтверждён,,1578742478,26823580,1795.8110704479664,,,
site,south,,11424,"[11.574231, 48.18802]",529134.0451999449,unconfirmed,22.0,0,False,,,,,access_or_snap_review,"Короткая связь появляется только в диагностике; проверить доступ, повороты, барьеры и привязку координаты",,,,2753.613891238672,,,
site,south,,11425,"[11.57802, 48.186944]",529299.531777378,unconfirmed,22.0,0,False,2323.8,4538.0,3.8,526501.9582870953,return_or_snap_unconfirmed,Подъезд ≤3 км найден; возврат ≤3 км на своё направление не подтверждён,,2382884,26823580,2323.8268401761966,,,
site,south,,11426,"[11.578109, 48.186901]",529299.531777378,unconfirmed,22.0,0,False,2316.9,4544.9,8.2,526501.9582870953,return_or_snap_unconfirmed,Подъезд ≤3 км найден; возврат ≤3 км на своё направление не подтверждён,,2382884,26823580,2316.9385080288203,,,
site,south,,11427,"[11.587891, 48.184786]",529299.531777378,unconfirmed,11.0,0,False,1836.6,3999.7,3.5,526501.9582870953,return_or_snap_unconfirmed,Подъезд ≤3 км найден; возврат ≤3 км на своё направление не подтверждён,,2382884,26823580,1836.6079199066287,,,
site,south,,11449,"[11.564993, 48.191901]",529299.531777378,distance_excluded,3.7,0,False,3861.6,5181.8,24.8,526501.9582870953,access_exceeds_3km_even_optimistic,Подъезд >3 км даже в диагностической сети без проверок доступа и поворотов; исключено только по модели OSM,,2382884,26823580,3861.603977326807,,,
site,south,,11450,"[11.5629, 48.1926]",529299.531777378,distance_excluded,75.0,0,False,3947.5,5464.6,3.7,526501.9582870953,access_exceeds_3km_even_optimistic,Подъезд >3 км даже в диагностической сети без проверок доступа и поворотов; исключено только по модели OSM,,2382884,26823580,3947.479211243748,,,
site,south,,11454,"[11.569728, 48.19328]",529299.531777378,distance_excluded,50.0,0,False,3596.1,4778.3,3.0,526501.9582870953,access_exceeds_3km_even_optimistic,Подъезд >3 км даже в диагностической сети без проверок доступа и поворотов; исключено только по модели OSM,,2382884,26823580,3596.0565271709256,,,
site,south,,11455,"[11.571009647798743, 48.19321131236897]",528903.7894128099,distance_excluded,2078.1000000000136,0,False,,,,,access_exceeds_3km_even_optimistic,Подъезд >3 км даже в диагностической сети без проверок доступа и поворотов; исключено только по модели OSM,,,,3492.975526655573,,,
site,south,,11456,"[11.565801, 48.1977325]",528852.6879178908,distance_excluded,14.7,0,False,,,,,access_exceeds_3km_even_optimistic,Подъезд >3 км даже в диагностической сети без проверок доступа и поворотов; исключено только по модели OSM,,,,4391.998491465505,,,
site,south,,11457,"[11.571253, 48.19289033333333]",528922.561615464,distance_excluded,11.100000000000001,0,False,,,,,access_exceeds_3km_even_optimistic,Подъезд >3 км даже в диагностической сети без проверок доступа и поворотов; исключено только по модели OSM,,,,3359.0433332855328,,,
site,south,,11459,"[11.60816, 48.1941655]",526080.4763678289,road_route_found_entrance_unverified,7.4,0,False,1287.0,1693.4,7.3,526501.9582870953,,,München-Freimann,377431,26823580,,,,
site,south,,11460,"[11.57086080952381, 48.194159523809525]",528852.6879178908,distance_excluded,77.70000000000003,0,False,,,,,access_exceeds_3km_even_optimistic,Подъезд >3 км даже в диагностической сети без проверок доступа и поворотов; исключено только по модели OSM,,,,4324.876870211461,,,
site,south,,11461,"[11.572063, 48.194182]",528852.6879178908,distance_excluded,40.7,0,False,,,,,access_exceeds_3km_even_optimistic,Подъезд >3 км даже в диагностической сети без проверок доступа и поворотов; исключено только по модели OSM,,,,3455.339493153771,,,
site,south,,11462,"[11.572063, 48.195961]",529299.531777378,distance_excluded,11.0,0,False,3647.2,4201.7,0.4,526501.9582870953,access_exceeds_3km_even_optimistic,Подъезд >3 км даже в диагностической сети без проверок доступа и поворотов; исключено только по модели OSM,,2382884,26823580,3647.1504034219834,,,
site,south,,11463,"[11.572912, 48.205212]",526080.4763678289,distance_excluded,22.0,0,False,4309.1,4634.0,1.2,526501.9582870953,access_exceeds_3km_even_optimistic,Подъезд >3 км даже в диагностической сети без проверок доступа и поворотов; исключено только по модели OSM,,377431,26823580,4309.140762258629,,,
site,south,,11464,"[11.573053, 48.205294]",526080.4763678289,distance_excluded,22.0,0,False,4290.2,4652.9,3.7,526501.9582870953,access_exceeds_3km_even_optimistic,Подъезд >3 км даже в диагностической сети без проверок доступа и поворотов; исключено только по модели OSM,,377431,26823580,4290.243151845513,,,
site,south,,11467,"[11.606032, 48.197997]",526080.4763678289,road_route_found_entrance_unverified,72.0,0,False,1396.5,1457.2,6.7,526501.9582870953,,,München-Freimann,377431,26823580,,,,
site,south,,11468,"[11.605312, 48.196866]",526732.6900174025,unconfirmed,3000.0,12,True,,,,,access_or_snap_review,"Короткая связь появляется только в диагностике; проверить доступ, повороты, барьеры и привязку координаты",,,,1498.2990340413942,,,
site,south,,11469,"[11.620376, 48.191704]",526080.4763678289,road_route_found_entrance_unverified,22.0,0,False,1484.1,1630.4,6.1,526501.9582870953,,,München-Freimann,377431,26823580,,,,
site,south,,11470,"[11.620515, 48.191679]",526080.4763678289,road_route_found_entrance_unverified,22.0,0,False,1494.8,1619.7,5.6,526501.9582870953,,,München-Freimann,377431,26823580,,,,
site,south,,11471,"[11.630752, 48.18911]",526955.5019671582,unconfirmed,242.0,0,False,,,,,access_or_snap_review,"Короткая связь появляется только в диагностике; проверить доступ, повороты, барьеры и привязку координаты",,,,2347.2721735776195,,,
site,south,,11472,"[11.626377, 48.197549]",526080.4763678289,road_route_found_entrance_unverified,132.0,0,False,1419.6,1535.4,14.1,526501.9582870953,,,München-Freimann,377431,26823580,,,,
site,south,,11473,"[11.588056, 48.201615]",526080.4763678289,road_route_found_entrance_unverified,44.0,0,False,2451.4,2543.5,9.4,526501.9582870953,,,München-Freimann,377431,26823580,,,,
site,south,,11474,"[11.582433, 48.193099]",529299.531777378,distance_excluded,44.0,0,False,3530.3,3914.1,20.4,526501.9582870953,access_exceeds_3km_even_optimistic,Подъезд >3 км даже в диагностической сети без проверок доступа и поворотов; исключено только по модели OSM,,2382884,26823580,3241.6867001027686,,,
site,south,,11475,"[11.582594, 48.192788]",529299.531777378,distance_excluded,22.0,0,False,3416.5,3819.4,3.5,526501.9582870953,access_exceeds_3km_even_optimistic,Подъезд >3 км даже в диагностической сети без проверок доступа и поворотов; исключено только по модели OSM,,2382884,26823580,3255.018946126355,,,
site,south,,11476,"[11.586099, 48.201738]",526080.4763678289,road_route_found_entrance_unverified,1200.0,8,True,2689.2,2835.2,1.7,526501.9582870953,,,München-Freimann,377431,26823580,,,,
site,south,,11478,"[11.608252, 48.19316]",527061.1491998798,unconfirmed,75.0,0,False,,,,,access_or_snap_review,"Короткая связь появляется только в диагностике; проверить доступ, повороты, барьеры и привязку координаты",,,,1453.1480466900682,,,
site,south,,11479,"[11.61039, 48.196262]",526678.083982645,unconfirmed,44.0,0,False,,,,,access_or_snap_review,"Короткая связь появляется только в диагностике; проверить доступ, повороты, барьеры и привязку координаты",,,,1065.4099321965748,,,
site,south,,11480,"[11.595513, 48.194516]",526080.4763678289,road_route_found_entrance_unverified,44.0,0,False,2595.5,2706.2,23.4,526501.9582870953,,,München-Freimann,377431,26823580,,,,
site,south,,11481,"[11.584622, 48.192455]",529299.531777378,unconfirmed,150.0,2,False,2532.9,3279.7,6.5,526501.9582870953,return_or_snap_unconfirmed,Подъезд ≤3 км найден; возврат ≤3 км на своё направление не подтверждён,,2382884,26823580,2532.885506050791,,,
site,south,,11482,"[11.606481, 48.19863]",526080.4763678289,road_route_found_entrance_unverified,900.0,8,True,1399.4,1384.5,6.9,526501.9582870953,,,München-Freimann,377431,26823580,,,,
site,south,,11483,"[11.588362499999999, 48.1912245]",529299.531777378,unconfirmed,600.0,8,True,2948.2,3280.0,25.6,526501.9582870953,return_or_snap_unconfirmed,Подъезд ≤3 км найден; возврат ≤3 км на своё направление не подтверждён,,2382884,26823580,2948.185555360345,,,
site,south,,11484,"[11.586389, 48.191306]",529299.531777378,unconfirmed,418.0,0,False,2699.6,3303.0,7.1,526501.9582870953,return_or_snap_unconfirmed,Подъезд ≤3 км найден; возврат ≤3 км на своё направление не подтверждён,,2382884,26823580,2699.639933217483,,,
site,south,,11485,"[11.618283666666665, 48.204253666666666]",525244.0698683647,road_route_found_entrance_unverified,420.0,2,True,743.2,1003.9,7.8,525602.3338626487,,,München-Fröttmaning-Süd,1059827045,377430,,,,
site,south,,11486,"[11.6196, 48.211003]",525244.0698683647,road_route_found_entrance_unverified,800.0,4,True,1017.3,945.9,2.1,525602.3338626487,,,München-Fröttmaning-Süd,1059827045,377430,,,,
site,south,,11487,"[11.619455, 48.210592]",525244.0698683647,road_route_found_entrance_unverified,176.0,0,False,969.4,889.0,3.2,525602.3338626487,,,München-Fröttmaning-Süd,1059827045,377430,,,,
site,south,,11541,"[11.602783, 48.201249]",526080.4763678289,road_route_found_entrance_unverified,50.0,0,False,1292.9,1445.1,5.5,526501.9582870953,,,München-Freimann,377431,26823580,,,,
site,south,,11685,"[11.564562, 48.192665]",529299.531777378,distance_excluded,50.0,0,False,3823.8,5298.6,5.2,526501.9582870953,access_exceeds_3km_even_optimistic,Подъезд >3 км даже в диагностической сети без проверок доступа и поворотов; исключено только по модели OSM,,2382884,26823580,3823.7846503968212,,,
site,south,,15746,"[11.646211, 48.310435]",514493.48773381254,road_route_found_entrance_unverified,88.0,0,False,2479.4,2450.3,5.8,514750.1901193355,,,Eching,13888745,540181,,,,
site,south,,15766,"[11.662306, 48.316948]",514493.48773381254,distance_excluded,22.0,0,False,3724.2,3797.3,6.6,514750.1901193355,access_exceeds_3km_even_optimistic,Подъезд >3 км даже в диагностической сети без проверок доступа и поворотов; исключено только по модели OSM,,13888745,540181,3724.1831345497085,,,
site,south,,15767,"[11.66407, 48.31225]",514493.48773381254,distance_excluded,44.0,0,False,3316.1,3376.6,5.5,514750.1901193355,access_exceeds_3km_even_optimistic,Подъезд >3 км даже в диагностической сети без проверок доступа и поворотов; исключено только по модели OSM,,13888745,540181,3316.0733671671983,,,
site,south,,15769,"[11.652539, 48.313213]",514493.48773381254,road_route_found_entrance_unverified,88.0,0,False,2885.8,2894.1,0.0,514750.1901193355,,,Eching,13888745,540181,,,,
site,south,,15770,"[11.667394, 48.310985]",514493.48773381254,distance_excluded,44.0,0,False,3823.0,3759.8,3.8,514750.1901193355,access_exceeds_3km_even_optimistic,Подъезд >3 км даже в диагностической сети без проверок доступа и поворотов; исключено только по модели OSM,,13888745,540181,3823.01494787247,,,
site,south,,15773,"[11.660022, 48.31593]",514493.48773381254,distance_excluded,100.0,0,False,3813.4,3804.9,8.3,514750.1901193355,access_exceeds_3km_even_optimistic,Подъезд >3 км даже в диагностической сети без проверок доступа и поворотов; исключено только по модели OSM,,13888745,540181,3770.1404461821908,,,
site,south,,15774,"[11.651714, 48.314513]",513522.195476446,distance_excluded,450.0,4,True,,,,,access_exceeds_3km_even_optimistic,Подъезд >3 км даже в диагностической сети без проверок доступа и поворотов; исключено только по модели OSM,,,,3129.6097852049743,,,
site,south,,15776,"[11.608175, 48.337413]",509636.0439924753,road_route_found_entrance_unverified,300.0,4,False,370.0,675.1,6.6,510547.1592616187,,,Ответвление без названия,260972524,260972561,,,,
site,south,,15778,"[11.608175, 48.337413]",509636.0439924753,road_route_found_entrance_unverified,300.0,4,False,370.0,675.1,6.6,510547.1592616187,,,Ответвление без названия,260972524,260972561,,,,
site,south,,15779,"[11.609935, 48.349842]",514493.48773381254,distance_excluded,44.0,0,False,7642.4,7689.3,10.5,514750.1901193355,access_exceeds_3km_even_optimistic,Подъезд >3 км даже в диагностической сети без проверок доступа и поворотов; исключено только по модели OSM,,13888745,540181,3064.5582395833267,,,
site,south,,15780,"[11.618774, 48.330926]",514493.48773381254,unconfirmed,44.0,0,False,5771.3,5850.6,3.5,514750.1901193355,access_or_snap_review,"Короткая связь появляется только в диагностике; проверить доступ, повороты, барьеры и привязку координаты",,13888745,540181,851.1846014968435,,,
site,south,,15781,"[11.611102, 48.335955]",511801.75184816914,unconfirmed,93.0,0,False,4036.3,11478.4,35.5,499826.88710237585,access_or_snap_review,"Короткая связь появляется только в диагностике; проверить доступ, повороты, барьеры и привязку координаты",,256632268,3783057670,1105.2080035607985,,,
site,south,,15782,"[11.637233, 48.349733]",514493.48773381254,distance_excluded,11.0,0,False,7708.2,7813.0,34.7,514750.1901193355,access_exceeds_3km_even_optimistic,Подъезд >3 км даже в диагностической сети без проверок доступа и поворотов; исключено только по модели OSM,,13888745,540181,4029.2119394596484,,,
site,south,,15783,"[11.625633, 48.291778]",514493.48773381254,road_route_found_entrance_unverified,22.0,0,False,1554.9,1624.1,7.3,514750.1901193355,,,Eching,13888745,540181,,,,
site,south,,15784,"[11.616243, 48.297392]",514493.48773381254,road_route_found_entrance_unverified,33.0,0,False,1486.6,1519.9,0.5,514750.1901193355,,,Eching,13888745,540181,,,,
site,south,,15785,"[11.620924, 48.29768]",514493.48773381254,road_route_found_entrance_unverified,44.0,0,False,1075.5,1173.5,5.5,514750.1901193355,,,Eching,13888745,540181,,,,
site,south,,15786,"[11.620764, 48.297512]",514493.48773381254,road_route_found_entrance_unverified,11.0,0,False,1062.3,1109.3,12.2,514750.1901193355,,,Eching,13888745,540181,,,,
site,south,,15787,"[11.600206, 48.323187]",514493.48773381254,unconfirmed,44.0,0,False,3998.9,4071.3,7.8,514750.1901193355,access_or_snap_review,"Короткая связь появляется только в диагностике; проверить доступ, повороты, барьеры и привязку координаты",,13888745,540181,1575.663281043059,,,
site,south,,15788,"[11.618166, 48.303782]",514493.48773381254,road_route_found_entrance_unverified,44.0,0,False,2197.6,2346.2,13.3,514750.1901193355,,,Eching,13888745,540181,,,,
site,south,,15789,"[11.622383, 48.297519]",514493.48773381254,road_route_found_entrance_unverified,44.0,0,False,828.7,989.2,46.8,514750.1901193355,,,Eching,13888745,540181,,,,
site,south,,15790,"[11.622383, 48.297519]",514493.48773381254,road_route_found_entrance_unverified,44.0,0,False,828.7,989.2,46.8,514750.1901193355,,,Eching,13888745,540181,,,,
site,south,,15791,"[11.623487, 48.297625]",514493.48773381254,road_route_found_entrance_unverified,44.0,0,False,767.3,823.3,9.4,514750.1901193355,,,Eching,13888745,540181,,,,
site,south,,15792,"[11.64325, 48.30964]",514493.48773381254,road_route_found_entrance_unverified,150.0,2,False,2080.1,2124.4,15.4,514750.1901193355,,,Eching,13888745,540181,,,,
site,south,,15793,"[11.646624, 48.311144]",514493.48773381254,road_route_found_entrance_unverified,60.0,0,False,2380.7,2425.0,6.7,514750.1901193355,,,Eching,13888745,540181,,,,
site,south,,15794,"[11.6334, 48.3082]",514493.48773381254,road_route_found_entrance_unverified,600.0,6,True,1851.8,1647.3,36.1,514750.1901193355,,,Eching,13888745,540181,,,,
site,south,,15795,"[11.634505, 48.306234]",514493.48773381254,road_route_found_entrance_unverified,300.0,2,False,1335.8,1457.2,4.0,514750.1901193355,,,Eching,13888745,540181,,,,
site,south,,15796,"[11.646729, 48.310848]",514493.48773381254,road_route_found_entrance_unverified,2100.0,6,True,2406.7,2422.8,4.8,514750.1901193355,,,Eching,13888745,540181,,,,
site,south,,15797,"[11.634505, 48.306234]",514493.48773381254,road_route_found_entrance_unverified,300.0,2,False,1335.8,1457.2,4.0,514750.1901193355,,,Eching,13888745,540181,,,,
site,south,,15798,"[11.634577, 48.306514]",514493.48773381254,road_route_found_entrance_unverified,3000.0,12,True,1368.6,1460.2,5.2,514750.1901193355,,,Eching,13888745,540181,,,,
site,south,,15799,"[11.639985000000001, 48.306624]",514493.48773381254,road_route_found_entrance_unverified,1200.0,6,True,1603.2,1620.4,12.6,514750.1901193355,,,Eching,13888745,540181,,,,
site,south,,15800,"[11.639985, 48.306624]",514493.48773381254,road_route_found_entrance_unverified,600.0,4,True,1554.7,1668.9,12.6,514750.1901193355,,,Eching,13888745,540181,,,,
site,south,,15802,"[11.616192, 48.308141]",513199.62643269286,unconfirmed,3.7,0,False,,,,,access_or_snap_review,"Короткая связь появляется только в диагностике; проверить доступ, повороты, барьеры и привязку координаты",,,,2166.488566847721,,,
site,south,,15803,"[11.616192, 48.308141]",513199.62643269286,unconfirmed,11.0,0,False,,,,,access_or_snap_review,"Короткая связь появляется только в диагностике; проверить доступ, повороты, барьеры и привязку координаты",,,,2166.488566847721,,,
site,south,,15804,"[11.622783, 48.29134]",514493.48773381254,road_route_found_entrance_unverified,44.0,0,False,1585.4,1615.6,3.9,514750.1901193355,,,Eching,13888745,540181,,,,
site,south,,15805,"[11.633904, 48.303782]",514493.48773381254,road_route_found_entrance_unverified,84.0,0,False,1930.7,1296.8,17.1,514750.1901193355,,,Eching,13888745,540181,,,,
site,south,,15806,"[11.634492, 48.291768]",514493.48773381254,road_route_found_entrance_unverified,44.0,0,False,1533.1,1603.6,3.8,514750.1901193355,,,Eching,13888745,540181,,,,
site,south,,15807,"[11.59587, 48.288884]",514664.41712109814,distance_excluded,44.0,0,False,,,,,access_exceeds_3km_even_optimistic,Подъезд >3 км даже в диагностической сети без проверок доступа и поворотов; исключено только по модели OSM,,,,3140.9516576633882,,,
site,south,,15808,"[11.674053, 48.280986]",518294.0527740413,distance_excluded,44.0,0,False,4331.9,3775.9,4.3,518592.9735198673,access_exceeds_3km_even_optimistic,Подъезд >3 км даже в диагностической сети без проверок доступа и поворотов; исключено только по модели OSM,,1677677304,540187,3825.851736206513,,,
site,south,,15809,"[11.628223, 48.301618]",514493.48773381254,road_route_found_entrance_unverified,44.0,0,False,1003.9,1056.7,6.0,514750.1901193355,,,Eching,13888745,540181,,,,
site,south,,15810,"[11.619422, 48.303575]",513783.360309293,unconfirmed,44.0,0,False,,,,,access_or_snap_review,"Короткая связь появляется только в диагностике; проверить доступ, повороты, барьеры и привязку координаты",,,,1357.2889072316375,,,
site,south,,15811,"[11.62071, 48.299711]",514493.48773381254,road_route_found_entrance_unverified,44.0,0,False,1352.1,1402.3,4.9,514750.1901193355,,,Eching,13888745,540181,,,,
site,south,,15812,"[11.621919, 48.298138]",514493.48773381254,road_route_found_entrance_unverified,50.0,0,False,1219.3,1261.8,8.3,514750.1901193355,,,Eching,13888745,540181,,,,
site,south,,15813,"[11.6210855, 48.301919999999996]",514493.48773381254,road_route_found_entrance_unverified,200.0,0,False,1197.6,1119.8,7.0,514750.1901193355,,,Eching,13888745,540181,,,,
site,south,,15814,"[11.627925, 48.297403]",514648.6273145614,unconfirmed,44.0,0,False,,,,,access_or_snap_review,"Короткая связь появляется только в диагностике; проверить доступ, повороты, барьеры и привязку координаты",,,,747.1591067152956,,,
site,south,,15815,"[11.605581, 48.434208]",499547.72389884555,road_route_found_entrance_unverified,44.0,0,False,2351.7,2570.4,8.5,499826.88710237585,,,Allershausen,17205380,3783057670,,,,
site,south,,15816,"[11.583925, 48.428567]",499547.72389884555,road_route_found_entrance_unverified,2000.0,8,True,660.2,687.1,6.4,499826.88710237585,,,Allershausen,17205380,3783057670,,,,
site,south,,15817,"[11.58115, 48.42775]",499547.72389884555,road_route_found_entrance_unverified,1200.0,8,True,863.6,958.9,25.8,499826.88710237585,,,Allershausen,17205380,3783057670,,,,
site,south,,15818,"[11.59848, 48.43096]",499547.72389884555,road_route_found_entrance_unverified,44.0,0,False,1216.0,1308.8,11.1,499826.88710237585,,,Allershausen,17205380,3783057670,,,,
site,south,,15819,"[11.594905, 48.432852]",499089.3138696677,unconfirmed,44.0,0,False,,,,,access_or_snap_review,"Короткая связь появляется только в диагностике; проверить доступ, повороты, барьеры и привязку координаты",,,,1590.9374451563615,,,
site,south,,15820,"[11.580861, 48.429667]",499547.72389884555,road_route_found_entrance_unverified,150.0,2,False,806.1,908.2,8.7,499826.88710237585,,,Allershausen,17205380,3783057670,,,,
site,south,,15821,"[11.585611, 48.428085]",499547.72389884555,road_route_found_entrance_unverified,300.0,2,False,495.5,523.9,6.5,499826.88710237585,,,Allershausen,17205380,3783057670,,,,
site,south,,15822,"[11.585668, 48.427259]",499547.72389884555,road_route_found_entrance_unverified,33.0,0,False,542.0,563.0,0.2,499826.88710237585,,,Allershausen,17205380,3783057670,,,,
site,south,,15823,"[11.585405, 48.428207]",499547.72389884555,road_route_found_entrance_unverified,600.0,4,True,518.9,559.2,8.1,499826.88710237585,,,Allershausen,17205380,3783057670,,,,
site,south,,15839,"[11.573482, 48.38894]",499547.72389884555,distance_excluded,11.0,0,False,8949.9,8991.7,4.9,499826.88710237585,access_exceeds_3km_even_optimistic,Подъезд >3 км даже в диагностической сети без проверок доступа и поворотов; исключено только по модели OSM,,17205380,3783057670,4214.493489494564,,,
site,south,,15840,"[11.609967, 48.405501]",499547.72389884555,distance_excluded,22.0,0,False,5170.5,5216.2,7.1,499826.88710237585,access_exceeds_3km_even_optimistic,Подъезд >3 км даже в диагностической сети без проверок доступа и поворотов; исключено только по модели OSM,,17205380,3783057670,3138.9894900935683,,,
site,south,,15841,"[11.611599, 48.405478]",499547.72389884555,distance_excluded,44.0,0,False,5225.2,5246.1,8.9,499826.88710237585,access_exceeds_3km_even_optimistic,Подъезд >3 км даже в диагностической сети без проверок доступа и поворотов; исключено только по модели OSM,,17205380,3783057670,3193.6859478300207,,,
site,south,,15858,"[11.573892, 48.344099]",514493.48773381254,distance_excluded,11.0,0,False,7701.4,7772.2,9.9,514750.1901193355,access_exceeds_3km_even_optimistic,Подъезд >3 км даже в диагностической сети без проверок доступа и поворотов; исключено только по модели OSM,,13888745,540181,4944.7949560527195,,,
site,south,,18141,"[11.5880622, 48.286424]",514711.0917600219,distance_excluded,99.0,0,False,,,,,access_exceeds_3km_even_optimistic,Подъезд >3 км даже в диагностической сети без проверок доступа и поворотов; исключено только по модели OSM,,,,4938.572057780118,,,
site,south,,18145,"[11.677239, 48.227729]",520510.6740835373,distance_excluded,88.0,0,False,4984.7,5001.6,5.4,520695.02711786254,access_exceeds_3km_even_optimistic,Подъезд >3 км даже в диагностической сети без проверок доступа и поворотов; исключено только по модели OSM,,21495115,17197477,4984.736082805628,,,
site,south,,18146,"[11.678896, 48.226132]",520510.6740835373,distance_excluded,44.0,0,False,5170.0,5160.0,8.3,520695.02711786254,access_exceeds_3km_even_optimistic,Подъезд >3 км даже в диагностической сети без проверок доступа и поворотов; исключено только по модели OSM,,21495115,17197477,5170.028724843368,,,
site,south,,18147,"[11.677253, 48.224919]",520510.6740835373,distance_excluded,44.0,0,False,5169.1,5151.5,0.9,520695.02711786254,access_exceeds_3km_even_optimistic,Подъезд >3 км даже в диагностической сети без проверок доступа и поворотов; исключено только по модели OSM,,21495115,17197477,5169.11898265373,,,
site,south,,18149,"[11.677098, 48.228093]",520510.6740835373,distance_excluded,44.0,0,False,4999.1,5005.1,20.9,520695.02711786254,access_exceeds_3km_even_optimistic,Подъезд >3 км даже в диагностической сети без проверок доступа и поворотов; исключено только по модели OSM,,21495115,17197477,4999.14678726137,,,
site,south,,18151,"[11.683649, 48.234368]",520510.6740835373,distance_excluded,44.0,0,False,4368.6,4575.2,3.2,520695.02711786254,access_exceeds_3km_even_optimistic,Подъезд >3 км даже в диагностической сети без проверок доступа и поворотов; исключено только по модели OSM,,21495115,17197477,4365.453954529669,,,
site,south,,18152,"[11.683549, 48.234505]",520510.6740835373,distance_excluded,50.0,0,False,4337.7,4606.1,5.6,520695.02711786254,access_exceeds_3km_even_optimistic,Подъезд >3 км даже в диагностической сети без проверок доступа и поворотов; исключено только по модели OSM,,21495115,17197477,4334.595138697548,,,
site,south,,18153,"[11.674512, 48.226393]",520510.6740835373,distance_excluded,44.0,0,False,5073.8,5066.7,8.6,520695.02711786254,access_exceeds_3km_even_optimistic,Подъезд >3 км даже в диагностической сети без проверок доступа и поворотов; исключено только по модели OSM,,21495115,17197477,5073.7856483529185,,,
site,south,,18154,"[11.668186, 48.224971]",520510.6740835373,distance_excluded,44.0,0,False,5749.2,5773.0,6.5,520695.02711786254,access_exceeds_3km_even_optimistic,Подъезд >3 км даже в диагностической сети без проверок доступа и поворотов; исключено только по модели OSM,,21495115,17197477,5749.189381204483,,,
site,south,,18155,"[11.6769, 48.22135]",520510.6740835373,distance_excluded,44.0,0,False,5636.1,5620.6,15.3,520695.02711786254,access_exceeds_3km_even_optimistic,Подъезд >3 км даже в диагностической сети без проверок доступа и поворотов; исключено только по модели OSM,,21495115,17197477,5636.107517605974,,,
site,south,,18156,"[11.65712, 48.2078]",527272.9426792188,distance_excluded,88.0,0,False,6643.1,7070.7,46.9,526501.9582870953,access_exceeds_3km_even_optimistic,Подъезд >3 км даже в диагностической сети без проверок доступа и поворотов; исключено только по модели OSM,,1578742478,26823580,6578.259710458871,,,
site,south,,18157,"[11.66913, 48.22337]",520510.6740835373,distance_excluded,150.0,2,False,5592.4,5576.9,9.8,520695.02711786254,access_exceeds_3km_even_optimistic,Подъезд >3 км даже в диагностической сети без проверок доступа и поворотов; исключено только по модели OSM,,21495115,17197477,5592.3856442386505,,,
site,south,,18158,"[11.680411, 48.234004]",521028.66363413254,distance_excluded,55.0,0,False,,,,,access_exceeds_3km_even_optimistic,Подъезд >3 км даже в диагностической сети без проверок доступа и поворотов; исключено только по модели OSM,,,,4288.170360278027,,,
site,south,,18159,"[11.682501, 48.230217]",520510.6740835373,distance_excluded,60.0,0,False,5101.2,5039.4,3.7,520695.02711786254,access_exceeds_3km_even_optimistic,Подъезд >3 км даже в диагностической сети без проверок доступа и поворотов; исключено только по модели OSM,,21495115,17197477,5101.1562860030135,,,
site,south,,18163,"[11.673102, 48.229043]",520510.6740835373,distance_excluded,22.0,0,False,4842.5,4887.3,1.2,520695.02711786254,access_exceeds_3km_even_optimistic,Подъезд >3 км даже в диагностической сети без проверок доступа и поворотов; исключено только по модели OSM,,21495115,17197477,4842.531940045216,,,
site,south,,18164,"[11.672684, 48.228789]",521794.27395127196,distance_excluded,44.0,0,False,,,,,access_exceeds_3km_even_optimistic,Подъезд >3 км даже в диагностической сети без проверок доступа и поворотов; исключено только по модели OSM,,,,4903.358756659664,,,
site,south,,18167,"[11.681491, 48.229245]",521524.4964917302,distance_excluded,11.0,0,False,,,,,access_exceeds_3km_even_optimistic,Подъезд >3 км даже в диагностической сети без проверок доступа и поворотов; исключено только по модели OSM,,,,5018.172324344695,,,
site,south,,18168,"[11.681491, 48.229245]",521524.4964917302,distance_excluded,11.0,0,False,,,,,access_exceeds_3km_even_optimistic,Подъезд >3 км даже в диагностической сети без проверок доступа и поворотов; исключено только по модели OSM,,,,5018.172324344695,,,
site,south,,18169,"[11.665, 48.22259]",520510.6740835373,distance_excluded,44.0,0,False,5956.2,5973.1,18.6,520695.02711786254,access_exceeds_3km_even_optimistic,Подъезд >3 км даже в диагностической сети без проверок доступа и поворотов; исключено только по модели OSM,,21495115,17197477,5956.190108512975,,,
site,south,,18173,"[11.658105, 48.243994]",520510.6740835373,road_route_found_entrance_unverified,22.0,0,False,2742.0,2527.7,6.8,520695.02711786254,,,Garching-Süd,21495115,17197477,,,,
site,south,,18174,"[11.658105, 48.243994]",520510.6740835373,road_route_found_entrance_unverified,22.0,0,False,2742.0,2527.7,6.8,520695.02711786254,,,Garching-Süd,21495115,17197477,,,,
site,south,,18175,"[11.646365, 48.24308]",520510.6740835373,road_route_found_entrance_unverified,22.0,0,False,1961.3,1901.6,2.8,520695.02711786254,,,Garching-Süd,21495115,17197477,,,,
site,south,,18176,"[11.646365, 48.24308]",520510.6740835373,road_route_found_entrance_unverified,22.0,0,False,1961.3,1901.6,2.8,520695.02711786254,,,Garching-Süd,21495115,17197477,,,,
site,south,,18177,"[11.659534, 48.252757]",518294.0527740413,unconfirmed,22.0,0,False,2950.3,3092.4,3.5,520695.02711786254,return_or_snap_unconfirmed,Подъезд ≤3 км найден; возврат ≤3 км на своё направление не подтверждён,,1677677304,17197477,2950.3335254514827,,,
site,south,,18178,"[11.659534, 48.252757]",518294.0527740413,unconfirmed,22.0,0,False,2950.3,3092.4,3.5,520695.02711786254,return_or_snap_unconfirmed,Подъезд ≤3 км найден; возврат ≤3 км на своё направление не подтверждён,,1677677304,17197477,2950.3335254514827,,,
site,south,,18179,"[11.637759, 48.251577]",520510.6740835373,road_route_found_entrance_unverified,220.0,0,False,1474.2,1564.8,8.5,520695.02711786254,,,Garching-Süd,21495115,17197477,,,,
site,south,,18181,"[11.637834999999999, 48.25128927272727]",520510.6740835373,road_route_found_entrance_unverified,203.49999999999983,0,False,1503.5,1547.0,9.0,520695.02711786254,,,Garching-Süd,21495115,17197477,,,,
site,south,,18183,"[11.634365, 48.249323]",520510.6740835373,road_route_found_entrance_unverified,3600.0,12,True,1308.6,1389.7,5.7,520695.02711786254,,,Garching-Süd,21495115,17197477,,,,
site,south,,18184,"[11.642138, 48.250648]",520510.6740835373,road_route_found_entrance_unverified,22.0,0,False,1687.2,1753.3,4.9,520695.02711786254,,,Garching-Süd,21495115,17197477,,,,
site,south,,18185,"[11.642138, 48.250648]",520510.6740835373,road_route_found_entrance_unverified,22.0,0,False,1687.2,1753.3,4.9,520695.02711786254,,,Garching-Süd,21495115,17197477,,,,
site,south,,18186,"[11.649787, 48.251481]",520510.6740835373,road_route_found_entrance_unverified,22.0,0,False,2672.7,2743.9,7.0,520695.02711786254,,,Garching-Süd,21495115,17197477,,,,
site,south,,18187,"[11.649787, 48.251481]",520510.6740835373,road_route_found_entrance_unverified,22.0,0,False,2672.7,2743.9,7.0,520695.02711786254,,,Garching-Süd,21495115,17197477,,,,
site,south,,18188,"[11.61262, 48.248385]",520510.6740835373,road_route_found_entrance_unverified,22.0,0,False,2861.0,2879.3,7.4,520695.02711786254,,,Garching-Süd,21495115,17197477,,,,
site,south,,18189,"[11.64635, 48.243003]",520510.6740835373,road_route_found_entrance_unverified,150.0,2,False,1959.2,1903.8,11.1,520695.02711786254,,,Garching-Süd,21495115,17197477,,,,
site,south,,18190,"[11.646365, 48.24308]",520510.6740835373,road_route_found_entrance_unverified,150.0,1,False,1961.3,1901.6,2.8,520695.02711786254,,,Garching-Süd,21495115,17197477,,,,
site,south,,18191,"[11.664881666666666, 48.26836599999999]",518467.22804438346,unconfirmed,55.0,0,False,,,,,access_or_snap_review,"Короткая связь появляется только в диагностике; проверить доступ, повороты, барьеры и привязку координаты",,,,2274.9291844144427,,,
site,south,,18192,"[11.632938, 48.250169]",520510.6740835373,road_route_found_entrance_unverified,220.0,0,False,1512.1,1425.2,1.8,520695.02711786254,,,Garching-Süd,21495115,17197477,,,,
site,south,,18193,"[11.628438, 48.250126]",520510.6740835373,road_route_found_entrance_unverified,110.0,0,False,1499.1,2294.1,29.8,520695.02711786254,,,Garching-Süd,21495115,17197477,,,,
site,south,,18194,"[11.652303, 48.248902]",520510.6740835373,road_route_found_entrance_unverified,22.0,0,False,2281.1,2210.9,1.6,520695.02711786254,,,Garching-Süd,21495115,17197477,,,,
site,south,,18195,"[11.652303, 48.248902]",520510.6740835373,road_route_found_entrance_unverified,22.0,0,False,2281.1,2210.9,1.6,520695.02711786254,,,Garching-Süd,21495115,17197477,,,,
site,south,,18196,"[11.663351, 48.26734100000001]",518552.7235338699,unconfirmed,160.0,0,False,,,,,access_or_snap_review,"Короткая связь появляется только в диагностике; проверить доступ, повороты, барьеры и привязку координаты",,,,2206.082579558253,,,
site,south,,18197,"[11.6066866, 48.2503624]",520510.6740835373,distance_excluded,1500.0,10,True,3176.0,3169.0,3.8,520695.02711786254,access_exceeds_3km_even_optimistic,Подъезд >3 км даже в диагностической сети без проверок доступа и поворотов; исключено только по модели OSM,,21495115,17197477,3175.953881466979,,,
site,south,,18198,"[11.60499125, 48.2310625]",523144.2947669325,distance_excluded,88.0,0,False,,,,,access_exceeds_3km_even_optimistic,Подъезд >3 км даже в диагностической сети без проверок доступа и поворотов; исключено только по модели OSM,,,,5594.795856095239,,,
site,south,,18208,"[11.591979999999998, 48.221864]",526080.4763678289,distance_excluded,396.0,0,False,5199.6,5311.2,7.8,523946.3310477915,access_exceeds_3km_even_optimistic,Подъезд >3 км даже в диагностической сети без проверок доступа и поворотов; исключено только по модели OSM,,377431,1059694866,4939.227707707935,,,
site,south,,18210,"[11.637665, 48.2515355]",520510.6740835373,road_route_found_entrance_unverified,29.599999999999998,0,False,1476.1,1563.8,0.8,520695.02711786254,,,Garching-Süd,21495115,17197477,,,,
site,south,,18216,"[11.6461565, 48.189245]",527272.9426792188,distance_excluded,44.0,0,False,4844.2,5296.6,13.1,526501.9582870953,access_exceeds_3km_even_optimistic,Подъезд >3 км даже в диагностической сети без проверок доступа и поворотов; исключено только по модели OSM,,1578742478,26823580,4779.35827950654,,,
site,south,,18217,"[11.646383, 48.189581]",527272.9426792188,distance_excluded,66.0,0,False,4801.4,5282.4,14.7,526501.9582870953,access_exceeds_3km_even_optimistic,Подъезд >3 км даже в диагностической сети без проверок доступа и поворотов; исключено только по модели OSM,,1578742478,26823580,4736.527359484835,,,
site,south,,18218,"[11.654683, 48.188358]",527272.9426792188,distance_excluded,22.0,0,False,5191.2,5591.0,21.0,526501.9582870953,access_exceeds_3km_even_optimistic,Подъезд >3 км даже в диагностической сети без проверок доступа и поворотов; исключено только по модели OSM,,1578742478,26823580,5114.77216721634,,,
site,south,,18219,"[11.653721, 48.1892]",527272.9426792188,distance_excluded,44.0,0,False,5121.2,5491.9,33.5,526501.9582870953,access_exceeds_3km_even_optimistic,Подъезд >3 км даже в диагностической сети без проверок доступа и поворотов; исключено только по модели OSM,,1578742478,26823580,5056.3127289691065,,,
site,south,,18220,"[11.651401, 48.1855005]",526850.7135707948,distance_excluded,88.0,0,False,,,,,access_exceeds_3km_even_optimistic,Подъезд >3 км даже в диагностической сети без проверок доступа и поворотов; исключено только по модели OSM,,,,4541.597909203266,,,
site,south,,18221,"[11.65325, 48.185267499999995]",527272.9426792188,distance_excluded,44.0,0,False,4864.0,5328.7,26.2,526501.9582870953,access_exceeds_3km_even_optimistic,Подъезд >3 км даже в диагностической сети без проверок доступа и поворотов; исключено только по модели OSM,,1578742478,26823580,4769.871328096198,,,
site,south,,18222,"[11.654199999999998, 48.185]",527272.9426792188,distance_excluded,66.0,0,False,4770.4,5214.4,28.6,526501.9582870953,access_exceeds_3km_even_optimistic,Подъезд >3 км даже в диагностической сети без проверок доступа и поворотов; исключено только по модели OSM,,1578742478,26823580,4705.537726555303,,,
site,south,,18223,"[11.65496, 48.18496]",526806.5559832021,distance_excluded,22.0,0,False,,,,,access_exceeds_3km_even_optimistic,Подъезд >3 км даже в диагностической сети без проверок доступа и поворотов; исключено только по модели OSM,,,,4731.630510456277,,,
site,south,,18226,"[11.64233, 48.18857]",527272.9426792188,distance_excluded,44.0,0,False,4078.8,4539.3,8.8,526501.9582870953,access_exceeds_3km_even_optimistic,Подъезд >3 км даже в диагностической сети без проверок доступа и поворотов; исключено только по модели OSM,,1578742478,26823580,4013.9448908107943,,,
site,south,,18227,"[11.643486, 48.197494]",527272.9426792188,distance_excluded,44.0,0,False,4742.6,5366.0,4.4,526501.9582870953,access_exceeds_3km_even_optimistic,Подъезд >3 км даже в диагностической сети без проверок доступа и поворотов; исключено только по модели OSM,,1578742478,26823580,4677.783805147887,,,
site,south,,18228,"[11.655399875, 48.1928515]",527272.9426792188,distance_excluded,176.0,0,False,5776.0,6305.0,2.7,526501.9582870953,access_exceeds_3km_even_optimistic,Подъезд >3 км даже в диагностической сети без проверок доступа и поворотов; исключено только по модели OSM,,1578742478,26823580,5534.288758052047,,,
site,south,,18229,"[11.652785, 48.199087]",527272.9426792188,distance_excluded,44.0,0,False,5490.0,5937.4,6.6,526501.9582870953,access_exceeds_3km_even_optimistic,Подъезд >3 км даже в диагностической сети без проверок доступа и поворотов; исключено только по модели OSM,,1578742478,26823580,5425.178326220542,,,
site,south,,18230,"[11.651843, 48.190949]",527272.9426792188,distance_excluded,400.0,4,True,5195.9,5743.2,11.2,526501.9582870953,access_exceeds_3km_even_optimistic,Подъезд >3 км даже в диагностической сети без проверок доступа и поворотов; исключено только по модели OSM,,1578742478,26823580,4884.244502387514,,,
site,south,,18231,"[11.64853, 48.186216]",526842.7730704157,distance_excluded,440.0,0,False,,,,,access_exceeds_3km_even_optimistic,Подъезд >3 км даже в диагностической сети без проверок доступа и поворотов; исключено только по модели OSM,,,,4673.037604073414,,,
site,south,,18233,"[11.633338, 48.183222]",527272.9426792188,unconfirmed,22.0,0,False,2910.8,3445.1,10.8,526501.9582870953,return_or_snap_unconfirmed,Подъезд ≤3 км найден; возврат ≤3 км на своё направление не подтверждён,,1578742478,26823580,2845.955153019671,,,
site,south,,18237,"[11.633168, 48.183232]",527272.9426792188,unconfirmed,22.0,0,False,2970.5,3317.3,6.3,526501.9582870953,return_or_snap_unconfirmed,Подъезд ≤3 км найден; возврат ≤3 км на своё направление не подтверждён,,1578742478,26823580,2905.632369962866,,,
site,south,,18238,"[11.639426, 48.191088]",527272.9426792188,distance_excluded,150.0,0,False,3927.6,4396.1,12.6,526501.9582870953,access_exceeds_3km_even_optimistic,Подъезд >3 км даже в диагностической сети без проверок доступа и поворотов; исключено только по модели OSM,,1578742478,26823580,3862.792343109075,,,
site,south,,18239,"[11.640531, 48.183316]",527272.9426792188,distance_excluded,11.0,0,False,3545.5,4064.5,41.0,526501.9582870953,access_exceeds_3km_even_optimistic,Подъезд >3 км даже в диагностической сети без проверок доступа и поворотов; исключено только по модели OSM,,1578742478,26823580,3480.7008313445363,,,
site,south,,18240,"[11.646136, 48.185285]",527272.9426792188,distance_excluded,175.0,1,False,4160.1,4643.9,1.6,526501.9582870953,access_exceeds_3km_even_optimistic,Подъезд >3 км даже в диагностической сети без проверок доступа и поворотов; исключено только по модели OSM,,1578742478,26823580,4095.290266494435,,,
site,south,,19644,"[11.632819, 48.58856]",481531.74578045437,distance_excluded,11.0,0,False,5596.7,5594.0,12.1,481342.3847718096,access_exceeds_3km_even_optimistic,Подъезд >3 км даже в диагностической сети без проверок доступа и поворотов; исключено только по модели OSM,,3316981454,334283419,4902.351829820782,,,
site,south,,19648,"[11.617199, 48.599101]",481342.3847718096,distance_excluded,11.0,0,False,4429.9,4416.7,18.2,481342.3847718096,access_exceeds_3km_even_optimistic,Подъезд >3 км даже в диагностической сети без проверок доступа и поворотов; исключено только по модели OSM,,334283419,334283419,4429.949450810445,,,
site,south,,19660,"[11.6060234, 48.5048366]",491334.97617041157,unconfirmed,666.0,4,True,,,,,access_or_snap_review,"Короткая связь появляется только в диагностике; проверить доступ, повороты, барьеры и привязку координаты",,,,1713.9478174448216,,,
site,south,,19661,"[11.598608, 48.504174]",490531.1037196171,road_route_found_entrance_unverified,49.0,0,False,1269.0,1239.8,6.2,490730.8388202927,,,Pfaffenhofen,119803319,21518736,,,,
site,south,,19662,"[11.588542, 48.554243]",484325.38661179045,road_route_found_entrance_unverified,98.0,0,False,619.9,319.4,1.1,484763.8391020891,,,Raststätte Holledau,3682196488,139407,,,,
site,south,,19663,"[11.582045, 48.51093]",490531.1037196171,road_route_found_entrance_unverified,6300.0,18,True,1002.9,914.3,22.8,490730.8388202927,,,Pfaffenhofen,119803319,21518736,,,,
site,south,,19664,"[11.5819115, 48.50995575]",490531.1037196171,road_route_found_entrance_unverified,1200.0,8,True,1149.1,863.8,10.3,490730.8388202927,,,Pfaffenhofen,119803319,21518736,,,,
site,south,,19665,"[11.582393333333334, 48.51072]",490531.1037196171,road_route_found_entrance_unverified,900.0,6,True,1068.9,837.0,7.9,490730.8388202927,,,Pfaffenhofen,119803319,21518736,,,,
site,south,,19666,"[11.581893, 48.510794]",490531.1037196171,road_route_found_entrance_unverified,2000.0,8,True,1116.3,879.2,8.5,490730.8388202927,,,Pfaffenhofen,119803319,21518736,,,,
site,south,,19667,"[11.605678, 48.504863]",491327.9284690356,unconfirmed,22.0,0,False,,,,,access_or_snap_review,"Короткая связь появляется только в диагностике; проверить доступ, повороты, барьеры и привязку координаты",,,,1726.886831721858,,,
site,south,,14204,"[11.65582, 50.041838]",291604.797307685,distance_excluded,44.0,0,False,3940.7,3962.9,27.1,291798.47115225776,access_exceeds_3km_even_optimistic,Подъезд >3 км даже в диагностической сети без проверок доступа и поворотов; исключено только по модели OSM,,21440533,21610585,3940.6872722423564,,,
site,south,,14205,"[11.65582, 50.041838]",291604.797307685,distance_excluded,44.0,0,False,3940.7,3962.9,27.1,291798.47115225776,access_exceeds_3km_even_optimistic,Подъезд >3 км даже в диагностической сети без проверок доступа и поворотов; исключено только по модели OSM,,21440533,21610585,3940.6872722423564,,,
site,south,,14242,"[11.6461, 49.89298]",306029.88481893163,distance_excluded,44.0,0,False,6941.1,6875.6,6.0,306237.0973864084,access_exceeds_3km_even_optimistic,Подъезд >3 км даже в диагностической сети без проверок доступа и поворотов; исключено только по модели OSM,,21543674,16535872,6941.147761450068,,,
site,south,,14220,"[11.728081, 50.092901]",283503.3797734674,distance_excluded,88.0,0,False,,,,,access_exceeds_3km_even_optimistic,Подъезд >3 км даже в диагностической сети без проверок доступа и поворотов; исключено только по модели OSM,,,,3190.686094286652,,,
site,south,,14221,"[11.73252, 50.09474]",284024.66966741823,distance_excluded,44.0,0,False,3555.0,3533.4,7.9,284260.35634626396,access_exceeds_3km_even_optimistic,Подъезд >3 км даже в диагностической сети без проверок доступа и поворотов; исключено только по модели OSM,,265648446,21717352,3555.0054266268394,,,
site,south,,14222,"[11.73864, 50.09507]",284024.66966741823,distance_excluded,44.0,0,False,4031.0,4000.7,7.6,284260.35634626396,access_exceeds_3km_even_optimistic,Подъезд >3 км даже в диагностической сети без проверок доступа и поворотов; исключено только по модели OSM,,265648446,21717352,4031.0038687222104,,,
site,south,,16568,"[11.785977, 50.330657]",253830.85015687777,road_route_found_entrance_unverified,72.0,0,False,2130.8,2146.2,4.5,254135.30858998752,,,Naila/Selbitz,16533336,16533337,,,,
site,south,,16569,"[11.785977, 50.330657]",253830.85015687777,road_route_found_entrance_unverified,50.0,0,False,2130.8,2146.2,4.5,254135.30858998752,,,Naila/Selbitz,16533336,16533337,,,,
site,south,,16570,"[11.784410000000001, 50.32476333333333]",253830.85015687777,road_route_found_entrance_unverified,900.0,6,True,2855.5,2821.1,6.9,254135.30858998752,,,Naila/Selbitz,16533336,16533337,,,,
site,south,,16571,"[11.847262, 50.268453]",259660.11454074027,distance_excluded,44.0,0,False,5108.2,5016.7,7.7,259902.04045373682,access_exceeds_3km_even_optimistic,Подъезд >3 км даже в диагностической сети без проверок доступа и поворотов; исключено только по модели OSM,,1649447722,16533561,5108.228860219651,,,
site,south,,16593,"[11.796675, 50.286111]",259660.11454074027,road_route_found_entrance_unverified,11.0,0,False,1668.6,1586.7,7.8,259902.04045373682,,,Hof-West,1649447722,16533561,,,,
site,south,,16598,"[11.79246, 50.19019]",269627.7186927404,road_route_found_entrance_unverified,92.0,0,False,2837.9,2858.1,0.6,269815.2207782398,,,Münchberg-Nord,256956894,1649447805,,,,
site,south,,16599,"[11.777, 50.20273]",269627.7186927404,road_route_found_entrance_unverified,300.0,2,False,1389.0,1475.7,7.5,269815.2207782398,,,Münchberg-Nord,256956894,1649447805,,,,
site,south,,16600,"[11.780610000000001, 50.203045]",269627.7186927404,road_route_found_entrance_unverified,3600.0,12,True,1213.2,1150.1,6.5,269815.2207782398,,,Münchberg-Nord,256956894,1649447805,,,,
site,south,,16601,"[11.7796, 50.2024]",269627.7186927404,road_route_found_entrance_unverified,2400.0,16,True,1209.1,1214.3,22.8,269815.2207782398,,,Münchberg-Nord,256956894,1649447805,,,,
site,south,,16602,"[11.776895, 50.202754999999996]",269627.7186927404,road_route_found_entrance_unverified,600.0,4,True,1462.4,1402.3,7.2,269815.2207782398,,,Münchberg-Nord,256956894,1649447805,,,,
site,south,,16603,"[11.776552, 50.202872]",269627.7186927404,road_route_found_entrance_unverified,5000.0,20,True,1424.4,1440.3,2.7,269815.2207782398,,,Münchberg-Nord,256956894,1649447805,,,,
site,south,,16604,"[11.785311499999999, 50.1859865]",269627.7186927404,distance_excluded,55.0,0,False,3312.6,3379.0,20.5,269815.2207782398,access_exceeds_3km_even_optimistic,Подъезд >3 км даже в диагностической сети без проверок доступа и поворотов; исключено только по модели OSM,,256956894,1649447805,3312.5898074492698,,,
site,south,,16605,"[11.804314, 50.189187]",269627.7186927404,distance_excluded,33.0,0,False,3869.6,3888.8,9.1,269815.2207782398,access_exceeds_3km_even_optimistic,Подъезд >3 км даже в диагностической сети без проверок доступа и поворотов; исключено только по модели OSM,,256956894,1649447805,3869.6429495495636,,,
site,south,,16606,"[11.802242, 50.189222]",269627.7186927404,distance_excluded,22.0,0,False,3733.2,3703.3,26.3,269815.2207782398,access_exceeds_3km_even_optimistic,Подъезд >3 км даже в диагностической сети без проверок доступа и поворотов; исключено только по модели OSM,,256956894,1649447805,3733.192564348868,,,
site,south,,16607,"[11.795786, 50.200042]",269627.7186927404,road_route_found_entrance_unverified,88.0,0,False,2790.2,2735.8,0.4,269815.2207782398,,,Münchberg-Nord,256956894,1649447805,,,,
site,south,,16608,"[11.795735, 50.199865]",269627.7186927404,road_route_found_entrance_unverified,44.0,0,False,2774.3,2713.9,15.8,269815.2207782398,,,Münchberg-Nord,256956894,1649447805,,,,
site,south,,16609,"[11.79304, 50.180695]",269627.7186927404,distance_excluded,72.0,0,False,4084.6,4113.7,5.6,269815.2207782398,access_exceeds_3km_even_optimistic,Подъезд >3 км даже в диагностической сети без проверок доступа и поворотов; исключено только по модели OSM,,256956894,1649447805,4084.6009386763403,,,
site,south,,16610,"[11.783449, 50.190821]",269627.7186927404,distance_excluded,93.0,0,False,3057.1,3201.2,3.7,269815.2207782398,access_exceeds_3km_even_optimistic,Подъезд >3 км даже в диагностической сети без проверок доступа и поворотов; исключено только по модели OSM,,256956894,1649447805,3057.118660895267,,,
site,south,,16611,"[11.77699, 50.18908]",269627.7186927404,distance_excluded,450.0,4,True,3566.3,3643.3,26.5,269815.2207782398,access_exceeds_3km_even_optimistic,Подъезд >3 км даже в диагностической сети без проверок доступа и поворотов; исключено только по модели OSM,,256956894,1649447805,3566.2651331863653,,,
site,south,,16617,"[11.739537, 50.220573]",269627.7186927404,distance_excluded,132.0,0,False,3360.8,3484.2,4.8,269815.2207782398,access_exceeds_3km_even_optimistic,Подъезд >3 км даже в диагностической сети без проверок доступа и поворотов; исключено только по модели OSM,,256956894,1649447805,3360.760991305955,,,
site,south,,16975,"[11.66323, 50.08263]",286598.0619981767,road_route_found_entrance_unverified,2400.0,16,True,491.1,490.8,3.0,286775.507777519,,,Marktschorgast,265649582,265649581,,,,
site,south,,16977,"[11.66394, 50.08216]",286598.0619981767,road_route_found_entrance_unverified,300.0,2,False,412.9,366.3,3.4,286775.507777519,,,Marktschorgast,265649582,265649581,,,,
site,south,,16978,"[11.66394, 50.08216]",286598.0619981767,road_route_found_entrance_unverified,300.0,2,False,412.9,366.3,3.4,286775.507777519,,,Marktschorgast,265649582,265649581,,,,
site,south,,16575,"[11.773828, 50.40409]",250044.79315124082,unconfirmed,93.0,0,False,5885.5,1388.6,15.2,245297.54779356584,access_or_snap_review,"Короткая связь появляется только в диагностике; проверить доступ, повороты, барьеры и привязку координаты",,261678934,21484134,1047.7117643607673,,,
site,south,,16576,"[11.773864, 50.406471]",244672.38109335757,road_route_found_entrance_unverified,93.0,0,False,292.4,391.9,12.5,245297.54779356584,,,Rudolphstein,2553887608,21484134,,,,
site,south,,16577,"[11.787354, 50.372371]",250044.79315124082,road_route_found_entrance_unverified,2800.0,12,True,730.9,761.7,8.7,250316.24055772368,,,Berg / Bad Steben,261678934,2509035987,,,,
site,south,,16578,"[11.789503, 50.372742]",249995.22513097274,unconfirmed,300.0,2,False,,,,,access_or_snap_review,"Короткая связь появляется только в диагностике; проверить доступ, повороты, барьеры и привязку координаты",,,,1027.1531665704936,,,
site,south,,16579,"[11.787816, 50.371853]",250044.79315124082,road_route_found_entrance_unverified,350.0,2,False,806.4,826.7,0.5,250316.24055772368,,,Berg / Bad Steben,261678934,2509035987,,,,
site,south,,16580,"[11.773828, 50.40409]",250044.79315124082,unconfirmed,175.0,1,False,5885.5,1388.6,15.2,245297.54779356584,access_or_snap_review,"Короткая связь появляется только в диагностике; проверить доступ, повороты, барьеры и привязку координаты",,261678934,21484134,1047.7117643607673,,,
site,south,,16581,"[11.773828, 50.40409]",250044.79315124082,unconfirmed,175.0,1,False,5885.5,1388.6,15.2,245297.54779356584,access_or_snap_review,"Короткая связь появляется только в диагностике; проверить доступ, повороты, барьеры и привязку координаты",,261678934,21484134,1047.7117643607673,,,
site,south,,16582,"[11.773828, 50.40409]",250044.79315124082,unconfirmed,175.0,1,False,5885.5,1388.6,15.2,245297.54779356584,access_or_snap_review,"Короткая связь появляется только в диагностике; проверить доступ, повороты, барьеры и привязку координаты",,261678934,21484134,1047.7117643607673,,,
site,south,,16583,"[11.773828, 50.40409]",250044.79315124082,unconfirmed,175.0,1,False,5885.5,1388.6,15.2,245297.54779356584,access_or_snap_review,"Короткая связь появляется только в диагностике; проверить доступ, повороты, барьеры и привязку координаты",,261678934,21484134,1047.7117643607673,,,
site,south,,16584,"[11.772655, 50.405759]",244672.38109335757,road_route_found_entrance_unverified,175.0,1,False,647.5,367.4,6.8,245297.54779356584,,,Rudolphstein,2553887608,21484134,,,,
site,south,,16585,"[11.772655, 50.405759]",244672.38109335757,road_route_found_entrance_unverified,175.0,1,False,647.5,367.4,6.8,245297.54779356584,,,Rudolphstein,2553887608,21484134,,,,
site,south,,16586,"[11.772655, 50.405759]",244672.38109335757,road_route_found_entrance_unverified,175.0,1,False,647.5,367.4,6.8,245297.54779356584,,,Rudolphstein,2553887608,21484134,,,,
site,south,,16587,"[11.772655, 50.405759]",244672.38109335757,road_route_found_entrance_unverified,175.0,1,False,647.5,367.4,6.8,245297.54779356584,,,Rudolphstein,2553887608,21484134,,,,
site,south,,16590,"[11.84013, 50.37118]",250044.79315124082,distance_excluded,22.0,0,False,4049.8,4127.1,6.3,250316.24055772368,access_exceeds_3km_even_optimistic,Подъезд >3 км даже в диагностической сети без проверок доступа и поворотов; исключено только по модели OSM,,261678934,2509035987,4049.750737752553,,,
site,south,,16592,"[11.805803, 50.347779]",253830.85015687777,road_route_found_entrance_unverified,11.0,0,False,2724.9,2746.4,15.2,254135.30858998752,,,Naila/Selbitz,16533336,16533337,,,,
site,south,,67238,"[11.825771, 50.60192]",214650.5022186919,distance_excluded,33.0,0,False,7068.5,7053.0,25.5,214801.52979584143,access_exceeds_3km_even_optimistic,Подъезд >3 км даже в диагностической сети без проверок доступа и поворотов; исключено только по модели OSM,,2094195948,2146215936,5053.939691954586,,,
site,south,,67239,"[11.80585125, 50.577723]",223276.72690292815,distance_excluded,176.0,0,False,,,,,access_exceeds_3km_even_optimistic,Подъезд >3 км даже в диагностической сети без проверок доступа и поворотов; исключено только по модели OSM,,,,4098.745952462741,,,
site,south,,67240,"[11.81483, 50.57982]",227738.13372368083,distance_excluded,30.0,0,False,5426.9,5236.0,19.6,227916.43755362032,access_exceeds_3km_even_optimistic,Подъезд >3 км даже в диагностической сети без проверок доступа и поворотов; исключено только по модели OSM,,16531644,16531645,4200.81780299196,,,
site,south,,67241,"[11.809474, 50.580827]",227738.13372368083,distance_excluded,33.0,0,False,5084.4,5064.4,7.3,227916.43755362032,access_exceeds_3km_even_optimistic,Подъезд >3 км даже в диагностической сети без проверок доступа и поворотов; исключено только по модели OSM,,16531644,16531645,3881.9535436280257,,,
site,south,,67242,"[11.803402, 50.546455]",227738.13372368083,road_route_found_entrance_unverified,10000.0,40,True,2511.6,2697.8,9.4,227916.43755362032,,,Schleiz,16531644,16531645,,,,
site,south,,67243,"[11.803665, 50.546848]",227738.13372368083,road_route_found_entrance_unverified,1400.0,6,True,2583.9,2662.4,1.5,227916.43755362032,,,Schleiz,16531644,16531645,,,,
site,south,,67244,"[11.803639, 50.546556]",227738.13372368083,road_route_found_entrance_unverified,2400.0,16,True,2502.2,2624.9,1.2,227916.43755362032,,,Schleiz,16531644,16531645,,,,
site,south,,67245,"[11.81053, 50.55139]",227738.13372368083,road_route_found_entrance_unverified,44.0,0,False,1763.7,1980.5,35.7,227916.43755362032,,,Schleiz,16531644,16531645,,,,
site,south,,67246,"[11.790748, 50.552022]",227738.13372368083,road_route_found_entrance_unverified,800.0,4,True,1275.0,1344.8,6.9,227916.43755362032,,,Schleiz,16531644,16531645,,,,
site,south,,67247,"[11.789914, 50.551498]",227738.13372368083,road_route_found_entrance_unverified,450.0,3,True,1181.6,1178.1,12.0,227916.43755362032,,,Schleiz,16531644,16531645,,,,
site,south,,67248,"[11.787862950000001, 50.55065175]",227738.13372368083,road_route_found_entrance_unverified,7600.0,40,True,973.1,946.6,1.6,227916.43755362032,,,Schleiz,16531644,16531645,,,,
site,south,,67249,"[11.788119, 50.5500495]",227738.13372368083,road_route_found_entrance_unverified,600.0,4,True,885.8,882.3,11.2,227916.43755362032,,,Schleiz,16531644,16531645,,,,
site,south,,67250,"[11.789408, 50.549261]",227738.13372368083,road_route_found_entrance_unverified,150.0,2,False,989.4,1003.9,12.0,227916.43755362032,,,Schleiz,16531644,16531645,,,,
site,south,,67251,"[11.825434, 50.56249]",227738.13372368083,distance_excluded,50.0,0,False,3811.5,3836.0,0.5,227916.43755362032,access_exceeds_3km_even_optimistic,Подъезд >3 км даже в диагностической сети без проверок доступа и поворотов; исключено только по модели OSM,,16531644,16531645,3811.5444790052807,,,
site,south,,67252,"[11.811129, 50.573284]",227738.13372368083,distance_excluded,22.0,0,False,4430.1,4476.8,8.0,227916.43755362032,access_exceeds_3km_even_optimistic,Подъезд >3 км даже в диагностической сети без проверок доступа и поворотов; исключено только по модели OSM,,16531644,16531645,4430.107256453776,,,
site,south,,67255,"[11.830321000000001, 50.493884]",239979.70128696997,distance_excluded,88.0,0,False,8317.7,8191.7,10.2,240116.54964865843,access_exceeds_3km_even_optimistic,Подъезд >3 км даже в диагностической сети без проверок доступа и поворотов; исключено только по модели OSM,,280431473,16532831,3402.9915177595344,,,
site,south,,67256,"[11.830025, 50.493869]",239979.70128696997,distance_excluded,22.0,0,False,8173.5,8335.8,13.2,240116.54964865843,access_exceeds_3km_even_optimistic,Подъезд >3 км даже в диагностической сети без проверок доступа и поворотов; исключено только по модели OSM,,280431473,16532831,3258.8211117712954,,,
site,south,,67257,"[11.830025, 50.493869]",239979.70128696997,distance_excluded,22.0,0,False,8173.5,8335.8,13.2,240116.54964865843,access_exceeds_3km_even_optimistic,Подъезд >3 км даже в диагностической сети без проверок доступа и поворотов; исключено только по модели OSM,,280431473,16532831,3258.8211117712954,,,
site,south,,67262,"[11.79556, 50.4278]",244672.38109335757,unconfirmed,93.0,0,False,3452.1,2352.7,4.4,240116.54964865843,access_or_snap_review,"Короткая связь появляется только в диагностике; проверить доступ, повороты, барьеры и привязку координаты",,2553887608,16532831,1658.8149750114721,,,
site,south,,67263,"[11.817399, 50.403235]",244672.38109335757,distance_excluded,22.0,0,False,4005.4,4428.5,0.2,245297.54779356584,access_exceeds_3km_even_optimistic,Подъезд >3 км даже в диагностической сети без проверок доступа и поворотов; исключено только по модели OSM,,2553887608,21484134,4005.393621648162,,,
site,south,,66939,"[11.900109, 50.805528]",196520.01184366384,road_route_found_entrance_unverified,22.0,0,False,1050.8,1140.7,25.3,196686.58752466532,,,Lederhose,436193030,16530603,,,,
site,south,,66940,"[11.89429, 50.803239999999995]",196520.01184366384,road_route_found_entrance_unverified,900.0,6,True,346.4,352.0,4.0,196686.58752466532,,,Lederhose,436193030,16530603,,,,
site,south,,67185,"[11.878945, 50.866893]",189242.0656028577,unconfirmed,11.0,0,False,,,,,access_or_snap_review,"Короткая связь появляется только в диагностике; проверить доступ, повороты, барьеры и привязку координаты",,,,2712.252504175693,,,
site,south,,67186,"[11.846642, 50.874935]",186668.86783910295,road_route_found_entrance_unverified,98.0,0,False,1419.6,1279.4,6.9,188811.11510004604,,,Hermsdorfer Kreuz,488061,13027361518,,,,
site,south,,67187,"[11.909384, 50.856592]",189302.7386097122,distance_excluded,44.0,0,False,4918.4,5006.5,7.6,189489.1696537387,access_exceeds_3km_even_optimistic,Подъезд >3 км даже в диагностической сети без проверок доступа и поворотов; исключено только по модели OSM,,849942583,3166331764,4918.3793072490225,,,
site,south,,67193,"[11.801893, 50.868934]",187789.68219051752,distance_excluded,22.0,0,False,,,,,access_exceeds_3km_even_optimistic,Подъезд >3 км даже в диагностической сети без проверок доступа и поворотов; исключено только по модели OSM,,,,4200.577688450545,,,
site,south,,67234,"[11.86416, 50.7365]",203126.36028067145,unconfirmed,22.0,0,False,4415.5,4325.7,9.6,204107.6263104412,access_or_snap_review,"Короткая связь появляется только в диагностике; проверить доступ, повороты, барьеры и привязку координаты",,1379027228,1379027067,2311.588640402543,,,
site,south,,67235,"[11.86983, 50.73737]",203126.36028067145,unconfirmed,150.0,1,False,4975.1,4891.8,9.6,204107.6263104412,access_or_snap_review,"Короткая связь появляется только в диагностике; проверить доступ, повороты, барьеры и привязку координаты",,1379027228,1379027067,2785.857085322269,,,
site,south,,67236,"[11.888515, 50.743503]",203126.36028067145,unconfirmed,33.0,0,False,3480.8,3791.2,16.1,204107.6263104412,access_or_snap_review,"Короткая связь появляется только в диагностике; проверить доступ, повороты, барьеры и привязку координаты",,1379027228,1379027067,2383.7181616463113,,,
site,south,,67237,"[11.845551, 50.737564]",203126.36028067145,distance_excluded,300.0,4,False,3052.5,2944.0,1.7,204107.6263104412,access_exceeds_3km_even_optimistic,Подъезд >3 км даже в диагностической сети без проверок доступа и поворотов; исключено только по модели OSM,,1379027228,1379027067,3052.5467956390116,,,
site,south,,62881,"[11.954786, 51.104587]",158167.58766113612,road_route_found_entrance_unverified,150.0,2,False,652.1,263.3,5.2,159036.26761272672,,,Rasthof Osterfeld,1618614575,510270,,,,
site,south,,62901,"[11.957702, 51.105401]",159870.2467687793,unconfirmed,93.0,0,False,2604.7,10608.0,5.4,150497.46155358973,return_or_snap_unconfirmed,Подъезд ≤3 км найден; возврат ≤3 км на своё направление не подтверждён,,305378486,1700418623,2604.6986911044423,,,
site,south,,62902,"[11.954837, 51.105341]",158167.58766113612,road_route_found_entrance_unverified,43.0,0,False,568.2,347.2,2.3,159036.26761272672,,,Rasthof Osterfeld,1618614575,510270,,,,
site,south,,62912,"[11.957291, 51.105607]",159870.2467687793,unconfirmed,175.0,1,False,2642.6,10567.6,4.0,150497.46155358973,return_or_snap_unconfirmed,Подъезд ≤3 км найден; возврат ≤3 км на своё направление не подтверждён,,305378486,1700418623,2642.5568678896066,,,
site,south,,62913,"[11.957291, 51.105607]",159870.2467687793,unconfirmed,175.0,1,False,2642.6,10567.6,4.0,150497.46155358973,return_or_snap_unconfirmed,Подъезд ≤3 км найден; возврат ≤3 км на своё направление не подтверждён,,305378486,1700418623,2642.5568678896066,,,
site,south,,62914,"[11.957291, 51.105607]",159870.2467687793,unconfirmed,175.0,1,False,2642.6,10567.6,4.0,150497.46155358973,return_or_snap_unconfirmed,Подъезд ≤3 км найден; возврат ≤3 км на своё направление не подтверждён,,305378486,1700418623,2642.5568678896066,,,
site,south,,62915,"[11.957291, 51.105607]",159870.2467687793,unconfirmed,175.0,1,False,2642.6,10567.6,4.0,150497.46155358973,return_or_snap_unconfirmed,Подъезд ≤3 км найден; возврат ≤3 км на своё направление не подтверждён,,305378486,1700418623,2642.5568678896066,,,
site,south,,62916,"[11.957236, 51.105588]",159870.2467687793,unconfirmed,100.0,0,False,2640.4,10569.7,7.9,150497.46155358973,return_or_snap_unconfirmed,Подъезд ≤3 км найден; возврат ≤3 км на своё направление не подтверждён,,305378486,1700418623,2640.433611832177,,,
site,south,,62940,"[11.961205999999999, 51.08765400000001]",159870.2467687793,road_route_found_entrance_unverified,450.0,6,True,1275.1,1408.8,6.6,160118.02806175707,,,Naumburg,305378486,33039624,,,,
site,south,,62941,"[11.91433, 51.04015]",166231.01759536678,unconfirmed,22.0,0,False,,,,,access_or_snap_review,"Короткая связь появляется только в диагностике; проверить доступ, повороты, барьеры и привязку координаты",,,,2474.2093072141784,,,
site,south,,62942,"[11.937675, 51.039914]",166224.81818681085,road_route_found_entrance_unverified,350.0,2,False,299.4,330.0,1.7,166399.0134918095,,,Droyßig,51647547,51647543,,,,
site,south,,62943,"[11.937675, 51.039914]",166224.81818681085,road_route_found_entrance_unverified,175.0,1,False,299.4,330.0,1.7,166399.0134918095,,,Droyßig,51647547,51647543,,,,
site,south,,62944,"[11.937764, 51.039773]",166224.81818681085,road_route_found_entrance_unverified,600.0,4,True,300.7,328.6,7.8,166399.0134918095,,,Droyßig,51647547,51647543,,,,
site,south,,62945,"[11.934963000000002, 51.083993]",159870.2467687793,road_route_found_entrance_unverified,132.0,0,False,2064.5,1989.5,8.4,160118.02806175707,,,Naumburg,305378486,33039624,,,,
site,south,,62946,"[11.938881, 51.040083]",166224.81818681085,road_route_found_entrance_unverified,175.0,1,False,306.7,385.6,9.9,166399.0134918095,,,Droyßig,51647547,51647543,,,,
site,south,,62947,"[11.938881, 51.040083]",166224.81818681085,road_route_found_entrance_unverified,175.0,1,False,306.7,385.6,9.9,166399.0134918095,,,Droyßig,51647547,51647543,,,,
site,south,,62948,"[11.938881, 51.040083]",166224.81818681085,road_route_found_entrance_unverified,175.0,1,False,306.7,385.6,9.9,166399.0134918095,,,Droyßig,51647547,51647543,,,,
site,south,,62949,"[11.938881, 51.040083]",166224.81818681085,road_route_found_entrance_unverified,175.0,1,False,306.7,385.6,9.9,166399.0134918095,,,Droyßig,51647547,51647543,,,,
site,south,,67153,"[11.92447, 50.966455]",172749.9249860593,unconfirmed,22.0,0,False,,,,,topology_or_coordinate_review,"Связь не установлена: проверить координату, ближайшую дорогу и полноту OSM",,,,,,,
site,south,,67154,"[11.89313, 50.97063]",176484.2735710819,road_route_found_entrance_unverified,71.0,0,False,2713.4,2815.6,6.3,176612.3797578771,,,Eisenberg,1834030668,2155702063,,,,
site,south,,67155,"[11.883358000000001, 50.9709285]",176484.2735710819,road_route_found_entrance_unverified,300.0,4,False,1975.7,2030.9,3.7,176612.3797578771,,,Eisenberg,1834030668,2155702063,,,,
site,south,,67156,"[11.87558, 50.97159]",176484.2735710819,road_route_found_entrance_unverified,600.0,4,True,1428.5,1499.9,8.7,176612.3797578771,,,Eisenberg,1834030668,2155702063,,,,
site,south,,67157,"[11.87521, 50.97138]",176484.2735710819,road_route_found_entrance_unverified,22.0,0,False,1427.5,1408.2,6.2,176612.3797578771,,,Eisenberg,1834030668,2155702063,,,,
site,south,,67158,"[11.906125, 50.968118]",176484.2735710819,unconfirmed,11.0,0,False,3709.9,3895.2,14.2,176612.3797578771,access_or_snap_review,"Короткая связь появляется только в диагностике; проверить доступ, повороты, барьеры и привязку координаты",,1834030668,2155702063,2670.3937838283096,,,
site,south,,67159,"[11.88508, 50.96585]",176484.2735710819,road_route_found_entrance_unverified,93.0,0,False,2438.1,2497.7,9.9,176612.3797578771,,,Eisenberg,1834030668,2155702063,,,,
site,south,,67160,"[11.88273, 50.97035]",176484.2735710819,road_route_found_entrance_unverified,93.0,0,False,1896.3,1966.0,11.6,176612.3797578771,,,Eisenberg,1834030668,2155702063,,,,
site,south,,67161,"[11.897986, 50.969732]",176484.2735710819,unconfirmed,22.0,0,False,3104.5,3203.9,2.0,176612.3797578771,access_or_snap_review,"Короткая связь появляется только в диагностике; проверить доступ, повороты, барьеры и привязку координаты",,1834030668,2155702063,2065.040585581792,,,
site,south,,67162,"[11.838002, 50.964428999999996]",176484.2735710819,road_route_found_entrance_unverified,88.0,0,False,2002.3,2010.2,14.0,176612.3797578771,,,Eisenberg,1834030668,2155702063,,,,
site,south,,67167,"[11.85273, 50.968689]",176484.2735710819,road_route_found_entrance_unverified,55.0,0,False,1015.1,1082.9,8.0,176612.3797578771,,,Eisenberg,1834030668,2155702063,,,,
site,south,,67168,"[11.855171, 50.96965]",176484.2735710819,road_route_found_entrance_unverified,900.0,6,True,1354.8,1300.6,11.2,176612.3797578771,,,Eisenberg,1834030668,2155702063,,,,
site,south,,67169,"[11.854993, 50.968487]",176690.8823418472,unconfirmed,1800.0,12,True,,,,,access_or_snap_review,"Короткая связь появляется только в диагностике; проверить доступ, повороты, барьеры и привязку координаты",,,,1271.2709424398338,,,
site,south,,67170,"[11.82932, 50.928302]",181752.88275132197,unconfirmed,44.0,0,False,,,,,access_or_snap_review,"Короткая связь появляется только в диагностике; проверить доступ, повороты, барьеры и привязку координаты",,,,2361.4461860394354,,,
site,south,,67171,"[11.830462, 50.928493]",181746.5246234312,unconfirmed,44.0,0,False,,,,,access_or_snap_review,"Короткая связь появляется только в диагностике; проверить доступ, повороты, барьеры и привязку координаты",,,,2427.9360035127975,,,
site,south,,67172,"[11.853236, 50.900645]",183824.14989480595,road_route_found_entrance_unverified,44.0,0,False,2362.7,2456.2,12.3,183989.5167522364,,,Bad Klosterlausnitz,33041270,36989363,,,,
site,south,,67173,"[11.855354, 50.903477]",183824.14989480595,road_route_found_entrance_unverified,900.0,6,True,2627.7,2818.6,36.1,183989.5167522364,,,Bad Klosterlausnitz,33041270,36989363,,,,
site,south,,67174,"[11.872676, 50.889776]",186668.86783910295,distance_excluded,93.0,0,False,4412.0,4294.4,6.3,183989.5167522364,access_exceeds_3km_even_optimistic,Подъезд >3 км даже в диагностической сети без проверок доступа и поворотов; исключено только по модели OSM,,488061,36989363,4412.007604556376,,,
site,south,,67175,"[11.871973000000002, 50.889761]",186668.86783910295,distance_excluded,900.0,6,True,4488.6,4444.6,2.7,183989.5167522364,access_exceeds_3km_even_optimistic,Подъезд >3 км даже в диагностической сети без проверок доступа и поворотов; исключено только по модели OSM,,488061,36989363,4488.568419908918,,,
site,south,,67176,"[11.871398, 50.88986400000001]",186342.64340558558,distance_excluded,3000.0,12,True,,,,,access_exceeds_3km_even_optimistic,Подъезд >3 км даже в диагностической сети без проверок доступа и поворотов; исключено только по модели OSM,,,,4639.459534051954,,,
site,south,,67177,"[11.867302, 50.892279]",183824.14989480595,distance_excluded,88.0,0,False,4395.3,3859.2,16.6,183989.5167522364,access_exceeds_3km_even_optimistic,Подъезд >3 км даже в диагностической сети без проверок доступа и поворотов; исключено только по модели OSM,,33041270,36989363,4232.56508784047,,,
site,south,,67178,"[11.869983, 50.894148]",183824.14989480595,distance_excluded,22.0,0,False,4680.2,4031.5,13.8,183989.5167522364,access_exceeds_3km_even_optimistic,Подъезд >3 км даже в диагностической сети без проверок доступа и поворотов; исключено только по модели OSM,,33041270,36989363,4517.45583972541,,,
site,south,,67179,"[11.84998, 50.88614]",189302.7386097122,distance_excluded,750.0,8,True,3751.1,3824.5,3.8,189489.1696537387,access_exceeds_3km_even_optimistic,Подъезд >3 км даже в диагностической сети без проверок доступа и поворотов; исключено только по модели OSM,,849942583,3166331764,3684.768024115843,,,
site,south,,67180,"[11.849357, 50.887153]",189302.7386097122,distance_excluded,400.0,4,True,3828.8,3846.2,8.2,189489.1696537387,access_exceeds_3km_even_optimistic,Подъезд >3 км даже в диагностической сети без проверок доступа и поворотов; исключено только по модели OSM,,849942583,3166331764,3762.4845995092037,,,
site,south,,67181,"[11.850075, 50.886443]",189302.7386097122,distance_excluded,600.0,4,True,3784.9,3835.1,2.1,189489.1696537387,access_exceeds_3km_even_optimistic,Подъезд >3 км даже в диагностической сети без проверок доступа и поворотов; исключено только по модели OSM,,849942583,3166331764,3718.562060257196,,,
site,south,,67182,"[11.848517, 50.886023]",189302.7386097122,distance_excluded,22.0,0,False,3625.1,3653.7,6.3,189489.1696537387,access_exceeds_3km_even_optimistic,Подъезд >3 км даже в диагностической сети без проверок доступа и поворотов; исключено только по модели OSM,,849942583,3166331764,3625.1438445949752,,,
site,south,,67183,"[11.84998, 50.88613999999999]",189302.7386097122,distance_excluded,1050.0,12,True,3751.1,3824.5,3.8,189489.1696537387,access_exceeds_3km_even_optimistic,Подъезд >3 км даже в диагностической сети без проверок доступа и поворотов; исключено только по модели OSM,,849942583,3166331764,3684.768024114912,,,
site,south,,67184,"[11.856583, 50.894663]",183824.14989480595,unconfirmed,44.0,0,False,2911.0,4012.2,8.9,183989.5167522364,return_or_snap_unconfirmed,Подъезд ≤3 км найден; возврат ≤3 км на своё направление не подтверждён,,33041270,36989363,2910.985017679836,,,
site,south,,67188,"[11.84339, 50.908066]",183824.14989480595,road_route_found_entrance_unverified,600.0,4,True,1170.3,1223.9,6.6,183989.5167522364,,,Bad Klosterlausnitz,33041270,36989363,,,,
site,south,,67189,"[11.859349, 50.907541]",183824.14989480595,road_route_found_entrance_unverified,72.0,0,False,2421.0,2551.0,4.8,183989.5167522364,,,Bad Klosterlausnitz,33041270,36989363,,,,
site,south,,67190,"[11.860431, 50.9083375]",183824.14989480595,road_route_found_entrance_unverified,88.0,0,False,2383.8,2631.2,17.4,183989.5167522364,,,Bad Klosterlausnitz,33041270,36989363,,,,
site,south,,67191,"[11.859999, 50.916379]",183824.14989480595,road_route_found_entrance_unverified,122.0,0,False,1910.4,2222.3,3.1,183989.5167522364,,,Bad Klosterlausnitz,33041270,36989363,,,,
site,south,,67192,"[11.851304, 50.910047]",183824.14989480595,road_route_found_entrance_unverified,11.0,0,False,1577.6,1772.4,22.8,183989.5167522364,,,Bad Klosterlausnitz,33041270,36989363,,,,
site,south,,62888,"[11.9982925, 51.1980195]",149430.67860215314,unconfirmed,166.0,0,False,3426.5,4123.7,13.1,150497.46155358973,access_or_snap_review,"Короткая связь появляется только в диагностике; проверить доступ, повороты, барьеры и привязку координаты",,207110035,1700418623,1920.3263604155716,,,
site,south,,62889,"[11.9659455, 51.2022625]",149430.67860215314,distance_excluded,88.0,0,False,5828.3,6100.0,13.5,150497.46155358973,access_exceeds_3km_even_optimistic,Подъезд >3 км даже в диагностической сети без проверок доступа и поворотов; исключено только по модели OSM,,207110035,1700418623,4718.834471533518,,,
site,south,,62890,"[11.986975, 51.187971]",149430.67860215314,unconfirmed,44.0,0,False,5757.2,6271.3,13.0,150497.46155358973,access_or_snap_review,"Короткая связь появляется только в диагностике; проверить доступ, повороты, барьеры и привязку координаты",,207110035,1700418623,2685.473030434981,,,
site,south,,62891,"[11.98812, 51.186851]",149430.67860215314,unconfirmed,1200.0,4,True,5707.4,6127.1,29.1,150497.46155358973,access_or_snap_review,"Короткая связь появляется только в диагностике; проверить доступ, повороты, барьеры и привязку координаты",,207110035,1700418623,2635.7116100984317,,,
site,south,,62892,"[11.988904, 51.18801]",149430.67860215314,unconfirmed,160.0,2,False,5743.6,6204.8,3.6,150497.46155358973,access_or_snap_review,"Короткая связь появляется только в диагностике; проверить доступ, повороты, барьеры и привязку координаты",,207110035,1700418623,2671.9383780425524,,,
site,south,,62893,"[11.967209, 51.1987]",149430.67860215314,distance_excluded,44.0,0,False,5273.8,5598.9,7.0,150497.46155358973,access_exceeds_3km_even_optimistic,Подъезд >3 км даже в диагностической сети без проверок доступа и поворотов; исключено только по модели OSM,,207110035,1700418623,4164.310982441273,,,
site,south,,62894,"[11.970367, 51.191207]",149430.67860215314,distance_excluded,22.0,0,False,6173.2,6136.1,16.4,150497.46155358973,access_exceeds_3km_even_optimistic,Подъезд >3 км даже в диагностической сети без проверок доступа и поворотов; исключено только по модели OSM,,207110035,1700418623,3784.376580207619,,,
site,south,,62895,"[11.987466, 51.203805]",149430.67860215314,distance_excluded,11.0,0,False,4142.3,4995.2,12.2,150497.46155358973,access_exceeds_3km_even_optimistic,Подъезд >3 км даже в диагностической сети без проверок доступа и поворотов; исключено только по модели OSM,,207110035,1700418623,3032.8664496315882,,,
site,south,,62896,"[11.98161, 51.18747]",149430.67860215314,distance_excluded,72.0,0,False,6300.5,6759.5,7.7,150497.46155358973,access_exceeds_3km_even_optimistic,Подъезд >3 км даже в диагностической сети без проверок доступа и поворотов; исключено только по модели OSM,,207110035,1700418623,3255.8853581918784,,,
site,south,,62897,"[11.983936, 51.186121]",149430.67860215314,distance_excluded,44.0,0,False,6150.3,6508.6,35.1,150497.46155358973,access_exceeds_3km_even_optimistic,Подъезд >3 км даже в диагностической сети без проверок доступа и поворотов; исключено только по модели OSM,,207110035,1700418623,3078.6149418514897,,,
site,south,,62899,"[11.9636825, 51.197953999999996]",149430.67860215314,distance_excluded,360.0,4,False,5522.7,5943.2,9.3,150497.46155358973,access_exceeds_3km_even_optimistic,Подъезд >3 км даже в диагностической сети без проверок доступа и поворотов; исключено только по модели OSM,,207110035,1700418623,4413.183698090181,,,
site,south,,62900,"[11.99051, 51.18771999999999]",149430.67860215314,unconfirmed,900.0,6,True,5685.7,6136.6,1.1,150497.46155358973,access_or_snap_review,"Короткая связь появляется только в диагностике; проверить доступ, повороты, барьеры и привязку координаты",,207110035,1700418623,2476.7786516161323,,,
site,south,,62903,"[11.974032, 51.198605]",148537.00252906152,distance_excluded,22.0,0,False,,,,,access_exceeds_3km_even_optimistic,Подъезд >3 км даже в диагностической сети без проверок доступа и поворотов; исключено только по модели OSM,,,,3584.807185813278,,,
site,south,,62905,"[11.963434, 51.191887]",149430.67860215314,distance_excluded,44.0,0,False,6643.1,6596.0,8.7,150497.46155358973,access_exceeds_3km_even_optimistic,Подъезд >3 км даже в диагностической сети без проверок доступа и поворотов; исключено только по модели OSM,,207110035,1700418623,4374.493337793098,,,
site,south,,62906,"[11.974411, 51.201725]",148207.6492438864,distance_excluded,44.0,0,False,,,,,access_exceeds_3km_even_optimistic,Подъезд >3 км даже в диагностической сети без проверок доступа и поворотов; исключено только по модели OSM,,,,4147.0666639403935,,,
site,south,,62917,"[12.01086, 51.17768]",149430.67860215314,road_route_found_entrance_unverified,2400.0,16,True,2771.2,2747.7,0.0,150497.46155358973,,,Weißenfels,207110035,1700418623,,,,
site,south,,62918,"[12.00878, 51.17718]",149430.67860215314,road_route_found_entrance_unverified,1200.0,8,True,2879.1,2841.9,0.1,150497.46155358973,,,Weißenfels,207110035,1700418623,,,,
site,south,,63414,"[12.137328, 51.290043]",133984.53924455182,road_route_found_entrance_unverified,2000.0,8,True,985.6,899.5,5.6,134261.90701240912,,,Bad Dürrenberg,312399449,286462796,,,,
site,south,,63419,"[12.145649, 51.349084]",126382.17325146594,distance_excluded,200.0,1,False,3433.0,3447.4,30.2,127448.24686777999,access_exceeds_3km_even_optimistic,Подъезд >3 км даже в диагностической сети без проверок доступа и поворотов; исключено только по модели OSM,,25581623,1545963084,3433.0080016774036,,,
site,south,,63353,"[12.15528, 51.417912]",120936.81881845152,distance_excluded,11.0,0,False,3379.0,3378.1,1.6,121183.36440905643,access_exceeds_3km_even_optimistic,Подъезд >3 км даже в диагностической сети без проверок доступа и поворотов; исключено только по модели OSM,,1653024694,20901790,3379.0441376305093,,,
site,south,,63355,"[12.150216, 51.415226]",120936.81881845152,distance_excluded,11.0,0,False,3357.9,3348.3,2.9,121183.36440905643,access_exceeds_3km_even_optimistic,Подъезд >3 км даже в диагностической сети без проверок доступа и поворотов; исключено только по модели OSM,,1653024694,20901790,3357.9337471931703,,,
site,south,,63358,"[12.162005, 51.535311]",104687.47967896076,distance_excluded,66.0,0,False,,,,,access_exceeds_3km_even_optimistic,Подъезд >3 км даже в диагностической сети без проверок доступа и поворотов; исключено только по модели OSM,,,,5215.828382011198,,,
site,south,,61426,"[12.19462, 51.287312]",132289.58682969515,distance_excluded,33.0,0,False,,,,,access_exceeds_3km_even_optimistic,Подъезд >3 км даже в диагностической сети без проверок доступа и поворотов; исключено только по модели OSM,,,,5479.426427067144,,,
site,south,,61429,"[12.2149284, 51.3125798]",126382.17325146594,distance_excluded,450.0,4,True,6808.7,6957.8,7.3,127448.24686777999,access_exceeds_3km_even_optimistic,Подъезд >3 км даже в диагностической сети без проверок доступа и поворотов; исключено только по модели OSM,,25581623,1545963084,6808.658425218541,,,
site,south,,61430,"[12.169238333333334, 51.324587666666666]",129437.22053902937,road_route_found_entrance_unverified,1200.0,6,True,227.2,196.8,10.4,129810.07402341002,,,Rastplatz Bachfurt,1051348941,1051348916,,,,
site,south,,61842,"[12.181622666666668, 51.401570666666665]",120936.81881845152,road_route_found_entrance_unverified,900.0,6,True,530.5,641.9,4.0,121183.36440905643,,,Großkugel,1653024694,20901790,,,,
site,south,,61843,"[12.181375, 51.401587]",120936.81881845152,road_route_found_entrance_unverified,4000.0,16,True,544.7,673.8,5.1,121183.36440905643,,,Großkugel,1653024694,20901790,,,,
site,south,,61845,"[12.191227, 51.399168]",120936.81881845152,unconfirmed,900.0,6,True,1108.4,9195.2,6.4,113477.93243787809,return_or_snap_unconfirmed,Подъезд ≤3 км найден; возврат ≤3 км на своё направление не подтверждён,,1653024694,298987867,1108.4133547434503,,,
site,south,,61846,"[12.210556, 51.400556]",120142.64572347699,distance_excluded,100.0,0,False,,,,,access_exceeds_3km_even_optimistic,Подъезд >3 км даже в диагностической сети без проверок доступа и поворотов; исключено только по модели OSM,,,,3552.6825004939756,,,
site,south,,61847,"[12.207366, 51.406021333333335]",120936.81881845152,distance_excluded,66.0,0,False,3103.6,10803.4,13.1,113477.93243787809,access_exceeds_3km_even_optimistic,Подъезд >3 км даже в диагностической сети без проверок доступа и поворотов; исключено только по модели OSM,,1653024694,298987867,3103.57922937763,,,
site,south,,61848,"[12.223528, 51.395572]",120936.81881845152,distance_excluded,22.0,0,False,3958.2,9172.6,6.7,127448.24686777999,access_exceeds_3km_even_optimistic,Подъезд >3 км даже в диагностической сети без проверок доступа и поворотов; исключено только по модели OSM,,1653024694,1545963084,3803.5221702723065,,,
site,south,,61849,"[12.220331, 51.394185]",120936.81881845152,distance_excluded,22.0,0,False,3451.5,8035.9,7.7,127448.24686777999,access_exceeds_3km_even_optimistic,Подъезд >3 км даже в диагностической сети без проверок доступа и поворотов; исключено только по модели OSM,,1653024694,1545963084,3451.545228775763,,,
site,south,,61850,"[12.197485, 51.404169]",120077.49458139902,unconfirmed,22.0,0,False,,,,,access_or_snap_review,"Короткая связь появляется только в диагностике; проверить доступ, повороты, барьеры и привязку координаты",,,,2774.9673597763453,,,
site,south,,61851,"[12.220019, 51.396039]",120936.81881845152,distance_excluded,22.0,0,False,3497.3,8996.6,7.4,127448.24686777999,access_exceeds_3km_even_optimistic,Подъезд >3 км даже в диагностической сети без проверок доступа и поворотов; исключено только по модели OSM,,1653024694,1545963084,3497.274960784092,,,
site,south,,63415,"[12.176065833333332, 51.346057333333334]",126382.17325146594,road_route_found_entrance_unverified,292.0,0,False,1748.9,1371.1,7.4,127448.24686777999,,,Leipzig-West,25581623,1545963084,,,,
site,south,,63420,"[12.181941, 51.348196]",126382.17325146594,road_route_found_entrance_unverified,84.0,0,False,2043.2,2448.9,7.8,127448.24686777999,,,Leipzig-West,25581623,1545963084,,,,
site,south,,63421,"[12.17508, 51.34761]",126382.17325146594,road_route_found_entrance_unverified,900.0,6,True,1347.6,1678.0,7.9,127448.24686777999,,,Leipzig-West,25581623,1545963084,,,,
site,south,,61839,"[12.22494, 51.42266]",116914.46477658674,distance_excluded,1200.0,8,True,7862.0,8350.1,6.2,118108.30349901986,access_exceeds_3km_even_optimistic,Подъезд >3 км даже в диагностической сети без проверок доступа и поворотов; исключено только по модели OSM,,194584922,17088374,7861.986068284204,,,
site,south,,61852,"[12.2216845, 51.422]",120936.81881845152,distance_excluded,60.0,0,False,7156.5,8550.1,18.1,118108.30349901986,access_exceeds_3km_even_optimistic,Подъезд >3 км даже в диагностической сети без проверок доступа и поворотов; исключено только по модели OSM,,1653024694,17088374,7156.509743508091,,,
site,south,,61853,"[12.236786500000001, 51.423382000000004]",117136.93952375205,distance_excluded,60.0,0,False,,,,,access_exceeds_3km_even_optimistic,Подъезд >3 км даже в диагностической сети без проверок доступа и поворотов; исключено только по модели OSM,,,,7653.621473035596,,,
site,south,,61865,"[12.206859, 51.464508]",113268.68343184156,road_route_found_entrance_unverified,11.0,0,False,1037.4,1039.0,4.5,113477.93243787809,,,Wiedemar,298988544,298987867,,,,
site,south,,61866,"[12.207972, 51.4718]",113268.68343184156,road_route_found_entrance_unverified,44.0,0,False,1495.2,1394.5,7.4,113477.93243787809,,,Wiedemar,298988544,298987867,,,,
site,south,,62793,"[12.1991, 51.6363]",93907.3710446655,road_route_found_entrance_unverified,150.0,2,False,772.6,824.2,8.3,94124.31646939006,,,Bitterfeld-Wolfen,1356965564,1356965568,,,,
site,south,,62807,"[12.1991, 51.6363]",93907.3710446655,road_route_found_entrance_unverified,300.0,2,False,772.6,824.2,8.3,94124.31646939006,,,Bitterfeld-Wolfen,1356965564,1356965568,,,,
site,south,,62815,"[12.249229, 51.670962]",93907.3710446655,distance_excluded,44.0,0,False,8148.9,8168.7,6.1,94124.31646939006,access_exceeds_3km_even_optimistic,Подъезд >3 км даже в диагностической сети без проверок доступа и поворотов; исключено только по модели OSM,,1356965564,1356965568,8140.06936289426,,,
site,south,,62817,"[12.20036, 51.636481]",93907.3710446655,road_route_found_entrance_unverified,3500.0,10,True,840.0,850.5,1.1,94124.31646939006,,,Bitterfeld-Wolfen,1356965564,1356965568,,,,
site,south,,62818,"[12.200732, 51.636487]",93907.3710446655,road_route_found_entrance_unverified,5000.0,20,True,828.8,896.3,7.9,94124.31646939006,,,Bitterfeld-Wolfen,1356965564,1356965568,,,,
site,south,,62821,"[12.25349, 51.66127]",93907.3710446655,distance_excluded,22.0,0,False,6688.1,6717.9,21.0,94124.31646939006,access_exceeds_3km_even_optimistic,Подъезд >3 км даже в диагностической сети без проверок доступа и поворотов; исключено только по модели OSM,,1356965564,1356965568,6688.121249159165,,,
site,south,,62834,"[12.187898, 51.608992]",102348.53649293752,distance_excluded,98.0,0,False,9506.3,3837.8,4.6,94124.31646939006,access_exceeds_3km_even_optimistic,Подъезд >3 км даже в диагностической сети без проверок доступа и поворотов; исключено только по модели OSM,,510030,1356965568,9506.319403775758,,,
site,south,,62835,"[12.183264, 51.607277]",96747.50285355582,road_route_found_entrance_unverified,98.0,0,False,342.2,418.5,4.6,97417.16051658083,,,Rasthof Köckern,509995,510671,,,,
site,south,,62837,"[12.185403, 51.606076]",102348.53649293752,distance_excluded,93.0,0,False,9115.2,4136.0,19.5,94124.31646939006,access_exceeds_3km_even_optimistic,Подъезд >3 км даже в диагностической сети без проверок доступа и поворотов; исключено только по модели OSM,,510030,1356965568,9115.183066977052,,,
site,south,,62838,"[12.183984, 51.605481]",96747.50285355582,road_route_found_entrance_unverified,93.0,0,False,493.5,182.4,2.0,97417.16051658083,,,Rasthof Köckern,509995,510671,,,,
site,south,,62839,"[12.196509999999998, 51.55357]",102348.53649293752,distance_excluded,900.0,6,True,3398.1,4102.8,11.7,103572.04741190477,access_exceeds_3km_even_optimistic,Подъезд >3 км даже в диагностической сети без проверок доступа и поворотов; исключено только по модели OSM,,510030,282711313,3398.052505727807,,,
site,south,,62840,"[12.192885, 51.55534]",102348.53649293752,distance_excluded,72.0,0,False,3426.9,4148.6,1.9,103572.04741190477,access_exceeds_3km_even_optimistic,Подъезд >3 км даже в диагностической сети без проверок доступа и поворотов; исключено только по модели OSM,,510030,282711313,3426.8916466150067,,,
site,south,,62841,"[12.19341, 51.54623]",102348.53649293752,distance_excluded,44.0,0,False,4395.5,5112.6,6.8,103572.04741190477,access_exceeds_3km_even_optimistic,Подъезд >3 км даже в диагностической сети без проверок доступа и поворотов; исключено только по модели OSM,,510030,282711313,4395.529428589431,,,
site,south,,62425,"[12.24472, 51.81223]",80617.8182555737,distance_excluded,600.0,4,True,7364.9,7371.6,6.7,80813.84971571389,access_exceeds_3km_even_optimistic,Подъезд >3 км даже в диагностической сети без проверок доступа и поворотов; исключено только по модели OSM,,26518303,25529303,7364.923573896806,,,
site,south,,62426,"[12.30109, 51.82129]",71010.3825978194,road_route_found_entrance_unverified,100.0,0,False,1052.2,1135.3,9.0,71234.68169585656,,,Dessau-Ost,27348822,509905,,,,
site,south,,62427,"[12.30396, 51.8202]",71194.86048261612,unconfirmed,49.0,0,False,,,,,access_or_snap_review,"Короткая связь появляется только в диагностике; проверить доступ, повороты, барьеры и привязку координаты",,,,1016.4448661582317,,,
site,south,,62428,"[12.3027, 51.8197]",71010.3825978194,road_route_found_entrance_unverified,900.0,8,True,1301.5,1343.8,53.1,71234.68169585656,,,Dessau-Ost,27348822,509905,,,,
site,south,,62432,"[12.247305, 51.816404]",73563.71240303674,distance_excluded,22.0,0,False,,,,,access_exceeds_3km_even_optimistic,Подъезд >3 км даже в диагностической сети без проверок доступа и поворотов; исключено только по модели OSM,,,,7142.119840320123,,,
site,south,,62433,"[12.241669, 51.806367]",80617.8182555737,distance_excluded,150.0,2,False,6605.7,6679.4,2.7,80813.84971571389,access_exceeds_3km_even_optimistic,Подъезд >3 км даже в диагностической сети без проверок доступа и поворотов; исключено только по модели OSM,,26518303,25529303,6605.6930646908195,,,
site,south,,62436,"[12.301239, 51.823412]",71010.3825978194,road_route_found_entrance_unverified,800.0,4,True,964.1,896.6,7.4,71234.68169585656,,,Dessau-Ost,27348822,509905,,,,
site,south,,62466,"[12.23677, 51.80269]",80617.8182555737,distance_excluded,44.0,0,False,6415.9,6460.0,8.0,80813.84971571389,access_exceeds_3km_even_optimistic,Подъезд >3 км даже в диагностической сети без проверок доступа и поворотов; исключено только по модели OSM,,26518303,25529303,6415.8669350131295,,,
site,south,,62467,"[12.23677, 51.80269]",80617.8182555737,distance_excluded,44.0,0,False,6415.9,6460.0,8.0,80813.84971571389,access_exceeds_3km_even_optimistic,Подъезд >3 км даже в диагностической сети без проверок доступа и поворотов; исключено только по модели OSM,,26518303,25529303,6415.8669350131295,,,
site,south,,62472,"[12.23718, 51.80512]",80617.8182555737,distance_excluded,44.0,0,False,6625.1,6669.9,5.7,80813.84971571389,access_exceeds_3km_even_optimistic,Подъезд >3 км даже в диагностической сети без проверок доступа и поворотов; исключено только по модели OSM,,26518303,25529303,6625.104396836736,,,
site,south,,62473,"[12.236797, 51.802712]",80617.8182555737,distance_excluded,44.0,0,False,6527.7,6559.3,7.0,80813.84971571389,access_exceeds_3km_even_optimistic,Подъезд >3 км даже в диагностической сети без проверок доступа и поворотов; исключено только по модели OSM,,26518303,25529303,6527.701872728514,,,
site,south,,63659,"[12.341552, 51.85247]",66619.22748538712,unconfirmed,800.0,4,True,,,,,return_or_snap_unconfirmed,Подъезд ≤3 км найден; возврат ≤3 км на своё направление не подтверждён,,,,2072.7352312008506,,,
site,south,,63661,"[12.344692, 51.846286]",67865.30641853496,road_route_found_entrance_unverified,22.0,0,False,1767.8,1738.0,2.0,68102.42054055855,,,Vockerode,279015485,277252391,,,,
site,south,,63663,"[12.405792, 51.887723]",60863.96632659561,road_route_found_entrance_unverified,22.0,0,False,819.7,1204.8,0.4,61069.284735913505,,,Coswig,153626649,267929981,,,,
site,south,,63664,"[12.433140999999999, 51.88480199999999]",60863.96632659561,road_route_found_entrance_unverified,720.0,4,True,2789.3,2887.7,5.5,61069.284735913505,,,Coswig,153626649,267929981,,,,
site,south,,63665,"[12.403429, 51.888974]",60863.96632659561,road_route_found_entrance_unverified,700.0,4,True,759.4,764.2,3.3,61069.284735913505,,,Coswig,153626649,267929981,,,,
site,south,,63666,"[12.371308, 51.886586]",61961.17352466113,unconfirmed,44.0,0,False,,,,,access_or_snap_review,"Короткая связь появляется только в диагностике; проверить доступ, повороты, барьеры и привязку координаты",,,,2554.3577298895275,,,
site,south,,63667,"[12.46186, 51.88795]",60863.96632659561,distance_excluded,72.0,0,False,5358.2,5227.4,6.8,61069.284735913505,access_exceeds_3km_even_optimistic,Подъезд >3 км даже в диагностической сети без проверок доступа и поворотов; исключено только по модели OSM,,153626649,267929981,5358.235347407834,,,
site,south,,63668,"[12.402887, 51.889047]",60863.96632659561,road_route_found_entrance_unverified,525.0,3,True,683.4,769.7,8.2,61069.284735913505,,,Coswig,153626649,267929981,,,,
site,south,,63669,"[12.403369, 51.889449]",60863.96632659561,road_route_found_entrance_unverified,800.0,4,True,700.9,821.0,3.6,61069.284735913505,,,Coswig,153626649,267929981,,,,
site,south,,63670,"[12.455562, 51.891447]",60863.96632659561,distance_excluded,50.0,0,False,5059.4,5177.8,7.4,61069.284735913505,access_exceeds_3km_even_optimistic,Подъезд >3 км даже в диагностической сети без проверок доступа и поворотов; исключено только по модели OSM,,153626649,267929981,5059.447964425911,,,
site,south,,26463,"[12.575419, 52.041466]",40867.38380281253,road_route_found_entrance_unverified,30.0,0,False,2902.0,2909.2,7.6,41008.49555432008,,,Klein Marzehns,279181341,509780,,,,
site,south,,26453,"[12.776496, 52.15925]",19840.692488718083,road_route_found_entrance_unverified,50.0,0,False,1282.9,1307.8,4.1,20018.28739462113,,,Brück,509678,16541372,,,,
site,south,,26454,"[12.776562, 52.1592]",19840.692488718083,road_route_found_entrance_unverified,22.0,0,False,1282.8,1307.9,8.8,20018.28739462113,,,Brück,509678,16541372,,,,
site,south,,26455,"[12.78473, 52.15879]",19840.692488718083,road_route_found_entrance_unverified,77.0,0,False,870.0,910.7,4.6,20018.28739462113,,,Brück,509678,16541372,,,,
site,south,,26456,"[12.781675, 52.160592]",19840.692488718083,road_route_found_entrance_unverified,98.0,0,False,558.8,597.2,8.1,20018.28739462113,,,Brück,509678,16541372,,,,
site,south,,26457,"[12.779865, 52.16009499999999]",19840.692488718083,road_route_found_entrance_unverified,2100.0,6,True,583.6,616.8,5.7,20018.28739462113,,,Brück,509678,16541372,,,,
site,south,,26458,"[12.754556, 52.133086]",29245.95772220759,unconfirmed,98.0,0,False,7356.6,4066.8,3.2,20018.28739462113,access_or_snap_review,"Короткая связь появляется только в диагностике; проверить доступ, повороты, барьеры и привязку координаты",,95633887,16541372,2017.6474674260282,,,
site,south,,26459,"[12.753397, 52.132662]",29245.95772220759,unconfirmed,93.0,0,False,7250.9,4140.6,1.1,20018.28739462113,access_or_snap_review,"Короткая связь появляется только в диагностике; проверить доступ, повороты, барьеры и привязку координаты",,95633887,16541372,1911.9742643108825,,,
site,south,,26460,"[12.751164, 52.132549]",22851.035995429378,road_route_found_entrance_unverified,43.0,0,False,451.9,281.2,0.6,23557.907118295523,,,Fläming,508537,508556,,,,
site,south,,26461,"[12.750125, 52.132321]",22851.035995429378,road_route_found_entrance_unverified,150.0,2,False,535.2,241.9,10.3,23557.907118295523,,,Fläming,508537,508556,,,,
site,south,,26462,"[12.689253, 52.074784]",29245.95772220759,distance_excluded,44.0,0,False,3435.8,3537.8,0.8,29461.300791968195,access_exceeds_3km_even_optimistic,Подъезд >3 км даже в диагностической сети без проверок доступа и поворотов; исключено только по модели OSM,,95633887,509719,3435.8253923951074,,,
site,south,,26388,"[12.922528, 52.266766]",2793.9914798444693,unconfirmed,3500.0,14,True,,,,,access_or_snap_review,"Короткая связь появляется только в диагностике; проверить доступ, повороты, барьеры и привязку координаты",,,,1645.1401931754176,,,
site,south,,26391,"[12.963217, 52.238428]",2499.857363866001,distance_excluded,93.0,0,False,5903.2,5976.0,8.5,2670.224376727018,access_exceeds_3km_even_optimistic,Подъезд >3 км даже в диагностической сети без проверок доступа и поворотов; исключено только по модели OSM,,60373164,262267781,5903.167258951202,,,
site,south,,26393,"[12.95328, 52.24453]",2499.857363866001,distance_excluded,11.0,0,False,5139.0,4992.9,9.6,2670.224376727018,access_exceeds_3km_even_optimistic,Подъезд >3 км даже в диагностической сети без проверок доступа и поворотов; исключено только по модели OSM,,60373164,262267781,5138.977470141929,,,
site,south,,26394,"[12.924107, 52.263409]",2499.857363866001,road_route_found_entrance_unverified,30.0,0,False,1941.1,2023.6,4.4,2670.224376727018,,,Beelitz-Heilstätten,60373164,262267781,,,,
site,south,,26401,"[12.930642, 52.311438]",2499.857363866001,distance_excluded,11.0,0,False,13730.1,10465.2,4.8,0.0,access_exceeds_3km_even_optimistic,Подъезд >3 км даже в диагностической сети без проверок доступа и поворотов; исключено только по модели OSM,,60373164,267643149,12100.503644931898,,,
site,south,,26405,"[12.929861, 52.310957]",2499.857363866001,distance_excluded,22.0,0,False,13499.1,10562.0,9.4,0.0,access_exceeds_3km_even_optimistic,Подъезд >3 км даже в диагностической сети без проверок доступа и поворотов; исключено только по модели OSM,,60373164,267643149,11757.093052374374,,,
