site_row,longitude,latitude,direction,chain_m,power_kw,fast_points,eligible_power,access_status,access_m,return_m,snap_m
10275,11.610443,49.957801,north,226600.05992130112,44.0,0,False,unconfirmed,,,
10276,11.610443,49.957801,north,226600.05992130112,44.0,0,False,unconfirmed,,,
10277,11.568171,49.945043,north,224711.29839177825,50.0,0,False,unconfirmed,,,
10278,11.579571,49.943569,north,224706.80171933162,176.0,0,False,unconfirmed,,,
10279,11.5826885,49.943931500000005,north,223407.74301901727,44.0,0,False,road_route_found_entrance_unverified,2966.5,3100.3,0.8
10280,11.578591,49.953129,north,226510.58701059298,22.0,0,False,unconfirmed,,,
10281,11.578785,49.951132,north,225556.8490773513,44.0,0,False,unconfirmed,,,
10282,11.573969,49.941899,north,224499.17684777317,44.0,0,False,unconfirmed,,,
10283,11.5721,49.947199,north,225023.17183238425,44.0,0,False,unconfirmed,,,
10284,11.571021,49.943573,north,224621.22029538226,44.0,0,False,unconfirmed,,,
10285,11.57561,49.94612,north,224958.65572906387,22.0,0,False,unconfirmed,,,
10286,11.575567,49.945159,north,224784.13981451737,22.0,0,False,unconfirmed,,,
10287,11.577132,49.945618,north,224922.24969616777,50.0,0,False,unconfirmed,,,
10288,11.575134,49.94686,north,225024.0823867193,44.0,0,False,unconfirmed,,,
10289,11.57684,49.94554,north,224910.1291108966,22.0,0,False,unconfirmed,,,
10290,11.576707,49.945563,north,224911.02326281252,33.0,0,False,unconfirmed,,,
10291,11.56924,49.94075,north,224281.0480901362,200.0,2,False,unconfirmed,,,
10292,11.577976,49.944872,north,224787.66218753392,44.0,0,False,unconfirmed,,,
10293,11.567389999999998,49.94493,north,224706.80171933162,55.0,0,False,unconfirmed,,,
10295,11.567123,49.952106,north,226536.0820889039,100.0,0,False,unconfirmed,,,
10296,11.58473,49.9332,north,223407.74301901727,800.0,4,True,road_route_found_entrance_unverified,2550.9,2674.9,4.8
10297,11.58473,49.933181,north,223407.74301901727,88.0,0,False,road_route_found_entrance_unverified,2552.4,2673.4,3.3
10298,11.563164,49.933108,north,223549.81105129654,44.0,0,False,unconfirmed,,,
10299,11.56284375,49.933399,north,223577.7609705407,1200.0,8,True,unconfirmed,,,
10300,11.559149,49.938642,north,223939.2776424658,50.0,0,False,unconfirmed,,,
10301,11.567943,49.933466,north,223615.2170165824,22.0,0,False,unconfirmed,,,
10302,11.567911,49.933494,north,223615.2170165824,450.0,4,True,unconfirmed,,,
10303,11.567755,49.932966,north,223569.3249829368,50.0,0,False,unconfirmed,,,
10304,11.567755,49.932966,north,223569.3249829368,50.0,0,False,unconfirmed,,,
10305,11.564647,49.93122,north,223497.7527784876,44.0,0,False,unconfirmed,,,
10306,11.564211,49.932545,north,223549.81105129654,300.0,2,False,unconfirmed,,,
10307,11.580112,49.928527,north,223407.74301901727,88.0,0,False,road_route_found_entrance_unverified,2400.6,2462.1,6.6
10308,11.584914,49.926504,north,223407.74301901727,44.0,0,False,road_route_found_entrance_unverified,1966.2,2044.5,3.3
10309,11.583242,49.945788,north,225018.31918187925,44.0,0,False,unconfirmed,,,
10310,11.606255,49.967981,north,227109.34610174486,44.0,0,False,road_route_found_entrance_unverified,1508.1,1299.1,7.3
10311,11.6108,49.962923,north,227109.34610174486,600.0,4,True,road_route_found_entrance_unverified,702.9,619.0,15.4
10312,11.610191,49.962291,north,227109.34610174486,5000.0,20,True,road_route_found_entrance_unverified,885.3,831.5,5.4
10313,11.60734,49.91896,north,222251.71424738583,22.0,0,False,unconfirmed,,,
10314,11.592929,49.944578,north,225009.2482929941,88.0,0,False,unconfirmed,,,
10315,11.5915,49.9586,north,226888.65730766754,44.0,0,False,unconfirmed,,,
10316,11.633892,49.941919,north,225208.63204054034,88.0,0,False,unconfirmed,,,
10317,11.603647,49.939582,north,223407.74301901727,72.0,0,False,road_route_found_entrance_unverified,2995.8,3080.3,31.3
10318,11.595981,49.939401,north,224471.41726216918,22.0,0,False,unconfirmed,,,
10319,11.601235,49.955081,north,227109.34610174486,1200.0,8,True,road_route_found_entrance_unverified,2260.1,1728.2,0.4
10320,11.595634,49.956099,north,226616.85873243763,88.0,0,False,unconfirmed,,,
10321,11.5826,49.95072,north,225557.02259205075,88.0,0,False,unconfirmed,,,
10322,11.600424,49.925703,north,223066.6388022164,1600.0,8,True,unconfirmed,,,
10323,11.600505,49.925925,north,223083.0373038606,110.0,0,False,unconfirmed,,,
10324,11.598887,49.927438,north,223247.12533714797,154.0,0,False,unconfirmed,,,
10325,11.59522,49.93415,north,223407.74301901727,11.0,0,False,road_route_found_entrance_unverified,1546.5,1627.4,1.8
10327,11.59844,49.89349,north,219373.85548102274,400.0,2,True,unconfirmed,,,
10328,11.600585,49.893992,north,219254.22203596274,800.0,4,True,road_route_found_entrance_unverified,216.5,238.2,10.9
10329,11.615156,49.96199099999999,north,227109.34610174486,110.0,0,False,road_route_found_entrance_unverified,1133.6,1141.6,7.1
10330,11.6151346,49.961845600000004,north,227109.34610174486,110.0,0,False,road_route_found_entrance_unverified,1117.4,1157.8,7.7
10331,11.630091,49.956097,north,226224.45591335878,11.0,0,False,unconfirmed,,,
10332,11.602362,49.957515,north,226679.38130753802,150.0,2,False,unconfirmed,,,
10333,11.601896,49.957842,north,226721.46337446547,150.0,2,False,unconfirmed,,,
10334,11.603417,49.958527,north,227109.34610174486,33.0,0,False,road_route_found_entrance_unverified,2625.1,2271.9,8.4
10335,11.604554,49.958127,north,227109.34610174486,44.0,0,False,road_route_found_entrance_unverified,2545.6,1124.5,22.6
10336,11.58114,49.948659,north,225306.73340605595,44.0,0,False,unconfirmed,,,
10337,11.599791,49.963907,north,227109.34610174486,72.0,0,False,road_route_found_entrance_unverified,2866.5,2529.4,6.4
10338,11.60027,49.96586,north,227550.401009572,22.0,0,False,unconfirmed,,,
10339,11.6006565,49.966300374999996,north,227109.34610174486,176.0,0,False,road_route_found_entrance_unverified,2140.5,1823.4,11.0
10340,11.606801,49.908184,north,223407.74301901727,366.0,4,False,road_route_found_entrance_unverified,2659.6,2701.4,4.0
10341,11.6067,49.9092,north,223407.74301901727,300.0,2,False,road_route_found_entrance_unverified,2496.4,2587.3,7.1
10635,11.419231,48.791373,north,74018.0402650142,1716.0,0,False,unconfirmed,,,
10636,11.418156,48.78145,north,73599.47522448192,300.0,2,False,unconfirmed,,,
10637,11.424704,48.76702,north,71333.78230972918,22.0,0,False,unconfirmed,,,
10638,11.432219,48.773082,north,72350.93324252496,88.0,0,False,unconfirmed,,,
10640,11.419227,48.764779,north,71018.88479549628,88.0,0,False,unconfirmed,,,
10642,11.426317,48.761385,north,70740.27357851782,22.0,0,False,unconfirmed,,,
10643,11.4236,48.77014,north,71644.0419957939,300.0,4,False,unconfirmed,,,
10644,11.4237725,48.770126,north,71644.66125034967,88.0,0,False,unconfirmed,,,
10645,11.431439999999998,48.766056,north,71308.75118281401,88.0,0,False,unconfirmed,,,
10650,11.423098,48.766229,north,71227.75361108934,100.0,0,False,unconfirmed,,,
10651,11.422195,48.767608,north,71368.2355037118,50.0,0,False,unconfirmed,,,
10652,11.42029,48.76088,north,70671.36159997837,300.0,4,False,unconfirmed,,,
10653,11.421405,48.760782500000005,north,70671.36159997837,88.0,0,False,unconfirmed,,,
10656,11.426985,48.76314,north,70932.69874604944,22.0,0,False,unconfirmed,,,
10657,11.42714,48.7629,north,70908.24269050255,88.0,0,False,unconfirmed,,,
10658,11.42714,48.7629,north,70908.24269050255,132.0,0,False,unconfirmed,,,
10659,11.42714,48.7629,north,70908.24269050255,88.0,0,False,unconfirmed,,,
10660,11.425857,48.767748,north,71427.47229754663,88.0,0,False,unconfirmed,,,
10661,11.433659,48.764703,north,71186.91256492115,132.0,0,False,unconfirmed,,,
10662,11.4307715,48.763825499999996,north,71053.60266698468,88.0,0,False,unconfirmed,,,
10663,11.43056,48.76365,north,71031.79784437164,300.0,4,False,unconfirmed,,,
10664,11.430773,48.763837,north,71054.88226317753,150.0,2,False,unconfirmed,,,
10670,11.431278,48.751639,north,70206.6667637776,44.0,0,False,unconfirmed,,,
10671,11.436131,48.745382,north,69826.15102595322,150.0,2,False,unconfirmed,,,
10672,11.437368,48.74,north,69524.91675294214,71.0,0,False,unconfirmed,,,
10673,11.437203,48.743583,north,69703.19672509732,88.0,0,False,unconfirmed,,,
10674,11.435144,48.740054,north,69553.98270924292,600.0,4,True,unconfirmed,,,
10675,11.426157,48.73871,north,69590.4483866086,11.0,0,False,unconfirmed,,,
10680,11.440074,48.745065,north,69754.48591441722,88.0,0,False,unconfirmed,,,
10681,11.437833,48.737056,north,69232.31960507137,44.0,0,False,unconfirmed,,,
10682,11.43131,48.753435,north,70288.87368036003,22.0,0,False,unconfirmed,,,
10683,11.43475,48.742472,north,69673.13600779834,44.0,0,False,unconfirmed,,,
10684,11.436966,48.739411,north,69494.94995735865,160.0,2,False,unconfirmed,,,
10685,11.43925,48.735361,north,69017.09685474588,150.0,2,False,unconfirmed,,,
10686,11.433505,48.760112,north,70685.52691239318,88.0,0,False,unconfirmed,,,
10689,11.4606,48.75225,north,70063.94081410188,1200.0,4,True,unconfirmed,,,
10690,11.48631,48.74678,north,68598.48959375297,22.0,0,False,unconfirmed,,,
10691,11.48414,48.74494,north,68487.18762587036,22.0,0,False,unconfirmed,,,
10692,11.438577,48.759207,north,69883.67995151604,22.0,0,False,road_route_found_entrance_unverified,2353.6,3044.7,8.9
10693,11.437408,48.758534,north,69883.67995151604,66.0,0,False,road_route_found_entrance_unverified,2484.5,3811.7,23.1
10694,11.468969,48.74862,north,69353.46878391026,470.0,4,True,unconfirmed,,,
10695,11.469530500000001,48.74864,north,69336.92801145812,600.0,4,True,unconfirmed,,,
10696,11.46955,48.74886,north,69358.14857372832,44.0,0,False,unconfirmed,,,
10697,11.47034,48.74866,north,69312.20421555976,450.0,4,True,unconfirmed,,,
10698,11.470283,48.747955,north,69883.67995151604,22.0,0,False,road_route_found_entrance_unverified,2729.1,3489.1,18.2
10699,11.470283,48.747955,north,69883.67995151604,22.0,0,False,road_route_found_entrance_unverified,2729.1,3489.1,18.2
10700,11.470283,48.747955,north,69883.67995151604,22.0,0,False,road_route_found_entrance_unverified,2729.1,3489.1,18.2
10701,11.447763,48.741389,north,69883.67995151604,150.0,2,False,road_route_found_entrance_unverified,2990.6,5392.4,8.7
10702,11.48135,48.74217,north,68303.91740380655,22.0,0,False,unconfirmed,,,
10703,11.477489999999998,48.75304,north,69616.23596010332,3600.0,12,True,unconfirmed,,,
10704,11.477172,48.751081,north,69327.40429952237,600.0,4,True,unconfirmed,,,
10705,11.46956,48.74606,north,69883.67995151604,600.0,4,True,road_route_found_entrance_unverified,1593.4,3874.4,10.4
10706,11.469985,48.745668,north,69883.67995151604,154.0,0,False,road_route_found_entrance_unverified,1631.8,3836.0,22.6
10707,11.451697,48.752923,north,69883.67995151604,600.0,4,True,road_route_found_entrance_unverified,1183.1,4022.7,16.7
10708,11.468098,48.745788,north,69883.67995151604,300.0,4,False,road_route_found_entrance_unverified,1507.9,3949.7,4.7
10709,11.4436,48.7584,north,69883.67995151604,270.0,2,False,road_route_found_entrance_unverified,2110.3,3292.8,10.9
10710,11.462870666666667,48.74793433333334,north,69883.67995151604,238.0,0,False,road_route_found_entrance_unverified,1060.7,4546.2,24.4
10711,11.4498835,48.753175,north,70236.23488798691,85.0,0,False,unconfirmed,,,
10712,11.464294,48.742317,north,69883.67995151604,22.0,0,False,road_route_found_entrance_unverified,1864.8,4374.8,8.5
10713,11.465941,48.74362,north,69883.67995151604,22.0,0,False,road_route_found_entrance_unverified,1624.5,4234.4,22.3
10714,11.461752,48.750191,north,69883.67995151604,33.0,0,False,road_route_found_entrance_unverified,906.5,5007.3,21.5
10715,11.472515,48.747459,north,69883.67995151604,115.0,0,False,road_route_found_entrance_unverified,2444.1,3205.4,9.6
10718,11.425934,48.782923,north,73655.38924258757,396.0,0,False,unconfirmed,,,
10719,11.425757,48.78293,north,73656.79175756843,1298.0,0,False,unconfirmed,,,
10720,11.425934,48.782923,north,73655.38924258757,22.0,0,False,unconfirmed,,,
10721,11.425934,48.782923,north,73655.38924258757,22.0,0,False,unconfirmed,,,
10722,11.452222,48.776306,north,72834.74170294256,150.0,1,False,unconfirmed,,,
10723,11.451806,48.776139,north,72818.0138350138,150.0,2,False,unconfirmed,,,
10724,11.425757,48.78293,north,73656.79175756843,22.0,0,False,unconfirmed,,,
10726,11.437986,48.766258,north,71409.41369997432,800.0,4,True,unconfirmed,,,
10727,11.451888,48.772318,north,72318.65645404145,300.0,2,False,unconfirmed,,,
10728,11.45326,48.772558,north,72355.91802484087,88.0,0,False,unconfirmed,,,
10729,11.444582,48.772741,north,72350.13081365256,44.0,0,False,unconfirmed,,,
10730,11.451975,48.772269,north,72313.53779622995,300.0,2,False,unconfirmed,,,
10731,11.455017,48.772707,north,72377.77106684896,44.0,0,False,unconfirmed,,,
10732,11.47795,48.78239,north,73355.92447372641,22.0,0,False,unconfirmed,,,
10733,11.478626,48.782635,north,73378.4945493381,1800.0,12,True,unconfirmed,,,
10734,11.428444,48.780151,north,73443.17420147386,352.0,0,False,unconfirmed,,,
10735,11.440444,48.797333,north,74790.72331782791,300.0,4,False,unconfirmed,,,
10737,11.47294,48.783008,north,73458.17149757972,22.0,0,False,unconfirmed,,,
10738,11.4759864,48.7816908,north,73291.74697692318,214.0,0,False,unconfirmed,,,
10739,11.475969,48.782541,north,73386.01246576133,22.0,0,False,unconfirmed,,,
10740,11.435057,48.771629,north,72110.75514547904,150.0,2,False,unconfirmed,,,
10741,11.419231,48.791373,north,74018.0402650142,22.0,0,False,unconfirmed,,,
10742,11.478079545454547,48.783879818181816,north,73521.68237339953,242.0,0,False,unconfirmed,,,
10743,11.481286,48.784427,north,73560.95055325842,300.0,2,False,unconfirmed,,,
10744,11.477894,48.783843,north,73518.83949734131,66.0,0,False,unconfirmed,,,
10745,11.448114,48.768162,north,71733.60460333392,44.0,0,False,unconfirmed,,,
10746,11.45521,48.77601,north,72777.79168381852,300.0,4,False,unconfirmed,,,
10747,11.45952,48.77484,north,72637.18611261196,600.0,4,True,unconfirmed,,,
10748,11.430788,48.778773,north,73274.66669355129,98.0,0,False,unconfirmed,,,
10749,11.419373,48.791394,north,74018.0402650142,330.0,0,False,unconfirmed,,,
10753,11.41351,48.783598000000005,north,73699.82977242007,132.0,0,False,unconfirmed,,,
10754,11.413631,48.783766,north,73699.82977242007,44.0,0,False,unconfirmed,,,
10755,11.413547,48.783571,north,73699.82977242007,220.0,0,False,unconfirmed,,,
10756,11.413547,48.783571,north,73699.82977242007,1200.0,4,True,unconfirmed,,,
10761,11.417795,48.778639,north,73348.16411038177,418.0,0,False,unconfirmed,,,
10777,11.424908,48.77697,north,73076.71222850318,44.0,0,False,unconfirmed,,,
10778,11.424152,48.776334,north,73023.26132679851,198.0,0,False,unconfirmed,,,
10779,11.425258,48.776649,north,73051.44292589415,22.0,0,False,unconfirmed,,,
10781,11.4258,48.7665,north,71289.8628429999,22.0,0,False,unconfirmed,,,
10782,11.42225,48.78146,north,73599.47522448192,330.0,0,False,unconfirmed,,,
10783,11.421004,48.781512,north,73599.47522448192,1826.0,0,False,unconfirmed,,,
10784,11.420503000000002,48.781363,north,73599.47522448192,264.0,0,False,unconfirmed,,,
10785,11.420503,48.781363,north,73599.47522448192,176.0,0,False,unconfirmed,,,
10786,11.420503,48.781363,north,73599.47522448192,440.0,0,False,unconfirmed,,,
11056,11.57757,48.1452,north,117.72201100415067,22.0,0,False,unconfirmed,,,
11060,11.565492,48.148515,north,104.97135730090486,22.0,0,False,unconfirmed,,,
11066,11.56067,48.152162,north,90.61617291025293,22.0,0,False,unconfirmed,,,
11067,11.560584,48.152194,north,90.61617291025293,22.0,0,False,unconfirmed,,,
11068,11.574242,48.14835,north,117.72201100415067,22.0,0,False,unconfirmed,,,
11069,11.574032,48.148418,north,117.72201100415067,22.0,0,False,unconfirmed,,,
11070,11.565181,48.150791,north,97.78651500927175,22.0,0,False,unconfirmed,,,
11080,11.555638,48.155111,north,78.37296915094583,22.0,0,False,unconfirmed,,,
11081,11.555799,48.155204,north,78.37296915094583,22.0,0,False,unconfirmed,,,
11139,11.592843,48.145917,north,145.90810811668305,22.0,0,False,unconfirmed,,,
11140,11.592891,48.145982,north,149.7070592435933,22.0,0,False,unconfirmed,,,
11143,11.593097,48.144098,north,152.14075461650123,22.0,0,False,unconfirmed,,,
11144,11.592781,48.14417,north,144.75886270286728,22.0,0,False,unconfirmed,,,
11157,11.591821,48.165971,north,144.75886270286728,22.0,0,False,unconfirmed,,,
11261,11.590282,48.187411,north,1131.199538543071,44.0,0,False,unconfirmed,,,
11288,11.556302478991595,48.178001302521004,north,21.014850648029984,440.2999999999991,0,False,unconfirmed,,,
11290,11.574607,48.188294000000006,north,0.0,66.0,0,False,unconfirmed,,,
11291,11.561875,48.176263,north,29.59173370994418,44.0,0,False,unconfirmed,,,
11292,11.574172,48.158893,north,97.78651500927175,22.0,0,False,unconfirmed,,,
11293,11.572164,48.164762,north,78.37296915094583,22.0,0,False,unconfirmed,,,
11294,11.568895,48.163149,north,78.37296915094583,22.0,0,False,unconfirmed,,,
11295,11.568767,48.163143,north,78.37296915094583,22.0,0,False,unconfirmed,,,
11296,11.566823,48.160869,north,84.3212825149958,22.0,0,False,unconfirmed,,,
11297,11.566839,48.160768,north,84.3212825149958,22.0,0,False,unconfirmed,,,
11298,11.566341,48.164112,north,72.49424833218646,22.0,0,False,unconfirmed,,,
11299,11.566346,48.164234,north,72.49424833218646,22.0,0,False,unconfirmed,,,
11300,11.571908,48.160539,north,90.61617291025293,22.0,0,False,unconfirmed,,,
11301,11.572005,48.160496,north,90.61617291025293,22.0,0,False,unconfirmed,,,
11302,11.556265,48.167252,north,59.44010852350025,22.0,0,False,unconfirmed,,,
11303,11.556308,48.167209,north,59.44010852350025,22.0,0,False,unconfirmed,,,
11304,11.560353,48.156285,north,84.3212825149958,22.0,0,False,unconfirmed,,,
11305,11.556839,48.159448,north,78.37296915094583,22.0,0,False,unconfirmed,,,
11306,11.55724,48.161946,north,72.49424833218646,22.0,0,False,unconfirmed,,,
11307,11.559811,48.154789,north,90.61617291025293,22.0,0,False,unconfirmed,,,
11308,11.559725,48.154824,north,90.61617291025293,22.0,0,False,unconfirmed,,,
11309,11.561542,48.168544,north,59.44010852350025,22.0,0,False,unconfirmed,,,
11310,11.561496,48.168653,north,59.44010852350025,22.0,0,False,unconfirmed,,,
11311,11.561995,48.161541,north,78.37296915094583,22.0,0,False,unconfirmed,,,
11312,11.562016,48.161552,north,78.37296915094583,22.0,0,False,unconfirmed,,,
11313,11.563257,48.164008,north,72.49424833218646,11.0,0,False,unconfirmed,,,
11314,11.56178,48.16865,north,59.44010852350025,22.0,0,False,unconfirmed,,,
11315,11.567793,48.156778,north,90.61617291025293,22.0,0,False,unconfirmed,,,
11316,11.567649,48.156789,north,90.61617291025293,22.0,0,False,unconfirmed,,,
11317,11.565224,48.153361,north,90.61617291025293,22.0,0,False,unconfirmed,,,
11318,11.568249,48.15247,north,97.78651500927175,22.0,0,False,unconfirmed,,,
11319,11.573281333333332,48.15379733333333,north,104.97135730090486,66.0,0,False,unconfirmed,,,
11320,11.578807,48.150866,north,117.72201100415067,22.0,0,False,unconfirmed,,,
11321,11.579499,48.151818,north,117.72201100415067,22.0,0,False,unconfirmed,,,
11322,11.57241275,48.149846,north,111.43367874578502,77.0,0,False,unconfirmed,,,
11323,11.578978,48.149467,north,117.72201100415067,22.0,0,False,unconfirmed,,,
11324,11.576039,48.159079,north,104.97135730090486,22.0,0,False,unconfirmed,,,
11325,11.575942,48.159094,north,104.97135730090486,22.0,0,False,unconfirmed,,,
11326,11.579895,48.157636,north,117.72201100415067,22.0,0,False,unconfirmed,,,
11327,11.580389,48.160686,north,111.43367874578502,22.0,0,False,unconfirmed,,,
11328,11.580395,48.160768,north,111.43367874578502,22.0,0,False,unconfirmed,,,
11329,11.578844,48.166647,north,90.61617291025293,22.0,0,False,unconfirmed,,,
11330,11.578753,48.16669,north,90.61617291025293,22.0,0,False,unconfirmed,,,
11331,11.57863,48.166769,north,90.61617291025293,22.0,0,False,unconfirmed,,,
11332,11.575255,48.155268,north,111.43367874578502,22.0,0,False,unconfirmed,,,
11333,11.575261,48.155343,north,111.43367874578502,22.0,0,False,unconfirmed,,,
11334,11.589625,48.161028,north,144.75886270286728,22.0,0,False,unconfirmed,,,
11335,11.588193,48.167171,north,124.47471410976375,22.0,0,False,unconfirmed,,,
11336,11.588223,48.167268,north,124.47471410976375,22.0,0,False,unconfirmed,,,
11337,11.588548,48.155279,north,144.75886270286728,22.0,0,False,unconfirmed,,,
11338,11.588581,48.155429,north,144.75886270286728,22.0,0,False,unconfirmed,,,
11339,11.583923,48.157299,north,124.47471410976375,22.0,0,False,unconfirmed,,,
11340,11.583753,48.157343,north,117.72201100415067,22.0,0,False,unconfirmed,,,
11341,11.584123,48.155504,north,124.47471410976375,22.0,0,False,unconfirmed,,,
11342,11.583947,48.155543,north,124.47471410976375,22.0,0,False,unconfirmed,,,
11343,11.585572,48.160369,north,124.47471410976375,22.0,0,False,unconfirmed,,,
11344,11.585429,48.160398,north,124.47471410976375,22.0,0,False,unconfirmed,,,
11345,11.582732,48.154158,north,124.47471410976375,22.0,0,False,unconfirmed,,,
11346,11.582488,48.154188,north,117.72201100415067,22.0,0,False,unconfirmed,,,
11347,11.58655,48.16317,north,124.47471410976375,22.0,0,False,unconfirmed,,,
11348,11.585672,48.159108,north,130.65487080503914,22.0,0,False,unconfirmed,,,
11349,11.590501,48.163194,north,144.75886270286728,22.0,0,False,unconfirmed,,,
11350,11.590437,48.163101,north,144.75886270286728,22.0,0,False,unconfirmed,,,
11351,11.590417,48.166347,north,144.75886270286728,320.0,2,False,unconfirmed,,,
11352,11.583683,48.163527,north,117.72201100415067,22.0,0,False,unconfirmed,,,
11353,11.583635,48.163556,north,117.72201100415067,22.0,0,False,unconfirmed,,,
11354,11.576446,48.162518,north,97.78651500927175,22.0,0,False,unconfirmed,,,
11355,11.576114,48.162565,north,90.61617291025293,22.0,0,False,unconfirmed,,,
11356,11.565331,48.168568,north,59.44010852350025,22.0,0,False,unconfirmed,,,
11357,11.577825,48.169438,north,72.49424833218646,22.0,0,False,unconfirmed,,,
11358,11.582433,48.173531,north,59.44010852350025,22.0,0,False,unconfirmed,,,
11359,11.582567,48.173541,north,59.44010852350025,22.0,0,False,unconfirmed,,,
11360,11.585785,48.168498,north,111.3992221868273,22.0,0,False,unconfirmed,,,
11361,11.585614,48.168526,north,104.97135730090486,22.0,0,False,unconfirmed,,,
11362,11.586953,48.169912,north,111.43367874578502,22.0,0,False,unconfirmed,,,
11363,11.587049,48.169891,north,111.43367874578502,22.0,0,False,unconfirmed,,,
11364,11.574714,48.172947,north,52.63766482943704,22.0,0,False,unconfirmed,,,
11365,11.574687,48.173058,north,52.63766482943704,22.0,0,False,unconfirmed,,,
11366,11.577755,48.169899,north,72.49424833218646,22.0,0,False,unconfirmed,,,
11367,11.584858,48.171198,north,90.61617291025293,22.0,0,False,unconfirmed,,,
11368,11.586043,48.173711,north,66.10934204643654,22.0,0,False,unconfirmed,,,
11369,11.5863115,48.172177,north,90.61617291025293,44.0,0,False,unconfirmed,,,
11370,11.586169,48.173739,north,66.10934204643654,22.0,0,False,unconfirmed,,,
11371,11.586668,48.174405,north,59.44010852350025,22.0,0,False,unconfirmed,,,
11372,11.586098,48.174861,north,47.094412076659836,44.0,0,False,unconfirmed,,,
11374,11.615254,48.185265,north,2244.9758069613586,44.0,0,False,unconfirmed,,,
11375,11.590839,48.17467,north,111.59097381584533,132.0,0,False,unconfirmed,,,
11376,11.591518,48.174412,north,147.61362314092506,110.0,0,False,unconfirmed,,,
11377,11.602507,48.180116,north,1172.2993856353278,22.0,0,False,unconfirmed,,,
11378,11.602598,48.180023,north,1169.838531535699,22.0,0,False,unconfirmed,,,
11379,11.596797,48.179465,north,809.5315475123813,22.0,0,False,unconfirmed,,,
11380,11.596889,48.179577,north,823.7122463963478,22.0,0,False,unconfirmed,,,
11381,11.602763,48.161505,north,207.8742993826526,1000.0,4,True,unconfirmed,,,
11382,11.596745,48.172336,north,233.53740915418123,22.0,0,False,unconfirmed,,,
11383,11.596847,48.172275,north,233.53740915418123,22.0,0,False,unconfirmed,,,
11384,11.591885,48.166039,north,145.44503373663886,22.0,0,False,unconfirmed,,,
11385,11.601692,48.168233,north,233.53740915418123,22.0,0,False,unconfirmed,,,
11386,11.589772,48.173955,north,97.78651500927175,22.0,0,False,unconfirmed,,,
11387,11.594059,48.169764,north,175.27194125147597,22.0,0,False,unconfirmed,,,
11388,11.594125,48.169755,north,175.27194125147597,22.0,0,False,unconfirmed,,,
11389,11.598636,48.174989000000004,north,440.78164417141016,66.0,0,False,unconfirmed,,,
11390,11.608182,48.183153,north,1807.4101843545022,22.0,0,False,unconfirmed,,,
11391,11.608273,48.183117,north,1811.6298659589015,22.0,0,False,unconfirmed,,,
11392,11.591811,48.18888,north,1220.6660763514935,44.0,0,False,unconfirmed,,,
11393,11.591979,48.178118,north,502.11157024042444,88.0,0,False,unconfirmed,,,
11394,11.57039,48.189364499999996,north,0.0,100.0,0,False,unconfirmed,,,
11395,11.594742,48.183295,north,1056.7184829910316,44.0,0,False,unconfirmed,,,
11396,11.590282,48.187411,north,1131.199538543071,44.0,0,False,unconfirmed,,,
11397,11.604409,48.185852,north,1664.813581924827,300.0,2,False,unconfirmed,,,
11398,11.60599,48.18622,north,1816.5888812168478,160.0,1,False,unconfirmed,,,
11399,11.607952333333332,48.18665766666667,north,1995.8761747391306,222.0,0,False,unconfirmed,,,
11400,11.574231,48.18802,north,0.0,110.0,0,False,unconfirmed,,,
11401,11.57445,48.18836,north,0.0,50.0,0,False,unconfirmed,,,
11402,11.58094,48.18799,north,944.2628614944907,150.0,2,False,unconfirmed,,,
11404,11.596777,48.183968,north,1170.5814613920206,22.0,0,False,unconfirmed,,,
11405,11.596643,48.183922,north,1159.8999152250944,22.0,0,False,unconfirmed,,,
11406,11.582335,48.18207,north,0.0,22.0,0,False,unconfirmed,,,
11407,11.582204,48.182125,north,0.0,22.0,0,False,unconfirmed,,,
11408,11.582083,48.182172,north,0.0,22.0,0,False,unconfirmed,,,
11409,11.587653,48.184132,north,864.3666255609221,176.0,0,False,unconfirmed,,,
11410,11.584973,48.186574,north,956.4094272112699,11.0,0,False,unconfirmed,,,
11411,11.585651,48.187079,north,1008.52969952087,44.0,0,False,unconfirmed,,,
11412,11.6058,48.18579,north,1777.5426798155381,160.0,1,False,unconfirmed,,,
11413,11.605688,48.185782,north,1769.6228278582398,50.0,0,False,unconfirmed,,,
11414,11.58842,48.179586,north,0.0,22.0,0,False,unconfirmed,,,
11415,11.588557,48.179553,north,0.0,22.0,0,False,unconfirmed,,,
11416,11.573271,48.180166,north,0.0,22.0,0,False,unconfirmed,,,
11417,11.572863,48.185717,north,0.0,22.0,0,False,unconfirmed,,,
11418,11.593607,48.180785,north,806.0168024969009,22.0,0,False,unconfirmed,,,
11419,11.593435,48.180828,north,803.1845692406046,22.0,0,False,unconfirmed,,,
11420,11.593051,48.18694,north,1206.03820633553,22.0,0,False,unconfirmed,,,
11421,11.593489,48.18693,north,1220.6660763514935,22.0,0,False,unconfirmed,,,
11422,11.593057,48.177246,north,456.74333918471166,44.0,0,False,unconfirmed,,,
11423,11.591492,48.17698,north,0.0,150.0,2,False,unconfirmed,,,
11424,11.574231,48.18802,north,0.0,22.0,0,False,unconfirmed,,,
11425,11.57802,48.186944,north,0.0,22.0,0,False,unconfirmed,,,
11426,11.578109,48.186901,north,0.0,22.0,0,False,unconfirmed,,,
11427,11.587891,48.184786,north,934.6870291448184,11.0,0,False,unconfirmed,,,
11428,11.556978,48.17771100000001,north,21.014850648029984,66.0,0,False,unconfirmed,,,
11429,11.565648,48.175044,north,35.55234687487422,22.0,0,False,unconfirmed,,,
11430,11.562477,48.172311,north,47.094412076659836,22.0,0,False,unconfirmed,,,
11431,11.566468,48.18245,north,0.0,22.0,0,False,unconfirmed,,,
11432,11.566349,48.18244,north,0.0,22.0,0,False,unconfirmed,,,
11433,11.553234,48.18302,north,0.0,22.0,0,False,unconfirmed,,,
11434,11.56171,48.182155,north,0.0,3.7,0,False,unconfirmed,,,
11435,11.555539,48.179835,north,0.0,2000.0,10,True,unconfirmed,,,
11436,11.551593,48.187429,north,0.0,44.0,0,False,unconfirmed,,,
11437,11.551952,48.186629,north,0.0,22.0,0,False,unconfirmed,,,
11438,11.555002,48.185812,north,0.0,3.7,0,False,unconfirmed,,,
11440,11.554438,48.185115,north,0.0,11.0,0,False,unconfirmed,,,
11441,11.557823,48.175293,north,35.55234687487422,176.0,0,False,unconfirmed,,,
11442,11.54645,48.175078375,north,35.55234687487422,176.0,0,False,unconfirmed,,,
11443,11.55342,48.17495,north,35.55234687487422,200.0,2,False,unconfirmed,,,
11444,11.549643,48.185106,north,0.0,22.0,0,False,unconfirmed,,,
11449,11.564993,48.191901,north,0.0,3.7,0,False,unconfirmed,,,
11450,11.5629,48.1926,north,0.0,75.0,0,False,unconfirmed,,,
11454,11.569728,48.19328,north,0.0,50.0,0,False,unconfirmed,,,
11455,11.571009647798743,48.19321131236897,north,956.4094272112699,2078.1000000000136,0,False,unconfirmed,,,
11456,11.565801,48.1977325,north,1019.5987209287753,14.7,0,False,unconfirmed,,,
11457,11.571253,48.19289033333333,north,0.0,11.100000000000001,0,False,unconfirmed,,,
11458,11.571128709677419,48.17781887096774,north,0.0,114.70000000000006,0,False,unconfirmed,,,
11459,11.60816,48.1941655,north,3302.0490926255716,7.4,0,False,road_route_found_entrance_unverified,1689.2,2009.8,7.3
11460,11.57086080952381,48.194159523809525,north,1003.6695692183894,77.70000000000003,0,False,unconfirmed,,,
11461,11.572063,48.194182,north,1008.52969952087,40.7,0,False,unconfirmed,,,
11462,11.572063,48.195961,north,1063.2633327181888,11.0,0,False,unconfirmed,,,
11463,11.572912,48.205212,north,1278.4069622857178,22.0,0,False,unconfirmed,,,
11464,11.573053,48.205294,north,1278.4069622857178,22.0,0,False,unconfirmed,,,
11467,11.606032,48.197997,north,3302.0490926255716,72.0,0,False,road_route_found_entrance_unverified,1798.6,1773.7,6.7
11468,11.605312,48.196866,north,3124.204926397512,3000.0,12,True,unconfirmed,,,
11469,11.620376,48.191704,north,3302.0490926255716,22.0,0,False,road_route_found_entrance_unverified,1216.0,3493.6,6.1
11470,11.620515,48.191679,north,3302.0490926255716,22.0,0,False,road_route_found_entrance_unverified,1226.7,3482.9,5.6
11471,11.630752,48.18911,north,2915.476605880205,242.0,0,False,unconfirmed,,,
11472,11.626377,48.197549,north,3694.4571326742907,132.0,0,False,unconfirmed,,,
11473,11.588056,48.201615,north,3302.0490926255716,44.0,0,False,road_route_found_entrance_unverified,2853.6,2859.9,9.4
11474,11.582433,48.193099,north,1131.199538543071,44.0,0,False,unconfirmed,,,
11475,11.582594,48.192788,north,1131.199538543071,22.0,0,False,unconfirmed,,,
11476,11.586099,48.201738,north,1363.46822204715,1200.0,8,True,unconfirmed,,,
11477,11.585194,48.171139,north,90.61617291025293,50.0,0,False,unconfirmed,,,
11478,11.608252,48.19316,north,2803.99332392937,75.0,0,False,unconfirmed,,,
11479,11.61039,48.196262,north,3180.917714138064,44.0,0,False,unconfirmed,,,
11480,11.595513,48.194516,north,3302.0490926255716,44.0,0,False,road_route_found_entrance_unverified,2997.7,3022.6,23.4
11481,11.584622,48.192455,north,1191.857723952634,150.0,2,False,unconfirmed,,,
11482,11.606481,48.19863,north,3302.0490926255716,900.0,8,True,road_route_found_entrance_unverified,1801.5,1700.9,6.9
11483,11.588362499999999,48.1912245,north,1220.6660763514935,600.0,8,True,unconfirmed,,,
11484,11.586389,48.191306,north,1195.376198562984,418.0,0,False,unconfirmed,,,
11485,11.618283666666665,48.204253666666666,north,4128.056115487233,420.0,2,True,road_route_found_entrance_unverified,1140.8,1284.6,7.8
11486,11.6196,48.211003,north,4128.056115487233,800.0,4,True,road_route_found_entrance_unverified,1414.9,1226.6,2.1
11487,11.619455,48.210592,north,4128.056115487233,176.0,0,False,road_route_found_entrance_unverified,1367.0,1169.7,3.2
11541,11.602783,48.201249,north,3302.0490926255716,50.0,0,False,road_route_found_entrance_unverified,1695.0,1761.5,5.5
11685,11.564562,48.192665,north,0.0,50.0,0,False,unconfirmed,,,
11848,11.613062,48.14911,north,207.8742993826526,22.0,0,False,unconfirmed,,,
11850,11.60581,48.151003,north,183.41954945325077,22.0,0,False,unconfirmed,,,
11851,11.60589,48.151045,north,183.41954945325077,22.0,0,False,unconfirmed,,,
11852,11.608376999999999,48.155911,north,207.8742993826526,66.0,0,False,unconfirmed,,,
11853,11.601579,48.150346,north,175.27194125147597,22.0,0,False,unconfirmed,,,
11854,11.603838,48.145709,north,175.27194125147597,22.0,0,False,unconfirmed,,,
11855,11.603929,48.145644,north,175.27194125147597,22.0,0,False,unconfirmed,,,
11899,11.568249,48.14746,north,104.97135730090486,22.0,0,False,unconfirmed,,,
11933,11.619893,48.15046,north,221.28385562682155,66.0,0,False,unconfirmed,,,
11934,11.617596666666666,48.15302333333333,north,221.28385562682155,600.0,0,False,unconfirmed,,,
11935,11.617575,48.15202,north,221.28385562682155,200.0,0,False,unconfirmed,,,
11936,11.61798,48.152146,north,221.28385562682155,22.0,0,False,unconfirmed,,,
11937,11.61816,48.164303,north,276.6906655402529,22.0,0,False,unconfirmed,,,
11938,11.634731,48.169838,north,2127.815212704859,200.0,2,False,unconfirmed,,,
11940,11.62444,48.16301,north,298.265541763753,320.0,2,False,unconfirmed,,,
11941,11.620134,48.153536,north,221.28385562682155,50.0,0,False,unconfirmed,,,
11942,11.635696,48.172382,north,2196.2188082761486,22.0,0,False,unconfirmed,,,
11943,11.635782,48.172321,north,2195.3477041132955,22.0,0,False,unconfirmed,,,
11944,11.61968,48.15177,north,221.28385562682155,44.0,0,False,unconfirmed,,,
11945,11.61968,48.15177,north,221.28385562682155,220.0,0,False,unconfirmed,,,
11946,11.619330333333332,48.15212499999999,north,221.28385562682155,71.0,0,False,unconfirmed,,,
11947,11.618508,48.160296,north,250.5245913999167,22.0,0,False,unconfirmed,,,
11954,11.629154,48.16495,north,1932.2914422399058,22.0,0,False,unconfirmed,,,
12254,11.17373,49.41388,north,150888.69680153904,44.0,0,False,unconfirmed,,,
12255,11.175358,49.397726,north,149959.79198371808,44.0,0,False,unconfirmed,,,
12256,11.250154,49.436657,north,155495.42189332866,44.0,0,False,unconfirmed,,,
12257,11.18581,49.41886,north,151371.54635945093,44.0,0,False,unconfirmed,,,
12259,11.17288,49.41188,north,150790.65843681054,44.0,0,False,unconfirmed,,,
14188,11.54425,49.75698,north,198059.04322850876,176.0,0,False,unconfirmed,,,
14189,11.533263,49.74437,north,196850.87363892826,22.0,0,False,unconfirmed,,,
14190,11.509929,49.748481,north,197657.2326955087,50.0,0,False,unconfirmed,,,
14191,11.538128,49.749159,north,197293.69724960646,172.0,2,False,unconfirmed,,,
14192,11.538128,49.749159,north,197293.69724960646,22.0,0,False,unconfirmed,,,
14193,11.514098,49.748483,north,197216.40433899895,98.0,0,False,road_route_found_entrance_unverified,647.9,515.5,5.9
14194,11.509936,49.748466,north,197655.49575635872,98.0,0,False,unconfirmed,,,
14195,11.54161,49.747977666666664,north,197120.24530188486,77.0,0,False,unconfirmed,,,
14196,11.541996,49.748758,north,197199.20500771565,11.0,0,False,unconfirmed,,,
14198,11.470361,49.662833,north,186546.70162293254,150.0,2,False,road_route_found_entrance_unverified,516.0,515.7,7.4
14199,11.47072,49.66416,north,186546.70162293254,1200.0,8,True,road_route_found_entrance_unverified,581.5,511.5,4.4
14200,11.471056,49.662857,north,186546.70162293254,450.0,4,True,road_route_found_entrance_unverified,547.3,539.6,25.5
14204,11.65582,50.041838,north,236967.9264137752,44.0,0,False,unconfirmed,,,
14205,11.65582,50.041838,north,236967.9264137752,44.0,0,False,unconfirmed,,,
14207,11.61119,49.96995,north,228046.13332117922,450.0,4,True,unconfirmed,,,
14208,11.616431999999998,49.97110899999999,north,227109.34610174486,2400.0,12,True,road_route_found_entrance_unverified,2014.3,1707.4,5.9
14209,11.620153,49.974094,north,227109.34610174486,110.0,0,False,road_route_found_entrance_unverified,2392.5,2119.8,39.8
14210,11.620182,49.974011,north,227109.34610174486,50.0,0,False,road_route_found_entrance_unverified,2392.5,2119.8,47.5
14211,11.615140000000002,49.969252000000004,north,227109.34610174486,66.0,0,False,road_route_found_entrance_unverified,1737.0,1464.2,23.7
14212,11.612777,49.976706,north,227109.34610174486,22.0,0,False,road_route_found_entrance_unverified,2221.8,2092.1,5.8
14213,11.610935,49.977427,north,227109.34610174486,22.0,0,False,road_route_found_entrance_unverified,2160.7,1805.0,0.7
14220,11.728081,50.092901,north,246115.58816536702,88.0,0,False,unconfirmed,,,
14221,11.73252,50.09474,north,246414.68584036332,44.0,0,False,unconfirmed,,,
14222,11.73864,50.09507,north,247982.59250181037,44.0,0,False,unconfirmed,,,
14241,11.509756,49.892864,north,213004.27558437,44.0,0,False,unconfirmed,,,
14242,11.6461,49.89298,north,220141.45296702138,44.0,0,False,unconfirmed,,,
15267,11.48049,48.809231,north,76533.6952263715,50.0,0,False,unconfirmed,,,
15268,11.479721,48.807902,north,76384.46892787084,44.0,0,False,unconfirmed,,,
15269,11.505,48.7978,north,75808.49667664683,22.0,0,False,unconfirmed,,,
15270,11.479807,48.811357,north,76843.87405171688,5000.0,20,True,unconfirmed,,,
15271,11.47946,48.812766,north,77138.17966300137,22.0,0,False,unconfirmed,,,
15272,11.47941,48.81091,north,76746.56479672746,700.0,4,True,unconfirmed,,,
15273,11.463937000000001,48.935875249999995,north,90062.18825171342,116.0,0,False,road_route_found_entrance_unverified,1143.9,938.9,10.9
15274,11.463711,48.935984,north,90062.18825171342,150.0,2,False,road_route_found_entrance_unverified,1087.8,994.9,5.0
15275,11.466506999999998,48.933067,north,90062.18825171342,2100.0,14,True,road_route_found_entrance_unverified,849.2,799.0,7.4
15276,11.46458,48.93181,north,90062.18825171342,176.0,0,False,road_route_found_entrance_unverified,704.0,693.9,7.9
15277,11.46458,48.931810000000006,north,90062.18825171342,132.0,0,False,road_route_found_entrance_unverified,704.0,693.9,7.9
15278,11.458242,48.928176,north,90062.18825171342,22.0,0,False,road_route_found_entrance_unverified,846.1,733.4,10.2
15279,11.47237,48.94109,north,90062.18825171342,22.0,0,False,road_route_found_entrance_unverified,1881.2,1764.5,31.5
15280,11.502199,48.789456,north,74937.82736534452,238.0,0,False,unconfirmed,,,
15281,11.507066,48.78383,north,73319.36659118102,33.0,0,False,unconfirmed,,,
15283,11.45571,48.81104,north,76687.28670974098,22.0,0,False,unconfirmed,,,
15284,11.47026,48.80751,north,76322.68765193388,22.0,0,False,unconfirmed,,,
15285,11.4607,48.8145,north,77001.33198696891,200.0,0,False,unconfirmed,,,
15292,11.39319,48.94969,north,95020.95241334468,44.0,0,False,unconfirmed,,,
15293,11.383286,48.950997,north,96103.21314179222,44.0,0,False,unconfirmed,,,
15304,11.46762,48.81937,north,77624.92373124087,110.0,0,False,unconfirmed,,,
15305,11.472234,48.836599,north,79304.32069102146,2100.0,6,True,road_route_found_entrance_unverified,693.4,471.1,4.8
15306,11.47115,48.837281,north,79707.94283861713,50.0,0,False,unconfirmed,,,
15307,11.472141,48.836329,north,79304.32069102146,43.0,0,False,road_route_found_entrance_unverified,526.0,638.5,8.4
15308,11.47229,48.83632,north,79304.32069102146,43.0,0,False,road_route_found_entrance_unverified,537.0,627.5,8.4
15309,11.469319666666665,48.83707566666667,north,79723.24136011988,2100.0,6,True,unconfirmed,,,
15310,11.469131,48.837615,north,79784.63495860975,43.0,0,False,unconfirmed,,,
15311,11.375271333333332,48.997546666666665,north,100859.34766700117,1000.0,6,True,road_route_found_entrance_unverified,1164.8,1286.7,0.9
15312,11.380451,49.000581,north,100859.34766700117,44.0,0,False,road_route_found_entrance_unverified,1567.5,1531.5,2.5
15314,11.378064,48.998815,north,100859.34766700117,600.0,4,True,road_route_found_entrance_unverified,1220.7,1196.9,3.4
15315,11.383499,49.000229,north,100859.34766700117,44.0,0,False,road_route_found_entrance_unverified,1840.7,1742.5,10.3
15321,11.45854,48.85875,north,82244.64851264477,44.0,0,False,road_route_found_entrance_unverified,923.7,975.1,5.7
15322,11.449699,48.855892,north,82244.64851264477,11.0,0,False,road_route_found_entrance_unverified,1826.7,1882.6,11.7
15330,11.424181,48.821605,north,77086.68349441368,22.0,0,False,unconfirmed,,,
15692,11.547516,48.491396,north,36131.368499337055,11.0,0,False,unconfirmed,,,
15693,11.567628,48.474394,north,35505.08988646111,22.0,0,False,unconfirmed,,,
15694,11.563623,48.477363,north,35648.71624863944,22.0,0,False,unconfirmed,,,
15695,11.564945,48.471233,north,35310.843119384605,22.0,0,False,unconfirmed,,,
15746,11.646211,48.310435,north,15121.787132908397,88.0,0,False,road_route_found_entrance_unverified,2312.5,2178.4,5.8
15766,11.662306,48.316948,north,16294.207544438934,22.0,0,False,unconfirmed,,,
15767,11.66407,48.31225,north,15800.973841799218,44.0,0,False,unconfirmed,,,
15769,11.652539,48.313213,north,15121.787132908397,88.0,0,False,road_route_found_entrance_unverified,2719.0,2622.2,0.0
15770,11.667394,48.310985,north,15596.723498736446,44.0,0,False,unconfirmed,,,
15773,11.660022,48.31593,north,16257.287195526993,100.0,0,False,unconfirmed,,,
15774,11.651714,48.314513,north,16319.8357444813,450.0,4,True,unconfirmed,,,
15776,11.608175,48.337413,north,19905.742410245246,300.0,4,False,unconfirmed,,,
15778,11.608175,48.337413,north,19905.742410245246,300.0,4,False,unconfirmed,,,
15779,11.609935,48.349842,north,21144.276167755586,44.0,0,False,unconfirmed,,,
15780,11.618774,48.330926,north,18963.659533929975,44.0,0,False,unconfirmed,,,
15781,11.611102,48.335955,north,19431.54434840792,93.0,0,False,road_route_found_entrance_unverified,244.1,732.7,35.5
15782,11.637233,48.349733,north,20403.27453928963,11.0,0,False,unconfirmed,,,
15783,11.625633,48.291778,north,15121.787132908397,22.0,0,False,road_route_found_entrance_unverified,1912.2,1854.9,7.3
15784,11.616243,48.297392,north,15121.787132908397,33.0,0,False,road_route_found_entrance_unverified,1943.4,1823.9,0.5
15785,11.620924,48.29768,north,15121.787132908397,44.0,0,False,road_route_found_entrance_unverified,1432.8,1404.3,5.5
15786,11.620764,48.297512,north,15121.787132908397,11.0,0,False,road_route_found_entrance_unverified,1419.6,1340.1,12.2
15787,11.600206,48.323187,north,18603.598470434077,44.0,0,False,unconfirmed,,,
15788,11.618166,48.303782,north,15121.787132908397,44.0,0,False,road_route_found_entrance_unverified,2554.9,2577.0,13.3
15789,11.622383,48.297519,north,15121.787132908397,44.0,0,False,road_route_found_entrance_unverified,1186.0,1220.0,46.8
15790,11.622383,48.297519,north,15121.787132908397,44.0,0,False,road_route_found_entrance_unverified,1186.0,1220.0,46.8
15791,11.623487,48.297625,north,15121.787132908397,44.0,0,False,road_route_found_entrance_unverified,1124.6,1054.1,9.4
15792,11.64325,48.30964,north,15121.787132908397,150.0,2,False,road_route_found_entrance_unverified,1913.3,1852.6,15.4
15793,11.646624,48.311144,north,15121.787132908397,60.0,0,False,road_route_found_entrance_unverified,2213.9,2153.2,6.7
15794,11.6334,48.3082,north,15121.787132908397,600.0,6,True,road_route_found_entrance_unverified,1685.0,1375.5,36.1
15795,11.634505,48.306234,north,15121.787132908397,300.0,2,False,road_route_found_entrance_unverified,1169.0,1185.3,4.0
15796,11.646729,48.310848,north,15121.787132908397,2100.0,6,True,road_route_found_entrance_unverified,2239.9,2151.0,4.8
15797,11.634505,48.306234,north,15121.787132908397,300.0,2,False,road_route_found_entrance_unverified,1169.0,1185.3,4.0
15798,11.634577,48.306514,north,15121.787132908397,3000.0,12,True,road_route_found_entrance_unverified,1201.8,1188.4,5.2
15799,11.639985000000001,48.306624,north,15121.787132908397,1200.0,6,True,road_route_found_entrance_unverified,1436.4,1348.5,12.6
15800,11.639985,48.306624,north,15121.787132908397,600.0,4,True,road_route_found_entrance_unverified,1387.8,1397.1,12.6
15802,11.616192,48.308141,north,16686.96061428202,3.7,0,False,unconfirmed,,,
15803,11.616192,48.308141,north,16686.96061428202,11.0,0,False,unconfirmed,,,
15804,11.622783,48.29134,north,15121.787132908397,44.0,0,False,road_route_found_entrance_unverified,1942.7,1846.4,3.9
15805,11.633904,48.303782,north,15121.787132908397,84.0,0,False,road_route_found_entrance_unverified,1763.8,1025.0,17.1
15806,11.634492,48.291768,north,15121.787132908397,44.0,0,False,road_route_found_entrance_unverified,1890.4,1834.4,3.8
15807,11.59587,48.288884,north,15216.805410706593,44.0,0,False,unconfirmed,,,
15808,11.674053,48.280986,north,12638.215581225812,44.0,0,False,unconfirmed,,,
15809,11.628223,48.301618,north,15121.787132908397,44.0,0,False,road_route_found_entrance_unverified,1361.2,1287.5,6.0
15810,11.619422,48.303575,north,16096.695574378675,44.0,0,False,unconfirmed,,,
15811,11.62071,48.299711,north,15121.787132908397,44.0,0,False,road_route_found_entrance_unverified,1709.4,1633.1,4.9
15812,11.621919,48.298138,north,15121.787132908397,50.0,0,False,road_route_found_entrance_unverified,1576.6,1492.6,8.3
15813,11.6210855,48.301919999999996,north,15121.787132908397,200.0,0,False,road_route_found_entrance_unverified,1554.9,1350.6,7.0
15814,11.627925,48.297403,north,15228.829553923415,44.0,0,False,unconfirmed,,,
15815,11.605581,48.434208,north,30926.15319470212,44.0,0,False,unconfirmed,,,
15816,11.583925,48.428567,north,30093.8569197651,2000.0,8,True,road_route_found_entrance_unverified,1059.6,943.0,6.4
15817,11.58115,48.42775,north,30093.8569197651,1200.0,8,True,road_route_found_entrance_unverified,1263.1,1214.8,25.8
15818,11.59848,48.43096,north,30093.8569197651,44.0,0,False,road_route_found_entrance_unverified,1038.9,1006.1,11.1
15819,11.594905,48.432852,north,30783.39461206127,44.0,0,False,unconfirmed,,,
15820,11.580861,48.429667,north,30093.8569197651,150.0,2,False,road_route_found_entrance_unverified,1205.5,1164.1,8.7
15821,11.585611,48.428085,north,30093.8569197651,300.0,2,False,road_route_found_entrance_unverified,894.9,779.8,6.5
15822,11.585668,48.427259,north,30093.8569197651,33.0,0,False,road_route_found_entrance_unverified,941.5,818.9,0.2
15823,11.585405,48.428207,north,30093.8569197651,600.0,4,True,road_route_found_entrance_unverified,918.4,815.1,8.1
15839,11.573482,48.38894,north,26617.70673172976,11.0,0,False,unconfirmed,,,
15840,11.609967,48.405501,north,27738.070314752425,22.0,0,False,unconfirmed,,,
15841,11.611599,48.405478,north,27734.90523535233,44.0,0,False,unconfirmed,,,
15857,11.558866,48.352028,north,22521.3202204127,22.0,0,False,unconfirmed,,,
15858,11.573892,48.344099,north,21533.072280040913,11.0,0,False,unconfirmed,,,
16568,11.785977,50.330657,north,275105.9386387127,72.0,0,False,road_route_found_entrance_unverified,1708.2,1772.7,4.5
16569,11.785977,50.330657,north,275105.9386387127,50.0,0,False,road_route_found_entrance_unverified,1708.2,1772.7,4.5
16570,11.784410000000001,50.32476333333333,north,275105.9386387127,900.0,6,True,road_route_found_entrance_unverified,2432.9,2447.6,6.9
16571,11.847262,50.268453,north,268424.13781807234,44.0,0,False,unconfirmed,,,
16575,11.773828,50.40409,north,284274.872999012,93.0,0,False,road_route_found_entrance_unverified,206.7,527.3,15.2
16576,11.773864,50.406471,north,284646.527064169,93.0,0,False,unconfirmed,,,
16577,11.787354,50.372371,north,279281.6378309253,2800.0,12,True,road_route_found_entrance_unverified,986.2,955.6,8.7
16578,11.789503,50.372742,north,279613.2210190662,300.0,2,False,unconfirmed,,,
16579,11.787816,50.371853,north,279281.6378309253,350.0,2,False,road_route_found_entrance_unverified,1061.7,1020.6,0.5
16580,11.773828,50.40409,north,284274.872999012,175.0,1,False,road_route_found_entrance_unverified,206.7,527.3,15.2
16581,11.773828,50.40409,north,284274.872999012,175.0,1,False,road_route_found_entrance_unverified,206.7,527.3,15.2
16582,11.773828,50.40409,north,284274.872999012,175.0,1,False,road_route_found_entrance_unverified,206.7,527.3,15.2
16583,11.773828,50.40409,north,284274.872999012,175.0,1,False,road_route_found_entrance_unverified,206.7,527.3,15.2
16584,11.772655,50.405759,north,284502.2412245189,175.0,1,False,unconfirmed,,,
16585,11.772655,50.405759,north,284502.2412245189,175.0,1,False,unconfirmed,,,
16586,11.772655,50.405759,north,284502.2412245189,175.0,1,False,unconfirmed,,,
16587,11.772655,50.405759,north,284502.2412245189,175.0,1,False,unconfirmed,,,
16590,11.84013,50.37118,north,279634.2336139603,22.0,0,False,unconfirmed,,,
16592,11.805803,50.347779,north,275105.9386387127,11.0,0,False,road_route_found_entrance_unverified,2302.3,2372.9,15.2
16593,11.796675,50.286111,north,269681.0488216025,11.0,0,False,road_route_found_entrance_unverified,2040.8,1914.2,7.8
16598,11.79246,50.19019,north,259682.50583263268,92.0,0,False,road_route_found_entrance_unverified,2586.0,2644.4,0.6
16599,11.777,50.20273,north,259682.50583263268,300.0,2,False,road_route_found_entrance_unverified,1137.2,1262.0,7.5
16600,11.780610000000001,50.203045,north,259682.50583263268,3600.0,12,True,road_route_found_entrance_unverified,961.4,936.4,6.5
16601,11.7796,50.2024,north,259682.50583263268,2400.0,16,True,road_route_found_entrance_unverified,957.2,1000.6,22.8
16602,11.776895,50.202754999999996,north,259682.50583263268,600.0,4,True,road_route_found_entrance_unverified,1210.6,1188.6,7.2
16603,11.776552,50.202872,north,259682.50583263268,5000.0,20,True,road_route_found_entrance_unverified,1172.5,1226.6,2.7
16604,11.785311499999999,50.1859865,north,258031.86653600397,55.0,0,False,unconfirmed,,,
16605,11.804314,50.189187,north,259006.57766677023,33.0,0,False,unconfirmed,,,
16606,11.802242,50.189222,north,258939.52572469553,22.0,0,False,unconfirmed,,,
16607,11.795786,50.200042,north,259682.50583263268,88.0,0,False,road_route_found_entrance_unverified,2538.3,2522.1,0.4
16608,11.795735,50.199865,north,259682.50583263268,44.0,0,False,road_route_found_entrance_unverified,2522.5,2500.2,15.8
16609,11.79304,50.180695,north,257785.05417930352,72.0,0,False,unconfirmed,,,
16610,11.783449,50.190821,north,259682.50583263268,93.0,0,False,road_route_found_entrance_unverified,2805.3,2987.5,3.7
16611,11.77699,50.18908,north,258043.48788262214,450.0,4,True,unconfirmed,,,
16617,11.739537,50.220573,north,262426.2067226376,132.0,0,False,unconfirmed,,,
16958,11.615127333333334,50.05339333333333,north,237536.6153552418,77.0,0,False,road_route_found_entrance_unverified,1458.8,1410.1,4.3
16959,11.609148,50.055972,north,237536.6153552418,2750.0,13,True,road_route_found_entrance_unverified,1175.0,1267.1,6.2
16960,11.609409999999999,50.056106666666665,north,237536.6153552418,1244.0,8,True,road_route_found_entrance_unverified,1152.8,1289.2,3.1
16961,11.60612,50.05907,north,237536.6153552418,44.0,0,False,road_route_found_entrance_unverified,1423.4,1400.4,30.8
16962,11.62134,50.05159,north,237536.6153552418,1600.0,8,True,road_route_found_entrance_unverified,1213.7,1240.5,8.7
16963,11.609148,50.055972,north,237536.6153552418,2100.0,6,True,road_route_found_entrance_unverified,1175.0,1267.1,6.2
16964,11.62273,50.05476,north,237536.6153552418,1200.0,8,True,road_route_found_entrance_unverified,641.8,794.8,3.9
16965,11.602042,50.066652,north,237536.6153552418,11.0,0,False,road_route_found_entrance_unverified,2490.5,2459.1,20.0
16966,11.61276,50.05531,north,237536.6153552418,200.0,0,False,road_route_found_entrance_unverified,1681.5,1670.8,10.1
16967,11.617218,50.054747,north,237536.6153552418,1600.0,8,True,road_route_found_entrance_unverified,1413.3,1387.1,0.8
16968,11.616755,50.054078,north,237536.6153552418,93.0,0,False,road_route_found_entrance_unverified,1318.5,1381.1,8.5
16969,11.605186,50.056314,north,237536.6153552418,3.0,0,False,road_route_found_entrance_unverified,1779.2,1790.6,0.5
16970,11.609148,50.055972,north,237536.6153552418,350.0,1,False,road_route_found_entrance_unverified,1175.0,1267.1,6.2
16971,11.609148,50.055972,north,237536.6153552418,350.0,1,False,road_route_found_entrance_unverified,1175.0,1267.1,6.2
16972,11.609148,50.055972,north,237536.6153552418,350.0,1,False,road_route_found_entrance_unverified,1175.0,1267.1,6.2
16973,11.609148,50.055972,north,237536.6153552418,350.0,1,False,road_route_found_entrance_unverified,1175.0,1267.1,6.2
16974,11.609148,50.055972,north,237536.6153552418,350.0,1,False,road_route_found_entrance_unverified,1175.0,1267.1,6.2
16975,11.66323,50.08263,north,242816.15985630098,2400.0,16,True,road_route_found_entrance_unverified,726.5,719.4,3.0
16976,11.655227,50.095838,north,242816.15985630098,44.0,0,False,road_route_found_entrance_unverified,2594.4,2633.3,3.1
16977,11.66394,50.08216,north,242816.15985630098,300.0,2,False,road_route_found_entrance_unverified,648.3,595.0,3.4
16978,11.66394,50.08216,north,242816.15985630098,300.0,2,False,road_route_found_entrance_unverified,648.3,595.0,3.4
18145,11.677239,48.227729,north,8078.584476199014,88.0,0,False,unconfirmed,,,
18146,11.678896,48.226132,north,7949.290977687724,44.0,0,False,unconfirmed,,,
18147,11.677253,48.224919,north,7768.766021383233,44.0,0,False,unconfirmed,,,
18149,11.677098,48.228093,north,8113.654365148097,44.0,0,False,unconfirmed,,,
18151,11.683649,48.234368,north,8963.800165917575,44.0,0,False,unconfirmed,,,
18152,11.683549,48.234505,north,8975.76526743191,50.0,0,False,unconfirmed,,,
18153,11.674512,48.226393,north,7873.356725992963,44.0,0,False,unconfirmed,,,
18154,11.668186,48.224971,north,7591.831386963323,44.0,0,False,unconfirmed,,,
18155,11.6769,48.22135,north,7397.1671681956905,44.0,0,False,unconfirmed,,,
18156,11.65712,48.2078,north,5512.269769524475,88.0,0,False,unconfirmed,,,
18157,11.66913,48.22337,north,7420.788280858038,150.0,2,False,unconfirmed,,,
18158,11.680411,48.234004,north,8871.368715288925,55.0,0,False,unconfirmed,,,
18159,11.682501,48.230217,north,8457.887512317651,60.0,0,False,unconfirmed,,,
18163,11.673102,48.229043,north,8119.53827618105,22.0,0,False,unconfirmed,,,
18164,11.672684,48.228789,north,8082.878962058557,44.0,0,False,unconfirmed,,,
18167,11.681491,48.229245,north,8305.424439433948,11.0,0,False,unconfirmed,,,
18168,11.681491,48.229245,north,8305.424439433948,11.0,0,False,unconfirmed,,,
18169,11.665,48.22259,north,7247.015942723924,44.0,0,False,unconfirmed,,,
18173,11.658105,48.243994,north,8464.065511595967,22.0,0,False,road_route_found_entrance_unverified,2178.6,1991.7,6.8
18174,11.658105,48.243994,north,8464.065511595967,22.0,0,False,road_route_found_entrance_unverified,2178.6,1991.7,6.8
18175,11.646365,48.24308,north,8464.065511595967,22.0,0,False,road_route_found_entrance_unverified,1397.9,1365.6,2.8
18176,11.646365,48.24308,north,8464.065511595967,22.0,0,False,road_route_found_entrance_unverified,1397.9,1365.6,2.8
18177,11.659534,48.252757,north,10984.183900320217,22.0,0,False,road_route_found_entrance_unverified,2598.1,2966.4,3.5
18178,11.659534,48.252757,north,10984.183900320217,22.0,0,False,road_route_found_entrance_unverified,2598.1,2966.4,3.5
18179,11.637759,48.251577,north,8464.065511595967,220.0,0,False,road_route_found_entrance_unverified,1748.5,1763.2,8.5
18181,11.637834999999999,48.25128927272727,north,8464.065511595967,203.49999999999983,0,False,road_route_found_entrance_unverified,1777.8,1745.4,9.0
18183,11.634365,48.249323,north,8464.065511595967,3600.0,12,True,road_route_found_entrance_unverified,1582.9,1588.1,5.7
18184,11.642138,48.250648,north,8464.065511595967,22.0,0,False,road_route_found_entrance_unverified,1961.5,1951.7,4.9
18185,11.642138,48.250648,north,8464.065511595967,22.0,0,False,road_route_found_entrance_unverified,1961.5,1951.7,4.9
18186,11.649787,48.251481,north,8464.065511595967,22.0,0,False,road_route_found_entrance_unverified,2358.3,2326.8,7.0
18187,11.649787,48.251481,north,8464.065511595967,22.0,0,False,road_route_found_entrance_unverified,2358.3,2326.8,7.0
18188,11.61262,48.248385,north,8734.26432995997,22.0,0,False,unconfirmed,,,
18189,11.64635,48.243003,north,8464.065511595967,150.0,2,False,road_route_found_entrance_unverified,1395.8,1367.7,11.1
18190,11.646365,48.24308,north,8464.065511595967,150.0,1,False,road_route_found_entrance_unverified,1397.9,1365.6,2.8
18191,11.664881666666666,48.26836599999999,north,11407.325632432206,55.0,0,False,unconfirmed,,,
18192,11.632938,48.250169,north,8464.065511595967,220.0,0,False,road_route_found_entrance_unverified,1786.4,1623.6,1.8
18193,11.628438,48.250126,north,8464.065511595967,110.0,0,False,road_route_found_entrance_unverified,1773.4,2492.5,29.8
18194,11.652303,48.248902,north,8464.065511595967,22.0,0,False,road_route_found_entrance_unverified,2550.5,2463.2,1.6
18195,11.652303,48.248902,north,8464.065511595967,22.0,0,False,road_route_found_entrance_unverified,2550.5,2463.2,1.6
18196,11.663351,48.26734100000001,north,11321.793704486117,160.0,0,False,unconfirmed,,,
18197,11.6066866,48.2503624,north,8801.969625742156,1500.0,10,True,unconfirmed,,,
18198,11.60499125,48.2310625,north,6730.286579549327,88.0,0,False,unconfirmed,,,
18208,11.591979999999998,48.221864,north,5440.378323431666,396.0,0,False,unconfirmed,,,
18210,11.637665,48.2515355,north,8464.065511595967,29.599999999999998,0,False,road_route_found_entrance_unverified,1750.3,1762.2,0.8
18216,11.6461565,48.189245,north,3270.9807689268646,44.0,0,False,unconfirmed,,,
18217,11.646383,48.189581,north,3302.0490926255716,66.0,0,False,unconfirmed,,,
18218,11.654683,48.188358,north,3366.8134879747267,22.0,0,False,unconfirmed,,,
18219,11.653721,48.1892,north,3433.8279351360934,44.0,0,False,unconfirmed,,,
18220,11.651401,48.1855005,north,3010.3513668975256,88.0,0,False,unconfirmed,,,
18221,11.65325,48.185267499999995,north,3010.3513668975256,44.0,0,False,unconfirmed,,,
18222,11.654199999999998,48.185,north,3010.3513668975256,66.0,0,False,unconfirmed,,,
18223,11.65496,48.18496,north,3010.3513668975256,22.0,0,False,unconfirmed,,,
18224,11.632171,48.179176,north,2325.4999903661433,44.0,0,False,unconfirmed,,,
18225,11.633012,48.178781,north,2325.4999903661433,150.0,2,False,unconfirmed,,,
18226,11.64233,48.18857,north,3139.244215120911,44.0,0,False,unconfirmed,,,
18227,11.643486,48.197494,north,4075.9871519262306,44.0,0,False,unconfirmed,,,
18228,11.655399875,48.1928515,north,3905.626559793664,176.0,0,False,unconfirmed,,,
18229,11.652785,48.199087,north,4494.826580468792,44.0,0,False,unconfirmed,,,
18230,11.651843,48.190949,north,3596.1896018622265,400.0,4,True,unconfirmed,,,
18231,11.64853,48.186216,north,3010.3513668975256,440.0,0,False,unconfirmed,,,
18232,11.633449,48.182082,north,2463.0175139435864,110.0,0,False,unconfirmed,,,
18233,11.633338,48.183222,north,2501.8613039099055,22.0,0,False,unconfirmed,,,
18234,11.632048,48.179847,north,2368.4755290106414,11.0,0,False,unconfirmed,,,
18235,11.632259,48.180303,north,2378.4026140193664,11.0,0,False,unconfirmed,,,
18236,11.62973,48.18059,north,2346.5823874781295,110.0,0,False,unconfirmed,,,
18237,11.633168,48.183232,north,2501.8613039099055,22.0,0,False,unconfirmed,,,
18238,11.639426,48.191088,north,3302.0490926255716,150.0,0,False,unconfirmed,,,
18239,11.640531,48.183316,north,2594.0204767939035,11.0,0,False,unconfirmed,,,
18240,11.646136,48.185285,north,2880.848078135313,175.0,1,False,unconfirmed,,,
18399,11.454556,48.693646,north,63788.20979365114,150.0,2,False,unconfirmed,,,
18546,11.283866,49.203093,north,125789.2802792433,11.0,0,False,unconfirmed,,,
18554,11.28545,49.20348,north,125771.05804972406,30.0,0,False,unconfirmed,,,
18555,11.286246,49.201868,north,125586.11855954216,11.0,0,False,unconfirmed,,,
18827,11.175675,49.398242,north,149992.17439359162,150.0,2,False,unconfirmed,,,
18844,11.219502,49.377227,north,147005.12481193934,44.0,0,False,unconfirmed,,,
18845,11.213764,49.377382,north,147056.07518057397,44.0,0,False,unconfirmed,,,
18846,11.220995,49.371816,north,146395.26894935328,44.0,0,False,unconfirmed,,,
18847,11.2044,49.35691,north,144302.22948248393,93.0,0,False,road_route_found_entrance_unverified,561.4,231.5,14.7
18848,11.2021,49.35572,north,144723.78739088145,93.0,0,False,unconfirmed,,,
18849,11.204249,49.357242,north,144302.22948248393,98.0,0,False,road_route_found_entrance_unverified,599.0,193.9,6.9
18850,11.201642,49.356498,north,144302.22948248393,98.0,0,False,road_route_found_entrance_unverified,1125.9,973.0,7.1
18851,11.207531333333334,49.364398,north,145652.28699712284,1200.0,6,True,unconfirmed,,,
18852,11.2075645,49.3653835,north,145761.29390732932,800.0,4,True,unconfirmed,,,
18853,11.206005,49.365103,north,145739.7915071341,800.0,4,True,unconfirmed,,,
18854,11.207273,49.365019,north,145722.68715638283,5000.0,20,True,unconfirmed,,,
18855,11.207220999999999,49.365658,north,145793.82205031547,2100.0,10,True,unconfirmed,,,
18856,11.239893,49.48312,north,159179.13601971423,44.0,0,False,unconfirmed,,,
18857,11.242904,49.48603,north,159586.11274971493,44.0,0,False,unconfirmed,,,
18858,11.226398,49.480018,north,158531.63063090254,50.0,0,False,unconfirmed,,,
18859,11.226398,49.480018,north,158531.63063090254,50.0,0,False,unconfirmed,,,
18860,11.2256,49.4798,north,158490.3698046314,750.0,8,True,unconfirmed,,,
18861,11.253873,49.477956,north,159416.33889945224,44.0,0,False,unconfirmed,,,
18862,11.25389,49.47926,north,159527.6540017262,88.0,0,False,unconfirmed,,,
18863,11.2486,49.47299,north,158755.75526118703,11.0,0,False,unconfirmed,,,
18864,11.29667,49.472439,north,160589.6959878823,44.0,0,False,unconfirmed,,,
18871,11.207207,49.466297,north,156916.96468597406,44.0,0,False,unconfirmed,,,
18875,11.20854,49.46882,north,156998.41651809384,1050.0,12,True,unconfirmed,,,
18879,11.249226,49.361544,north,145108.21232277385,22.0,0,False,unconfirmed,,,
18883,11.24367,49.35553,north,144413.82823737286,44.0,0,False,unconfirmed,,,
18884,11.22731,49.49455,north,159577.10723787744,44.0,0,False,unconfirmed,,,
18885,11.24312,49.49369,north,160634.65047816624,44.0,0,False,unconfirmed,,,
18886,11.260334,49.503842,north,162249.0526556563,44.0,0,False,unconfirmed,,,
18888,11.27342,49.50865,north,162366.68634773573,44.0,0,False,road_route_found_entrance_unverified,2859.6,2608.5,7.1
18889,11.28584,49.503686666666674,north,162366.68634773573,1200.0,6,True,road_route_found_entrance_unverified,1358.3,1265.5,7.6
18890,11.263234,49.519602,north,163332.3265340218,44.0,0,False,unconfirmed,,,
18891,11.263465,49.497781,north,161783.05307319429,44.0,0,False,unconfirmed,,,
18893,11.311954,49.516739,north,165066.12454998054,300.0,2,False,road_route_found_entrance_unverified,1175.9,2221.9,0.9
18894,11.290601,49.509857,north,162366.68634773573,44.0,0,False,road_route_found_entrance_unverified,2590.3,2459.5,7.3
18895,11.292752,49.502473,north,162366.68634773573,11.0,0,False,road_route_found_entrance_unverified,1507.7,2163.2,8.7
18896,11.262469,49.496311,north,161602.3643075536,50.0,0,False,unconfirmed,,,
18897,11.270224,49.524979,north,164492.20411535524,11.0,0,False,unconfirmed,,,
18898,11.281084,49.512349,north,162366.68634773573,50.0,0,False,road_route_found_entrance_unverified,2488.0,2397.5,6.6
18899,11.29086,49.50213,north,162366.68634773573,46.0,0,False,road_route_found_entrance_unverified,1285.6,1955.0,7.8
18900,11.277659,49.509016,north,162366.68634773573,44.0,0,False,road_route_found_entrance_unverified,2307.4,2204.7,7.3
18901,11.284243,49.520182,north,164608.12763279767,121.0,0,False,unconfirmed,,,
18902,11.279762,49.519626,north,164387.04442083533,88.0,0,False,unconfirmed,,,
18903,11.26683,49.52209,north,164077.71178683997,44.0,0,False,unconfirmed,,,
18904,11.284563,49.512939,north,162366.68634773573,44.0,0,False,road_route_found_entrance_unverified,2498.4,2368.6,3.2
18905,11.284877,49.507155,north,162366.68634773573,44.0,0,False,road_route_found_entrance_unverified,2301.4,2229.1,9.2
18906,11.311954,49.516739,north,165066.12454998054,150.0,2,False,road_route_found_entrance_unverified,1175.9,2221.9,0.9
18907,11.27801,49.51112,north,162366.68634773573,88.0,0,False,road_route_found_entrance_unverified,2622.1,2585.7,7.5
18908,11.272762,49.516136,north,163511.45927287132,44.0,0,False,unconfirmed,,,
18909,11.304517,49.487617,north,162324.00636480653,44.0,0,False,unconfirmed,,,
18910,11.288885,49.517896,north,164598.6095311235,44.0,0,False,unconfirmed,,,
18912,11.291475,49.502792,north,163326.07213364186,104.0,0,False,unconfirmed,,,
18913,11.271766,49.522816,north,164355.75262238592,44.0,0,False,unconfirmed,,,
18914,11.274866,49.501614,north,162366.68634773573,44.0,0,False,road_route_found_entrance_unverified,2882.2,1809.8,5.8
18915,11.28015,49.51256,north,162366.68634773573,44.0,0,False,road_route_found_entrance_unverified,2465.0,2389.4,10.3
18916,11.281506,49.509474,north,162366.68634773573,44.0,0,False,road_route_found_entrance_unverified,2111.8,1983.3,9.6
18918,11.280252,49.514268,north,163869.33366977586,44.0,0,False,unconfirmed,,,
18919,11.284444,49.502056,north,162366.68634773573,44.0,0,False,road_route_found_entrance_unverified,1370.8,1017.3,9.8
18930,11.407748,49.613001,north,179529.19886020312,22.0,0,False,road_route_found_entrance_unverified,1134.2,1246.4,2.0
18931,11.334865,49.558726,north,170744.1068119319,44.0,0,False,road_route_found_entrance_unverified,2134.6,2033.8,9.2
18932,11.342279,49.559515,north,170744.1068119319,44.0,0,False,road_route_found_entrance_unverified,1737.7,1734.1,1.2
18933,11.342017,49.558097,north,170744.1068119319,11.0,0,False,road_route_found_entrance_unverified,1903.6,2047.9,7.5
18934,11.408411,49.618798,north,179529.19886020312,300.0,2,False,road_route_found_entrance_unverified,300.4,401.3,1.5
18935,11.408411,49.618798,north,179529.19886020312,900.0,6,True,road_route_found_entrance_unverified,300.4,401.3,1.5
18936,11.344963,49.55491,north,170744.1068119319,11.0,0,False,road_route_found_entrance_unverified,2280.5,2286.6,13.7
18937,11.335443,49.569771,north,170744.1068119319,33.0,0,False,road_route_found_entrance_unverified,1189.0,1163.5,6.7
18938,11.327495,49.567291,north,170744.1068119319,1200.0,8,True,road_route_found_entrance_unverified,840.2,853.4,0.2
18939,11.327578,49.568189999999994,north,170744.1068119319,6000.0,6,True,road_route_found_entrance_unverified,1138.5,927.5,11.6
18940,11.337581,49.556626,north,170744.1068119319,116.0,0,False,road_route_found_entrance_unverified,2175.2,2161.0,4.9
18944,11.303211,49.458694,north,159847.50042239876,44.0,0,False,unconfirmed,,,
18946,11.28922,49.46097,north,159636.17186508083,44.0,0,False,unconfirmed,,,
18949,11.284979,49.462084,north,159531.4018250856,33.0,0,False,unconfirmed,,,
18950,11.29003,49.46024,north,159612.3649561617,44.0,0,False,unconfirmed,,,
18952,11.321389,49.52073,north,165066.12454998054,44.0,0,False,road_route_found_entrance_unverified,2751.6,3038.7,8.8
18953,11.362373,49.543847,north,169002.34543345874,11.0,0,False,unconfirmed,,,
18954,11.336279,49.520561,north,165066.12454998054,44.0,0,False,road_route_found_entrance_unverified,2913.2,4265.1,2.7
18955,11.33563,49.5208,north,165066.12454998054,450.0,4,True,road_route_found_entrance_unverified,2962.8,4313.9,26.4
18958,11.457093,49.616607,north,181282.82588508003,22.0,0,False,unconfirmed,,,
18966,11.34177,49.51006,north,165979.13897838915,44.0,0,False,unconfirmed,,,
18969,11.3421,49.599,north,174313.39859931133,44.0,0,False,unconfirmed,,,
19578,11.494464,48.715658,north,64639.500420290635,44.0,0,False,road_route_found_entrance_unverified,2085.4,3157.2,10.4
19579,11.459078,48.712075,north,65791.26708618113,11.0,0,False,unconfirmed,,,
19580,11.48685,48.71883,north,64639.500420290635,22.0,0,False,road_route_found_entrance_unverified,2917.9,2769.9,6.9
19581,11.485485,48.714608,north,65446.40437016006,11.0,0,False,unconfirmed,,,
19582,11.48144,48.713755,north,65449.0618887908,800.0,4,True,unconfirmed,,,
19583,11.520653,48.645628,north,57088.32205062917,5000.0,20,True,road_route_found_entrance_unverified,418.8,514.1,32.0
19584,11.520237,48.644283,north,57088.32205062917,600.0,4,True,road_route_found_entrance_unverified,325.5,434.0,1.2
19585,11.48127,48.654199000000006,north,58795.846927504586,55.0,0,False,unconfirmed,,,
19586,11.482268,48.654903,north,58860.505339134834,44.0,0,False,unconfirmed,,,
19587,11.511201,48.641923,north,57088.32205062917,11.0,0,False,road_route_found_entrance_unverified,1564.8,1385.1,11.0
19588,11.520159999999999,48.64340000000001,north,57088.32205062917,900.0,6,True,road_route_found_entrance_unverified,379.9,518.9,5.1
19589,11.5135,48.6449,north,57088.32205062917,300.0,4,False,road_route_found_entrance_unverified,1245.4,1224.4,8.4
19590,11.475382000000002,48.653763,north,58821.78394425698,194.0,4,False,unconfirmed,,,
19594,11.45990625,48.67306,north,62058.60973394983,408.0,0,False,unconfirmed,,,
19595,11.467403,48.671484,north,61583.00126254694,88.0,0,False,unconfirmed,,,
19596,11.467445,48.67148,north,61581.32121399131,66.0,0,False,unconfirmed,,,
19597,11.46067,48.67419,north,62141.57642020724,22.0,0,False,unconfirmed,,,
19598,11.459847000000002,48.673001,north,62054.62061247436,370.0,2,False,unconfirmed,,,
19599,11.460647,48.674182,north,62141.57642020724,44.0,0,False,unconfirmed,,,
19600,11.460647,48.674182,north,62141.57642020724,44.0,0,False,unconfirmed,,,
19611,11.481217,48.654019,north,58776.784558803265,22.0,0,False,unconfirmed,,,
19639,11.537817,48.524066,north,40898.50658332955,50.0,0,False,unconfirmed,,,
19640,11.562305,48.518278,north,40669.684473938476,6000.0,24,True,unconfirmed,,,
19644,11.632819,48.58856,north,47734.14750180121,11.0,0,False,unconfirmed,,,
19648,11.617199,48.599101,north,48033.364732460985,11.0,0,False,unconfirmed,,,
19655,11.562317,48.613224,north,52119.028375413945,30.0,0,False,unconfirmed,,,
19660,11.6060234,48.5048366,north,38546.59899990272,666.0,4,True,unconfirmed,,,
19661,11.598608,48.504174,north,39135.17072510143,49.0,0,False,road_route_found_entrance_unverified,1108.8,1177.8,6.2
19662,11.588542,48.554243,north,45030.83386061742,98.0,0,False,road_route_found_entrance_unverified,1311.7,1355.2,1.1
19663,11.582045,48.51093,north,39135.17072510143,6300.0,18,True,road_route_found_entrance_unverified,1544.2,1546.9,22.8
19664,11.5819115,48.50995575,north,39135.17072510143,1200.0,8,True,road_route_found_entrance_unverified,1690.4,1496.5,10.3
19665,11.582393333333334,48.51072,north,39135.17072510143,900.0,6,True,road_route_found_entrance_unverified,1610.2,1469.7,7.9
19666,11.581893,48.510794,north,39135.17072510143,2000.0,8,True,road_route_found_entrance_unverified,1657.6,1511.8,8.5
19667,11.605678,48.504863,north,38560.20917756819,22.0,0,False,unconfirmed,,,
20330,11.169686,49.364405,north,145886.36249508057,22.0,0,False,unconfirmed,,,
20333,11.172303,49.363365,north,145754.95123265008,44.0,0,False,unconfirmed,,,
20334,11.157707,49.346601,north,143709.5093593425,44.0,0,False,unconfirmed,,,
20335,11.16804,49.36646,north,146118.00079571517,44.0,0,False,unconfirmed,,,
20336,11.16804,49.36646,north,146118.00079571517,22.0,0,False,unconfirmed,,,
20337,11.167197000000002,49.3540275,north,144743.02508379583,116.0,0,False,unconfirmed,,,
20343,11.16353,49.35236,north,144574.9206371579,200.0,2,False,unconfirmed,,,
20353,11.16197,49.34672,north,143709.5093593425,72.0,0,False,unconfirmed,,,
20354,11.15713,49.35096,north,144447.68188684588,44.0,0,False,unconfirmed,,,
20355,11.203992,49.229414,north,130870.63920850113,88.0,0,False,unconfirmed,,,
20356,11.232961,49.250997,north,132833.26330032718,44.0,0,False,unconfirmed,,,
20357,11.228536,49.2509,north,132869.75492195893,150.0,2,False,unconfirmed,,,
20358,11.22741,49.25158,north,132956.73824982566,11.0,0,False,unconfirmed,,,
20359,11.22706,49.25224,north,133050.55819986685,11.0,0,False,unconfirmed,,,
20379,11.190786,49.230133,north,131158.67811783522,88.0,0,False,unconfirmed,,,
20399,11.260164,49.160999,north,122174.18091533096,150.0,2,False,road_route_found_entrance_unverified,895.0,811.4,5.9
20401,11.18759,49.210724,north,129226.45718562153,88.0,0,False,unconfirmed,,,
20402,11.186754,49.209671,north,129226.45718562153,88.0,0,False,unconfirmed,,,
20403,11.260581,49.161215,north,122174.18091533096,4000.0,16,True,road_route_found_entrance_unverified,842.2,836.5,6.3
20404,11.260235,49.1610715,north,122174.18091533096,600.0,4,True,road_route_found_entrance_unverified,893.2,785.5,6.5
20405,11.194075,49.191379,north,127825.75739744608,44.0,0,False,unconfirmed,,,
20409,11.28022,49.17353,north,122174.18091533096,44.0,0,False,road_route_found_entrance_unverified,2884.3,2900.6,9.9
20422,11.35608,49.04409,north,106987.49068485567,44.0,0,False,road_route_found_entrance_unverified,925.8,926.9,10.4
20423,11.342675666666667,49.042792999999996,north,106987.49068485567,675.0,6,True,road_route_found_entrance_unverified,1289.4,1239.6,7.3
20424,11.337633,49.045591,north,107827.37493835244,300.0,2,False,unconfirmed,,,
20425,11.349945,49.043808,north,106987.49068485567,150.0,2,False,road_route_found_entrance_unverified,456.2,443.4,1.7
20426,11.353943,49.0415,north,106565.20181013795,50.0,0,False,unconfirmed,,,
20427,11.348685,49.043877,north,106987.49068485567,33.0,0,False,road_route_found_entrance_unverified,480.4,611.8,31.8
20428,11.342622,49.041939,north,106987.49068485567,5000.0,20,True,road_route_found_entrance_unverified,1023.2,1030.9,10.3
20429,11.35275,49.04614,north,106987.49068485567,44.0,0,False,road_route_found_entrance_unverified,772.1,776.6,16.3
20430,11.353943,49.0415,north,106565.20181013795,98.0,0,False,unconfirmed,,,
20431,11.337409,49.045639,north,106987.49068485567,93.0,0,False,road_route_found_entrance_unverified,1543.6,1707.3,7.2
26388,12.922528,52.266766,north,526825.1833440827,3500.0,14,True,unconfirmed,,,
26391,12.963217,52.238428,north,523314.11474061897,93.0,0,False,unconfirmed,,,
26393,12.95328,52.24453,north,523628.9165271109,11.0,0,False,unconfirmed,,,
26394,12.924107,52.263409,north,527002.1411427632,30.0,0,False,road_route_found_entrance_unverified,1642.7,1735.5,4.4
26398,12.971563,52.303543,north,529947.1022878122,350.0,2,False,unconfirmed,,,
26401,12.930642,52.311438,north,529947.1022878122,11.0,0,False,unconfirmed,,,
26405,12.929861,52.310957,north,529947.1022878122,22.0,0,False,unconfirmed,,,
26453,12.776496,52.15925,north,509588.2257502604,50.0,0,False,road_route_found_entrance_unverified,1551.0,1557.5,4.1
26454,12.776562,52.1592,north,509588.2257502604,22.0,0,False,road_route_found_entrance_unverified,1550.9,1557.6,8.8
26455,12.78473,52.15879,north,509588.2257502604,77.0,0,False,road_route_found_entrance_unverified,551.8,574.1,4.6
26456,12.781675,52.160592,north,509588.2257502604,98.0,0,False,road_route_found_entrance_unverified,826.9,846.9,8.1
26457,12.779865,52.16009499999999,north,509588.2257502604,2100.0,6,True,road_route_found_entrance_unverified,851.7,866.5,5.7
26458,12.754556,52.133086,north,505959.51330742094,98.0,0,False,road_route_found_entrance_unverified,574.1,246.9,3.2
26459,12.753397,52.132662,north,505959.51330742094,93.0,0,False,road_route_found_entrance_unverified,468.4,320.7,1.1
26460,12.751164,52.132549,north,506319.1081442835,43.0,0,False,unconfirmed,,,
26461,12.750125,52.132321,north,506257.28278497583,150.0,2,False,unconfirmed,,,
26462,12.689253,52.074784,north,498588.72947005345,44.0,0,False,unconfirmed,,,
26463,12.575419,52.041466,north,490600.215434897,30.0,0,False,unconfirmed,,,
61426,12.19462,51.287312,north,397319.490597649,33.0,0,False,unconfirmed,,,
61429,12.2149284,51.3125798,north,400369.2395176538,450.0,4,True,unconfirmed,,,
61430,12.169238333333334,51.324587666666666,north,399969.8563682711,1200.0,6,True,unconfirmed,,,
61839,12.22494,51.42266,north,412111.78642958344,1200.0,8,True,unconfirmed,,,
61842,12.181622666666668,51.401570666666665,north,408814.19583090564,900.0,6,True,road_route_found_entrance_unverified,784.8,948.1,4.0
61843,12.181375,51.401587,north,408814.19583090564,4000.0,16,True,road_route_found_entrance_unverified,798.9,980.0,5.1
61845,12.191227,51.399168,north,408814.19583090564,900.0,6,True,road_route_found_entrance_unverified,844.4,1268.3,6.4
61846,12.210556,51.400556,north,409459.2370465533,100.0,0,False,unconfirmed,,,
61847,12.207366,51.406021333333335,north,408814.19583090564,66.0,0,False,road_route_found_entrance_unverified,2839.6,2876.4,13.1
61848,12.223528,51.395572,north,409228.7155744789,22.0,0,False,unconfirmed,,,
61849,12.220331,51.394185,north,409049.631441278,22.0,0,False,unconfirmed,,,
61850,12.197485,51.404169,north,409532.62008249445,22.0,0,False,unconfirmed,,,
61851,12.220019,51.396039,north,409207.52813066496,22.0,0,False,unconfirmed,,,
61852,12.2216845,51.422,north,411967.363811086,60.0,0,False,unconfirmed,,,
61853,12.236786500000001,51.423382000000004,north,412477.81662747473,60.0,0,False,unconfirmed,,,
61865,12.206859,51.464508,north,416170.66740412096,11.0,0,False,road_route_found_entrance_unverified,1280.2,1224.3,4.5
61866,12.207972,51.4718,north,416170.66740412096,44.0,0,False,road_route_found_entrance_unverified,1738.0,1579.8,7.4
62425,12.24472,51.81223,north,455671.9104808595,600.0,4,True,unconfirmed,,,
62426,12.30109,51.82129,north,458358.41773221863,100.0,0,False,road_route_found_entrance_unverified,1379.0,1343.2,9.0
62427,12.30396,51.8202,north,458413.3010772969,49.0,0,False,unconfirmed,,,
62428,12.3027,51.8197,north,458358.41773221863,900.0,8,True,road_route_found_entrance_unverified,1628.3,1551.7,53.1
62432,12.247305,51.816404,north,456050.6406457446,22.0,0,False,unconfirmed,,,
62433,12.241669,51.806367,north,455026.82356820686,150.0,2,False,unconfirmed,,,
62436,12.301239,51.823412,north,458358.41773221863,800.0,4,True,road_route_found_entrance_unverified,1290.9,1104.5,7.4
62466,12.23677,51.80269,north,454578.9415131436,44.0,0,False,unconfirmed,,,
62467,12.23677,51.80269,north,454578.9415131436,44.0,0,False,unconfirmed,,,
62472,12.23718,51.80512,north,454737.8923293136,44.0,0,False,unconfirmed,,,
62473,12.236797,51.802712,north,454581.95584118384,44.0,0,False,unconfirmed,,,
62793,12.1991,51.6363,north,435504.1025208921,150.0,2,False,road_route_found_entrance_unverified,575.9,514.4,8.3
62807,12.1991,51.6363,north,435504.1025208921,300.0,2,False,road_route_found_entrance_unverified,575.9,514.4,8.3
62815,12.249229,51.670962,north,440186.0221309528,44.0,0,False,unconfirmed,,,
62817,12.20036,51.636481,north,435504.1025208921,3500.0,10,True,road_route_found_entrance_unverified,643.3,540.6,1.1
62818,12.200732,51.636487,north,435504.1025208921,5000.0,20,True,road_route_found_entrance_unverified,632.1,586.4,7.9
62821,12.25349,51.66127,north,439159.0870415219,22.0,0,False,unconfirmed,,,
62834,12.187898,51.608992,north,432398.56424019305,98.0,0,False,road_route_found_entrance_unverified,460.7,278.1,4.6
62835,12.183264,51.607277,north,432556.8936723121,98.0,0,False,unconfirmed,,,
62837,12.185403,51.606076,north,432398.56424019305,93.0,0,False,road_route_found_entrance_unverified,69.6,576.3,19.5
62838,12.183984,51.605481,north,432375.8280966563,93.0,0,False,unconfirmed,,,
62839,12.196509999999998,51.55357,north,426149.87140921556,900.0,6,True,road_route_found_entrance_unverified,2829.9,2910.3,11.7
62840,12.192885,51.55534,north,426149.87140921556,72.0,0,False,road_route_found_entrance_unverified,2858.7,2956.1,1.9
62841,12.19341,51.54623,north,425631.6719788374,44.0,0,False,unconfirmed,,,
62881,11.954786,51.104587,north,370813.5372656794,150.0,2,False,unconfirmed,,,
62888,11.9982925,51.1980195,north,381690.7535453232,166.0,0,False,unconfirmed,,,
62890,11.986975,51.187971,north,380325.4903842493,44.0,0,False,unconfirmed,,,
62891,11.98812,51.186851,north,380267.13421759993,1200.0,4,True,unconfirmed,,,
62892,11.988904,51.18801,north,380384.5751264184,160.0,2,False,unconfirmed,,,
62893,11.967209,51.1987,north,380912.5394027315,44.0,0,False,unconfirmed,,,
62894,11.970367,51.191207,north,380200.7921136462,22.0,0,False,unconfirmed,,,
62895,11.987466,51.203805,north,381974.99507678463,11.0,0,False,unconfirmed,,,
62896,11.98161,51.18747,north,380147.41546847066,72.0,0,False,unconfirmed,,,
62897,11.983936,51.186121,north,380073.9363232105,44.0,0,False,unconfirmed,,,
62899,11.9636825,51.197953999999996,north,380731.208766817,360.0,4,False,unconfirmed,,,
62900,11.99051,51.18771999999999,north,380401.02240951324,900.0,6,True,unconfirmed,,,
62901,11.957702,51.105401,north,370415.8963902092,93.0,0,False,road_route_found_entrance_unverified,526.9,446.6,5.4
62902,11.954837,51.105341,north,370897.4534807525,43.0,0,False,unconfirmed,,,
62903,11.974032,51.198605,north,381089.37385180884,22.0,0,False,unconfirmed,,,
62905,11.963434,51.191887,north,380096.00599882635,44.0,0,False,unconfirmed,,,
62906,11.974411,51.201725,north,381381.0313297188,44.0,0,False,unconfirmed,,,
62912,11.957291,51.105607,north,370415.8963902092,175.0,1,False,road_route_found_entrance_unverified,564.8,406.2,4.0
62913,11.957291,51.105607,north,370415.8963902092,175.0,1,False,road_route_found_entrance_unverified,564.8,406.2,4.0
62914,11.957291,51.105607,north,370415.8963902092,175.0,1,False,road_route_found_entrance_unverified,564.8,406.2,4.0
62915,11.957291,51.105607,north,370415.8963902092,175.0,1,False,road_route_found_entrance_unverified,564.8,406.2,4.0
62916,11.957236,51.105588,north,370415.8963902092,100.0,0,False,road_route_found_entrance_unverified,562.6,408.4,7.9
62917,12.01086,51.17768,north,379148.8213318525,2400.0,16,True,road_route_found_entrance_unverified,1887.4,2161.7,0.0
62918,12.00878,51.17718,north,379148.8213318525,1200.0,8,True,road_route_found_entrance_unverified,1995.2,2255.9,0.1
62940,11.961205999999999,51.08765400000001,north,369047.39137888764,450.0,6,True,road_route_found_entrance_unverified,781.9,934.1,6.6
62941,11.91433,51.04015,north,363381.6997346074,22.0,0,False,unconfirmed,,,
62942,11.937675,51.039914,north,363357.7732915238,350.0,2,False,road_route_found_entrance_unverified,681.4,640.6,1.7
62943,11.937675,51.039914,north,363357.7732915238,175.0,1,False,road_route_found_entrance_unverified,681.4,640.6,1.7
62944,11.937764,51.039773,north,363357.7732915238,600.0,4,True,road_route_found_entrance_unverified,682.7,639.2,7.8
62945,11.934963000000002,51.083993,north,369047.39137888764,132.0,0,False,road_route_found_entrance_unverified,2421.9,2295.3,8.4
62946,11.938881,51.040083,north,363357.7732915238,175.0,1,False,road_route_found_entrance_unverified,688.7,696.2,9.9
62947,11.938881,51.040083,north,363357.7732915238,175.0,1,False,road_route_found_entrance_unverified,688.7,696.2,9.9
62948,11.938881,51.040083,north,363357.7732915238,175.0,1,False,road_route_found_entrance_unverified,688.7,696.2,9.9
62949,11.938881,51.040083,north,363357.7732915238,175.0,1,False,road_route_found_entrance_unverified,688.7,696.2,9.9
63353,12.15528,51.417912,north,409979.1084509664,11.0,0,False,unconfirmed,,,
63355,12.150216,51.415226,north,409582.1220482357,11.0,0,False,unconfirmed,,,
63358,12.162005,51.535311,north,424942.22095234063,66.0,0,False,unconfirmed,,,
63414,12.137328,51.290043,north,395069.0021641548,2000.0,8,True,road_route_found_entrance_unverified,684.1,629.5,5.6
63415,12.176065833333332,51.346057333333334,north,402183.0493338558,292.0,0,False,road_route_found_entrance_unverified,2434.0,1814.2,7.4
63419,12.145649,51.349084,north,401831.1082490577,200.0,1,False,unconfirmed,,,
63420,12.181941,51.348196,north,402183.0493338558,84.0,0,False,road_route_found_entrance_unverified,2728.4,2892.0,7.8
63421,12.17508,51.34761,north,402183.0493338558,900.0,6,True,road_route_found_entrance_unverified,2032.8,2121.1,7.9
63659,12.341552,51.85247,north,462984.3957273397,800.0,4,True,unconfirmed,,,
63661,12.344692,51.846286,north,461632.98775967926,22.0,0,False,road_route_found_entrance_unverified,1533.6,1409.4,2.0
63663,12.405792,51.887723,north,468522.7524198163,22.0,0,False,road_route_found_entrance_unverified,660.0,894.9,0.4
63664,12.433140999999999,51.88480199999999,north,468522.7524198163,720.0,4,True,road_route_found_entrance_unverified,2629.7,2577.8,5.5
63665,12.403429,51.888974,north,468522.7524198163,700.0,4,True,road_route_found_entrance_unverified,599.7,454.4,3.3
63666,12.371308,51.886586,north,467648.57554063335,44.0,0,False,unconfirmed,,,
63667,12.46186,51.88795,north,472182.1623184554,72.0,0,False,unconfirmed,,,
63668,12.402887,51.889047,north,468522.7524198163,525.0,3,True,road_route_found_entrance_unverified,523.8,459.9,8.2
63669,12.403369,51.889449,north,468522.7524198163,800.0,4,True,road_route_found_entrance_unverified,541.3,511.2,3.6
63670,12.455562,51.891447,north,472088.71951586753,50.0,0,False,unconfirmed,,,
66939,11.900109,50.805528,north,333099.96899157576,22.0,0,False,road_route_found_entrance_unverified,717.8,763.6,25.3
66940,11.89429,50.803239999999995,north,333099.96899157576,900.0,6,True,road_route_found_entrance_unverified,803.8,765.2,4.0
67153,11.92447,50.966455,north,356895.52091348404,22.0,0,False,unconfirmed,,,
67154,11.89313,50.97063,north,353023.34993593505,71.0,0,False,road_route_found_entrance_unverified,2550.6,2553.0,6.3
67155,11.883358000000001,50.9709285,north,353023.34993593505,300.0,4,False,road_route_found_entrance_unverified,1812.9,1768.3,3.7
67156,11.87558,50.97159,north,353023.34993593505,600.0,4,True,road_route_found_entrance_unverified,1265.7,1237.3,8.7
67157,11.87521,50.97138,north,353023.34993593505,22.0,0,False,road_route_found_entrance_unverified,1264.7,1145.6,6.2
67158,11.906125,50.968118,north,356242.1297266479,11.0,0,False,unconfirmed,,,
67159,11.88508,50.96585,north,353023.34993593505,93.0,0,False,road_route_found_entrance_unverified,2275.3,2235.1,9.9
67160,11.88273,50.97035,north,353023.34993593505,93.0,0,False,road_route_found_entrance_unverified,1733.5,1703.4,11.6
67161,11.897986,50.969732,north,353023.34993593505,22.0,0,False,road_route_found_entrance_unverified,2941.7,2941.3,2.0
67162,11.838002,50.964428999999996,north,353023.34993593505,88.0,0,False,road_route_found_entrance_unverified,2276.4,2180.3,14.0
67167,11.85273,50.968689,north,353023.34993593505,55.0,0,False,road_route_found_entrance_unverified,1289.2,1253.0,8.0
67168,11.855171,50.96965,north,353023.34993593505,900.0,6,True,road_route_found_entrance_unverified,1628.9,1470.8,11.2
67169,11.854993,50.968487,north,352919.3244178768,1800.0,12,True,unconfirmed,,,
67170,11.82932,50.928302,north,347868.9331468079,44.0,0,False,unconfirmed,,,
67171,11.830462,50.928493,north,347875.4177199666,44.0,0,False,unconfirmed,,,
67172,11.853236,50.900645,north,345901.0295763024,44.0,0,False,road_route_found_entrance_unverified,2013.4,2002.6,12.3
67173,11.855354,50.903477,north,345901.0295763024,900.0,6,True,road_route_found_entrance_unverified,2278.4,2365.0,36.1
67174,11.872676,50.889776,north,343266.97581075854,93.0,0,False,unconfirmed,,,
67175,11.871973000000002,50.889761,north,343269.68063342915,900.0,6,True,unconfirmed,,,
67176,11.871398,50.88986400000001,north,343284.7032076223,3000.0,12,True,unconfirmed,,,
67177,11.867302,50.892279,north,343540.9148629334,88.0,0,False,unconfirmed,,,
67178,11.869983,50.894148,north,343726.2603351671,22.0,0,False,unconfirmed,,,
67179,11.84998,50.88614,north,343003.82408892247,750.0,8,True,unconfirmed,,,
67180,11.849357,50.887153,north,343122.8694325536,400.0,4,True,unconfirmed,,,
67181,11.850075,50.886443,north,343036.7054993285,600.0,4,True,unconfirmed,,,
67182,11.848517,50.886023,north,343001.08405619283,22.0,0,False,unconfirmed,,,
67183,11.84998,50.88613999999999,north,343003.8240889216,1050.0,12,True,unconfirmed,,,
67184,11.856583,50.894663,north,345901.0295763024,44.0,0,False,road_route_found_entrance_unverified,2561.7,3558.7,8.9
67185,11.878945,50.866893,north,340377.76077193755,11.0,0,False,unconfirmed,,,
67186,11.846642,50.874935,north,341798.2963285525,98.0,0,False,unconfirmed,,,
67187,11.909384,50.856592,north,337291.2561454305,44.0,0,False,unconfirmed,,,
67188,11.84339,50.908066,north,345901.0295763024,600.0,4,True,road_route_found_entrance_unverified,821.0,770.3,6.6
67189,11.859349,50.907541,north,345901.0295763024,72.0,0,False,road_route_found_entrance_unverified,2071.8,2097.4,4.8
67190,11.860431,50.9083375,north,345901.0295763024,88.0,0,False,road_route_found_entrance_unverified,2034.5,2177.7,17.4
67191,11.859999,50.916379,north,345901.0295763024,122.0,0,False,road_route_found_entrance_unverified,1561.2,1768.7,3.1
67192,11.851304,50.910047,north,345901.0295763024,11.0,0,False,road_route_found_entrance_unverified,1228.3,1318.9,22.8
67193,11.801893,50.868934,north,341829.2573824712,22.0,0,False,unconfirmed,,,
67234,11.86416,50.7365,north,324968.824084535,22.0,0,False,unconfirmed,,,
67235,11.86983,50.73737,north,325233.6476181004,150.0,1,False,unconfirmed,,,
67236,11.888515,50.743503,north,325596.56354687834,33.0,0,False,road_route_found_entrance_unverified,2848.7,3087.4,16.1
67237,11.845551,50.737564,north,324500.1716918719,300.0,4,False,unconfirmed,,,
67238,11.825771,50.60192,north,309056.8955042738,33.0,0,False,unconfirmed,,,
67239,11.80585125,50.577723,north,306341.5088181545,176.0,0,False,unconfirmed,,,
67240,11.81483,50.57982,north,306803.3000440426,30.0,0,False,unconfirmed,,,
67241,11.809474,50.580827,north,306780.1322240591,33.0,0,False,unconfirmed,,,
67242,11.803402,50.546455,north,301521.16614247987,10000.0,40,True,road_route_found_entrance_unverified,2030.3,2087.2,9.4
67243,11.803665,50.546848,north,301521.16614247987,1400.0,6,True,road_route_found_entrance_unverified,2102.7,2051.8,1.5
67244,11.803639,50.546556,north,301521.16614247987,2400.0,16,True,road_route_found_entrance_unverified,2020.9,2014.3,1.2
67245,11.81053,50.55139,north,301521.16614247987,44.0,0,False,road_route_found_entrance_unverified,1282.4,1369.9,35.7
67246,11.790748,50.552022,north,301521.16614247987,800.0,4,True,road_route_found_entrance_unverified,1585.4,1528.8,6.9
67247,11.789914,50.551498,north,301521.16614247987,450.0,3,True,road_route_found_entrance_unverified,1491.9,1362.1,12.0
67248,11.787862950000001,50.55065175,north,301521.16614247987,7600.0,40,True,road_route_found_entrance_unverified,1283.4,1130.6,1.6
67249,11.788119,50.5500495,north,301521.16614247987,600.0,4,True,road_route_found_entrance_unverified,1196.1,1066.3,11.2
67250,11.789408,50.549261,north,301521.16614247987,150.0,2,False,road_route_found_entrance_unverified,1299.8,1187.9,12.0
67251,11.825434,50.56249,north,303035.7872687615,50.0,0,False,unconfirmed,,,
67252,11.811129,50.573284,north,303494.0630531303,22.0,0,False,unconfirmed,,,
67255,11.830321000000001,50.493884,north,294737.00458697963,88.0,0,False,unconfirmed,,,
67256,11.830025,50.493869,north,294739.8989307092,22.0,0,False,unconfirmed,,,
67257,11.830025,50.493869,north,294739.8989307092,22.0,0,False,unconfirmed,,,
67262,11.79556,50.4278,north,287152.56028814614,93.0,0,False,road_route_found_entrance_unverified,460.2,432.0,4.4
67263,11.817399,50.403235,north,286433.0804260234,22.0,0,False,unconfirmed,,,
10275,11.610443,49.957801,south,303019.72469228605,44.0,0,False,unconfirmed,,,
10276,11.610443,49.957801,south,303019.72469228605,44.0,0,False,unconfirmed,,,
10277,11.568171,49.945043,south,304849.099035155,50.0,0,False,unconfirmed,,,
10278,11.579571,49.943569,south,304893.0129658441,176.0,0,False,unconfirmed,,,
10279,11.5826885,49.943931500000005,south,306029.88481893163,44.0,0,False,road_route_found_entrance_unverified,2689.8,2770.2,0.8
10280,11.578591,49.953129,south,303133.32264000847,22.0,0,False,unconfirmed,,,
10281,11.578785,49.951132,south,304073.0452269655,44.0,0,False,unconfirmed,,,
10282,11.573969,49.941899,south,305152.4857986158,44.0,0,False,unconfirmed,,,
10283,11.5721,49.947199,south,304587.9568846704,44.0,0,False,unconfirmed,,,
10284,11.571021,49.943573,south,304960.588865238,44.0,0,False,unconfirmed,,,
10285,11.57561,49.94612,south,304653.11138229317,22.0,0,False,unconfirmed,,,
10286,11.575567,49.945159,south,304767.5774385154,22.0,0,False,unconfirmed,,,
10287,11.577132,49.945618,south,304694.47390865715,50.0,0,False,unconfirmed,,,
10288,11.575134,49.94686,south,304587.3241655023,44.0,0,False,unconfirmed,,,
10289,11.57684,49.94554,south,304706.61703830404,22.0,0,False,unconfirmed,,,
10290,11.576707,49.945563,south,304705.7344641214,33.0,0,False,unconfirmed,,,
10291,11.56924,49.94075,south,305331.65826392575,200.0,2,False,unconfirmed,,,
10292,11.577976,49.944872,south,304769.0760321577,44.0,0,False,unconfirmed,,,
10293,11.567389999999998,49.94493,south,304895.7673193645,55.0,0,False,unconfirmed,,,
10295,11.567123,49.952106,south,303106.8866016961,100.0,0,False,unconfirmed,,,
10296,11.58473,49.9332,south,306029.88481893163,800.0,4,True,road_route_found_entrance_unverified,2274.3,2344.9,4.8
10297,11.58473,49.933181,south,306029.88481893163,88.0,0,False,road_route_found_entrance_unverified,2275.8,2343.4,3.3
10298,11.563164,49.933108,south,306029.88481893163,44.0,0,False,unconfirmed,,,
10299,11.56284375,49.933399,south,306029.88481893163,1200.0,8,True,unconfirmed,,,
10300,11.559149,49.938642,south,305671.9845805597,50.0,0,False,unconfirmed,,,
10301,11.567943,49.933466,south,306029.88481893163,22.0,0,False,unconfirmed,,,
10302,11.567911,49.933494,south,306029.88481893163,450.0,4,True,unconfirmed,,,
10303,11.567755,49.932966,south,306029.88481893163,50.0,0,False,unconfirmed,,,
10304,11.567755,49.932966,south,306029.88481893163,50.0,0,False,unconfirmed,,,
10305,11.564647,49.93122,south,306121.71360848774,44.0,0,False,unconfirmed,,,
10306,11.564211,49.932545,south,306048.9337701845,300.0,2,False,unconfirmed,,,
10307,11.580112,49.928527,south,306029.88481893163,88.0,0,False,road_route_found_entrance_unverified,2124.0,2132.1,6.6
10308,11.584914,49.926504,south,306029.88481893163,44.0,0,False,road_route_found_entrance_unverified,1689.5,1714.4,3.3
10309,11.583242,49.945788,south,304603.7791368845,44.0,0,False,unconfirmed,,,
10310,11.606255,49.967981,south,302667.42906979716,44.0,0,False,road_route_found_entrance_unverified,2309.7,1449.8,7.3
10311,11.6108,49.962923,south,302667.42906979716,600.0,4,True,road_route_found_entrance_unverified,1488.7,2070.2,15.4
10312,11.610191,49.962291,south,302667.42906979716,5000.0,20,True,road_route_found_entrance_unverified,1671.1,2185.6,5.4
10313,11.60734,49.91896,south,307367.4199142392,22.0,0,False,unconfirmed,,,
10314,11.592929,49.944578,south,304611.60807900573,88.0,0,False,unconfirmed,,,
10315,11.5915,49.9586,south,302667.42906979716,44.0,0,False,road_route_found_entrance_unverified,2300.7,1786.9,2.0
10316,11.633892,49.941919,south,304408.1402665766,88.0,0,False,unconfirmed,,,
10317,11.603647,49.939582,south,306029.88481893163,72.0,0,False,road_route_found_entrance_unverified,2719.2,2750.3,31.3
10318,11.595981,49.939401,south,306029.88481893163,22.0,0,False,road_route_found_entrance_unverified,2965.1,2888.5,18.4
10319,11.601235,49.955081,south,302667.42906979716,1200.0,8,True,road_route_found_entrance_unverified,2974.3,750.1,0.4
10320,11.595634,49.956099,south,303002.6043557305,88.0,0,False,unconfirmed,,,
10321,11.5826,49.95072,south,304070.7781334115,88.0,0,False,unconfirmed,,,
10322,11.600424,49.925703,south,306553.08563672623,1600.0,8,True,unconfirmed,,,
10323,11.600505,49.925925,south,306534.0783205824,110.0,0,False,unconfirmed,,,
10324,11.598887,49.927438,south,306363.17313910596,154.0,0,False,unconfirmed,,,
10325,11.59522,49.93415,south,306029.88481893163,11.0,0,False,road_route_found_entrance_unverified,1269.8,1297.4,1.8
10327,11.59844,49.89349,south,309861.9294603952,400.0,2,True,road_route_found_entrance_unverified,397.6,302.0,10.3
10328,11.600585,49.893992,south,310148.26369844144,800.0,4,True,unconfirmed,,,
10329,11.615156,49.96199099999999,south,302667.42906979716,110.0,0,False,road_route_found_entrance_unverified,1919.5,2313.2,7.1
10330,11.6151346,49.961845600000004,south,302667.42906979716,110.0,0,False,road_route_found_entrance_unverified,1903.3,2329.4,7.7
10331,11.630091,49.956097,south,303384.9397910521,11.0,0,False,unconfirmed,,,
10332,11.602362,49.957515,south,302667.42906979716,150.0,2,False,road_route_found_entrance_unverified,1837.3,506.0,1.8
10333,11.601896,49.957842,south,302667.42906979716,150.0,2,False,road_route_found_entrance_unverified,1587.8,465.4,7.4
10334,11.603417,49.958527,south,302667.42906979716,33.0,0,False,road_route_found_entrance_unverified,696.2,872.9,8.4
10335,11.604554,49.958127,south,302667.42906979716,44.0,0,False,road_route_found_entrance_unverified,616.7,2596.1,22.6
10336,11.58114,49.948659,south,304308.428774444,44.0,0,False,unconfirmed,,,
10337,11.599791,49.963907,south,302667.42906979716,72.0,0,False,road_route_found_entrance_unverified,1999.9,1156.8,6.4
10338,11.60027,49.96586,south,302069.82406486676,22.0,0,False,unconfirmed,,,
10339,11.6006565,49.966300374999996,south,302667.42906979716,176.0,0,False,road_route_found_entrance_unverified,1772.4,408.5,11.0
10340,11.606801,49.908184,south,306029.88481893163,366.0,4,False,road_route_found_entrance_unverified,2823.9,2822.7,4.0
10341,11.6067,49.9092,south,306029.88481893163,300.0,2,False,road_route_found_entrance_unverified,2660.7,2708.6,7.1
10635,11.419231,48.791373,south,455850.9134532044,1716.0,0,False,unconfirmed,,,
10636,11.418156,48.78145,south,456275.9183165894,300.0,2,False,unconfirmed,,,
10637,11.424704,48.76702,south,458527.762216912,22.0,0,False,unconfirmed,,,
10638,11.432219,48.773082,south,457519.3653595412,88.0,0,False,unconfirmed,,,
10640,11.419227,48.764779,south,458855.887900011,88.0,0,False,unconfirmed,,,
10642,11.426317,48.761385,south,459133.74197671266,22.0,0,False,unconfirmed,,,
10643,11.4236,48.77014,south,458261.20410462166,300.0,4,False,unconfirmed,,,
10644,11.4237725,48.770126,south,458260.40612255567,88.0,0,False,unconfirmed,,,
10645,11.431439999999998,48.766056,south,458553.99220331636,88.0,0,False,unconfirmed,,,
10650,11.423098,48.766229,south,458633.5486080348,100.0,0,False,unconfirmed,,,
10651,11.422195,48.767608,south,458492.8527246973,50.0,0,False,unconfirmed,,,
10652,11.42029,48.76088,south,459196.5173205903,300.0,4,False,unconfirmed,,,
10653,11.421405,48.760782500000005,south,459196.5173205903,88.0,0,False,unconfirmed,,,
10656,11.426985,48.76314,south,458940.611808634,22.0,0,False,unconfirmed,,,
10657,11.42714,48.7629,south,458965.02924605407,88.0,0,False,unconfirmed,,,
10658,11.42714,48.7629,south,458965.02924605407,132.0,0,False,unconfirmed,,,
10659,11.42714,48.7629,south,458965.02924605407,88.0,0,False,unconfirmed,,,
10660,11.425857,48.767748,south,458434.23935606075,88.0,0,False,unconfirmed,,,
10661,11.433659,48.764703,south,458676.2699411415,132.0,0,False,unconfirmed,,,
10662,11.4307715,48.763825499999996,south,458819.06165146857,88.0,0,False,unconfirmed,,,
10663,11.43056,48.76365,south,458840.89634183183,300.0,4,False,unconfirmed,,,
10664,11.430773,48.763837,south,458817.7823089481,150.0,2,False,unconfirmed,,,
10670,11.431278,48.751639,south,459451.2392207569,44.0,0,False,road_route_found_entrance_unverified,2640.8,2529.2,4.6
10671,11.436131,48.745382,south,460056.10934494616,150.0,2,False,unconfirmed,,,
10672,11.437368,48.74,south,460363.7211702213,71.0,0,False,unconfirmed,,,
10673,11.437203,48.743583,south,460164.7238020208,88.0,0,False,unconfirmed,,,
10674,11.435144,48.740054,south,460352.0056203899,600.0,4,True,unconfirmed,,,
10675,11.426157,48.73871,south,460290.5543419411,11.0,0,False,unconfirmed,,,
10680,11.440074,48.745065,south,460121.5318605081,88.0,0,False,unconfirmed,,,
10681,11.437833,48.737056,south,460639.5765505833,44.0,0,False,unconfirmed,,,
10682,11.43131,48.753435,south,459451.2392207569,22.0,0,False,road_route_found_entrance_unverified,2644.4,2603.5,16.4
10683,11.43475,48.742472,south,460215.8903446194,44.0,0,False,unconfirmed,,,
10684,11.436966,48.739411,south,460409.7343483967,160.0,2,False,unconfirmed,,,
10685,11.43925,48.735361,south,460860.2096094378,150.0,2,False,unconfirmed,,,
10686,11.433505,48.760112,south,459187.0046758311,88.0,0,False,unconfirmed,,,
10689,11.4606,48.75225,south,459806.57801775594,1200.0,4,True,unconfirmed,,,
10690,11.48631,48.74678,south,461281.364658531,22.0,0,False,unconfirmed,,,
10691,11.48414,48.74494,south,461392.50354847824,22.0,0,False,unconfirmed,,,
10692,11.438577,48.759207,south,459451.2392207569,22.0,0,False,road_route_found_entrance_unverified,1852.4,2281.3,8.9
10693,11.437408,48.758534,south,459451.2392207569,66.0,0,False,road_route_found_entrance_unverified,1983.3,2253.4,23.1
10694,11.468969,48.74862,south,460528.33514094545,470.0,4,True,unconfirmed,,,
10695,11.469530500000001,48.74864,south,460541.11018837214,600.0,4,True,unconfirmed,,,
10696,11.46955,48.74886,south,460528.33514094545,44.0,0,False,unconfirmed,,,
10697,11.47034,48.74866,south,460565.7878547129,450.0,4,True,unconfirmed,,,
10698,11.470283,48.747955,south,459451.2392207569,22.0,0,False,road_route_found_entrance_unverified,2968.4,3058.2,18.2
10699,11.470283,48.747955,south,459451.2392207569,22.0,0,False,road_route_found_entrance_unverified,2968.4,3058.2,18.2
10700,11.470283,48.747955,south,459451.2392207569,22.0,0,False,road_route_found_entrance_unverified,2968.4,3058.2,18.2
10701,11.447763,48.741389,south,459451.2392207569,150.0,2,False,road_route_found_entrance_unverified,2978.0,2883.2,8.7
10702,11.48135,48.74217,south,461575.5500529935,22.0,0,False,unconfirmed,,,
10703,11.477489999999998,48.75304,south,460256.0640611069,3600.0,12,True,unconfirmed,,,
10704,11.477172,48.751081,south,460550.10290755884,600.0,4,True,unconfirmed,,,
10705,11.46956,48.74606,south,459451.2392207569,600.0,4,True,road_route_found_entrance_unverified,1832.6,2027.6,10.4
10706,11.469985,48.745668,south,459451.2392207569,154.0,0,False,road_route_found_entrance_unverified,1871.1,1989.2,22.6
10707,11.451697,48.752923,south,459451.2392207569,600.0,4,True,road_route_found_entrance_unverified,681.8,624.3,16.7
10708,11.468098,48.745788,south,459451.2392207569,300.0,4,False,road_route_found_entrance_unverified,1747.1,1834.6,4.7
10709,11.4436,48.7584,south,459451.2392207569,270.0,2,False,road_route_found_entrance_unverified,1609.1,1642.9,10.9
10710,11.462870666666667,48.74793433333334,south,459451.2392207569,238.0,0,False,road_route_found_entrance_unverified,1299.9,1185.5,24.4
10711,11.4498835,48.753175,south,459624.9612756668,85.0,0,False,unconfirmed,,,
10712,11.464294,48.742317,south,459451.2392207569,22.0,0,False,road_route_found_entrance_unverified,2104.0,1978.0,8.5
10713,11.465941,48.74362,south,459451.2392207569,22.0,0,False,road_route_found_entrance_unverified,1863.8,1752.0,22.3
10714,11.461752,48.750191,south,459451.2392207569,33.0,0,False,road_route_found_entrance_unverified,1145.7,991.4,21.5
10715,11.472515,48.747459,south,459451.2392207569,115.0,0,False,road_route_found_entrance_unverified,2683.4,2781.6,9.6
10718,11.425934,48.782923,south,456179.7919134457,396.0,0,False,unconfirmed,,,
10719,11.425757,48.78293,south,456178.2022970244,1298.0,0,False,unconfirmed,,,
10720,11.425934,48.782923,south,456179.7919134457,22.0,0,False,unconfirmed,,,
10721,11.425934,48.782923,south,456179.7919134457,22.0,0,False,unconfirmed,,,
10722,11.452222,48.776306,south,457033.7895769504,150.0,1,False,unconfirmed,,,
10723,11.451806,48.776139,south,457050.37370369927,150.0,2,False,unconfirmed,,,
10724,11.425757,48.78293,south,456178.2022970244,22.0,0,False,unconfirmed,,,
10726,11.437986,48.766258,south,458454.4461506867,800.0,4,True,unconfirmed,,,
10727,11.451888,48.772318,south,457595.90180692286,300.0,2,False,road_route_found_entrance_unverified,2740.0,854.3,6.0
10728,11.45326,48.772558,south,457595.90180692286,88.0,0,False,road_route_found_entrance_unverified,2696.2,780.9,11.1
10729,11.444582,48.772741,south,457519.88929486106,44.0,0,False,unconfirmed,,,
10730,11.451975,48.772269,south,457595.90180692286,300.0,2,False,road_route_found_entrance_unverified,2739.9,836.6,1.3
10731,11.455017,48.772707,south,457595.90180692286,44.0,0,False,road_route_found_entrance_unverified,2724.0,841.6,28.4
10732,11.47795,48.78239,south,457595.90180692286,22.0,0,False,road_route_found_entrance_unverified,2972.6,2866.2,7.0
10733,11.478626,48.782635,south,456494.168520363,1800.0,12,True,unconfirmed,,,
10734,11.428444,48.780151,south,456427.57115004,352.0,0,False,unconfirmed,,,
10735,11.440444,48.797333,south,455076.4053406183,300.0,4,False,unconfirmed,,,
10737,11.47294,48.783008,south,456402.2007820397,22.0,0,False,unconfirmed,,,
10738,11.4759864,48.7816908,south,456580.8109000832,214.0,0,False,unconfirmed,,,
10739,11.475969,48.782541,south,456486.549266277,22.0,0,False,unconfirmed,,,
10740,11.435057,48.771629,south,457791.01019465143,150.0,2,False,unconfirmed,,,
10741,11.419231,48.791373,south,455850.9134532044,22.0,0,False,unconfirmed,,,
10742,11.478079545454547,48.783879818181816,south,456338.1107313001,242.0,0,False,unconfirmed,,,
10743,11.481286,48.784427,south,456296.66202581243,300.0,2,False,unconfirmed,,,
10744,11.477894,48.783843,south,456341.0802353496,66.0,0,False,unconfirmed,,,
10745,11.448114,48.768162,south,458125.1022026907,44.0,0,False,unconfirmed,,,
10746,11.45521,48.77601,south,457090.8479028977,300.0,4,False,unconfirmed,,,
10747,11.45952,48.77484,south,457216.81074288354,600.0,4,True,road_route_found_entrance_unverified,290.5,2990.9,11.0
10748,11.430788,48.778773,south,456596.1602497346,98.0,0,False,unconfirmed,,,
10749,11.419373,48.791394,south,455850.9134532044,330.0,0,False,unconfirmed,,,
10753,11.41351,48.783598000000005,south,456171.5509572366,132.0,0,False,unconfirmed,,,
10754,11.413631,48.783766,south,456171.5509572366,44.0,0,False,unconfirmed,,,
10755,11.413547,48.783571,south,456171.5509572366,220.0,0,False,unconfirmed,,,
10756,11.413547,48.783571,south,456171.5509572366,1200.0,4,True,unconfirmed,,,
10761,11.417795,48.778639,south,456522.1690077716,418.0,0,False,unconfirmed,,,
10777,11.424908,48.77697,south,456778.0269156195,44.0,0,False,unconfirmed,,,
10778,11.424152,48.776334,south,456850.16463140154,198.0,0,False,unconfirmed,,,
10779,11.425258,48.776649,south,456821.93189291545,22.0,0,False,unconfirmed,,,
10781,11.4258,48.7665,south,458571.89223068766,22.0,0,False,unconfirmed,,,
10782,11.42225,48.78146,south,456275.9183165894,330.0,0,False,unconfirmed,,,
10783,11.421004,48.781512,south,456275.9183165894,1826.0,0,False,unconfirmed,,,
10784,11.420503000000002,48.781363,south,456275.9183165894,264.0,0,False,unconfirmed,,,
10785,11.420503,48.781363,south,456275.9183165894,176.0,0,False,unconfirmed,,,
10786,11.420503,48.781363,south,456275.9183165894,440.0,0,False,unconfirmed,,,
11157,11.591821,48.165971,south,529299.531777378,22.0,0,False,unconfirmed,,,
11261,11.590282,48.187411,south,529299.531777378,44.0,0,False,road_route_found_entrance_unverified,2351.1,3572.4,10.2
11288,11.556302478991595,48.178001302521004,south,529299.531777378,440.2999999999991,0,False,unconfirmed,,,
11290,11.574607,48.188294000000006,south,529120.7157375328,66.0,0,False,unconfirmed,,,
11291,11.561875,48.176263,south,529299.531777378,44.0,0,False,road_route_found_entrance_unverified,2627.6,7156.7,5.2
11292,11.574172,48.158893,south,529299.531777378,22.0,0,False,unconfirmed,,,
11293,11.572164,48.164762,south,529299.531777378,22.0,0,False,unconfirmed,,,
11294,11.568895,48.163149,south,529299.531777378,22.0,0,False,unconfirmed,,,
11295,11.568767,48.163143,south,529299.531777378,22.0,0,False,unconfirmed,,,
11296,11.566823,48.160869,south,529299.531777378,22.0,0,False,unconfirmed,,,
11297,11.566839,48.160768,south,529299.531777378,22.0,0,False,unconfirmed,,,
11298,11.566341,48.164112,south,529299.531777378,22.0,0,False,unconfirmed,,,
11299,11.566346,48.164234,south,529299.531777378,22.0,0,False,unconfirmed,,,
11300,11.571908,48.160539,south,529299.531777378,22.0,0,False,unconfirmed,,,
11301,11.572005,48.160496,south,529299.531777378,22.0,0,False,unconfirmed,,,
11302,11.556265,48.167252,south,529299.531777378,22.0,0,False,unconfirmed,,,
11303,11.556308,48.167209,south,529299.531777378,22.0,0,False,unconfirmed,,,
11304,11.560353,48.156285,south,529299.531777378,22.0,0,False,unconfirmed,,,
11305,11.556839,48.159448,south,529299.531777378,22.0,0,False,unconfirmed,,,
11306,11.55724,48.161946,south,529299.531777378,22.0,0,False,unconfirmed,,,
11309,11.561542,48.168544,south,529299.531777378,22.0,0,False,unconfirmed,,,
11310,11.561496,48.168653,south,529299.531777378,22.0,0,False,unconfirmed,,,
11311,11.561995,48.161541,south,529299.531777378,22.0,0,False,unconfirmed,,,
11312,11.562016,48.161552,south,529299.531777378,22.0,0,False,unconfirmed,,,
11313,11.563257,48.164008,south,529299.531777378,11.0,0,False,unconfirmed,,,
11314,11.56178,48.16865,south,529299.531777378,22.0,0,False,unconfirmed,,,
11315,11.567793,48.156778,south,529299.531777378,22.0,0,False,unconfirmed,,,
11316,11.567649,48.156789,south,529299.531777378,22.0,0,False,unconfirmed,,,
11317,11.565224,48.153361,south,529299.531777378,22.0,0,False,unconfirmed,,,
11318,11.568249,48.15247,south,529299.531777378,22.0,0,False,unconfirmed,,,
11319,11.573281333333332,48.15379733333333,south,529299.531777378,66.0,0,False,unconfirmed,,,
11320,11.578807,48.150866,south,529299.531777378,22.0,0,False,unconfirmed,,,
11321,11.579499,48.151818,south,529299.531777378,22.0,0,False,unconfirmed,,,
11323,11.578978,48.149467,south,529299.531777378,22.0,0,False,unconfirmed,,,
11324,11.576039,48.159079,south,529299.531777378,22.0,0,False,unconfirmed,,,
11325,11.575942,48.159094,south,529299.531777378,22.0,0,False,unconfirmed,,,
11326,11.579895,48.157636,south,529299.531777378,22.0,0,False,unconfirmed,,,
11327,11.580389,48.160686,south,529299.531777378,22.0,0,False,unconfirmed,,,
11328,11.580395,48.160768,south,529299.531777378,22.0,0,False,unconfirmed,,,
11329,11.578844,48.166647,south,529299.531777378,22.0,0,False,road_route_found_entrance_unverified,2595.4,6630.9,4.9
11330,11.578753,48.16669,south,529299.531777378,22.0,0,False,road_route_found_entrance_unverified,2587.1,6617.5,5.7
11331,11.57863,48.166769,south,529299.531777378,22.0,0,False,road_route_found_entrance_unverified,2575.3,6606.7,5.5
11332,11.575255,48.155268,south,529299.531777378,22.0,0,False,unconfirmed,,,
11333,11.575261,48.155343,south,529299.531777378,22.0,0,False,unconfirmed,,,
11334,11.589625,48.161028,south,529299.531777378,22.0,0,False,unconfirmed,,,
11335,11.588193,48.167171,south,529299.531777378,22.0,0,False,road_route_found_entrance_unverified,2951.3,6195.7,2.5
11336,11.588223,48.167268,south,529299.531777378,22.0,0,False,road_route_found_entrance_unverified,2881.3,6265.7,2.5
11337,11.588548,48.155279,south,529299.531777378,22.0,0,False,unconfirmed,,,
11338,11.588581,48.155429,south,529299.531777378,22.0,0,False,unconfirmed,,,
11339,11.583923,48.157299,south,529299.531777378,22.0,0,False,unconfirmed,,,
11340,11.583753,48.157343,south,529299.531777378,22.0,0,False,unconfirmed,,,
11341,11.584123,48.155504,south,529299.531777378,22.0,0,False,unconfirmed,,,
11342,11.583947,48.155543,south,529299.531777378,22.0,0,False,unconfirmed,,,
11343,11.585572,48.160369,south,529299.531777378,22.0,0,False,unconfirmed,,,
11344,11.585429,48.160398,south,529299.531777378,22.0,0,False,unconfirmed,,,
11345,11.582732,48.154158,south,529299.531777378,22.0,0,False,unconfirmed,,,
11346,11.582488,48.154188,south,529299.531777378,22.0,0,False,unconfirmed,,,
11347,11.58655,48.16317,south,529299.531777378,22.0,0,False,unconfirmed,,,
11348,11.585672,48.159108,south,529299.531777378,22.0,0,False,unconfirmed,,,
11349,11.590501,48.163194,south,529299.531777378,22.0,0,False,road_route_found_entrance_unverified,2924.4,7430.7,1.7
11350,11.590437,48.163101,south,529299.531777378,22.0,0,False,road_route_found_entrance_unverified,2993.4,7361.7,1.0
11351,11.590417,48.166347,south,529299.531777378,320.0,2,False,road_route_found_entrance_unverified,2966.4,6913.9,6.4
11352,11.583683,48.163527,south,529299.531777378,22.0,0,False,road_route_found_entrance_unverified,2889.2,6897.0,3.2
11353,11.583635,48.163556,south,529299.531777378,22.0,0,False,road_route_found_entrance_unverified,2884.9,6901.3,5.3
11354,11.576446,48.162518,south,529299.531777378,22.0,0,False,unconfirmed,,,
11355,11.576114,48.162565,south,529299.531777378,22.0,0,False,unconfirmed,,,
11356,11.565331,48.168568,south,529299.531777378,22.0,0,False,unconfirmed,,,
11357,11.577825,48.169438,south,529299.531777378,22.0,0,False,road_route_found_entrance_unverified,2285.3,6308.9,2.6
11358,11.582433,48.173531,south,529299.531777378,22.0,0,False,unconfirmed,,,
11359,11.582567,48.173541,south,529299.531777378,22.0,0,False,unconfirmed,,,
11360,11.585785,48.168498,south,529299.531777378,22.0,0,False,road_route_found_entrance_unverified,2054.8,6120.5,0.7
11361,11.585614,48.168526,south,529299.531777378,22.0,0,False,road_route_found_entrance_unverified,2041.7,6133.6,0.8
11362,11.586953,48.169912,south,529299.531777378,22.0,0,False,road_route_found_entrance_unverified,2785.9,5870.9,33.8
11363,11.587049,48.169891,south,529299.531777378,22.0,0,False,road_route_found_entrance_unverified,2785.9,5870.9,28.5
11364,11.574714,48.172947,south,529299.531777378,22.0,0,False,road_route_found_entrance_unverified,2556.4,6322.5,2.1
11365,11.574687,48.173058,south,529299.531777378,22.0,0,False,road_route_found_entrance_unverified,2543.8,6302.6,3.8
11366,11.577755,48.169899,south,529299.531777378,22.0,0,False,road_route_found_entrance_unverified,2233.7,6268.8,4.0
11367,11.584858,48.171198,south,529299.531777378,22.0,0,False,road_route_found_entrance_unverified,1659.1,5749.8,12.0
11368,11.586043,48.173711,south,529299.531777378,22.0,0,False,road_route_found_entrance_unverified,1388.7,5316.1,17.2
11369,11.5863115,48.172177,south,529299.531777378,44.0,0,False,road_route_found_entrance_unverified,1724.8,5487.5,25.6
11370,11.586169,48.173739,south,529299.531777378,22.0,0,False,road_route_found_entrance_unverified,1391.3,5313.5,26.8
11371,11.586668,48.174405,south,529299.531777378,22.0,0,False,unconfirmed,,,
11372,11.586098,48.174861,south,529299.531777378,44.0,0,False,road_route_found_entrance_unverified,1516.0,5188.8,29.9
11374,11.615254,48.185265,south,527272.9426792188,44.0,0,False,road_route_found_entrance_unverified,1803.6,5205.8,17.9
11375,11.590839,48.17467,south,529299.531777378,132.0,0,False,road_route_found_entrance_unverified,2009.7,6479.1,48.1
11376,11.591518,48.174412,south,529299.531777378,110.0,0,False,road_route_found_entrance_unverified,1961.0,6527.8,16.5
11377,11.602507,48.180116,south,528695.950764658,22.0,0,False,unconfirmed,,,
11378,11.602598,48.180023,south,528698.771601477,22.0,0,False,unconfirmed,,,
11379,11.596797,48.179465,south,529299.531777378,22.0,0,False,road_route_found_entrance_unverified,1866.6,6428.1,2.6
11380,11.596889,48.179577,south,529299.531777378,22.0,0,False,road_route_found_entrance_unverified,1852.4,6403.5,1.2
11381,11.602763,48.161505,south,529299.531777378,1000.0,4,True,unconfirmed,,,
11382,11.596745,48.172336,south,529299.531777378,22.0,0,False,road_route_found_entrance_unverified,2361.0,6054.8,4.6
11383,11.596847,48.172275,south,529299.531777378,22.0,0,False,road_route_found_entrance_unverified,2325.2,6090.6,5.3
11384,11.591885,48.166039,south,529299.531777378,22.0,0,False,unconfirmed,,,
11385,11.601692,48.168233,south,529299.531777378,22.0,0,False,unconfirmed,,,
11386,11.589772,48.173955,south,529299.531777378,22.0,0,False,road_route_found_entrance_unverified,2115.9,6651.6,4.0
11387,11.594059,48.169764,south,529299.531777378,22.0,0,False,road_route_found_entrance_unverified,2345.6,6435.0,6.3
11388,11.594125,48.169755,south,529299.531777378,22.0,0,False,road_route_found_entrance_unverified,2350.6,6430.0,5.6
11389,11.598636,48.174989000000004,south,529299.531777378,66.0,0,False,road_route_found_entrance_unverified,2333.7,6072.0,17.0
11390,11.608182,48.183153,south,527272.9426792188,22.0,0,False,road_route_found_entrance_unverified,1500.7,5696.5,4.4
11391,11.608273,48.183117,south,527272.9426792188,22.0,0,False,road_route_found_entrance_unverified,1533.0,5664.2,4.0
11392,11.591811,48.18888,south,527272.9426792188,44.0,0,False,road_route_found_entrance_unverified,2037.3,3586.7,5.2
11393,11.591979,48.178118,south,529299.531777378,88.0,0,False,road_route_found_entrance_unverified,669.7,5236.7,20.4
11394,11.57039,48.189364499999996,south,529134.0451999449,100.0,0,False,unconfirmed,,,
11395,11.594742,48.183295,south,529299.531777378,44.0,0,False,road_route_found_entrance_unverified,1695.5,6106.0,19.7
11396,11.590282,48.187411,south,529299.531777378,44.0,0,False,road_route_found_entrance_unverified,2351.1,3572.4,10.2
11397,11.604409,48.185852,south,528189.3639372468,300.0,2,False,unconfirmed,,,
11398,11.60599,48.18622,south,527272.9426792188,160.0,1,False,road_route_found_entrance_unverified,809.7,2851.7,15.8
11399,11.607952333333332,48.18665766666667,south,527272.9426792188,222.0,0,False,road_route_found_entrance_unverified,646.6,3074.7,23.1
11400,11.574231,48.18802,south,529134.0451999449,110.0,0,False,unconfirmed,,,
11401,11.57445,48.18836,south,529120.8755818608,50.0,0,False,unconfirmed,,,
11402,11.58094,48.18799,south,529299.531777378,150.0,2,False,road_route_found_entrance_unverified,2249.5,4330.3,10.6
11404,11.596777,48.183968,south,529299.531777378,22.0,0,False,road_route_found_entrance_unverified,1901.7,6301.9,1.7
11405,11.596643,48.183922,south,529299.531777378,22.0,0,False,road_route_found_entrance_unverified,1892.5,6294.4,4.7
11406,11.582335,48.18207,south,529299.531777378,22.0,0,False,road_route_found_entrance_unverified,1479.2,5125.4,3.7
11407,11.582204,48.182125,south,529299.531777378,22.0,0,False,road_route_found_entrance_unverified,1528.5,5153.6,3.1
11408,11.582083,48.182172,south,529299.531777378,22.0,0,False,road_route_found_entrance_unverified,1518.1,5164.0,2.9
11409,11.587653,48.184132,south,529299.531777378,176.0,0,False,road_route_found_entrance_unverified,1733.3,4103.0,7.0
11410,11.584973,48.186574,south,529299.531777378,11.0,0,False,road_route_found_entrance_unverified,1845.3,3934.0,1.3
11411,11.585651,48.187079,south,529299.531777378,44.0,0,False,road_route_found_entrance_unverified,1970.3,3924.2,20.6
11412,11.6058,48.18579,south,527272.9426792188,160.0,1,False,road_route_found_entrance_unverified,862.4,2972.5,9.9
11413,11.605688,48.185782,south,527272.9426792188,50.0,0,False,road_route_found_entrance_unverified,864.7,2970.2,1.9
11414,11.58842,48.179586,south,529299.531777378,22.0,0,False,road_route_found_entrance_unverified,914.1,4850.4,3.8
11415,11.588557,48.179553,south,529299.531777378,22.0,0,False,road_route_found_entrance_unverified,903.3,4861.2,4.4
11416,11.573271,48.180166,south,529299.531777378,22.0,0,False,road_route_found_entrance_unverified,1976.4,5392.4,3.8
11417,11.572863,48.185717,south,529299.531777378,22.0,0,False,road_route_found_entrance_unverified,2506.4,4813.1,5.6
11418,11.593607,48.180785,south,529299.531777378,22.0,0,False,road_route_found_entrance_unverified,1062.4,5483.2,5.0
11419,11.593435,48.180828,south,529299.531777378,22.0,0,False,road_route_found_entrance_unverified,995.2,5550.4,1.8
11420,11.593051,48.18694,south,527272.9426792188,22.0,0,False,road_route_found_entrance_unverified,1828.2,3362.5,8.2
11421,11.593489,48.18693,south,527272.9426792188,22.0,0,False,road_route_found_entrance_unverified,1795.8,3342.6,4.5
11422,11.593057,48.177246,south,529299.531777378,44.0,0,False,road_route_found_entrance_unverified,750.8,5340.0,17.6
11423,11.591492,48.17698,south,529299.531777378,150.0,2,False,road_route_found_entrance_unverified,577.9,5361.2,10.0
11424,11.574231,48.18802,south,529134.0451999449,22.0,0,False,unconfirmed,,,
11425,11.57802,48.186944,south,529299.531777378,22.0,0,False,road_route_found_entrance_unverified,2323.8,4538.0,3.8
11426,11.578109,48.186901,south,529299.531777378,22.0,0,False,road_route_found_entrance_unverified,2316.9,4544.9,8.2
11427,11.587891,48.184786,south,529299.531777378,11.0,0,False,road_route_found_entrance_unverified,1836.6,3999.7,3.5
11428,11.556978,48.17771100000001,south,529299.531777378,66.0,0,False,unconfirmed,,,
11429,11.565648,48.175044,south,529299.531777378,22.0,0,False,road_route_found_entrance_unverified,2485.5,7455.1,9.8
11430,11.562477,48.172311,south,529299.531777378,22.0,0,False,road_route_found_entrance_unverified,2929.2,7284.0,4.0
11431,11.566468,48.18245,south,529299.531777378,22.0,0,False,road_route_found_entrance_unverified,2706.2,5748.8,3.4
11432,11.566349,48.18244,south,529299.531777378,22.0,0,False,road_route_found_entrance_unverified,2715.1,5740.0,4.1
11433,11.553234,48.18302,south,529299.531777378,22.0,0,False,unconfirmed,,,
11434,11.56171,48.182155,south,529299.531777378,3.7,0,False,unconfirmed,,,
11435,11.555539,48.179835,south,529299.531777378,2000.0,10,True,unconfirmed,,,
11436,11.551593,48.187429,south,529299.531777378,44.0,0,False,unconfirmed,,,
11437,11.551952,48.186629,south,529299.531777378,22.0,0,False,unconfirmed,,,
11438,11.555002,48.185812,south,529299.531777378,3.7,0,False,unconfirmed,,,
11440,11.554438,48.185115,south,529299.531777378,11.0,0,False,unconfirmed,,,
11441,11.557823,48.175293,south,529299.531777378,176.0,0,False,unconfirmed,,,
11443,11.55342,48.17495,south,529299.531777378,200.0,2,False,unconfirmed,,,
11444,11.549643,48.185106,south,529299.531777378,22.0,0,False,unconfirmed,,,
11449,11.564993,48.191901,south,529134.0451999449,3.7,0,False,unconfirmed,,,
11450,11.5629,48.1926,south,529134.0451999449,75.0,0,False,unconfirmed,,,
11454,11.569728,48.19328,south,528940.2365487869,50.0,0,False,unconfirmed,,,
11455,11.571009647798743,48.19321131236897,south,528903.7894128099,2078.1000000000136,0,False,unconfirmed,,,
11456,11.565801,48.1977325,south,528852.6879178908,14.7,0,False,unconfirmed,,,
11457,11.571253,48.19289033333333,south,528922.561615464,11.100000000000001,0,False,unconfirmed,,,
11458,11.571128709677419,48.17781887096774,south,529299.531777378,114.70000000000006,0,False,unconfirmed,,,
11459,11.60816,48.1941655,south,526080.4763678289,7.4,0,False,road_route_found_entrance_unverified,1287.0,1693.4,7.3
11460,11.57086080952381,48.194159523809525,south,528852.6879178908,77.70000000000003,0,False,unconfirmed,,,
11461,11.572063,48.194182,south,528852.6879178908,40.7,0,False,unconfirmed,,,
11462,11.572063,48.195961,south,528767.0569025355,11.0,0,False,unconfirmed,,,
11463,11.572912,48.205212,south,528616.1209187624,22.0,0,False,unconfirmed,,,
11464,11.573053,48.205294,south,528602.2388289203,22.0,0,False,unconfirmed,,,
11467,11.606032,48.197997,south,526080.4763678289,72.0,0,False,road_route_found_entrance_unverified,1396.5,1457.2,6.7
11468,11.605312,48.196866,south,526732.6900174025,3000.0,12,True,unconfirmed,,,
11469,11.620376,48.191704,south,526080.4763678289,22.0,0,False,road_route_found_entrance_unverified,1585.3,3050.5,6.1
11470,11.620515,48.191679,south,526080.4763678289,22.0,0,False,road_route_found_entrance_unverified,1596.0,3039.8,5.6
11471,11.630752,48.18911,south,526955.5019671582,242.0,0,False,unconfirmed,,,
11472,11.626377,48.197549,south,526171.3471048023,132.0,0,False,unconfirmed,,,
11473,11.588056,48.201615,south,526080.4763678289,44.0,0,False,road_route_found_entrance_unverified,2451.4,2543.5,9.4
11474,11.582433,48.193099,south,528679.792022591,44.0,0,False,unconfirmed,,,
11475,11.582594,48.192788,south,528696.5861816999,22.0,0,False,unconfirmed,,,
11476,11.586099,48.201738,south,526080.4763678289,1200.0,8,True,road_route_found_entrance_unverified,2689.2,2835.2,1.7
11477,11.585194,48.171139,south,529299.531777378,50.0,0,False,road_route_found_entrance_unverified,1651.7,5663.0,3.2
11478,11.608252,48.19316,south,527061.1491998798,75.0,0,False,unconfirmed,,,
11479,11.61039,48.196262,south,526678.083982645,44.0,0,False,unconfirmed,,,
11480,11.595513,48.194516,south,526080.4763678289,44.0,0,False,road_route_found_entrance_unverified,2595.5,2706.2,23.4
11481,11.584622,48.192455,south,529299.531777378,150.0,2,False,road_route_found_entrance_unverified,2532.9,3279.7,6.5
11482,11.606481,48.19863,south,526080.4763678289,900.0,8,True,road_route_found_entrance_unverified,1399.4,1384.5,6.9
11483,11.588362499999999,48.1912245,south,529299.531777378,600.0,8,True,road_route_found_entrance_unverified,2948.2,3280.0,25.6
11484,11.586389,48.191306,south,529299.531777378,418.0,0,False,road_route_found_entrance_unverified,2699.6,3303.0,7.1
11485,11.618283666666665,48.204253666666666,south,525244.0698683647,420.0,2,True,road_route_found_entrance_unverified,743.2,1003.9,7.8
11486,11.6196,48.211003,south,525244.0698683647,800.0,4,True,road_route_found_entrance_unverified,1017.3,945.9,2.1
11487,11.619455,48.210592,south,525244.0698683647,176.0,0,False,road_route_found_entrance_unverified,969.4,889.0,3.2
11541,11.602783,48.201249,south,526080.4763678289,50.0,0,False,road_route_found_entrance_unverified,1292.9,1445.1,5.5
11685,11.564562,48.192665,south,529117.0144184757,50.0,0,False,unconfirmed,,,
11848,11.613062,48.14911,south,529299.531777378,22.0,0,False,unconfirmed,,,
11850,11.60581,48.151003,south,529299.531777378,22.0,0,False,unconfirmed,,,
11851,11.60589,48.151045,south,529299.531777378,22.0,0,False,unconfirmed,,,
11852,11.608376999999999,48.155911,south,529299.531777378,66.0,0,False,unconfirmed,,,
11853,11.601579,48.150346,south,529299.531777378,22.0,0,False,unconfirmed,,,
11934,11.617596666666666,48.15302333333333,south,529299.531777378,600.0,0,False,unconfirmed,,,
11935,11.617575,48.15202,south,529299.531777378,200.0,0,False,unconfirmed,,,
11936,11.61798,48.152146,south,529299.531777378,22.0,0,False,unconfirmed,,,
11937,11.61816,48.164303,south,529299.531777378,22.0,0,False,unconfirmed,,,
11938,11.634731,48.169838,south,527747.7740854293,200.0,2,False,unconfirmed,,,
11940,11.62444,48.16301,south,528018.7179814924,320.0,2,False,unconfirmed,,,
11941,11.620134,48.153536,south,529299.531777378,50.0,0,False,unconfirmed,,,
11942,11.635696,48.172382,south,527659.1831214217,22.0,0,False,unconfirmed,,,
11943,11.635782,48.172321,south,527659.1831214217,22.0,0,False,unconfirmed,,,
11944,11.61968,48.15177,south,529299.531777378,44.0,0,False,unconfirmed,,,
11945,11.61968,48.15177,south,529299.531777378,220.0,0,False,unconfirmed,,,
11946,11.619330333333332,48.15212499999999,south,529299.531777378,71.0,0,False,unconfirmed,,,
11947,11.618508,48.160296,south,529299.531777378,22.0,0,False,unconfirmed,,,
11954,11.629154,48.16495,south,527905.6493959337,22.0,0,False,unconfirmed,,,
12254,11.17373,49.41388,south,378565.09611124214,44.0,0,False,road_route_found_entrance_unverified,2946.5,3651.8,7.1
12255,11.175358,49.397726,south,379777.85430048883,44.0,0,False,unconfirmed,,,
12256,11.250154,49.436657,south,374251.38041341986,44.0,0,False,unconfirmed,,,
12257,11.18581,49.41886,south,378341.25255792047,44.0,0,False,unconfirmed,,,
12259,11.17288,49.41188,south,378565.09611124214,44.0,0,False,road_route_found_entrance_unverified,2916.0,4049.8,8.1
14188,11.54425,49.75698,south,331561.6481086886,176.0,0,False,unconfirmed,,,
14189,11.533263,49.74437,south,332769.3890063426,22.0,0,False,unconfirmed,,,
14190,11.509929,49.748481,south,331960.55841054575,50.0,0,False,unconfirmed,,,
14191,11.538128,49.749159,south,332320.39542559197,172.0,2,False,unconfirmed,,,
14192,11.538128,49.749159,south,332320.39542559197,22.0,0,False,unconfirmed,,,
14193,11.514098,49.748483,south,332024.58416934585,98.0,0,False,unconfirmed,,,
14194,11.509936,49.748466,south,331962.29606453265,98.0,0,False,unconfirmed,,,
14195,11.54161,49.747977666666664,south,332511.53832223685,77.0,0,False,unconfirmed,,,
14196,11.541996,49.748758,south,332432.87021326646,11.0,0,False,unconfirmed,,,
14198,11.470361,49.662833,south,342761.5845409279,150.0,2,False,road_route_found_entrance_unverified,738.5,699.2,7.4
14199,11.47072,49.66416,south,342761.5845409279,1200.0,8,True,road_route_found_entrance_unverified,803.9,694.9,4.4
14200,11.471056,49.662857,south,342761.5845409279,450.0,4,True,road_route_found_entrance_unverified,769.8,723.0,25.5
14204,11.65582,50.041838,south,292645.0974924391,44.0,0,False,unconfirmed,,,
14205,11.65582,50.041838,south,292645.0974924391,44.0,0,False,unconfirmed,,,
14207,11.61119,49.96995,south,301568.51335403,450.0,4,True,unconfirmed,,,
14208,11.616431999999998,49.97110899999999,south,302667.42906979716,2400.0,12,True,road_route_found_entrance_unverified,2800.2,2136.8,5.9
14209,11.620153,49.974094,south,301050.22824192804,110.0,0,False,unconfirmed,,,
14210,11.620182,49.974011,south,301059.23024419445,50.0,0,False,unconfirmed,,,
14211,11.615140000000002,49.969252000000004,south,302667.42906979716,66.0,0,False,road_route_found_entrance_unverified,2538.6,1893.6,23.7
14212,11.612777,49.976706,south,300811.61449790257,22.0,0,False,unconfirmed,,,
14213,11.610935,49.977427,south,302667.42906979716,22.0,0,False,road_route_found_entrance_unverified,2962.3,2003.4,0.7
14220,11.728081,50.092901,south,283503.3797734674,88.0,0,False,unconfirmed,,,
14221,11.73252,50.09474,south,283195.64029075054,44.0,0,False,unconfirmed,,,
14222,11.73864,50.09507,south,281613.767484415,44.0,0,False,unconfirmed,,,
14241,11.509756,49.892864,south,316603.55104758893,44.0,0,False,unconfirmed,,,
14242,11.6461,49.89298,south,309459.169135006,44.0,0,False,unconfirmed,,,
15267,11.48049,48.809231,south,453338.3414084489,50.0,0,False,unconfirmed,,,
15268,11.479721,48.807902,south,453487.4654579392,44.0,0,False,unconfirmed,,,
15269,11.505,48.7978,south,454095.06093716563,22.0,0,False,unconfirmed,,,
15270,11.479807,48.811357,south,453027.92966305395,5000.0,20,True,unconfirmed,,,
15271,11.47946,48.812766,south,452744.6764523749,22.0,0,False,unconfirmed,,,
15272,11.47941,48.81091,south,453142.00480834616,700.0,4,True,unconfirmed,,,
15273,11.463937000000001,48.935875249999995,south,439558.0089380574,116.0,0,False,road_route_found_entrance_unverified,1315.7,1215.6,10.9
15274,11.463711,48.935984,south,439558.0089380574,150.0,2,False,road_route_found_entrance_unverified,1259.7,1271.6,5.0
15275,11.466506999999998,48.933067,south,439558.0089380574,2100.0,14,True,road_route_found_entrance_unverified,1021.0,1075.7,7.4
15276,11.46458,48.93181,south,439558.0089380574,176.0,0,False,road_route_found_entrance_unverified,875.8,970.6,7.9
15277,11.46458,48.931810000000006,south,439558.0089380574,132.0,0,False,road_route_found_entrance_unverified,875.8,970.6,7.9
15278,11.458242,48.928176,south,439558.0089380574,22.0,0,False,road_route_found_entrance_unverified,583.1,577.3,10.2
15279,11.47237,48.94109,south,439558.0089380574,22.0,0,False,road_route_found_entrance_unverified,2053.0,2041.2,31.5
15280,11.502199,48.789456,south,454929.6142258939,238.0,0,False,unconfirmed,,,
15281,11.507066,48.78383,south,456554.3821775597,33.0,0,False,unconfirmed,,,
15283,11.45571,48.81104,south,453181.2118147928,22.0,0,False,unconfirmed,,,
15284,11.47026,48.80751,south,453546.6286101769,22.0,0,False,unconfirmed,,,
15285,11.4607,48.8145,south,452859.8911232332,200.0,0,False,unconfirmed,,,
15292,11.39319,48.94969,south,435400.11303620395,44.0,0,False,road_route_found_entrance_unverified,2904.3,2943.6,5.9
15293,11.383286,48.950997,south,433399.2510473898,44.0,0,False,unconfirmed,,,
15304,11.46762,48.81937,south,452239.698510958,110.0,0,False,unconfirmed,,,
15305,11.472234,48.836599,south,450262.5340220455,2100.0,6,True,unconfirmed,,,
15306,11.47115,48.837281,south,450167.4764145699,50.0,0,False,unconfirmed,,,
15307,11.472141,48.836329,south,450289.42718002206,43.0,0,False,unconfirmed,,,
15308,11.47229,48.83632,south,450293.4423302407,43.0,0,False,unconfirmed,,,
15309,11.469319666666665,48.83707566666667,south,450151.85478441685,2100.0,6,True,unconfirmed,,,
15310,11.469131,48.837615,south,450090.5148814162,43.0,0,False,unconfirmed,,,
15311,11.375271333333332,48.997546666666665,south,428697.9122635621,1000.0,6,True,road_route_found_entrance_unverified,1224.4,1276.2,0.9
15312,11.380451,49.000581,south,428697.9122635621,44.0,0,False,road_route_found_entrance_unverified,1627.2,1521.0,2.5
15314,11.378064,48.998815,south,428697.9122635621,600.0,4,True,road_route_found_entrance_unverified,1280.3,1186.4,3.4
15315,11.383499,49.000229,south,428697.9122635621,44.0,0,False,road_route_found_entrance_unverified,1900.3,1732.0,10.3
15321,11.45854,48.85875,south,447621.2993494945,44.0,0,False,road_route_found_entrance_unverified,652.8,704.2,5.7
15322,11.449699,48.855892,south,447621.2993494945,11.0,0,False,road_route_found_entrance_unverified,1555.8,1611.7,11.7
15330,11.424181,48.821605,south,452722.6726825981,22.0,0,False,unconfirmed,,,
15692,11.547516,48.491396,south,493751.46201710496,11.0,0,False,unconfirmed,,,
15693,11.567628,48.474394,south,494393.6940125906,22.0,0,False,unconfirmed,,,
15694,11.563623,48.477363,south,494223.5548468442,22.0,0,False,unconfirmed,,,
15695,11.564945,48.471233,south,494564.2204891506,22.0,0,False,unconfirmed,,,
15746,11.646211,48.310435,south,514493.48773381254,88.0,0,False,road_route_found_entrance_unverified,2479.4,2450.3,5.8
15766,11.662306,48.316948,south,513557.148271781,22.0,0,False,unconfirmed,,,
15767,11.66407,48.31225,south,514085.0544668988,44.0,0,False,unconfirmed,,,
15769,11.652539,48.313213,south,514493.48773381254,88.0,0,False,road_route_found_entrance_unverified,2885.8,2894.1,0.0
15770,11.667394,48.310985,south,514330.3591245019,44.0,0,False,unconfirmed,,,
15773,11.660022,48.31593,south,513600.6504326864,100.0,0,False,unconfirmed,,,
15774,11.651714,48.314513,south,513522.195476446,450.0,4,True,unconfirmed,,,
15776,11.608175,48.337413,south,509636.0439924753,300.0,4,False,road_route_found_entrance_unverified,370.0,675.1,6.6
15778,11.608175,48.337413,south,509636.0439924753,300.0,4,False,road_route_found_entrance_unverified,370.0,675.1,6.6
15779,11.609935,48.349842,south,508733.4790784011,44.0,0,False,unconfirmed,,,
15780,11.618774,48.330926,south,510918.6464726288,44.0,0,False,unconfirmed,,,
15781,11.611102,48.335955,south,510198.97849756386,93.0,0,False,unconfirmed,,,
15782,11.637233,48.349733,south,509467.8066029858,11.0,0,False,unconfirmed,,,
15783,11.625633,48.291778,south,514493.48773381254,22.0,0,False,road_route_found_entrance_unverified,1554.9,1624.1,7.3
15784,11.616243,48.297392,south,514493.48773381254,33.0,0,False,road_route_found_entrance_unverified,1586.1,1593.1,0.5
15785,11.620924,48.29768,south,514493.48773381254,44.0,0,False,road_route_found_entrance_unverified,1075.5,1173.5,5.5
15786,11.620764,48.297512,south,514493.48773381254,11.0,0,False,road_route_found_entrance_unverified,1062.3,1109.3,12.2
15787,11.600206,48.323187,south,511292.9538158699,44.0,0,False,unconfirmed,,,
15788,11.618166,48.303782,south,514493.48773381254,44.0,0,False,road_route_found_entrance_unverified,2197.6,2346.2,13.3
15789,11.622383,48.297519,south,514493.48773381254,44.0,0,False,road_route_found_entrance_unverified,828.7,989.2,46.8
15790,11.622383,48.297519,south,514493.48773381254,44.0,0,False,road_route_found_entrance_unverified,828.7,989.2,46.8
15791,11.623487,48.297625,south,514493.48773381254,44.0,0,False,road_route_found_entrance_unverified,767.3,823.3,9.4
15792,11.64325,48.30964,south,514493.48773381254,150.0,2,False,road_route_found_entrance_unverified,2080.1,2124.4,15.4
15793,11.646624,48.311144,south,514493.48773381254,60.0,0,False,road_route_found_entrance_unverified,2380.7,2425.0,6.7
15794,11.6334,48.3082,south,514493.48773381254,600.0,6,True,road_route_found_entrance_unverified,1851.8,1647.3,36.1
15795,11.634505,48.306234,south,514493.48773381254,300.0,2,False,road_route_found_entrance_unverified,1335.8,1457.2,4.0
15796,11.646729,48.310848,south,514493.48773381254,2100.0,6,True,road_route_found_entrance_unverified,2406.7,2422.8,4.8
15797,11.634505,48.306234,south,514493.48773381254,300.0,2,False,road_route_found_entrance_unverified,1335.8,1457.2,4.0
15798,11.634577,48.306514,south,514493.48773381254,3000.0,12,True,road_route_found_entrance_unverified,1368.6,1460.2,5.2
15799,11.639985000000001,48.306624,south,514493.48773381254,1200.0,6,True,road_route_found_entrance_unverified,1603.2,1620.4,12.6
15800,11.639985,48.306624,south,514493.48773381254,600.0,4,True,road_route_found_entrance_unverified,1554.7,1668.9,12.6
15802,11.616192,48.308141,south,513199.62643269286,3.7,0,False,unconfirmed,,,
15803,11.616192,48.308141,south,513199.62643269286,11.0,0,False,unconfirmed,,,
15804,11.622783,48.29134,south,514493.48773381254,44.0,0,False,road_route_found_entrance_unverified,1585.4,1615.6,3.9
15805,11.633904,48.303782,south,514493.48773381254,84.0,0,False,road_route_found_entrance_unverified,1930.7,1296.8,17.1
15806,11.634492,48.291768,south,514493.48773381254,44.0,0,False,road_route_found_entrance_unverified,1533.1,1603.6,3.8
15807,11.59587,48.288884,south,514664.41712109814,44.0,0,False,unconfirmed,,,
15808,11.674053,48.280986,south,517244.93201110826,44.0,0,False,unconfirmed,,,
15809,11.628223,48.301618,south,514493.48773381254,44.0,0,False,road_route_found_entrance_unverified,1003.9,1056.7,6.0
15810,11.619422,48.303575,south,513783.360309293,44.0,0,False,unconfirmed,,,
15811,11.62071,48.299711,south,514493.48773381254,44.0,0,False,road_route_found_entrance_unverified,1352.1,1402.3,4.9
15812,11.621919,48.298138,south,514493.48773381254,50.0,0,False,road_route_found_entrance_unverified,1219.3,1261.8,8.3
15813,11.6210855,48.301919999999996,south,514493.48773381254,200.0,0,False,road_route_found_entrance_unverified,1197.6,1119.8,7.0
15814,11.627925,48.297403,south,514648.6273145614,44.0,0,False,unconfirmed,,,
15815,11.605581,48.434208,south,498948.6822888672,44.0,0,False,unconfirmed,,,
15816,11.583925,48.428567,south,499547.72389884555,2000.0,8,True,road_route_found_entrance_unverified,660.2,687.1,6.4
15817,11.58115,48.42775,south,499547.72389884555,1200.0,8,True,road_route_found_entrance_unverified,863.6,958.9,25.8
15818,11.59848,48.43096,south,499547.72389884555,44.0,0,False,road_route_found_entrance_unverified,1216.0,1308.8,11.1
15819,11.594905,48.432852,south,499089.3138696677,44.0,0,False,unconfirmed,,,
15820,11.580861,48.429667,south,499547.72389884555,150.0,2,False,road_route_found_entrance_unverified,806.1,908.2,8.7
15821,11.585611,48.428085,south,499547.72389884555,300.0,2,False,road_route_found_entrance_unverified,495.5,523.9,6.5
15822,11.585668,48.427259,south,499547.72389884555,33.0,0,False,road_route_found_entrance_unverified,542.0,563.0,0.2
15823,11.585405,48.428207,south,499547.72389884555,600.0,4,True,road_route_found_entrance_unverified,518.9,559.2,8.1
15839,11.573482,48.38894,south,503261.0210242666,11.0,0,False,unconfirmed,,,
15840,11.609967,48.405501,south,502145.3905092067,22.0,0,False,unconfirmed,,,
15841,11.611599,48.405478,south,502149.52051431476,44.0,0,False,unconfirmed,,,
15857,11.558866,48.352028,south,507353.91036889976,22.0,0,False,unconfirmed,,,
15858,11.573892,48.344099,south,508332.5810756564,11.0,0,False,unconfirmed,,,
16568,11.785977,50.330657,south,253830.85015687777,72.0,0,False,road_route_found_entrance_unverified,2130.8,2146.2,4.5
16569,11.785977,50.330657,south,253830.85015687777,50.0,0,False,road_route_found_entrance_unverified,2130.8,2146.2,4.5
16570,11.784410000000001,50.32476333333333,south,253830.85015687777,900.0,6,True,road_route_found_entrance_unverified,2855.5,2821.1,6.9
16571,11.847262,50.268453,south,261194.12431396844,44.0,0,False,unconfirmed,,,
16575,11.773828,50.40409,south,245163.28081776414,93.0,0,False,unconfirmed,,,
16576,11.773864,50.406471,south,244672.38109335757,93.0,0,False,road_route_found_entrance_unverified,292.4,391.9,12.5
16577,11.787354,50.372371,south,250044.79315124082,2800.0,12,True,road_route_found_entrance_unverified,730.9,761.7,8.7
16578,11.789503,50.372742,south,249995.22513097274,300.0,2,False,unconfirmed,,,
16579,11.787816,50.371853,south,250044.79315124082,350.0,2,False,road_route_found_entrance_unverified,806.4,826.7,0.5
16580,11.773828,50.40409,south,245163.28081776414,175.0,1,False,unconfirmed,,,
16581,11.773828,50.40409,south,245163.28081776414,175.0,1,False,unconfirmed,,,
16582,11.773828,50.40409,south,245163.28081776414,175.0,1,False,unconfirmed,,,
16583,11.773828,50.40409,south,245163.28081776414,175.0,1,False,unconfirmed,,,
16584,11.772655,50.405759,south,244672.38109335757,175.0,1,False,road_route_found_entrance_unverified,647.5,367.4,6.8
16585,11.772655,50.405759,south,244672.38109335757,175.0,1,False,road_route_found_entrance_unverified,647.5,367.4,6.8
16586,11.772655,50.405759,south,244672.38109335757,175.0,1,False,road_route_found_entrance_unverified,647.5,367.4,6.8
16587,11.772655,50.405759,south,244672.38109335757,175.0,1,False,road_route_found_entrance_unverified,647.5,367.4,6.8
16590,11.84013,50.37118,south,250012.3132325685,22.0,0,False,unconfirmed,,,
16592,11.805803,50.347779,south,253830.85015687777,11.0,0,False,road_route_found_entrance_unverified,2724.9,2746.4,15.2
16593,11.796675,50.286111,south,259660.11454074027,11.0,0,False,road_route_found_entrance_unverified,1668.6,1586.7,7.8
16598,11.79246,50.19019,south,269627.7186927404,92.0,0,False,road_route_found_entrance_unverified,2837.9,2858.1,0.6
16599,11.777,50.20273,south,269627.7186927404,300.0,2,False,road_route_found_entrance_unverified,1389.0,1475.7,7.5
16600,11.780610000000001,50.203045,south,269627.7186927404,3600.0,12,True,road_route_found_entrance_unverified,1213.2,1150.1,6.5
16601,11.7796,50.2024,south,269627.7186927404,2400.0,16,True,road_route_found_entrance_unverified,1209.1,1214.3,22.8
16602,11.776895,50.202754999999996,south,269627.7186927404,600.0,4,True,road_route_found_entrance_unverified,1462.4,1402.3,7.2
16603,11.776552,50.202872,south,269627.7186927404,5000.0,20,True,road_route_found_entrance_unverified,1424.4,1440.3,2.7
16604,11.785311499999999,50.1859865,south,271578.43483835267,55.0,0,False,unconfirmed,,,
16605,11.804314,50.189187,south,270605.12116617634,33.0,0,False,unconfirmed,,,
16606,11.802242,50.189222,south,270671.94579896086,22.0,0,False,unconfirmed,,,
16607,11.795786,50.200042,south,269627.7186927404,88.0,0,False,road_route_found_entrance_unverified,2790.2,2735.8,0.4
16608,11.795735,50.199865,south,269627.7186927404,44.0,0,False,road_route_found_entrance_unverified,2774.3,2713.9,15.8
16609,11.79304,50.180695,south,271837.3090267362,72.0,0,False,unconfirmed,,,
16610,11.783449,50.190821,south,271160.7122214725,93.0,0,False,unconfirmed,,,
16611,11.77699,50.18908,south,271565.7425535906,450.0,4,True,unconfirmed,,,
16617,11.739537,50.220573,south,267191.37435924733,132.0,0,False,unconfirmed,,,
16958,11.615127333333334,50.05339333333333,south,291604.797307685,77.0,0,False,road_route_found_entrance_unverified,1133.2,1107.1,4.3
16959,11.609148,50.055972,south,291604.797307685,2750.0,13,True,road_route_found_entrance_unverified,849.4,964.1,6.2
16960,11.609409999999999,50.056106666666665,south,291604.797307685,1244.0,8,True,road_route_found_entrance_unverified,827.2,986.3,3.1
16961,11.60612,50.05907,south,291604.797307685,44.0,0,False,road_route_found_entrance_unverified,1097.8,1097.4,30.8
16962,11.62134,50.05159,south,291604.797307685,1600.0,8,True,road_route_found_entrance_unverified,1442.3,1420.6,8.7
16963,11.609148,50.055972,south,291604.797307685,2100.0,6,True,road_route_found_entrance_unverified,849.4,964.1,6.2
16964,11.62273,50.05476,south,291604.797307685,1200.0,8,True,road_route_found_entrance_unverified,870.5,974.9,3.9
16965,11.602042,50.066652,south,291604.797307685,11.0,0,False,road_route_found_entrance_unverified,2164.8,2156.2,20.0
16966,11.61276,50.05531,south,291604.797307685,200.0,0,False,road_route_found_entrance_unverified,1355.9,1367.8,10.1
16967,11.617218,50.054747,south,291604.797307685,1600.0,8,True,road_route_found_entrance_unverified,1087.7,1084.1,0.8
16968,11.616755,50.054078,south,291604.797307685,93.0,0,False,road_route_found_entrance_unverified,992.9,1078.1,8.5
16969,11.605186,50.056314,south,291604.797307685,3.0,0,False,road_route_found_entrance_unverified,1453.6,1487.6,0.5
16970,11.609148,50.055972,south,291604.797307685,350.0,1,False,road_route_found_entrance_unverified,849.4,964.1,6.2
16971,11.609148,50.055972,south,291604.797307685,350.0,1,False,road_route_found_entrance_unverified,849.4,964.1,6.2
16972,11.609148,50.055972,south,291604.797307685,350.0,1,False,road_route_found_entrance_unverified,849.4,964.1,6.2
16973,11.609148,50.055972,south,291604.797307685,350.0,1,False,road_route_found_entrance_unverified,849.4,964.1,6.2
16974,11.609148,50.055972,south,291604.797307685,350.0,1,False,road_route_found_entrance_unverified,849.4,964.1,6.2
16975,11.66323,50.08263,south,286598.0619981767,2400.0,16,True,road_route_found_entrance_unverified,491.1,490.8,3.0
16976,11.655227,50.095838,south,286598.0619981767,44.0,0,False,road_route_found_entrance_unverified,2389.6,2404.7,3.1
16977,11.66394,50.08216,south,286598.0619981767,300.0,2,False,road_route_found_entrance_unverified,412.9,366.3,3.4
16978,11.66394,50.08216,south,286598.0619981767,300.0,2,False,road_route_found_entrance_unverified,412.9,366.3,3.4
18141,11.5880622,48.286424,south,514711.0917600219,99.0,0,False,unconfirmed,,,
18145,11.677239,48.227729,south,521800.278334072,88.0,0,False,unconfirmed,,,
18146,11.678896,48.226132,south,521905.65442519623,44.0,0,False,unconfirmed,,,
18147,11.677253,48.224919,south,522072.5299220924,44.0,0,False,unconfirmed,,,
18149,11.677098,48.228093,south,521765.05822246446,44.0,0,False,unconfirmed,,,
18151,11.683649,48.234368,south,520926.2535826288,44.0,0,False,unconfirmed,,,
18152,11.683549,48.234505,south,520914.194921508,50.0,0,False,unconfirmed,,,
18153,11.674512,48.226393,south,521982.4375973386,44.0,0,False,unconfirmed,,,
18154,11.668186,48.224971,south,522298.6652932687,44.0,0,False,unconfirmed,,,
18155,11.6769,48.22135,south,522462.02863981365,44.0,0,False,unconfirmed,,,
18156,11.65712,48.2078,south,524368.6783166056,88.0,0,False,unconfirmed,,,
18157,11.66913,48.22337,south,522433.08123027795,150.0,2,False,unconfirmed,,,
18158,11.680411,48.234004,south,521028.66363413254,55.0,0,False,unconfirmed,,,
18159,11.682501,48.230217,south,521398.1604388557,60.0,0,False,unconfirmed,,,
18163,11.673102,48.229043,south,521757.67511236697,22.0,0,False,unconfirmed,,,
18164,11.672684,48.228789,south,521794.27395127196,44.0,0,False,unconfirmed,,,
18167,11.681491,48.229245,south,521524.4964917302,11.0,0,False,unconfirmed,,,
18168,11.681491,48.229245,south,521524.4964917302,11.0,0,False,unconfirmed,,,
18169,11.665,48.22259,south,522613.0667273982,44.0,0,False,unconfirmed,,,
18173,11.658105,48.243994,south,520510.6740835373,22.0,0,False,road_route_found_entrance_unverified,2742.0,2527.7,6.8
18174,11.658105,48.243994,south,520510.6740835373,22.0,0,False,road_route_found_entrance_unverified,2742.0,2527.7,6.8
18175,11.646365,48.24308,south,520510.6740835373,22.0,0,False,road_route_found_entrance_unverified,1961.3,1901.6,2.8
18176,11.646365,48.24308,south,520510.6740835373,22.0,0,False,road_route_found_entrance_unverified,1961.3,1901.6,2.8
18177,11.659534,48.252757,south,518294.0527740413,22.0,0,False,road_route_found_entrance_unverified,2950.4,3369.7,3.5
18178,11.659534,48.252757,south,518294.0527740413,22.0,0,False,road_route_found_entrance_unverified,2950.4,3369.7,3.5
18179,11.637759,48.251577,south,520510.6740835373,220.0,0,False,road_route_found_entrance_unverified,1474.2,1564.8,8.5
18181,11.637834999999999,48.25128927272727,south,520510.6740835373,203.49999999999983,0,False,road_route_found_entrance_unverified,1503.5,1547.0,9.0
18183,11.634365,48.249323,south,520510.6740835373,3600.0,12,True,road_route_found_entrance_unverified,1308.6,1389.7,5.7
18184,11.642138,48.250648,south,520510.6740835373,22.0,0,False,road_route_found_entrance_unverified,1687.2,1753.3,4.9
18185,11.642138,48.250648,south,520510.6740835373,22.0,0,False,road_route_found_entrance_unverified,1687.2,1753.3,4.9
18186,11.649787,48.251481,south,520510.6740835373,22.0,0,False,road_route_found_entrance_unverified,2672.7,2743.9,7.0
18187,11.649787,48.251481,south,520510.6740835373,22.0,0,False,road_route_found_entrance_unverified,2672.7,2743.9,7.0
18188,11.61262,48.248385,south,520510.6740835373,22.0,0,False,road_route_found_entrance_unverified,2861.0,2879.3,7.4
18189,11.64635,48.243003,south,520510.6740835373,150.0,2,False,road_route_found_entrance_unverified,1959.2,1903.8,11.1
18190,11.646365,48.24308,south,520510.6740835373,150.0,1,False,road_route_found_entrance_unverified,1961.3,1901.6,2.8
18191,11.664881666666666,48.26836599999999,south,518467.22804438346,55.0,0,False,unconfirmed,,,
18192,11.632938,48.250169,south,520510.6740835373,220.0,0,False,road_route_found_entrance_unverified,1512.1,1425.2,1.8
18193,11.628438,48.250126,south,520510.6740835373,110.0,0,False,road_route_found_entrance_unverified,1499.1,2294.1,29.8
18194,11.652303,48.248902,south,520137.12721964234,22.0,0,False,unconfirmed,,,
18195,11.652303,48.248902,south,520137.12721964234,22.0,0,False,unconfirmed,,,
18196,11.663351,48.26734100000001,south,518552.7235338699,160.0,0,False,unconfirmed,,,
18197,11.6066866,48.2503624,south,521077.18749300524,1500.0,10,True,unconfirmed,,,
18198,11.60499125,48.2310625,south,523144.2947669325,88.0,0,False,unconfirmed,,,
18208,11.591979999999998,48.221864,south,524404.6922690037,396.0,0,False,unconfirmed,,,
18210,11.637665,48.2515355,south,520510.6740835373,29.599999999999998,0,False,road_route_found_entrance_unverified,1476.1,1563.8,0.8
18216,11.6461565,48.189245,south,526585.4462615448,44.0,0,False,unconfirmed,,,
18217,11.646383,48.189581,south,526544.6850461648,66.0,0,False,unconfirmed,,,
18218,11.654683,48.188358,south,526501.9582870953,22.0,0,False,unconfirmed,,,
18219,11.653721,48.1892,south,526491.7894418268,44.0,0,False,unconfirmed,,,
18220,11.651401,48.1855005,south,526850.7135707948,88.0,0,False,unconfirmed,,,
18221,11.65325,48.185267499999995,south,526810.516047043,44.0,0,False,unconfirmed,,,
18222,11.654199999999998,48.185,south,526837.6584971199,66.0,0,False,unconfirmed,,,
18223,11.65496,48.18496,south,526806.5559832021,22.0,0,False,unconfirmed,,,
18224,11.632171,48.179176,south,527272.9426792188,44.0,0,False,road_route_found_entrance_unverified,2760.9,3731.4,2.7
18225,11.633012,48.178781,south,527272.9426792188,150.0,2,False,road_route_found_entrance_unverified,2889.0,3829.5,10.1
18226,11.64233,48.18857,south,526745.6111649005,44.0,0,False,unconfirmed,,,
18227,11.643486,48.197494,south,525765.6596112925,44.0,0,False,unconfirmed,,,
18228,11.655399875,48.1928515,south,525988.5632570898,176.0,0,False,unconfirmed,,,
18229,11.652785,48.199087,south,525381.2442365702,44.0,0,False,unconfirmed,,,
18230,11.651843,48.190949,south,526267.8746520083,400.0,4,True,unconfirmed,,,
18231,11.64853,48.186216,south,526842.7730704157,440.0,0,False,unconfirmed,,,
18232,11.633449,48.182082,south,527400.0606878907,110.0,0,False,unconfirmed,,,
18233,11.633338,48.183222,south,527272.9426792188,22.0,0,False,road_route_found_entrance_unverified,2910.8,3445.1,10.8
18234,11.632048,48.179847,south,527272.9426792188,11.0,0,False,road_route_found_entrance_unverified,2824.7,3787.2,26.3
18235,11.632259,48.180303,south,527272.9426792188,11.0,0,False,road_route_found_entrance_unverified,2931.5,3939.0,36.4
18236,11.62973,48.18059,south,527505.9164737626,110.0,0,False,unconfirmed,,,
18237,11.633168,48.183232,south,527272.9426792188,22.0,0,False,road_route_found_entrance_unverified,2970.5,3317.3,6.3
18238,11.639426,48.191088,south,526547.8081763801,150.0,0,False,unconfirmed,,,
18239,11.640531,48.183316,south,527288.705512481,11.0,0,False,unconfirmed,,,
18240,11.646136,48.185285,south,526997.2984256848,175.0,1,False,unconfirmed,,,
18399,11.454556,48.693646,south,466097.5993427995,150.0,2,False,unconfirmed,,,
18546,11.283866,49.203093,south,403956.4397068082,11.0,0,False,unconfirmed,,,
18554,11.28545,49.20348,south,403974.6714974785,30.0,0,False,unconfirmed,,,
18555,11.286246,49.201868,south,404159.60815953166,11.0,0,False,unconfirmed,,,
18827,11.175675,49.398242,south,379777.85430048883,150.0,2,False,unconfirmed,,,
18844,11.219502,49.377227,south,382735.14296747366,44.0,0,False,unconfirmed,,,
18845,11.213764,49.377382,south,382683.60464060365,44.0,0,False,unconfirmed,,,
18846,11.220995,49.371816,south,383345.74682760355,44.0,0,False,unconfirmed,,,
18847,11.2044,49.35691,south,384193.4278109365,93.0,0,False,road_route_found_entrance_unverified,1004.7,1021.5,14.9
18848,11.2021,49.35572,south,385014.38545474096,93.0,0,False,unconfirmed,,,
18849,11.204249,49.357242,south,384193.4278109365,98.0,0,False,road_route_found_entrance_unverified,1036.0,990.1,6.9
18850,11.201642,49.356498,south,384193.4278109365,98.0,0,False,road_route_found_entrance_unverified,767.0,463.1,7.1
18851,11.207531333333334,49.364398,south,384088.0726124036,1200.0,6,True,unconfirmed,,,
18852,11.2075645,49.3653835,south,383966.9886234626,800.0,4,True,unconfirmed,,,
18853,11.206005,49.365103,south,384000.0597227254,800.0,4,True,unconfirmed,,,
18854,11.207273,49.365019,south,384017.6102503066,5000.0,20,True,unconfirmed,,,
18855,11.207220999999999,49.365658,south,383935.0111768233,2100.0,10,True,unconfirmed,,,
18856,11.239893,49.48312,south,370515.50270949973,44.0,0,False,unconfirmed,,,
18857,11.242904,49.48603,south,370138.1795030509,44.0,0,False,unconfirmed,,,
18858,11.226398,49.480018,south,371149.6849107265,50.0,0,False,unconfirmed,,,
18859,11.226398,49.480018,south,371149.6849107265,50.0,0,False,unconfirmed,,,
18860,11.2256,49.4798,south,371202.0280517148,750.0,8,True,unconfirmed,,,
18861,11.253873,49.477956,south,370300.4812392372,44.0,0,False,unconfirmed,,,
18862,11.25389,49.47926,south,370189.75320567726,88.0,0,False,unconfirmed,,,
18863,11.2486,49.47299,south,370946.4283914752,11.0,0,False,unconfirmed,,,
18864,11.29667,49.472439,south,369142.60789610195,44.0,0,False,unconfirmed,,,
18871,11.207207,49.466297,south,373169.7565314295,44.0,0,False,unconfirmed,,,
18875,11.20854,49.46882,south,373074.6619091991,1050.0,12,True,unconfirmed,,,
18877,11.199548,49.47188,south,373140.6886986057,11.0,0,False,unconfirmed,,,
18879,11.249226,49.361544,south,384637.04648320115,22.0,0,False,unconfirmed,,,
18883,11.24367,49.35553,south,385210.2182815284,44.0,0,False,unconfirmed,,,
18884,11.22731,49.49455,south,370156.461647822,44.0,0,False,unconfirmed,,,
18885,11.24312,49.49369,south,369028.8921280389,44.0,0,False,unconfirmed,,,
18886,11.260334,49.503842,south,367470.97127052874,44.0,0,False,unconfirmed,,,
18888,11.27342,49.50865,south,366762.6419744531,44.0,0,False,road_route_found_entrance_unverified,2307.2,2441.3,7.1
18889,11.28584,49.503686666666674,south,366762.6419744531,1200.0,6,True,road_route_found_entrance_unverified,1122.5,1098.3,7.6
18890,11.263234,49.519602,south,366380.23406957946,44.0,0,False,unconfirmed,,,
18891,11.263465,49.497781,south,366762.6419744531,44.0,0,False,road_route_found_entrance_unverified,2915.5,2644.2,8.5
18893,11.311954,49.516739,south,364283.6075080495,300.0,2,False,unconfirmed,,,
18894,11.290601,49.509857,south,366762.6419744531,44.0,0,False,road_route_found_entrance_unverified,2354.5,2292.3,7.3
18895,11.292752,49.502473,south,366762.6419744531,11.0,0,False,road_route_found_entrance_unverified,1916.5,1996.0,8.7
18896,11.262469,49.496311,south,366762.6419744531,50.0,0,False,road_route_found_entrance_unverified,2856.8,3030.6,7.5
18897,11.270224,49.524979,south,365227.9794093297,11.0,0,False,unconfirmed,,,
18898,11.281084,49.512349,south,366762.6419744531,50.0,0,False,road_route_found_entrance_unverified,2252.3,2230.3,6.6
18899,11.29086,49.50213,south,366762.6419744531,46.0,0,False,road_route_found_entrance_unverified,1694.5,1787.8,7.8
18900,11.277659,49.509016,south,366762.6419744531,44.0,0,False,road_route_found_entrance_unverified,2071.7,2037.5,7.3
18901,11.284243,49.520182,south,364272.7802916192,121.0,0,False,road_route_found_entrance_unverified,1903.3,1908.1,13.4
18902,11.279762,49.519626,south,364272.7802916192,88.0,0,False,road_route_found_entrance_unverified,2337.6,2346.0,6.6
18903,11.26683,49.52209,south,365623.5614403195,44.0,0,False,unconfirmed,,,
18904,11.284563,49.512939,south,364272.7802916192,44.0,0,False,road_route_found_entrance_unverified,2019.3,1975.2,3.2
18905,11.284877,49.507155,south,366762.6419744531,44.0,0,False,road_route_found_entrance_unverified,2065.7,2061.9,9.2
18906,11.311954,49.516739,south,364283.6075080495,150.0,2,False,unconfirmed,,,
18907,11.27801,49.51112,south,366762.6419744531,88.0,0,False,road_route_found_entrance_unverified,2386.3,2367.3,7.5
18908,11.272762,49.516136,south,364272.7802916192,44.0,0,False,road_route_found_entrance_unverified,2902.2,2918.0,6.0
18909,11.304517,49.487617,south,367387.14242144034,44.0,0,False,unconfirmed,,,
18910,11.288885,49.517896,south,364272.7802916192,44.0,0,False,road_route_found_entrance_unverified,1507.4,1542.0,7.5
18912,11.291475,49.502792,south,366386.1944629123,104.0,0,False,unconfirmed,,,
18913,11.271766,49.522816,south,365363.9457779595,44.0,0,False,unconfirmed,,,
18914,11.274866,49.501614,south,366762.6419744531,44.0,0,False,road_route_found_entrance_unverified,1472.6,1642.6,5.8
18915,11.28015,49.51256,south,364272.7802916192,44.0,0,False,road_route_found_entrance_unverified,2152.3,2143.2,10.3
18916,11.281506,49.509474,south,366762.6419744531,44.0,0,False,road_route_found_entrance_unverified,1876.1,1816.2,9.6
18918,11.280252,49.514268,south,364272.7802916192,44.0,0,False,road_route_found_entrance_unverified,2222.8,2428.6,12.4
18919,11.284444,49.502056,south,366762.6419744531,44.0,0,False,road_route_found_entrance_unverified,878.6,865.7,9.8
18930,11.407748,49.613001,south,349861.7899347629,22.0,0,False,road_route_found_entrance_unverified,1328.8,1442.9,2.0
18931,11.334865,49.558726,south,358433.50992214127,44.0,0,False,road_route_found_entrance_unverified,1859.2,1807.4,9.2
18932,11.342279,49.559515,south,358433.50992214127,44.0,0,False,road_route_found_entrance_unverified,1851.2,1822.5,1.2
18933,11.342017,49.558097,south,358433.50992214127,11.0,0,False,road_route_found_entrance_unverified,2017.0,2136.4,7.5
18934,11.408411,49.618798,south,349861.7899347629,300.0,2,False,road_route_found_entrance_unverified,495.1,597.8,1.5
18935,11.408411,49.618798,south,349861.7899347629,900.0,6,True,road_route_found_entrance_unverified,495.1,597.8,1.5
18936,11.344963,49.55491,south,358433.50992214127,11.0,0,False,road_route_found_entrance_unverified,2394.0,2375.1,13.7
18937,11.335443,49.569771,south,358433.50992214127,33.0,0,False,road_route_found_entrance_unverified,1302.4,1252.0,6.7
18938,11.327495,49.567291,south,358433.50992214127,1200.0,8,True,road_route_found_entrance_unverified,564.7,626.9,0.2
18939,11.327578,49.568189999999994,south,358433.50992214127,6000.0,6,True,road_route_found_entrance_unverified,863.0,701.0,11.6
18940,11.337581,49.556626,south,358433.50992214127,116.0,0,False,road_route_found_entrance_unverified,2149.7,2161.7,4.9
18946,11.28922,49.46097,south,370060.6737119986,44.0,0,False,unconfirmed,,,
18949,11.284979,49.462084,south,370167.42016366805,33.0,0,False,unconfirmed,,,
18950,11.29003,49.46024,south,370083.867810764,44.0,0,False,unconfirmed,,,
18952,11.321389,49.52073,south,363596.4108544597,44.0,0,False,unconfirmed,,,
18953,11.362373,49.543847,south,360712.2503723817,11.0,0,False,unconfirmed,,,
18954,11.336279,49.520561,south,363280.44823495357,44.0,0,False,unconfirmed,,,
18955,11.33563,49.5208,south,363280.44823495357,450.0,4,True,unconfirmed,,,
18958,11.457093,49.616607,south,348263.64221689943,22.0,0,False,unconfirmed,,,
18966,11.34177,49.51006,south,363755.4743311111,44.0,0,False,unconfirmed,,,
18969,11.3421,49.599,south,355030.47395812004,44.0,0,False,unconfirmed,,,
19578,11.494464,48.715658,south,464604.32203696994,44.0,0,False,road_route_found_entrance_unverified,2722.3,3046.1,10.4
19579,11.459078,48.712075,south,464604.32203696994,11.0,0,False,road_route_found_entrance_unverified,2515.9,2720.4,20.4
19580,11.48685,48.71883,south,464604.32203696994,22.0,0,False,road_route_found_entrance_unverified,2295.1,2658.8,6.9
19581,11.485485,48.714608,south,464604.32203696994,11.0,0,False,road_route_found_entrance_unverified,2486.8,2857.3,14.7
19582,11.48144,48.713755,south,464426.6095436227,800.0,4,True,unconfirmed,,,
19583,11.520653,48.645628,south,472191.81933485414,5000.0,20,True,road_route_found_entrance_unverified,1048.8,1045.3,32.0
19584,11.520237,48.644283,south,472191.81933485414,600.0,4,True,road_route_found_entrance_unverified,955.6,965.2,1.2
19585,11.48127,48.654199000000006,south,471087.17438613734,55.0,0,False,unconfirmed,,,
19586,11.482268,48.654903,south,471022.1732334297,44.0,0,False,unconfirmed,,,
19587,11.511201,48.641923,south,472191.81933485414,11.0,0,False,road_route_found_entrance_unverified,1140.2,1048.7,11.0
19588,11.520159999999999,48.64340000000001,south,472191.81933485414,900.0,6,True,road_route_found_entrance_unverified,1010.0,1050.1,5.1
19589,11.5135,48.6449,south,472191.81933485414,300.0,4,False,road_route_found_entrance_unverified,820.9,888.0,8.4
19590,11.475382000000002,48.653763,south,471062.9816577667,194.0,4,False,unconfirmed,,,
19594,11.45990625,48.67306,south,467864.45827307174,408.0,0,False,unconfirmed,,,
19595,11.467403,48.671484,south,468315.59637010633,88.0,0,False,unconfirmed,,,
19596,11.467445,48.67148,south,468317.2562389629,66.0,0,False,unconfirmed,,,
19597,11.46067,48.67419,south,467774.59704672324,22.0,0,False,unconfirmed,,,
19598,11.459847000000002,48.673001,south,467868.5439501275,370.0,2,False,unconfirmed,,,
19599,11.460647,48.674182,south,467774.6828073414,44.0,0,False,unconfirmed,,,
19600,11.460647,48.674182,south,467774.6828073414,44.0,0,False,unconfirmed,,,
19611,11.481217,48.654019,south,471106.26561553485,22.0,0,False,unconfirmed,,,
19639,11.537817,48.524066,south,489004.20499654126,50.0,0,False,unconfirmed,,,
19640,11.562305,48.518278,south,490531.1037196171,6000.0,24,True,road_route_found_entrance_unverified,2712.3,2780.1,3.6
19644,11.632819,48.58856,south,482129.90419742075,11.0,0,False,unconfirmed,,,
19648,11.617199,48.599101,south,481826.45649802004,11.0,0,False,unconfirmed,,,
19655,11.562317,48.613224,south,477771.5507292208,30.0,0,False,unconfirmed,,,
19660,11.6060234,48.5048366,south,491334.97617041157,666.0,4,True,unconfirmed,,,
19661,11.598608,48.504174,south,490531.1037196171,49.0,0,False,road_route_found_entrance_unverified,1269.0,1239.8,6.2
19662,11.588542,48.554243,south,484325.38661179045,98.0,0,False,road_route_found_entrance_unverified,619.9,319.4,1.1
19663,11.582045,48.51093,south,490531.1037196171,6300.0,18,True,road_route_found_entrance_unverified,1002.9,914.3,22.8
19664,11.5819115,48.50995575,south,490531.1037196171,1200.0,8,True,road_route_found_entrance_unverified,1149.1,863.8,10.3
19665,11.582393333333334,48.51072,south,490531.1037196171,900.0,6,True,road_route_found_entrance_unverified,1068.9,837.0,7.9
19666,11.581893,48.510794,south,490531.1037196171,2000.0,8,True,road_route_found_entrance_unverified,1116.3,879.2,8.5
19667,11.605678,48.504863,south,491327.9284690356,22.0,0,False,unconfirmed,,,
20330,11.169686,49.364405,south,383834.5366366578,22.0,0,False,unconfirmed,,,
20333,11.172303,49.363365,south,383990.5548212093,44.0,0,False,unconfirmed,,,
20334,11.157707,49.346601,south,386008.8155438407,44.0,0,False,unconfirmed,,,
20335,11.16804,49.36646,south,383615.75566066126,44.0,0,False,unconfirmed,,,
20336,11.16804,49.36646,south,383615.75566066126,22.0,0,False,unconfirmed,,,
20337,11.167197000000002,49.3540275,south,384990.31431974896,116.0,0,False,unconfirmed,,,
20342,11.15549,49.34763,south,385896.69852372335,88.0,0,False,unconfirmed,,,
20343,11.16353,49.35236,south,385156.6675429759,200.0,2,False,unconfirmed,,,
20353,11.16197,49.34672,south,386004.8052956304,72.0,0,False,unconfirmed,,,
20354,11.15713,49.35096,south,385314.5645226721,44.0,0,False,unconfirmed,,,
20355,11.203992,49.229414,south,398867.74229749566,88.0,0,False,unconfirmed,,,
20356,11.232961,49.250997,south,396913.2653027174,44.0,0,False,unconfirmed,,,
20357,11.228536,49.2509,south,396873.6498163687,150.0,2,False,unconfirmed,,,
20358,11.22741,49.25158,south,396770.623385664,11.0,0,False,unconfirmed,,,
20359,11.22706,49.25224,south,396694.4151819589,11.0,0,False,unconfirmed,,,
20379,11.190786,49.230133,south,398589.22180844535,88.0,0,False,unconfirmed,,,
20399,11.260164,49.160999,south,406666.73179589247,150.0,2,False,road_route_found_entrance_unverified,1092.7,1050.7,5.9
20401,11.18759,49.210724,south,400510.9987375695,88.0,0,False,unconfirmed,,,
20402,11.186754,49.209671,south,400510.9987375695,88.0,0,False,unconfirmed,,,
20403,11.260581,49.161215,south,406666.73179589247,4000.0,16,True,road_route_found_entrance_unverified,1039.9,1075.8,6.3
20404,11.260235,49.1610715,south,406666.73179589247,600.0,4,True,road_route_found_entrance_unverified,1090.9,1024.8,6.5
20405,11.194075,49.191379,south,401906.2993564787,44.0,0,False,unconfirmed,,,
20409,11.28022,49.17353,south,406233.9211385119,44.0,0,False,unconfirmed,,,
20422,11.35608,49.04409,south,422634.05998112616,44.0,0,False,road_route_found_entrance_unverified,1025.9,1007.1,10.4
20423,11.342675666666667,49.042792999999996,south,422634.05998112616,675.0,6,True,road_route_found_entrance_unverified,919.0,858.0,7.3
20424,11.337633,49.045591,south,421397.16105377174,300.0,2,False,road_route_found_entrance_unverified,535.8,574.7,1.1
20425,11.349945,49.043808,south,422634.05998112616,150.0,2,False,road_route_found_entrance_unverified,556.3,523.5,1.7
20426,11.353943,49.0415,south,423189.6101867721,50.0,0,False,unconfirmed,,,
20427,11.348685,49.043877,south,422634.05998112616,33.0,0,False,road_route_found_entrance_unverified,580.5,691.9,31.8
20428,11.342622,49.041939,south,422634.05998112616,5000.0,20,True,road_route_found_entrance_unverified,652.8,649.3,10.3
20429,11.35275,49.04614,south,422634.05998112616,44.0,0,False,road_route_found_entrance_unverified,872.1,856.7,16.3
20430,11.353943,49.0415,south,423189.6101867721,98.0,0,False,unconfirmed,,,
20431,11.337409,49.045639,south,422634.05998112616,93.0,0,False,road_route_found_entrance_unverified,1173.2,1325.7,7.2
26388,12.922528,52.266766,south,2793.9914798444693,3500.0,14,True,unconfirmed,,,
26391,12.963217,52.238428,south,6307.648636739537,93.0,0,False,unconfirmed,,,
26393,12.95328,52.24453,south,6018.719054937685,11.0,0,False,unconfirmed,,,
26394,12.924107,52.263409,south,2499.857363866001,30.0,0,False,road_route_found_entrance_unverified,1941.1,2023.6,4.4
26401,12.930642,52.311438,south,0.0,11.0,0,False,unconfirmed,,,
26405,12.929861,52.310957,south,0.0,22.0,0,False,unconfirmed,,,
26453,12.776496,52.15925,south,19840.692488718083,50.0,0,False,road_route_found_entrance_unverified,1282.9,1307.8,4.1
26454,12.776562,52.1592,south,19840.692488718083,22.0,0,False,road_route_found_entrance_unverified,1282.8,1307.9,8.8
26455,12.78473,52.15879,south,19840.692488718083,77.0,0,False,road_route_found_entrance_unverified,870.0,910.7,4.6
26456,12.781675,52.160592,south,19840.692488718083,98.0,0,False,road_route_found_entrance_unverified,558.8,597.2,8.1
26457,12.779865,52.16009499999999,south,19840.692488718083,2100.0,6,True,road_route_found_entrance_unverified,583.6,616.8,5.7
26458,12.754556,52.133086,south,23109.137249920375,98.0,0,False,unconfirmed,,,
26459,12.753397,52.132662,south,23193.613092911874,93.0,0,False,unconfirmed,,,
26460,12.751164,52.132549,south,22851.035995429378,43.0,0,False,road_route_found_entrance_unverified,451.9,281.2,0.6
26461,12.750125,52.132321,south,22851.035995429378,150.0,2,False,road_route_found_entrance_unverified,535.2,241.9,10.3
26462,12.689253,52.074784,south,31033.899861575333,44.0,0,False,unconfirmed,,,
26463,12.575419,52.041466,south,40867.38380281253,30.0,0,False,road_route_found_entrance_unverified,2902.0,2909.2,7.6
61426,12.19462,51.287312,south,132289.58682969515,33.0,0,False,unconfirmed,,,
61429,12.2149284,51.3125798,south,129250.0402619053,450.0,4,True,unconfirmed,,,
61430,12.169238333333334,51.324587666666666,south,129437.22053902937,1200.0,6,True,road_route_found_entrance_unverified,227.2,196.8,10.4
61839,12.22494,51.42266,south,117501.81085879415,1200.0,8,True,unconfirmed,,,
61842,12.181622666666668,51.401570666666665,south,120936.81881845152,900.0,6,True,road_route_found_entrance_unverified,530.5,641.9,4.0
61843,12.181375,51.401587,south,120936.81881845152,4000.0,16,True,road_route_found_entrance_unverified,544.7,673.8,5.1
61845,12.191227,51.399168,south,120750.98795287522,900.0,6,True,unconfirmed,,,
61846,12.210556,51.400556,south,120142.64572347699,100.0,0,False,unconfirmed,,,
61847,12.207366,51.406021333333335,south,119651.0391402655,66.0,0,False,unconfirmed,,,
61848,12.223528,51.395572,south,120355.18819466788,22.0,0,False,unconfirmed,,,
61849,12.220331,51.394185,south,120608.24455145151,22.0,0,False,unconfirmed,,,
61850,12.197485,51.404169,south,120077.49458139902,22.0,0,False,unconfirmed,,,
61851,12.220019,51.396039,south,120389.85628631934,22.0,0,False,unconfirmed,,,
61852,12.2216845,51.422,south,117635.20136079089,60.0,0,False,unconfirmed,,,
61853,12.236786500000001,51.423382000000004,south,117136.93952375205,60.0,0,False,unconfirmed,,,
61865,12.206859,51.464508,south,113268.68343184156,11.0,0,False,road_route_found_entrance_unverified,1037.4,1039.0,4.5
61866,12.207972,51.4718,south,113268.68343184156,44.0,0,False,road_route_found_entrance_unverified,1495.2,1394.5,7.4
62425,12.24472,51.81223,south,73918.47359253968,600.0,4,True,unconfirmed,,,
62426,12.30109,51.82129,south,71010.3825978194,100.0,0,False,road_route_found_entrance_unverified,1052.2,1135.3,9.0
62427,12.30396,51.8202,south,71194.86048261612,49.0,0,False,unconfirmed,,,
62428,12.3027,51.8197,south,71010.3825978194,900.0,8,True,road_route_found_entrance_unverified,1301.5,1343.8,53.1
62432,12.247305,51.816404,south,73563.71240303674,22.0,0,False,unconfirmed,,,
62433,12.241669,51.806367,south,74587.04232582182,150.0,2,False,unconfirmed,,,
62436,12.301239,51.823412,south,71010.3825978194,800.0,4,True,road_route_found_entrance_unverified,964.1,896.6,7.4
62466,12.23677,51.80269,south,75041.69483017806,44.0,0,False,unconfirmed,,,
62467,12.23677,51.80269,south,75041.69483017806,44.0,0,False,unconfirmed,,,
62472,12.23718,51.80512,south,74862.00627342952,44.0,0,False,unconfirmed,,,
62473,12.236797,51.802712,south,75038.67869686647,44.0,0,False,unconfirmed,,,
62793,12.1991,51.6363,south,93907.3710446655,150.0,2,False,road_route_found_entrance_unverified,772.6,824.2,8.3
62807,12.1991,51.6363,south,93907.3710446655,300.0,2,False,road_route_found_entrance_unverified,772.6,824.2,8.3
62815,12.249229,51.670962,south,89430.32064002426,44.0,0,False,unconfirmed,,,
62817,12.20036,51.636481,south,93907.3710446655,3500.0,10,True,road_route_found_entrance_unverified,840.0,850.5,1.1
62818,12.200732,51.636487,south,93907.3710446655,5000.0,20,True,road_route_found_entrance_unverified,828.8,896.3,7.9
62821,12.25349,51.66127,south,90472.82257490713,22.0,0,False,unconfirmed,,,
62834,12.187898,51.608992,south,96792.53358343228,98.0,0,False,unconfirmed,,,
62835,12.183264,51.607277,south,96747.50285355582,98.0,0,False,road_route_found_entrance_unverified,342.2,418.5,4.6
62837,12.185403,51.606076,south,97149.62586055006,93.0,0,False,unconfirmed,,,
62838,12.183984,51.605481,south,96747.50285355582,93.0,0,False,road_route_found_entrance_unverified,493.5,182.4,2.0
62839,12.196509999999998,51.55357,south,103242.47985675439,900.0,6,True,unconfirmed,,,
62840,12.192885,51.55534,south,102993.64022693527,72.0,0,False,unconfirmed,,,
62841,12.19341,51.54623,south,103989.26541306415,44.0,0,False,unconfirmed,,,
62881,11.954786,51.104587,south,158167.58766113612,150.0,2,False,road_route_found_entrance_unverified,652.1,263.3,5.2
62888,11.9982925,51.1980195,south,147924.70131863817,166.0,0,False,unconfirmed,,,
62889,11.9659455,51.2022625,south,148387.2153986128,88.0,0,False,unconfirmed,,,
62890,11.986975,51.187971,south,149260.7809467823,44.0,0,False,unconfirmed,,,
62891,11.98812,51.186851,south,149343.37270312515,1200.0,4,True,unconfirmed,,,
62892,11.988904,51.18801,south,149205.5287360275,160.0,2,False,unconfirmed,,,
62893,11.967209,51.1987,south,148716.21417261576,44.0,0,False,unconfirmed,,,
62894,11.970367,51.191207,south,149386.1455867904,22.0,0,False,unconfirmed,,,
62895,11.987466,51.203805,south,147633.53814424973,11.0,0,False,unconfirmed,,,
62896,11.98161,51.18747,south,149468.27227197925,72.0,0,False,unconfirmed,,,
62897,11.983936,51.186121,south,149541.2362096222,44.0,0,False,unconfirmed,,,
62899,11.9636825,51.197953999999996,south,148885.36148591133,360.0,4,False,unconfirmed,,,
62900,11.99051,51.18771999999999,south,149190.8074647659,900.0,6,True,unconfirmed,,,
62901,11.957702,51.105401,south,158712.91482881285,93.0,0,False,unconfirmed,,,
62902,11.954837,51.105341,south,158167.58766113612,43.0,0,False,road_route_found_entrance_unverified,568.2,347.2,2.3
62903,11.974032,51.198605,south,148537.00252906152,22.0,0,False,unconfirmed,,,
62905,11.963434,51.191887,south,149523.04039833957,44.0,0,False,unconfirmed,,,
62906,11.974411,51.201725,south,148207.6492438864,44.0,0,False,unconfirmed,,,
62912,11.957291,51.105607,south,158690.15787268642,175.0,1,False,unconfirmed,,,
62913,11.957291,51.105607,south,158690.15787268642,175.0,1,False,unconfirmed,,,
62914,11.957291,51.105607,south,158690.15787268642,175.0,1,False,unconfirmed,,,
62915,11.957291,51.105607,south,158690.15787268642,175.0,1,False,unconfirmed,,,
62916,11.957236,51.105588,south,158692.29367966144,100.0,0,False,unconfirmed,,,
62917,12.01086,51.17768,south,149430.67860215314,2400.0,16,True,road_route_found_entrance_unverified,2771.2,2747.7,0.0
62918,12.00878,51.17718,south,149430.67860215314,1200.0,8,True,road_route_found_entrance_unverified,2879.1,2841.9,0.1
62940,11.961205999999999,51.08765400000001,south,159870.2467687793,450.0,6,True,road_route_found_entrance_unverified,1275.1,1408.8,6.6
62941,11.91433,51.04015,south,166231.01759536678,22.0,0,False,unconfirmed,,,
62942,11.937675,51.039914,south,166224.81818681085,350.0,2,False,road_route_found_entrance_unverified,299.4,330.0,1.7
62943,11.937675,51.039914,south,166224.81818681085,175.0,1,False,road_route_found_entrance_unverified,299.4,330.0,1.7
62944,11.937764,51.039773,south,166224.81818681085,600.0,4,True,road_route_found_entrance_unverified,300.7,328.6,7.8
62945,11.934963000000002,51.083993,south,159870.2467687793,132.0,0,False,road_route_found_entrance_unverified,2064.5,1989.5,8.4
62946,11.938881,51.040083,south,166224.81818681085,175.0,1,False,road_route_found_entrance_unverified,306.7,385.6,9.9
62947,11.938881,51.040083,south,166224.81818681085,175.0,1,False,road_route_found_entrance_unverified,306.7,385.6,9.9
62948,11.938881,51.040083,south,166224.81818681085,175.0,1,False,road_route_found_entrance_unverified,306.7,385.6,9.9
62949,11.938881,51.040083,south,166224.81818681085,175.0,1,False,road_route_found_entrance_unverified,306.7,385.6,9.9
63353,12.15528,51.417912,south,119633.32519328504,11.0,0,False,unconfirmed,,,
63355,12.150216,51.415226,south,120035.41112010853,11.0,0,False,unconfirmed,,,
63358,12.162005,51.535311,south,104687.47967896076,66.0,0,False,unconfirmed,,,
63414,12.137328,51.290043,south,133984.53924455182,2000.0,8,True,road_route_found_entrance_unverified,985.6,899.5,5.6
63415,12.176065833333332,51.346057333333334,south,126382.17325146594,292.0,0,False,road_route_found_entrance_unverified,1748.9,3182.4,7.4
63419,12.145649,51.349084,south,127786.12890670741,200.0,1,False,unconfirmed,,,
63420,12.181941,51.348196,south,126382.17325146594,84.0,0,False,road_route_found_entrance_unverified,2043.2,4260.2,7.8
63421,12.17508,51.34761,south,126382.17325146594,900.0,6,True,road_route_found_entrance_unverified,1347.6,3489.3,7.9
63659,12.341552,51.85247,south,66619.22748538712,800.0,4,True,unconfirmed,,,
63661,12.344692,51.846286,south,67865.30641853496,22.0,0,False,road_route_found_entrance_unverified,1767.8,1738.0,2.0
63663,12.405792,51.887723,south,60863.96632659561,22.0,0,False,road_route_found_entrance_unverified,819.7,1204.8,0.4
63664,12.433140999999999,51.88480199999999,south,60863.96632659561,720.0,4,True,road_route_found_entrance_unverified,2789.3,2887.7,5.5
63665,12.403429,51.888974,south,60863.96632659561,700.0,4,True,road_route_found_entrance_unverified,759.4,764.2,3.3
63666,12.371308,51.886586,south,61961.17352466113,44.0,0,False,unconfirmed,,,
63667,12.46186,51.88795,south,57408.62223965762,72.0,0,False,unconfirmed,,,
63668,12.402887,51.889047,south,60863.96632659561,525.0,3,True,road_route_found_entrance_unverified,683.4,769.7,8.2
63669,12.403369,51.889449,south,60863.96632659561,800.0,4,True,road_route_found_entrance_unverified,700.9,821.0,3.6
63670,12.455562,51.891447,south,57504.55483128496,50.0,0,False,unconfirmed,,,
66939,11.900109,50.805528,south,196520.01184366384,22.0,0,False,road_route_found_entrance_unverified,1050.8,1140.7,25.3
66940,11.89429,50.803239999999995,south,196520.01184366384,900.0,6,True,road_route_found_entrance_unverified,346.4,352.0,4.0
67153,11.92447,50.966455,south,172749.9249860593,22.0,0,False,unconfirmed,,,
67154,11.89313,50.97063,south,176484.2735710819,71.0,0,False,road_route_found_entrance_unverified,2713.4,2815.6,6.3
67155,11.883358000000001,50.9709285,south,176484.2735710819,300.0,4,False,road_route_found_entrance_unverified,1975.7,2030.9,3.7
67156,11.87558,50.97159,south,176484.2735710819,600.0,4,True,road_route_found_entrance_unverified,1428.5,1499.9,8.7
67157,11.87521,50.97138,south,176484.2735710819,22.0,0,False,road_route_found_entrance_unverified,1427.5,1408.2,6.2
67158,11.906125,50.968118,south,173355.0910108523,11.0,0,False,unconfirmed,,,
67159,11.88508,50.96585,south,176484.2735710819,93.0,0,False,road_route_found_entrance_unverified,2438.1,2497.7,9.9
67160,11.88273,50.97035,south,176484.2735710819,93.0,0,False,road_route_found_entrance_unverified,1896.3,1966.0,11.6
67161,11.897986,50.969732,south,173822.19589942702,22.0,0,False,unconfirmed,,,
67162,11.838002,50.964428999999996,south,176484.2735710819,88.0,0,False,road_route_found_entrance_unverified,2002.3,2010.2,14.0
67167,11.85273,50.968689,south,176484.2735710819,55.0,0,False,road_route_found_entrance_unverified,1015.1,1082.9,8.0
67168,11.855171,50.96965,south,176484.2735710819,900.0,6,True,road_route_found_entrance_unverified,1354.8,1300.6,11.2
67169,11.854993,50.968487,south,176690.8823418472,1800.0,12,True,unconfirmed,,,
67170,11.82932,50.928302,south,181752.88275132197,44.0,0,False,unconfirmed,,,
67171,11.830462,50.928493,south,181746.5246234312,44.0,0,False,unconfirmed,,,
67172,11.853236,50.900645,south,183824.14989480595,44.0,0,False,road_route_found_entrance_unverified,2362.7,2456.2,12.3
67173,11.855354,50.903477,south,183824.14989480595,900.0,6,True,road_route_found_entrance_unverified,2627.7,2818.6,36.1
67174,11.872676,50.889776,south,186360.73652574164,93.0,0,False,unconfirmed,,,
67175,11.871973000000002,50.889761,south,186357.808132092,900.0,6,True,unconfirmed,,,
67176,11.871398,50.88986400000001,south,186342.64340558558,3000.0,12,True,unconfirmed,,,
67177,11.867302,50.892279,south,186054.84548709646,88.0,0,False,unconfirmed,,,
67178,11.869983,50.894148,south,185900.80628304472,22.0,0,False,unconfirmed,,,
67179,11.84998,50.88614,south,186619.38646248216,750.0,8,True,unconfirmed,,,
67180,11.849357,50.887153,south,186499.5581215709,400.0,4,True,unconfirmed,,,
67181,11.850075,50.886443,south,186586.81915761123,600.0,4,True,unconfirmed,,,
67182,11.848517,50.886023,south,186620.4126554315,22.0,0,False,unconfirmed,,,
67183,11.84998,50.88613999999999,south,186619.38646248216,1050.0,12,True,unconfirmed,,,
67184,11.856583,50.894663,south,183824.14989480595,44.0,0,False,road_route_found_entrance_unverified,2911.0,4012.2,8.9
67185,11.878945,50.866893,south,189242.0656028577,11.0,0,False,unconfirmed,,,
67186,11.846642,50.874935,south,186668.86783910295,98.0,0,False,road_route_found_entrance_unverified,1419.6,1279.4,6.9
67187,11.909384,50.856592,south,192346.98060204842,44.0,0,False,unconfirmed,,,
67188,11.84339,50.908066,south,183824.14989480595,600.0,4,True,road_route_found_entrance_unverified,1170.3,1223.9,6.6
67189,11.859349,50.907541,south,183824.14989480595,72.0,0,False,road_route_found_entrance_unverified,2421.0,2551.0,4.8
67190,11.860431,50.9083375,south,183824.14989480595,88.0,0,False,road_route_found_entrance_unverified,2383.8,2631.2,17.4
67191,11.859999,50.916379,south,183824.14989480595,122.0,0,False,road_route_found_entrance_unverified,1910.4,2222.3,3.1
67192,11.851304,50.910047,south,183824.14989480595,11.0,0,False,road_route_found_entrance_unverified,1577.6,1772.4,22.8
67193,11.801893,50.868934,south,187789.68219051752,22.0,0,False,unconfirmed,,,
67234,11.86416,50.7365,south,204638.1468663601,22.0,0,False,unconfirmed,,,
67235,11.86983,50.73737,south,204371.39778215555,150.0,1,False,unconfirmed,,,
67236,11.888515,50.743503,south,202724.4993738683,33.0,0,False,unconfirmed,,,
67237,11.845551,50.737564,south,205111.19476679244,300.0,4,False,unconfirmed,,,
67238,11.825771,50.60192,south,220538.3632763999,33.0,0,False,unconfirmed,,,
67239,11.80585125,50.577723,south,223276.72690292815,176.0,0,False,unconfirmed,,,
67240,11.81483,50.57982,south,222831.50040850812,30.0,0,False,unconfirmed,,,
67241,11.809474,50.580827,south,222851.22163865116,33.0,0,False,unconfirmed,,,
67242,11.803402,50.546455,south,227738.13372368083,10000.0,40,True,road_route_found_entrance_unverified,2511.6,2697.8,9.4
67243,11.803665,50.546848,south,227738.13372368083,1400.0,6,True,road_route_found_entrance_unverified,2583.9,2662.4,1.5
67244,11.803639,50.546556,south,227738.13372368083,2400.0,16,True,road_route_found_entrance_unverified,2502.2,2624.9,1.2
67245,11.81053,50.55139,south,227738.13372368083,44.0,0,False,road_route_found_entrance_unverified,1763.7,1980.5,35.7
67246,11.790748,50.552022,south,227738.13372368083,800.0,4,True,road_route_found_entrance_unverified,1275.0,1344.8,6.9
67247,11.789914,50.551498,south,227738.13372368083,450.0,3,True,road_route_found_entrance_unverified,1181.6,1178.1,12.0
67248,11.787862950000001,50.55065175,south,227738.13372368083,7600.0,40,True,road_route_found_entrance_unverified,973.1,946.6,1.6
67249,11.788119,50.5500495,south,227738.13372368083,600.0,4,True,road_route_found_entrance_unverified,885.8,882.3,11.2
67250,11.789408,50.549261,south,227738.13372368083,150.0,2,False,road_route_found_entrance_unverified,989.4,1003.9,12.0
67251,11.825434,50.56249,south,226567.23007720607,50.0,0,False,unconfirmed,,,
67252,11.811129,50.573284,south,226136.2459447643,22.0,0,False,unconfirmed,,,
67255,11.830321000000001,50.493884,south,234886.09498407022,88.0,0,False,unconfirmed,,,
67256,11.830025,50.493869,south,234883.20151512668,22.0,0,False,unconfirmed,,,
67257,11.830025,50.493869,south,234883.20151512668,22.0,0,False,unconfirmed,,,
67262,11.79556,50.4278,south,242087.8711970928,93.0,0,False,unconfirmed,,,
67263,11.817399,50.403235,south,243206.8679141236,22.0,0,False,unconfirmed,,,
