direction,section,site_row,status,review_reason,access_m,return_m,snap_m,power_kw,fast_points,review_detail
north,,794,unconfirmed,route_unconfirmed,,,,22.0,0,Подъезд превышает 3 км; До ближайшей дороги больше 60 м
north,,797,unconfirmed,route_unconfirmed,,,,66.0,0,Подъезд превышает 3 км
north,,798,unconfirmed,route_unconfirmed,,,,44.0,0,Подъезд превышает 3 км
north,,801,road_route_found_entrance_unverified,,1564.8,1499.0,12.3,44.0,0,
north,,807,road_route_found_entrance_unverified,,862.3,812.2,1.3,22.0,0,
north,,840,unconfirmed,route_unconfirmed,,,,22.0,0,Подъезд превышает 3 км
north,,847,unconfirmed,route_unconfirmed,,,,22.0,0,Подъезд превышает 3 км
north,,848,unconfirmed,route_unconfirmed,,,,44.0,0,Подъезд превышает 3 км
north,,849,road_route_found_entrance_unverified,,2284.0,1783.9,7.5,450.0,4,
north,,850,unconfirmed,route_unconfirmed,,,,44.0,0,Подъезд превышает 3 км; Связь найдена с другим направлением
north,,851,unconfirmed,route_unconfirmed,,,,116.0,0,Подъезд превышает 3 км
north,,852,unconfirmed,route_unconfirmed,,,,22.0,0,Подъезд превышает 3 км
north,,853,unconfirmed,route_unconfirmed,,,,88.0,0,Подъезд превышает 3 км
north,,854,unconfirmed,route_unconfirmed,,,,88.0,0,Подъезд превышает 3 км
north,,855,unconfirmed,route_unconfirmed,,,,400.0,4,Подъезд превышает 3 км
north,,856,unconfirmed,route_unconfirmed,,,,22.0,0,Подъезд превышает 3 км
north,,857,unconfirmed,route_unconfirmed,,,,84.0,0,Подъезд превышает 3 км
north,,858,unconfirmed,route_unconfirmed,,,,44.0,0,Подъезд превышает 3 км
north,,859,unconfirmed,route_unconfirmed,,,,88.0,0,Подъезд превышает 3 км
north,,860,road_route_found_entrance_unverified,,448.9,400.4,3.8,98.0,0,
north,,861,unconfirmed,route_unconfirmed,,,,44.0,0,Подъезд превышает 3 км
north,,862,unconfirmed,route_unconfirmed,,,,50.0,0,Подъезд превышает 3 км
north,,863,unconfirmed,route_unconfirmed,,,,22.0,0,Подъезд превышает 3 км
north,,864,unconfirmed,route_unconfirmed,,,,44.0,0,Подъезд превышает 3 км
north,,865,unconfirmed,route_unconfirmed,,,,22.0,0,Подъезд превышает 3 км
north,,874,unconfirmed,route_unconfirmed,,,,44.0,0,Подъезд превышает 3 км
north,,875,unconfirmed,route_unconfirmed,,,,44.0,0,Подъезд превышает 3 км
north,,901,unconfirmed,route_unconfirmed,,,,44.0,0,Подъезд превышает 3 км; Связь найдена с другим направлением
north,,902,unconfirmed,route_unconfirmed,,,,44.0,0,Подъезд превышает 3 км
north,,903,unconfirmed,route_unconfirmed,,,,44.0,0,Подъезд превышает 3 км
north,,904,unconfirmed,route_unconfirmed,,,,22.0,0,Подъезд превышает 3 км
north,,905,road_route_found_entrance_unverified,,543.9,585.2,4.2,800.0,4,
north,,906,unconfirmed,route_unconfirmed,,,,11.0,0,Подъезд превышает 3 км
north,,907,unconfirmed,route_unconfirmed,,,,100.0,0,Подъезд превышает 3 км
north,,908,unconfirmed,route_unconfirmed,,,,44.0,0,Подъезд превышает 3 км
north,,909,road_route_found_entrance_unverified,,518.9,555.0,2.4,700.0,4,
north,,947,unconfirmed,route_unconfirmed,,,,44.0,0,Подъезд превышает 3 км
north,,964,road_route_found_entrance_unverified,,889.6,803.9,7.1,150.0,2,
north,,965,road_route_found_entrance_unverified,,1112.1,1139.9,5.3,22.0,0,
north,,966,road_route_found_entrance_unverified,,866.0,787.7,1.2,50.0,0,
north,,967,road_route_found_entrance_unverified,,989.5,931.1,9.1,33.0,0,
north,,968,road_route_found_entrance_unverified,,1647.9,1475.2,9.9,22.0,0,
north,,969,road_route_found_entrance_unverified,,1810.9,1885.9,10.9,110.0,0,
north,,970,road_route_found_entrance_unverified,,532.3,485.6,17.0,88.0,0,
north,,971,road_route_found_entrance_unverified,,1622.0,1672.0,8.0,72.0,0,
north,,972,road_route_found_entrance_unverified,,2479.0,2434.2,8.8,22.0,0,
north,,973,road_route_found_entrance_unverified,,2479.0,2434.2,8.8,22.0,0,
north,,974,road_route_found_entrance_unverified,,1215.1,930.3,5.2,44.0,0,
north,,975,road_route_found_entrance_unverified,,1214.4,931.0,7.1,44.0,0,
north,,976,road_route_found_entrance_unverified,,1236.9,1126.3,2.4,66.0,0,
north,,997,unconfirmed,route_unconfirmed,,,,88.0,0,Подъезд превышает 3 км
north,,1042,unconfirmed,route_unconfirmed,,,,40.0,0,Подъезд превышает 3 км
north,,1639,unconfirmed,route_unconfirmed,,,,11.0,0,Подъезд превышает 3 км
north,,1656,unconfirmed,route_unconfirmed,,,,44.0,0,"Требуется проверка доступа, барьеров или поворотов; Подъезд превышает 3 км"
north,,1657,unconfirmed,route_unconfirmed,,,,150.0,2,Подъезд превышает 3 км
north,,1660,unconfirmed,route_unconfirmed,,,,44.0,0,Подъезд превышает 3 км
north,,1665,unconfirmed,route_unconfirmed,,,,11.0,0,Подъезд превышает 3 км
north,,1666,road_route_found_entrance_unverified,,884.4,965.2,12.7,66.0,0,
north,,1667,road_route_found_entrance_unverified,,2475.2,2396.4,0.7,80.0,0,
north,,1668,road_route_found_entrance_unverified,,2470.1,2494.6,5.5,44.0,0,
north,,1669,unconfirmed,route_unconfirmed,,,,44.0,0,До ближайшей дороги больше 60 м
north,,1670,road_route_found_entrance_unverified,,713.1,801.7,7.1,900.0,6,
north,,1671,road_route_found_entrance_unverified,,786.8,907.5,3.8,2500.0,10,
north,,1672,road_route_found_entrance_unverified,,679.0,783.6,0.0,900.0,6,
north,,1673,road_route_found_entrance_unverified,,2798.7,2847.5,4.7,44.0,0,
north,,1674,unconfirmed,route_unconfirmed,,,,172.0,2,"Требуется проверка доступа, барьеров или поворотов"
north,,1675,road_route_found_entrance_unverified,,2790.4,2870.8,9.0,44.0,0,
north,,1676,road_route_found_entrance_unverified,,1475.2,1548.4,8.0,72.0,0,
north,,1677,road_route_found_entrance_unverified,,1478.1,1497.5,5.5,600.0,6,
north,,1678,unconfirmed,route_unconfirmed,,,,22.0,0,Подъезд превышает 3 км
north,,1679,unconfirmed,route_unconfirmed,,,,3.0,0,Подъезд превышает 3 км
north,,1680,unconfirmed,route_unconfirmed,,,,44.0,0,Подъезд превышает 3 км
north,,1681,unconfirmed,route_unconfirmed,,,,11.0,0,Подъезд превышает 3 км
north,,1682,unconfirmed,route_unconfirmed,,,,71.0,0,Подъезд превышает 3 км
north,,1683,unconfirmed,route_unconfirmed,,,,30.0,0,Подъезд превышает 3 км
north,,1684,unconfirmed,route_unconfirmed,,,,450.0,4,Подъезд превышает 3 км
north,,1698,unconfirmed,route_unconfirmed,,,,22.0,0,Подъезд превышает 3 км
north,,1699,unconfirmed,route_unconfirmed,,,,11.0,0,Подъезд превышает 3 км
north,,1700,unconfirmed,route_unconfirmed,,,,30.0,0,Подъезд превышает 3 км
north,,1701,road_route_found_entrance_unverified,,1994.3,2000.9,8.2,75.0,0,
north,,1702,road_route_found_entrance_unverified,,1000.9,1046.8,3.6,950.0,6,
north,,1703,road_route_found_entrance_unverified,,1954.0,1979.2,7.7,600.0,4,
north,,1705,road_route_found_entrance_unverified,,2233.6,2309.3,1.7,11.0,0,
north,,1706,unconfirmed,route_unconfirmed,,,,30.0,0,Подъезд превышает 3 км
north,,1707,unconfirmed,route_unconfirmed,,,,30.0,0,"Требуется проверка доступа, барьеров или поворотов"
north,,1708,unconfirmed,route_unconfirmed,,,,22.0,0,Подъезд превышает 3 км
north,,1709,unconfirmed,route_unconfirmed,,,,150.0,2,Подъезд превышает 3 км
north,,3200,unconfirmed,route_unconfirmed,,,,200.0,2,Подъезд превышает 3 км
north,,3276,road_route_found_entrance_unverified,,2027.5,1821.9,4.9,120.0,0,
north,,3277,road_route_found_entrance_unverified,,2024.7,2013.7,7.3,30.0,0,
north,,3278,unconfirmed,route_unconfirmed,,,,800.0,4,"Требуется проверка доступа, барьеров или поворотов; Подъезд превышает 3 км"
north,,3279,road_route_found_entrance_unverified,,2776.1,1592.6,0.4,44.0,0,
north,,3280,road_route_found_entrance_unverified,,2837.0,1577.3,0.9,44.0,0,
north,,3281,unconfirmed,route_unconfirmed,,,,44.0,0,Подъезд превышает 3 км
north,,3283,unconfirmed,route_unconfirmed,,,,22.0,0,Подъезд превышает 3 км
north,,3284,road_route_found_entrance_unverified,,2130.4,2238.3,8.6,30.0,0,
north,,3285,road_route_found_entrance_unverified,,2484.4,2493.5,2.6,11.0,0,
north,,3286,road_route_found_entrance_unverified,,2646.6,2718.3,9.4,30.0,0,
north,,3287,unconfirmed,route_unconfirmed,,,,30.0,0,"Требуется проверка доступа, барьеров или поворотов; Подъезд превышает 3 км"
north,,3288,road_route_found_entrance_unverified,,2605.9,2745.8,7.6,44.0,0,
north,,3289,road_route_found_entrance_unverified,,2108.2,2102.5,18.3,44.0,0,
north,,3291,unconfirmed,route_unconfirmed,,,,600.0,4,Подъезд превышает 3 км
north,,3292,unconfirmed,route_unconfirmed,,,,22.0,0,Подъезд превышает 3 км
north,,3293,unconfirmed,route_unconfirmed,,,,22.0,0,Подъезд превышает 3 км
north,,3294,unconfirmed,route_unconfirmed,,,,88.0,0,Подъезд превышает 3 км
north,,3295,unconfirmed,route_unconfirmed,,,,22.0,0,Подъезд превышает 3 км
north,,3297,unconfirmed,route_unconfirmed,,,,44.0,0,Подъезд превышает 3 км
north,,3298,road_route_found_entrance_unverified,,621.7,634.5,0.3,1800.0,12,
north,,3299,road_route_found_entrance_unverified,,2402.9,2389.7,15.2,33.0,0,
north,,3300,road_route_found_entrance_unverified,,2419.7,2434.0,8.3,22.0,0,
north,,3301,unconfirmed,route_unconfirmed,,,,44.0,0,Подъезд превышает 3 км
north,,3302,road_route_found_entrance_unverified,,2084.2,2298.7,13.6,3.0,0,
north,,3303,unconfirmed,route_unconfirmed,,,,30.0,0,Подъезд превышает 3 км
north,,3304,unconfirmed,route_unconfirmed,,,,30.0,0,Подъезд превышает 3 км
north,,3305,road_route_found_entrance_unverified,,2592.5,2215.2,7.0,22.0,0,
north,,3306,road_route_found_entrance_unverified,,2332.2,2293.5,3.6,94.0,0,
north,,3307,road_route_found_entrance_unverified,,2447.8,2832.2,9.9,11.0,0,
north,,3308,unconfirmed,route_unconfirmed,,,,22.0,0,"Требуется проверка доступа, барьеров или поворотов; Подъезд превышает 3 км"
north,,3309,road_route_found_entrance_unverified,,1873.6,1901.5,13.1,44.0,0,
north,,3310,unconfirmed,route_unconfirmed,,,,22.0,0,Подъезд превышает 3 км
north,,3313,road_route_found_entrance_unverified,,2455.7,2554.1,4.3,120.0,0,
north,,3314,unconfirmed,route_unconfirmed,,,,150.0,2,Подъезд превышает 3 км
north,,3315,unconfirmed,route_unconfirmed,,,,22.0,0,Подъезд превышает 3 км
north,,3320,road_route_found_entrance_unverified,,2259.1,2416.0,5.9,30.0,0,
north,,3321,unconfirmed,route_unconfirmed,,,,44.0,0,Подъезд превышает 3 км
north,,3323,unconfirmed,route_unconfirmed,,,,350.0,2,"Требуется проверка доступа, барьеров или поворотов"
north,,3324,road_route_found_entrance_unverified,,2854.2,2800.4,3.8,30.0,0,
north,,3325,unconfirmed,route_unconfirmed,,,,44.0,0,Подъезд превышает 3 км
north,,3326,unconfirmed,route_unconfirmed,,,,44.0,0,Подъезд превышает 3 км
north,,3327,unconfirmed,route_unconfirmed,,,,30.0,0,Подъезд превышает 3 км
north,,3328,unconfirmed,route_unconfirmed,,,,30.0,0,Подъезд превышает 3 км
north,,3329,unconfirmed,route_unconfirmed,,,,44.0,0,Подъезд превышает 3 км
north,,3330,unconfirmed,route_unconfirmed,,,,30.0,0,Подъезд превышает 3 км
north,,3331,unconfirmed,route_unconfirmed,,,,22.0,0,Подъезд превышает 3 км
north,,3332,unconfirmed,route_unconfirmed,,,,44.0,0,Подъезд превышает 3 км
north,,3333,unconfirmed,route_unconfirmed,,,,30.0,0,Подъезд превышает 3 км
north,,3334,road_route_found_entrance_unverified,,2867.1,2939.2,21.5,44.0,0,
north,,3335,unconfirmed,route_unconfirmed,,,,30.0,0,Подъезд превышает 3 км
north,,3336,unconfirmed,route_unconfirmed,,,,44.0,0,"Требуется проверка доступа, барьеров или поворотов"
north,,3337,road_route_found_entrance_unverified,,2536.4,2585.3,4.9,71.0,0,
north,,3338,unconfirmed,route_unconfirmed,,,,30.0,0,Подъезд превышает 3 км
north,,3355,unconfirmed,route_unconfirmed,,,,30.0,0,Подъезд превышает 3 км
north,,3358,unconfirmed,route_unconfirmed,,,,22.0,0,"Требуется проверка доступа, барьеров или поворотов; Подъезд превышает 3 км"
north,,3359,unconfirmed,route_unconfirmed,,,,400.0,0,Подъезд превышает 3 км
north,,3360,unconfirmed,route_unconfirmed,,,,30.0,0,Подъезд превышает 3 км; Возврат превышает предел пилота
north,,3363,unconfirmed,route_unconfirmed,,,,11.0,0,Подъезд превышает 3 км
north,,3364,unconfirmed,route_unconfirmed,,,,600.0,0,Подъезд превышает 3 км; Возврат превышает предел пилота
north,,3365,unconfirmed,route_unconfirmed,,,,11.0,0,"Требуется проверка доступа, барьеров или поворотов; Подъезд превышает 3 км"
north,,3367,unconfirmed,route_unconfirmed,,,,30.0,0,Подъезд превышает 3 км
north,,3369,unconfirmed,route_unconfirmed,,,,11.0,0,"Требуется проверка доступа, барьеров или поворотов"
north,,3376,unconfirmed,route_unconfirmed,,,,44.0,0,Подъезд превышает 3 км
north,,3377,unconfirmed,route_unconfirmed,,,,44.0,0,"Требуется проверка доступа, барьеров или поворотов"
north,,3378,unconfirmed,route_unconfirmed,,,,44.0,0,"Требуется проверка доступа, барьеров или поворотов; Подъезд превышает 3 км"
north,,3380,unconfirmed,route_unconfirmed,,,,154.0,0,"Требуется проверка доступа, барьеров или поворотов"
north,,3382,unconfirmed,route_unconfirmed,,,,44.0,0,Подъезд превышает 3 км
north,,3383,unconfirmed,route_unconfirmed,,,,44.0,0,"Требуется проверка доступа, барьеров или поворотов; Подъезд превышает 3 км"
north,,3384,unconfirmed,route_unconfirmed,,,,50.0,0,"Требуется проверка доступа, барьеров или поворотов; Подъезд превышает 3 км"
north,,3416,unconfirmed,route_unconfirmed,,,,72.0,0,"Требуется проверка доступа, барьеров или поворотов; Подъезд превышает 3 км"
north,,3417,unconfirmed,route_unconfirmed,,,,22.0,0,"Требуется проверка доступа, барьеров или поворотов; Подъезд превышает 3 км"
north,,3418,unconfirmed,route_unconfirmed,,,,50.0,0,"Требуется проверка доступа, барьеров или поворотов; Подъезд превышает 3 км"
north,,3419,unconfirmed,route_unconfirmed,,,,300.0,2,"Требуется проверка доступа, барьеров или поворотов; Подъезд превышает 3 км"
north,,3420,unconfirmed,route_unconfirmed,,,,11.0,0,"Требуется проверка доступа, барьеров или поворотов"
north,,3427,unconfirmed,route_unconfirmed,,,,44.0,0,Подъезд превышает 3 км
north,,3428,unconfirmed,route_unconfirmed,,,,44.0,0,Подъезд превышает 3 км
north,,3429,unconfirmed,route_unconfirmed,,,,88.0,0,Подъезд превышает 3 км
north,,3430,unconfirmed,route_unconfirmed,,,,72.0,0,"Требуется проверка доступа, барьеров или поворотов; Подъезд превышает 3 км"
north,,3431,unconfirmed,route_unconfirmed,,,,11.0,0,"Требуется проверка доступа, барьеров или поворотов"
north,,3432,unconfirmed,route_unconfirmed,,,,88.0,0,Подъезд превышает 3 км
north,,3433,unconfirmed,route_unconfirmed,,,,30.0,0,Подъезд превышает 3 км
north,,3434,unconfirmed,route_unconfirmed,,,,44.0,0,Подъезд превышает 3 км
north,,3437,unconfirmed,route_unconfirmed,,,,44.0,0,Подъезд превышает 3 км
north,,3438,unconfirmed,route_unconfirmed,,,,44.0,0,Подъезд превышает 3 км
north,,3439,unconfirmed,route_unconfirmed,,,,44.0,0,Причина не установлена: проверить топологию и координаты
north,,3440,unconfirmed,route_unconfirmed,,,,22.0,0,Подъезд превышает 3 км
north,,3441,unconfirmed,route_unconfirmed,,,,3500.0,14,Подъезд превышает 3 км
north,,3442,unconfirmed,route_unconfirmed,,,,1200.0,8,Подъезд превышает 3 км
north,,3443,unconfirmed,route_unconfirmed,,,,44.0,0,Подъезд превышает 3 км
north,,3446,unconfirmed,route_unconfirmed,,,,44.0,0,Подъезд превышает 3 км
north,,3447,unconfirmed,route_unconfirmed,,,,2100.0,8,Подъезд превышает 3 км
north,,3448,unconfirmed,route_unconfirmed,,,,22.0,0,Подъезд превышает 3 км
north,,3449,unconfirmed,route_unconfirmed,,,,22.0,0,Подъезд превышает 3 км
north,,3450,unconfirmed,route_unconfirmed,,,,22.0,0,Подъезд превышает 3 км
north,,3451,unconfirmed,route_unconfirmed,,,,11.0,0,Подъезд превышает 3 км
north,,3452,unconfirmed,route_unconfirmed,,,,33.0,0,Подъезд превышает 3 км
north,,3453,unconfirmed,route_unconfirmed,,,,44.0,0,Подъезд превышает 3 км
north,,3456,unconfirmed,route_unconfirmed,,,,22.0,0,Подъезд превышает 3 км
north,,3458,unconfirmed,route_unconfirmed,,,,44.0,0,"Требуется проверка доступа, барьеров или поворотов; Подъезд превышает 3 км"
north,,3459,unconfirmed,route_unconfirmed,,,,44.0,0,Подъезд превышает 3 км
north,,3460,unconfirmed,route_unconfirmed,,,,44.0,0,Подъезд превышает 3 км
north,,3461,unconfirmed,route_unconfirmed,,,,44.0,0,Подъезд превышает 3 км
north,,3463,unconfirmed,route_unconfirmed,,,,11.0,0,Подъезд превышает 3 км
north,,3464,unconfirmed,route_unconfirmed,,,,44.0,0,Подъезд превышает 3 км
north,,3465,unconfirmed,route_unconfirmed,,,,72.0,0,Подъезд превышает 3 км
north,,3466,unconfirmed,route_unconfirmed,,,,22.0,0,Подъезд превышает 3 км
north,,3467,unconfirmed,route_unconfirmed,,,,22.0,0,Подъезд превышает 3 км
north,,3469,unconfirmed,route_unconfirmed,,,,44.0,0,Подъезд превышает 3 км
north,,3470,unconfirmed,route_unconfirmed,,,,44.0,0,Подъезд превышает 3 км
north,,3471,unconfirmed,route_unconfirmed,,,,110.0,0,Подъезд превышает 3 км
north,,3473,unconfirmed,route_unconfirmed,,,,44.0,0,"Требуется проверка доступа, барьеров или поворотов"
north,,3484,unconfirmed,route_unconfirmed,,,,44.0,0,Подъезд превышает 3 км
north,,3485,unconfirmed,route_unconfirmed,,,,44.0,0,Подъезд превышает 3 км
north,,3488,unconfirmed,route_unconfirmed,,,,22.0,0,Подъезд превышает 3 км
north,,3489,unconfirmed,route_unconfirmed,,,,11.0,0,"Требуется проверка доступа, барьеров или поворотов; Подъезд превышает 3 км"
north,,3493,unconfirmed,route_unconfirmed,,,,22.0,0,Подъезд превышает 3 км
north,,3494,unconfirmed,route_unconfirmed,,,,44.0,0,Подъезд превышает 3 км
north,,3496,unconfirmed,route_unconfirmed,,,,44.0,0,Подъезд превышает 3 км
north,,3497,unconfirmed,route_unconfirmed,,,,44.0,0,Подъезд превышает 3 км
north,,3522,unconfirmed,route_unconfirmed,,,,44.0,0,Подъезд превышает 3 км
north,,3523,unconfirmed,route_unconfirmed,,,,44.0,0,Подъезд превышает 3 км; Связь найдена с другим направлением
north,,3524,unconfirmed,route_unconfirmed,,,,150.0,2,Подъезд превышает 3 км
north,,3525,unconfirmed,route_unconfirmed,,,,11.0,0,Подъезд превышает 3 км
north,,3526,unconfirmed,route_unconfirmed,,,,11.0,0,Подъезд превышает 3 км
north,,3527,unconfirmed,route_unconfirmed,,,,300.0,4,Подъезд превышает 3 км
north,,3528,unconfirmed,return_exceeds_pilot_3km,2454.9,5967.2,7.3,200.0,2,
north,,3529,unconfirmed,route_unconfirmed,,,,11.0,0,Подъезд превышает 3 км
north,,3530,unconfirmed,route_unconfirmed,,,,88.0,0,Подъезд превышает 3 км
north,,3531,unconfirmed,return_exceeds_pilot_3km,2813.1,5669.6,7.8,44.0,0,
north,,3532,unconfirmed,route_unconfirmed,,,,66.0,0,Подъезд превышает 3 км; Связь найдена с другим направлением
north,,3533,unconfirmed,route_unconfirmed,,,,11.0,0,Подъезд превышает 3 км
north,,3534,unconfirmed,route_unconfirmed,,,,44.0,0,Подъезд превышает 3 км
north,,3535,road_route_found_entrance_unverified,,883.4,426.6,2.7,150.0,1,
north,,3536,road_route_found_entrance_unverified,,1623.6,1694.6,9.0,150.0,1,
north,,3537,road_route_found_entrance_unverified,,910.2,399.8,6.4,700.0,2,
north,,3538,road_route_found_entrance_unverified,,885.9,424.1,8.3,93.0,0,
north,,3539,road_route_found_entrance_unverified,,1591.9,1726.4,5.8,700.0,2,
north,,3540,road_route_found_entrance_unverified,,1623.2,1695.1,9.5,93.0,0,
north,,3541,road_route_found_entrance_unverified,,910.2,399.8,6.4,1400.0,4,
north,,3542,road_route_found_entrance_unverified,,1591.9,1726.4,5.8,1400.0,4,
north,,3543,unconfirmed,route_unconfirmed,,,,300.0,4,"Требуется проверка доступа, барьеров или поворотов"
north,,3544,road_route_found_entrance_unverified,,1605.9,2084.0,2.7,44.0,0,
north,,3545,unconfirmed,route_unconfirmed,,,,220.0,0,"Требуется проверка доступа, барьеров или поворотов"
north,,3546,road_route_found_entrance_unverified,,2227.8,2722.3,4.0,44.0,0,
north,,3547,road_route_found_entrance_unverified,,1664.6,1993.5,8.8,44.0,0,
north,,3550,unconfirmed,route_unconfirmed,,,,44.0,0,Подъезд превышает 3 км
north,,3553,unconfirmed,route_unconfirmed,,,,44.0,0,Подъезд превышает 3 км
north,,3556,unconfirmed,route_unconfirmed,,,,72.0,0,Подъезд превышает 3 км
north,,3557,unconfirmed,route_unconfirmed,,,,150.0,2,Подъезд превышает 3 км
north,,3559,unconfirmed,route_unconfirmed,,,,11.0,0,Подъезд превышает 3 км
north,,3560,unconfirmed,route_unconfirmed,,,,44.0,0,Подъезд превышает 3 км
north,,3580,unconfirmed,route_unconfirmed,,,,44.0,0,Подъезд превышает 3 км
north,,3581,unconfirmed,route_unconfirmed,,,,150.0,2,Подъезд превышает 3 км
north,,3582,unconfirmed,route_unconfirmed,,,,44.0,0,Подъезд превышает 3 км
north,,3583,unconfirmed,route_unconfirmed,,,,44.0,0,Подъезд превышает 3 км
north,,3584,road_route_found_entrance_unverified,,784.6,782.2,9.1,1200.0,8,
north,,3585,road_route_found_entrance_unverified,,799.3,780.3,0.4,600.0,4,
north,,3586,unconfirmed,route_unconfirmed,,,,30.0,0,Подъезд превышает 3 км
north,,3587,unconfirmed,route_unconfirmed,,,,30.0,0,Подъезд превышает 3 км
north,,3588,road_route_found_entrance_unverified,,2976.2,2758.5,2.8,44.0,0,
north,,3589,road_route_found_entrance_unverified,,2970.8,2764.0,6.6,44.0,0,
north,,3590,road_route_found_entrance_unverified,,2738.8,2557.3,3.9,44.0,0,
north,,4247,unconfirmed,route_unconfirmed,,,,73.0,0,"Требуется проверка доступа, барьеров или поворотов"
north,,4248,unconfirmed,route_unconfirmed,,,,88.0,0,Подъезд превышает 3 км
north,,4249,unconfirmed,route_unconfirmed,,,,44.0,0,Подъезд превышает 3 км
north,,4250,unconfirmed,route_unconfirmed,,,,11.0,0,Подъезд превышает 3 км
north,,4251,unconfirmed,route_unconfirmed,,,,100.0,0,Подъезд превышает 3 км
north,,4252,unconfirmed,route_unconfirmed,,,,22.0,0,Подъезд превышает 3 км
north,,4253,unconfirmed,route_unconfirmed,,,,44.0,0,Подъезд превышает 3 км
north,,4254,unconfirmed,route_unconfirmed,,,,44.0,0,Подъезд превышает 3 км
north,,4255,unconfirmed,route_unconfirmed,,,,11.0,0,Подъезд превышает 3 км
north,,4296,road_route_found_entrance_unverified,,1418.4,1205.5,7.1,140.0,0,
north,,4297,road_route_found_entrance_unverified,,1330.0,1153.3,1.4,900.0,6,
north,,4298,unconfirmed,route_unconfirmed,,,,44.0,0,"Требуется проверка доступа, барьеров или поворотов"
north,,4299,unconfirmed,route_unconfirmed,,,,44.0,0,Подъезд превышает 3 км
north,,4300,road_route_found_entrance_unverified,,2685.9,2988.4,0.4,20.0,0,
north,,4301,road_route_found_entrance_unverified,,2267.1,2087.5,29.8,132.0,0,
north,,4302,unconfirmed,return_exceeds_pilot_3km,2839.3,3076.7,6.8,100.0,0,
north,,4303,road_route_found_entrance_unverified,,2337.4,2789.7,3.3,22.0,0,
north,,4304,unconfirmed,route_unconfirmed,,,,44.0,0,Подъезд превышает 3 км
north,,4305,road_route_found_entrance_unverified,,1479.1,1982.3,5.3,44.0,0,
north,,4306,road_route_found_entrance_unverified,,2464.7,2310.5,6.7,3000.0,12,
north,,4307,road_route_found_entrance_unverified,,2350.1,2172.1,15.1,88.0,0,
north,,4308,unconfirmed,route_unconfirmed,,,,11.0,0,До ближайшей дороги больше 60 м
north,,4309,road_route_found_entrance_unverified,,1429.0,2009.9,8.3,22.0,0,
north,,4310,unconfirmed,return_exceeds_pilot_3km,2967.9,3535.0,7.1,44.0,0,
north,,4311,unconfirmed,route_unconfirmed,,,,44.0,0,Подъезд превышает 3 км
north,,4312,road_route_found_entrance_unverified,,85.5,799.6,2.3,150.0,2,
north,,4313,unconfirmed,route_unconfirmed,,,,93.0,0,Причина не установлена: проверить топологию и координаты; Связь найдена с другим направлением
north,,4314,road_route_found_entrance_unverified,,2064.3,2462.2,0.2,44.0,0,
north,,4315,unconfirmed,route_unconfirmed,,,,44.0,0,Подъезд превышает 3 км
north,,4316,unconfirmed,route_unconfirmed,,,,1500.0,10,Подъезд превышает 3 км
north,,4317,unconfirmed,route_unconfirmed,,,,44.0,0,Подъезд превышает 3 км
north,,4318,road_route_found_entrance_unverified,,2382.8,2274.5,14.3,22.0,0,
north,,4319,unconfirmed,route_unconfirmed,,,,44.0,0,Подъезд превышает 3 км
north,,4326,unconfirmed,route_unconfirmed,,,,22.0,0,Подъезд превышает 3 км
north,,4327,road_route_found_entrance_unverified,,1348.0,1429.0,18.0,44.0,0,
north,,4328,unconfirmed,route_unconfirmed,,,,93.0,0,Подъезд превышает 3 км
north,,4329,unconfirmed,route_unconfirmed,,,,44.0,0,Подъезд превышает 3 км
north,,4330,unconfirmed,route_unconfirmed,,,,600.0,4,Подъезд превышает 3 км
north,,4331,unconfirmed,route_unconfirmed,,,,33.0,0,Подъезд превышает 3 км
north,,4332,unconfirmed,route_unconfirmed,,,,600.0,4,Подъезд превышает 3 км
north,,4333,unconfirmed,route_unconfirmed,,,,300.0,4,Подъезд превышает 3 км
north,,4334,unconfirmed,route_unconfirmed,,,,44.0,0,Подъезд превышает 3 км
north,,4335,unconfirmed,route_unconfirmed,,,,22.0,0,Подъезд превышает 3 км
north,,4336,unconfirmed,route_unconfirmed,,,,88.0,0,Подъезд превышает 3 км
north,,4337,unconfirmed,route_unconfirmed,,,,22.0,0,Подъезд превышает 3 км
north,,4338,unconfirmed,route_unconfirmed,,,,3000.0,12,Подъезд превышает 3 км
north,,4339,unconfirmed,route_unconfirmed,,,,150.0,2,Подъезд превышает 3 км
north,,4340,unconfirmed,route_unconfirmed,,,,44.0,0,Подъезд превышает 3 км
north,,4676,unconfirmed,route_unconfirmed,,,,11.0,0,Подъезд превышает 3 км
north,,4677,unconfirmed,route_unconfirmed,,,,110.0,0,Подъезд превышает 3 км
north,,4678,unconfirmed,route_unconfirmed,,,,44.0,0,Подъезд превышает 3 км
north,,4679,unconfirmed,route_unconfirmed,,,,22.0,0,Подъезд превышает 3 км
north,,4680,unconfirmed,route_unconfirmed,,,,720.0,4,Подъезд превышает 3 км
north,,4681,unconfirmed,route_unconfirmed,,,,71.0,0,Подъезд превышает 3 км
north,,4682,unconfirmed,route_unconfirmed,,,,622.0,4,Подъезд превышает 3 км
north,,4684,unconfirmed,route_unconfirmed,,,,88.0,0,Подъезд превышает 3 км
north,,4685,unconfirmed,route_unconfirmed,,,,194.0,0,Подъезд превышает 3 км
north,,4686,unconfirmed,route_unconfirmed,,,,150.0,2,Подъезд превышает 3 км
north,,4687,unconfirmed,route_unconfirmed,,,,44.0,0,Подъезд превышает 3 км
north,,4688,unconfirmed,route_unconfirmed,,,,11.0,0,Подъезд превышает 3 км
north,,4690,unconfirmed,route_unconfirmed,,,,33.0,0,Подъезд превышает 3 км
north,,4691,unconfirmed,route_unconfirmed,,,,154.0,0,Подъезд превышает 3 км
north,,4692,unconfirmed,route_unconfirmed,,,,22.0,0,Подъезд превышает 3 км
north,,4693,unconfirmed,route_unconfirmed,,,,11.0,0,Подъезд превышает 3 км
north,,4694,unconfirmed,route_unconfirmed,,,,35.0,0,Подъезд превышает 3 км
north,,4695,unconfirmed,route_unconfirmed,,,,110.0,0,Подъезд превышает 3 км
north,,4696,unconfirmed,return_exceeds_pilot_3km,2964.9,3134.2,12.6,22.0,0,
north,,4697,unconfirmed,return_exceeds_pilot_3km,2980.4,3118.7,16.7,30.0,0,
north,,4698,unconfirmed,route_unconfirmed,,,,22.0,0,"Требуется проверка доступа, барьеров или поворотов; Подъезд превышает 3 км"
north,,4699,unconfirmed,route_unconfirmed,,,,44.0,0,Подъезд превышает 3 км
north,,4700,unconfirmed,route_unconfirmed,,,,320.0,2,Подъезд превышает 3 км
north,,4701,unconfirmed,route_unconfirmed,,,,22.0,0,Подъезд превышает 3 км
north,,4703,unconfirmed,route_unconfirmed,,,,50.0,0,Подъезд превышает 3 км
north,,4707,unconfirmed,route_unconfirmed,,,,44.0,0,Подъезд превышает 3 км
north,,4711,road_route_found_entrance_unverified,,2960.2,2992.8,20.3,44.0,0,
north,,4712,unconfirmed,route_unconfirmed,,,,150.0,1,Подъезд превышает 3 км
north,,4713,unconfirmed,route_unconfirmed,,,,22.0,0,Подъезд превышает 3 км
north,,4715,unconfirmed,route_unconfirmed,,,,44.0,0,"Требуется проверка доступа, барьеров или поворотов"
north,,4716,road_route_found_entrance_unverified,,2759.6,2786.5,5.3,2000.0,8,
north,,4717,unconfirmed,route_unconfirmed,,,,11.0,0,Подъезд превышает 3 км
north,,4718,unconfirmed,route_unconfirmed,,,,22.0,0,Подъезд превышает 3 км
north,,4719,unconfirmed,route_unconfirmed,,,,22.0,0,Подъезд превышает 3 км
north,,4720,unconfirmed,route_unconfirmed,,,,51.0,0,Подъезд превышает 3 км
north,,4721,road_route_found_entrance_unverified,,2927.3,2986.8,2.1,22.0,0,
north,,4722,unconfirmed,return_exceeds_pilot_3km,2999.9,3040.0,23.1,41.0,0,
north,,4723,unconfirmed,route_unconfirmed,,,,93.0,0,"Требуется проверка доступа, барьеров или поворотов"
north,,4724,road_route_found_entrance_unverified,,2805.2,2801.2,8.1,110.0,0,
north,,4725,road_route_found_entrance_unverified,,2765.4,2771.8,1.6,110.0,0,
north,,4726,unconfirmed,return_exceeds_pilot_3km,2885.2,3152.1,20.0,200.0,2,
north,,4727,road_route_found_entrance_unverified,,2656.7,2925.1,11.1,93.0,0,
north,,4728,road_route_found_entrance_unverified,,2696.9,2945.3,26.2,22.0,0,
north,,4729,road_route_found_entrance_unverified,,2767.7,2939.6,29.3,270.0,0,
north,,4730,unconfirmed,route_unconfirmed,,,,66.0,0,"Требуется проверка доступа, барьеров или поворотов"
north,,4731,road_route_found_entrance_unverified,,2447.1,2525.0,5.5,1500.0,6,
north,,4838,unconfirmed,route_unconfirmed,,,,150.0,2,Подъезд превышает 3 км; Связь найдена с другим направлением
north,,4839,unconfirmed,route_unconfirmed,,,,44.0,0,Подъезд превышает 3 км
north,,4840,unconfirmed,route_unconfirmed,,,,11.0,0,Подъезд превышает 3 км
north,,4841,unconfirmed,route_unconfirmed,,,,22.0,0,Подъезд превышает 3 км
north,,4854,unconfirmed,route_unconfirmed,,,,110.0,0,Подъезд превышает 3 км
north,,4855,unconfirmed,route_unconfirmed,,,,33.0,0,Подъезд превышает 3 км
north,,4856,unconfirmed,route_unconfirmed,,,,110.0,0,Подъезд превышает 3 км
north,,4857,unconfirmed,route_unconfirmed,,,,150.0,2,Подъезд превышает 3 км
north,,4858,unconfirmed,route_unconfirmed,,,,44.0,0,Подъезд превышает 3 км
north,,4859,unconfirmed,route_unconfirmed,,,,22.0,0,Подъезд превышает 3 км
north,,4860,unconfirmed,route_unconfirmed,,,,200.0,2,Подъезд превышает 3 км
north,,4861,unconfirmed,route_unconfirmed,,,,11.0,0,Подъезд превышает 3 км
north,,4862,unconfirmed,route_unconfirmed,,,,44.0,0,Подъезд превышает 3 км
north,,4869,unconfirmed,route_unconfirmed,,,,22.0,0,Подъезд превышает 3 км
north,,4870,road_route_found_entrance_unverified,,485.2,397.9,1.7,150.0,1,
north,,4871,unconfirmed,route_unconfirmed,,,,150.0,1,Причина не установлена: проверить топологию и координаты; Связь найдена с другим направлением
north,,4872,road_route_found_entrance_unverified,,537.9,345.2,7.8,93.0,0,
north,,4873,unconfirmed,route_unconfirmed,,,,93.0,0,Причина не установлена: проверить топологию и координаты; Связь найдена с другим направлением
north,,4874,unconfirmed,route_unconfirmed,,,,66.0,0,Подъезд превышает 3 км
north,,4875,road_route_found_entrance_unverified,,1765.7,1812.0,11.3,11.0,0,
north,,4876,road_route_found_entrance_unverified,,2430.8,2364.7,9.3,88.0,0,
north,,4877,unconfirmed,route_unconfirmed,,,,150.0,2,Подъезд превышает 3 км
north,,4878,unconfirmed,route_unconfirmed,,,,66.0,0,Подъезд превышает 3 км
north,,4879,unconfirmed,route_unconfirmed,,,,22.0,0,Подъезд превышает 3 км
north,,4880,unconfirmed,route_unconfirmed,,,,22.0,0,Подъезд превышает 3 км
north,,4881,road_route_found_entrance_unverified,,2374.3,2428.1,5.1,30.0,0,
north,,4923,road_route_found_entrance_unverified,,1137.3,1120.1,9.9,900.0,6,
north,,4924,road_route_found_entrance_unverified,,1025.7,1102.8,9.0,1500.0,6,
north,,4925,unconfirmed,route_unconfirmed,,,,11.0,0,Подъезд превышает 3 км
north,,4926,road_route_found_entrance_unverified,,2886.5,2649.8,40.3,93.0,0,
north,,4927,unconfirmed,route_unconfirmed,,,,150.0,2,Подъезд превышает 3 км
north,,4928,unconfirmed,route_unconfirmed,,,,62.0,0,Подъезд превышает 3 км
north,,4929,unconfirmed,route_unconfirmed,,,,71.0,0,Подъезд превышает 3 км
north,,4930,unconfirmed,route_unconfirmed,,,,300.0,4,Подъезд превышает 3 км
north,,4933,road_route_found_entrance_unverified,,2337.4,2393.1,10.8,33.0,0,
north,,4934,road_route_found_entrance_unverified,,2336.5,2394.0,14.2,33.0,0,
north,,4938,unconfirmed,route_unconfirmed,,,,22.0,0,"Требуется проверка доступа, барьеров или поворотов; Подъезд превышает 3 км"
north,,4939,unconfirmed,route_unconfirmed,,,,322.0,4,Подъезд превышает 3 км
north,,4940,unconfirmed,route_unconfirmed,,,,97.0,0,Подъезд превышает 3 км
north,,4948,unconfirmed,route_unconfirmed,,,,44.0,0,Подъезд превышает 3 км
north,,4949,unconfirmed,route_unconfirmed,,,,44.0,0,Подъезд превышает 3 км
north,,4950,unconfirmed,route_unconfirmed,,,,22.0,0,Подъезд превышает 3 км
north,,4951,unconfirmed,route_unconfirmed,,,,50.0,0,Подъезд превышает 3 км
north,,4978,road_route_found_entrance_unverified,,2414.4,2465.3,24.5,150.0,2,
north,,4979,road_route_found_entrance_unverified,,1463.9,1550.8,21.6,1850.0,12,
north,,4980,road_route_found_entrance_unverified,,1481.7,1533.0,13.6,300.0,2,
north,,4981,road_route_found_entrance_unverified,,1481.7,1533.0,13.6,150.0,2,
north,,4982,road_route_found_entrance_unverified,,1481.7,1533.0,13.6,150.0,2,
north,,4983,road_route_found_entrance_unverified,,1481.7,1533.0,13.6,300.0,2,
north,,4984,road_route_found_entrance_unverified,,1481.7,1533.0,13.6,300.0,2,
north,,4985,road_route_found_entrance_unverified,,1481.7,1533.0,13.6,150.0,2,
north,,4986,road_route_found_entrance_unverified,,1481.7,1533.0,13.6,50.0,0,
north,,4994,road_route_found_entrance_unverified,,2831.3,2820.3,7.3,144.0,0,
north,,4995,road_route_found_entrance_unverified,,2946.2,2837.2,8.6,1600.0,8,
north,,4999,unconfirmed,route_unconfirmed,,,,22.0,0,"Требуется проверка доступа, барьеров или поворотов; Подъезд превышает 3 км"
north,,5008,unconfirmed,route_unconfirmed,,,,22.0,0,"Требуется проверка доступа, барьеров или поворотов; Подъезд превышает 3 км"
north,,5010,unconfirmed,route_unconfirmed,,,,44.0,0,Подъезд превышает 3 км
north,,5011,unconfirmed,route_unconfirmed,,,,164.0,0,"Требуется проверка доступа, барьеров или поворотов; Подъезд превышает 3 км"
north,,5012,unconfirmed,route_unconfirmed,,,,11.0,0,"Требуется проверка доступа, барьеров или поворотов; Подъезд превышает 3 км"
north,,5013,unconfirmed,route_unconfirmed,,,,450.0,4,Подъезд превышает 3 км
north,,5014,road_route_found_entrance_unverified,,2700.6,2757.7,16.5,22.0,0,
north,,5015,unconfirmed,route_unconfirmed,,,,22.0,0,Подъезд превышает 3 км
north,,5016,road_route_found_entrance_unverified,,691.7,841.5,5.5,600.0,4,
north,,5017,unconfirmed,route_unconfirmed,,,,66.0,0,"Требуется проверка доступа, барьеров или поворотов"
north,,5018,road_route_found_entrance_unverified,,2686.5,2737.6,3.1,22.0,0,
north,,5019,unconfirmed,route_unconfirmed,,,,150.0,2,Подъезд превышает 3 км
north,,5021,unconfirmed,route_unconfirmed,,,,11.0,0,Подъезд превышает 3 км
north,,5022,road_route_found_entrance_unverified,,2776.7,2954.0,11.8,11.0,0,
north,,5024,unconfirmed,route_unconfirmed,,,,11.0,0,Подъезд превышает 3 км
north,,5025,unconfirmed,route_unconfirmed,,,,176.0,0,Подъезд превышает 3 км
north,,5026,unconfirmed,route_unconfirmed,,,,88.0,0,"Требуется проверка доступа, барьеров или поворотов"
north,,5027,road_route_found_entrance_unverified,,1366.1,1509.3,44.0,300.0,3,
north,,5028,road_route_found_entrance_unverified,,979.8,1032.4,1.9,900.0,9,
north,,5029,road_route_found_entrance_unverified,,864.9,950.2,2.3,2500.0,10,
north,,5030,road_route_found_entrance_unverified,,1609.5,1691.2,36.9,44.0,0,
north,,5031,unconfirmed,route_unconfirmed,,,,30.0,0,Подъезд превышает 3 км
north,,5032,unconfirmed,route_unconfirmed,,,,22.0,0,Подъезд превышает 3 км
north,,5033,unconfirmed,route_unconfirmed,,,,11.0,0,Подъезд превышает 3 км
north,,5034,unconfirmed,route_unconfirmed,,,,11.0,0,Подъезд превышает 3 км
north,,5035,unconfirmed,route_unconfirmed,,,,22.0,0,Подъезд превышает 3 км
north,,5036,road_route_found_entrance_unverified,,1111.1,1093.2,43.9,600.0,4,
north,,5037,road_route_found_entrance_unverified,,468.4,253.0,9.5,150.0,1,
north,,5038,unconfirmed,route_unconfirmed,,,,150.0,1,Причина не установлена: проверить топологию и координаты; Связь найдена с другим направлением
north,,5039,road_route_found_entrance_unverified,,450.3,271.2,6.3,700.0,2,
north,,5040,unconfirmed,route_unconfirmed,,,,700.0,2,Причина не установлена: проверить топологию и координаты; Связь найдена с другим направлением
north,,5041,road_route_found_entrance_unverified,,531.2,297.1,11.4,93.0,0,
north,,5042,unconfirmed,route_unconfirmed,,,,93.0,0,Причина не установлена: проверить топологию и координаты; Связь найдена с другим направлением
north,,5043,road_route_found_entrance_unverified,,450.3,271.2,6.3,1400.0,4,
north,,5044,unconfirmed,route_unconfirmed,,,,1400.0,4,Причина не установлена: проверить топологию и координаты; Связь найдена с другим направлением
north,,5045,unconfirmed,route_unconfirmed,,,,30.0,0,Подъезд превышает 3 км
north,,5047,road_route_found_entrance_unverified,,633.8,662.4,6.6,300.0,2,
north,,5048,road_route_found_entrance_unverified,,633.8,662.4,6.6,300.0,2,
north,,5049,road_route_found_entrance_unverified,,604.0,668.7,5.6,2000.0,8,
north,,5050,road_route_found_entrance_unverified,,633.8,662.4,6.6,300.0,2,
north,,5051,road_route_found_entrance_unverified,,1737.7,1759.3,9.1,30.0,0,
north,,5052,road_route_found_entrance_unverified,,882.9,938.3,6.8,2400.0,12,
north,,5053,road_route_found_entrance_unverified,,1165.1,1193.4,10.4,30.0,0,
north,,5054,unconfirmed,route_unconfirmed,,,,30.0,0,Подъезд превышает 3 км
north,,5055,unconfirmed,route_unconfirmed,,,,150.0,2,Подъезд превышает 3 км
north,,5056,unconfirmed,route_unconfirmed,,,,44.0,0,Подъезд превышает 3 км
north,,5057,unconfirmed,route_unconfirmed,,,,132.0,0,Подъезд превышает 3 км
north,,5058,unconfirmed,route_unconfirmed,,,,88.0,0,Подъезд превышает 3 км
north,,5059,unconfirmed,route_unconfirmed,,,,30.0,0,Подъезд превышает 3 км
north,,5060,unconfirmed,route_unconfirmed,,,,22.0,0,Подъезд превышает 3 км
north,,5061,unconfirmed,route_unconfirmed,,,,88.0,0,Подъезд превышает 3 км
north,,5062,unconfirmed,route_unconfirmed,,,,88.0,0,Подъезд превышает 3 км
north,,5063,unconfirmed,route_unconfirmed,,,,150.0,2,Подъезд превышает 3 км
north,,5064,unconfirmed,route_unconfirmed,,,,44.0,0,Подъезд превышает 3 км
north,,5070,unconfirmed,route_unconfirmed,,,,88.0,0,"Требуется проверка доступа, барьеров или поворотов"
north,,5071,unconfirmed,route_unconfirmed,,,,198.0,0,"Требуется проверка доступа, барьеров или поворотов"
north,,5072,unconfirmed,route_unconfirmed,,,,44.0,0,Подъезд превышает 3 км; Связь найдена с другим направлением
north,,5073,unconfirmed,return_exceeds_pilot_3km,2584.4,5955.3,5.6,150.0,2,
north,,5319,unconfirmed,route_unconfirmed,,,,44.0,0,"Требуется проверка доступа, барьеров или поворотов; Подъезд превышает 3 км"
north,,5320,road_route_found_entrance_unverified,,2125.7,2230.8,6.0,88.0,0,
north,,5321,unconfirmed,route_unconfirmed,,,,44.0,0,Подъезд превышает 3 км
north,,5322,unconfirmed,route_unconfirmed,,,,300.0,0,Подъезд превышает 3 км
north,,5323,unconfirmed,route_unconfirmed,,,,66.0,0,Подъезд превышает 3 км
north,,5327,unconfirmed,route_unconfirmed,,,,71.0,0,Подъезд превышает 3 км; Связь найдена с другим направлением
north,,5332,road_route_found_entrance_unverified,,1513.8,1576.9,8.8,1400.0,10,
north,,5333,road_route_found_entrance_unverified,,1783.6,1888.5,9.5,22.0,0,
north,,5334,unconfirmed,route_unconfirmed,,,,110.0,0,Подъезд превышает 3 км
north,,5335,unconfirmed,route_unconfirmed,,,,44.0,0,Подъезд превышает 3 км
north,,5336,unconfirmed,route_unconfirmed,,,,44.0,0,Подъезд превышает 3 км
north,,5337,unconfirmed,route_unconfirmed,,,,44.0,0,"Требуется проверка доступа, барьеров или поворотов; Подъезд превышает 3 км"
north,,5338,unconfirmed,route_unconfirmed,,,,11.0,0,"Требуется проверка доступа, барьеров или поворотов"
north,,5339,unconfirmed,route_unconfirmed,,,,800.0,4,Подъезд превышает 3 км
north,,5340,unconfirmed,route_unconfirmed,,,,11.0,0,"Требуется проверка доступа, барьеров или поворотов"
north,,5341,unconfirmed,route_unconfirmed,,,,22.0,0,Подъезд превышает 3 км
north,,5342,unconfirmed,route_unconfirmed,,,,44.0,0,Подъезд превышает 3 км
north,,5343,unconfirmed,route_unconfirmed,,,,66.0,0,Подъезд превышает 3 км
north,,5347,unconfirmed,route_unconfirmed,,,,44.0,0,"Требуется проверка доступа, барьеров или поворотов; Подъезд превышает 3 км"
north,,5348,unconfirmed,route_unconfirmed,,,,22.0,0,Подъезд превышает 3 км; Связь найдена с другим направлением
north,,5349,road_route_found_entrance_unverified,,1615.1,1722.9,9.3,44.0,0,
north,,5350,road_route_found_entrance_unverified,,1826.9,1833.3,9.1,72.0,0,
north,,5351,unconfirmed,route_unconfirmed,,,,44.0,0,Подъезд превышает 3 км
north,,5352,unconfirmed,return_exceeds_pilot_3km,2867.6,3025.6,0.1,50.0,0,
north,,5353,unconfirmed,return_exceeds_pilot_3km,2880.7,3049.9,15.1,288.0,0,
north,,5354,road_route_found_entrance_unverified,,1195.4,1369.1,11.7,150.0,0,
north,,5355,road_route_found_entrance_unverified,,2022.5,2150.4,12.3,22.0,0,
north,,5356,road_route_found_entrance_unverified,,2022.5,2150.4,12.3,22.0,0,
north,,5367,unconfirmed,route_unconfirmed,,,,44.0,0,Подъезд превышает 3 км
north,,5368,unconfirmed,route_unconfirmed,,,,44.0,0,Подъезд превышает 3 км
north,,5369,unconfirmed,route_unconfirmed,,,,72.0,0,Подъезд превышает 3 км
north,,5370,unconfirmed,route_unconfirmed,,,,11.0,0,Подъезд превышает 3 км
north,,5371,unconfirmed,route_unconfirmed,,,,176.0,0,Подъезд превышает 3 км
north,,5372,unconfirmed,route_unconfirmed,,,,44.0,0,Подъезд превышает 3 км
north,,5373,unconfirmed,route_unconfirmed,,,,44.0,0,Подъезд превышает 3 км
north,,5374,unconfirmed,route_unconfirmed,,,,11.0,0,Подъезд превышает 3 км
north,,5375,unconfirmed,route_unconfirmed,,,,44.0,0,Подъезд превышает 3 км
north,,5378,unconfirmed,route_unconfirmed,,,,30.0,0,Подъезд превышает 3 км
north,,5380,unconfirmed,route_unconfirmed,,,,44.0,0,Подъезд превышает 3 км
north,,5381,unconfirmed,route_unconfirmed,,,,124.0,0,Подъезд превышает 3 км
north,,5382,unconfirmed,route_unconfirmed,,,,66.0,0,Подъезд превышает 3 км
north,,5383,unconfirmed,route_unconfirmed,,,,66.0,0,Подъезд превышает 3 км
north,,5384,unconfirmed,route_unconfirmed,,,,44.0,0,Подъезд превышает 3 км
north,,5385,unconfirmed,route_unconfirmed,,,,44.0,0,Подъезд превышает 3 км
north,,5386,unconfirmed,route_unconfirmed,,,,44.0,0,Подъезд превышает 3 км
north,,5387,unconfirmed,route_unconfirmed,,,,600.0,4,Подъезд превышает 3 км
north,,5388,unconfirmed,route_unconfirmed,,,,11.0,0,Подъезд превышает 3 км
north,,5389,unconfirmed,route_unconfirmed,,,,44.0,0,Подъезд превышает 3 км
north,,5395,unconfirmed,route_unconfirmed,,,,11.0,0,Подъезд превышает 3 км
north,,5396,unconfirmed,route_unconfirmed,,,,44.0,0,Подъезд превышает 3 км
north,,5397,unconfirmed,route_unconfirmed,,,,66.0,0,Подъезд превышает 3 км
north,,5398,unconfirmed,route_unconfirmed,,,,370.0,0,Подъезд превышает 3 км
north,,5399,unconfirmed,return_exceeds_pilot_3km,2634.0,3227.1,7.0,22.0,0,
north,,5400,unconfirmed,route_unconfirmed,,,,400.0,4,Подъезд превышает 3 км
north,,5401,unconfirmed,route_unconfirmed,,,,132.0,0,Подъезд превышает 3 км
north,,5402,unconfirmed,route_unconfirmed,,,,23.0,0,Подъезд превышает 3 км
north,,5403,unconfirmed,route_unconfirmed,,,,22.0,0,Подъезд превышает 3 км
north,,5404,unconfirmed,route_unconfirmed,,,,22.0,0,Подъезд превышает 3 км
north,,5405,unconfirmed,route_unconfirmed,,,,22.0,0,Подъезд превышает 3 км
north,,5406,unconfirmed,route_unconfirmed,,,,22.0,0,Подъезд превышает 3 км
north,,5407,unconfirmed,route_unconfirmed,,,,22.0,0,Подъезд превышает 3 км
north,,5408,unconfirmed,route_unconfirmed,,,,22.0,0,Подъезд превышает 3 км
north,,5409,unconfirmed,route_unconfirmed,,,,22.0,0,Подъезд превышает 3 км
north,,5410,unconfirmed,route_unconfirmed,,,,44.0,0,Подъезд превышает 3 км
north,,5441,unconfirmed,route_unconfirmed,,,,22.0,0,Подъезд превышает 3 км
north,,5442,unconfirmed,route_unconfirmed,,,,22.0,0,Подъезд превышает 3 км
north,,5443,road_route_found_entrance_unverified,,470.6,330.2,3.3,150.0,1,
north,,5444,unconfirmed,route_unconfirmed,,,,154.0,0,"Требуется проверка доступа, барьеров или поворотов; Подъезд превышает 3 км"
north,,5445,unconfirmed,route_unconfirmed,,,,110.0,0,Подъезд превышает 3 км
north,,5448,unconfirmed,route_unconfirmed,,,,71.0,0,Подъезд превышает 3 км
north,,5454,road_route_found_entrance_unverified,,1670.3,1828.4,8.0,33.0,0,
north,,5456,road_route_found_entrance_unverified,,458.3,342.5,8.9,93.0,0,
north,,5457,unconfirmed,route_unconfirmed,,,,282.0,0,"Требуется проверка доступа, барьеров или поворотов; Подъезд превышает 3 км"
north,,5458,unconfirmed,route_unconfirmed,,,,132.0,0,Подъезд превышает 3 км
north,,5460,unconfirmed,route_unconfirmed,,,,22.0,0,Подъезд превышает 3 км
north,,5462,unconfirmed,route_unconfirmed,,,,22.0,0,Подъезд превышает 3 км
north,,5463,unconfirmed,route_unconfirmed,,,,50.0,0,Подъезд превышает 3 км
north,,5465,road_route_found_entrance_unverified,,1031.1,1003.4,4.2,2400.0,12,
north,,5466,road_route_found_entrance_unverified,,1068.5,1012.8,5.0,2000.0,8,
north,,5467,road_route_found_entrance_unverified,,1118.4,1102.7,24.0,68.0,0,
north,,5468,road_route_found_entrance_unverified,,1716.9,1715.4,12.5,22.0,0,
north,,5473,unconfirmed,route_unconfirmed,,,,22.0,0,Подъезд превышает 3 км
north,,5478,unconfirmed,route_unconfirmed,,,,66.0,0,"Требуется проверка доступа, барьеров или поворотов; Подъезд превышает 3 км; До ближайшей дороги больше 60 м"
north,,6350,unconfirmed,route_unconfirmed,,,,22.0,0,Подъезд превышает 3 км
north,,6351,unconfirmed,route_unconfirmed,,,,30.0,0,Подъезд превышает 3 км; Связь найдена с другим направлением
north,,6352,unconfirmed,route_unconfirmed,,,,144.0,0,Подъезд превышает 3 км
north,,6353,unconfirmed,route_unconfirmed,,,,88.0,0,Подъезд превышает 3 км
north,,6354,road_route_found_entrance_unverified,,2590.8,2596.0,5.6,88.0,0,
north,,6355,unconfirmed,route_unconfirmed,,,,88.0,0,"Требуется проверка доступа, барьеров или поворотов"
north,,6356,unconfirmed,route_unconfirmed,,,,30.0,0,Подъезд превышает 3 км; Связь найдена с другим направлением
north,,6357,road_route_found_entrance_unverified,,2342.3,2434.6,4.1,44.0,0,
north,,6358,unconfirmed,route_unconfirmed,,,,88.0,0,"Требуется проверка доступа, барьеров или поворотов"
north,,6359,road_route_found_entrance_unverified,,2586.2,2620.4,7.0,88.0,0,
north,,6361,unconfirmed,route_unconfirmed,,,,50.0,0,Причина не установлена: проверить топологию и координаты
north,,6362,unconfirmed,route_unconfirmed,,,,30.0,0,Причина не установлена: проверить топологию и координаты
north,,6363,unconfirmed,route_unconfirmed,,,,44.0,0,Причина не установлена: проверить топологию и координаты
north,,6364,unconfirmed,route_unconfirmed,,,,50.0,0,Причина не установлена: проверить топологию и координаты
north,,6366,road_route_found_entrance_unverified,,1464.1,1346.0,25.1,22.0,0,
north,,6367,unconfirmed,route_unconfirmed,,,,72.0,0,Подъезд превышает 3 км
north,,6368,unconfirmed,route_unconfirmed,,,,22.0,0,Подъезд превышает 3 км; Связь найдена с другим направлением
north,,6369,unconfirmed,route_unconfirmed,,,,44.0,0,Подъезд превышает 3 км
north,,6373,unconfirmed,route_unconfirmed,,,,22.0,0,Причина не установлена: проверить топологию и координаты; Дорога не найдена в пределах 200 м: проверить координаты и OSM
north,,6378,unconfirmed,route_unconfirmed,,,,44.0,0,Подъезд превышает 3 км
north,,6381,unconfirmed,route_unconfirmed,,,,44.0,0,Подъезд превышает 3 км
north,,6382,unconfirmed,route_unconfirmed,,,,30.0,0,Подъезд превышает 3 км
north,,6384,unconfirmed,route_unconfirmed,,,,30.0,0,Подъезд превышает 3 км
north,,6387,unconfirmed,route_unconfirmed,,,,30.0,0,Подъезд превышает 3 км
north,,6389,unconfirmed,route_unconfirmed,,,,22.0,0,Подъезд превышает 3 км
north,,6406,unconfirmed,route_unconfirmed,,,,44.0,0,Подъезд превышает 3 км
north,,6407,unconfirmed,route_unconfirmed,,,,850.0,4,Подъезд превышает 3 км
north,,6454,unconfirmed,route_unconfirmed,,,,11.0,0,Подъезд превышает 3 км
north,,6455,unconfirmed,route_unconfirmed,,,,22.0,0,Подъезд превышает 3 км
north,,6456,unconfirmed,route_unconfirmed,,,,4.0,0,Подъезд превышает 3 км
north,,6457,unconfirmed,route_unconfirmed,,,,22.0,0,Подъезд превышает 3 км
north,,6458,unconfirmed,route_unconfirmed,,,,22.0,0,Подъезд превышает 3 км
north,,6459,unconfirmed,route_unconfirmed,,,,44.0,0,Подъезд превышает 3 км
north,,6460,unconfirmed,route_unconfirmed,,,,22.0,0,Подъезд превышает 3 км
north,,6461,unconfirmed,route_unconfirmed,,,,44.0,0,Подъезд превышает 3 км
north,,6462,unconfirmed,route_unconfirmed,,,,44.0,0,Подъезд превышает 3 км
north,,6463,unconfirmed,route_unconfirmed,,,,66.0,0,Подъезд превышает 3 км
north,,6464,unconfirmed,route_unconfirmed,,,,30.0,0,Подъезд превышает 3 км
north,,6465,unconfirmed,route_unconfirmed,,,,88.0,0,Подъезд превышает 3 км
north,,6467,unconfirmed,route_unconfirmed,,,,22.0,0,Подъезд превышает 3 км
north,,6486,unconfirmed,route_unconfirmed,,,,30.0,0,Подъезд превышает 3 км
north,,6497,unconfirmed,route_unconfirmed,,,,44.0,0,Подъезд превышает 3 км
north,,6498,unconfirmed,route_unconfirmed,,,,36.0,0,Подъезд превышает 3 км
north,,6499,unconfirmed,route_unconfirmed,,,,66.0,0,Подъезд превышает 3 км
north,,6502,unconfirmed,route_unconfirmed,,,,30.0,0,Подъезд превышает 3 км
north,,6512,unconfirmed,route_unconfirmed,,,,600.0,8,Подъезд превышает 3 км
north,,6515,unconfirmed,route_unconfirmed,,,,800.0,4,Подъезд превышает 3 км
north,,6518,unconfirmed,route_unconfirmed,,,,44.0,0,Подъезд превышает 3 км
north,,6519,unconfirmed,route_unconfirmed,,,,1600.0,12,Подъезд превышает 3 км
north,,6520,road_route_found_entrance_unverified,,2073.6,2032.9,8.3,22.0,0,
north,,6521,road_route_found_entrance_unverified,,638.7,728.3,30.9,372.0,0,
north,,6522,unconfirmed,route_unconfirmed,,,,22.0,0,Подъезд превышает 3 км
north,,6523,road_route_found_entrance_unverified,,1619.7,1651.6,7.3,50.0,0,
north,,6524,road_route_found_entrance_unverified,,1197.8,1170.1,6.8,900.0,6,
north,,6525,road_route_found_entrance_unverified,,2145.1,2039.1,8.2,100.0,0,
north,,6526,road_route_found_entrance_unverified,,2419.0,2319.5,4.6,44.0,0,
north,,6527,road_route_found_entrance_unverified,,645.8,824.7,5.9,84.0,0,
north,,6528,road_route_found_entrance_unverified,,2671.6,2516.5,9.0,50.0,0,
north,,6529,road_route_found_entrance_unverified,,1812.1,1747.2,8.8,44.0,0,
north,,6530,road_route_found_entrance_unverified,,2792.0,2675.5,7.8,50.0,0,
north,,6531,unconfirmed,route_unconfirmed,,,,11.0,0,"Требуется проверка доступа, барьеров или поворотов"
north,,6532,road_route_found_entrance_unverified,,2253.9,2209.4,9.7,50.0,0,
north,,6533,road_route_found_entrance_unverified,,1059.8,1505.8,10.8,620.0,4,
north,,6534,road_route_found_entrance_unverified,,2280.9,2172.9,14.2,44.0,0,
north,,6535,road_route_found_entrance_unverified,,1913.8,1841.3,8.7,50.0,0,
north,,6536,unconfirmed,route_unconfirmed,,,,44.0,0,"Требуется проверка доступа, барьеров или поворотов"
north,,6537,road_route_found_entrance_unverified,,2410.7,2463.6,5.5,50.0,0,
north,,6538,road_route_found_entrance_unverified,,2672.3,2693.6,3.5,44.0,0,
north,,6539,unconfirmed,route_unconfirmed,,,,800.0,4,Подъезд превышает 3 км
north,,6540,road_route_found_entrance_unverified,,2130.5,2071.6,9.2,50.0,0,
north,,6541,road_route_found_entrance_unverified,,2053.1,2281.4,10.6,50.0,0,
north,,6542,road_route_found_entrance_unverified,,2649.7,2629.7,21.4,44.0,0,
north,,6543,road_route_found_entrance_unverified,,2522.3,2420.7,7.9,30.0,0,
north,,6544,unconfirmed,route_unconfirmed,,,,50.0,0,Подъезд превышает 3 км
north,,6546,unconfirmed,route_unconfirmed,,,,30.0,0,Подъезд превышает 3 км
north,,6547,road_route_found_entrance_unverified,,2171.3,2124.7,7.3,11.0,0,
north,,6548,road_route_found_entrance_unverified,,2410.6,2381.5,6.6,44.0,0,
north,,6549,road_route_found_entrance_unverified,,2523.5,2457.8,10.6,100.0,0,
north,,6550,road_route_found_entrance_unverified,,2904.7,2888.0,8.8,144.0,0,
north,,6551,road_route_found_entrance_unverified,,492.7,301.2,10.5,150.0,2,
north,,6552,road_route_found_entrance_unverified,,507.6,286.4,10.0,93.0,0,
north,,6553,unconfirmed,route_unconfirmed,,,,60.0,0,Подъезд превышает 3 км
north,,6554,unconfirmed,route_unconfirmed,,,,30.0,0,Подъезд превышает 3 км
north,,6555,unconfirmed,route_unconfirmed,,,,50.0,0,Подъезд превышает 3 км
north,,6556,unconfirmed,route_unconfirmed,,,,150.0,2,Подъезд превышает 3 км
north,,6557,unconfirmed,route_unconfirmed,,,,11.0,0,Подъезд превышает 3 км
north,,6558,unconfirmed,route_unconfirmed,,,,98.0,0,Причина не установлена: проверить топологию и координаты; Связь найдена с другим направлением
north,,6559,unconfirmed,route_unconfirmed,,,,30.0,0,Подъезд превышает 3 км
north,,6560,unconfirmed,route_unconfirmed,,,,44.0,0,Подъезд превышает 3 км
north,,6561,unconfirmed,route_unconfirmed,,,,44.0,0,Подъезд превышает 3 км
north,,6562,unconfirmed,route_unconfirmed,,,,44.0,0,Подъезд превышает 3 км
north,,6563,unconfirmed,route_unconfirmed,,,,150.0,1,Подъезд превышает 3 км
north,,6564,unconfirmed,route_unconfirmed,,,,39.0,0,Подъезд превышает 3 км
north,,6565,unconfirmed,route_unconfirmed,,,,39.0,0,Подъезд превышает 3 км
north,,6566,unconfirmed,route_unconfirmed,,,,44.0,0,"Требуется проверка доступа, барьеров или поворотов; Подъезд превышает 3 км"
north,,6567,unconfirmed,return_exceeds_pilot_3km,2919.3,3015.4,14.3,82.0,0,
north,,6568,unconfirmed,route_unconfirmed,,,,82.0,0,Подъезд превышает 3 км; Связь найдена с другим направлением
north,,6569,unconfirmed,route_unconfirmed,,,,44.0,0,Подъезд превышает 3 км
north,,6570,unconfirmed,route_unconfirmed,,,,150.0,2,Подъезд превышает 3 км
north,,6571,road_route_found_entrance_unverified,,2062.5,2304.9,23.7,22.0,0,
north,,6572,road_route_found_entrance_unverified,,2238.1,2242.8,10.2,44.0,0,
north,,6579,unconfirmed,route_unconfirmed,,,,44.0,0,Подъезд превышает 3 км
north,,6640,unconfirmed,route_unconfirmed,,,,22.0,0,Подъезд превышает 3 км
north,,6641,unconfirmed,route_unconfirmed,,,,44.0,0,Подъезд превышает 3 км
north,,6642,unconfirmed,route_unconfirmed,,,,44.0,0,Подъезд превышает 3 км
north,,6643,unconfirmed,route_unconfirmed,,,,22.0,0,Подъезд превышает 3 км
north,,6644,unconfirmed,route_unconfirmed,,,,50.0,0,Подъезд превышает 3 км
north,,6645,unconfirmed,route_unconfirmed,,,,66.0,0,Подъезд превышает 3 км
north,,6646,unconfirmed,route_unconfirmed,,,,900.0,6,Подъезд превышает 3 км
north,,6647,unconfirmed,route_unconfirmed,,,,110.0,0,Подъезд превышает 3 км
north,,6648,unconfirmed,route_unconfirmed,,,,176.0,0,Подъезд превышает 3 км
north,,6649,unconfirmed,route_unconfirmed,,,,22.0,0,Подъезд превышает 3 км
north,,6650,unconfirmed,route_unconfirmed,,,,44.0,0,Подъезд превышает 3 км
north,,6651,unconfirmed,route_unconfirmed,,,,44.0,0,Подъезд превышает 3 км
north,,6652,unconfirmed,route_unconfirmed,,,,1200.0,8,Подъезд превышает 3 км
north,,6653,unconfirmed,route_unconfirmed,,,,22.0,0,Подъезд превышает 3 км
north,,6654,unconfirmed,route_unconfirmed,,,,44.0,0,Подъезд превышает 3 км
north,,6656,unconfirmed,route_unconfirmed,,,,44.0,0,Подъезд превышает 3 км
north,,6657,unconfirmed,route_unconfirmed,,,,44.0,0,Подъезд превышает 3 км
north,,6658,unconfirmed,route_unconfirmed,,,,44.0,0,Подъезд превышает 3 км
north,,6659,unconfirmed,route_unconfirmed,,,,44.0,0,Подъезд превышает 3 км
north,,6660,unconfirmed,route_unconfirmed,,,,44.0,0,Подъезд превышает 3 км
north,,6661,unconfirmed,route_unconfirmed,,,,44.0,0,Подъезд превышает 3 км
north,,6662,unconfirmed,route_unconfirmed,,,,44.0,0,Подъезд превышает 3 км
north,,6663,unconfirmed,route_unconfirmed,,,,22.0,0,Подъезд превышает 3 км
north,,6664,unconfirmed,route_unconfirmed,,,,154.0,0,Подъезд превышает 3 км
north,,6665,unconfirmed,route_unconfirmed,,,,44.0,0,Подъезд превышает 3 км
north,,6666,unconfirmed,route_unconfirmed,,,,44.0,0,Подъезд превышает 3 км
north,,6667,unconfirmed,route_unconfirmed,,,,44.0,0,Подъезд превышает 3 км
north,,6668,unconfirmed,route_unconfirmed,,,,33.0,0,Подъезд превышает 3 км
north,,6669,unconfirmed,route_unconfirmed,,,,44.0,0,Подъезд превышает 3 км
north,,6670,unconfirmed,route_unconfirmed,,,,5.5,0,Подъезд превышает 3 км
north,,6671,unconfirmed,route_unconfirmed,,,,222.0,2,Подъезд превышает 3 км
north,,6672,road_route_found_entrance_unverified,,2255.4,2480.5,5.4,44.0,0,
north,,6673,unconfirmed,route_unconfirmed,,,,97.0,0,"Требуется проверка доступа, барьеров или поворотов; Подъезд превышает 3 км"
north,,6674,unconfirmed,route_unconfirmed,,,,600.0,4,Подъезд превышает 3 км
north,,6675,unconfirmed,route_unconfirmed,,,,88.0,0,Подъезд превышает 3 км
north,,6676,unconfirmed,route_unconfirmed,,,,94.0,0,Подъезд превышает 3 км
north,,6677,unconfirmed,route_unconfirmed,,,,22.0,0,Подъезд превышает 3 км
north,,6678,unconfirmed,route_unconfirmed,,,,11.0,0,Подъезд превышает 3 км
north,,6679,unconfirmed,route_unconfirmed,,,,44.0,0,Подъезд превышает 3 км
north,,6680,unconfirmed,route_unconfirmed,,,,44.0,0,Подъезд превышает 3 км
north,,6681,road_route_found_entrance_unverified,,1123.0,970.4,9.2,2000.0,8,
north,,6682,road_route_found_entrance_unverified,,2597.6,2588.1,2.3,22.0,0,
north,,6683,road_route_found_entrance_unverified,,2607.0,2690.3,5.1,22.0,0,
north,,6684,road_route_found_entrance_unverified,,1586.2,1611.6,5.6,44.0,0,
north,,6685,road_route_found_entrance_unverified,,2703.0,2708.8,6.5,44.0,0,
north,,6686,road_route_found_entrance_unverified,,1176.5,969.3,15.7,175.0,1,
north,,6687,road_route_found_entrance_unverified,,1176.5,969.3,15.7,175.0,1,
north,,6688,road_route_found_entrance_unverified,,1176.5,969.3,15.7,175.0,1,
north,,6689,road_route_found_entrance_unverified,,1176.5,969.3,15.7,175.0,1,
north,,6690,road_route_found_entrance_unverified,,1233.4,936.7,5.9,900.0,6,
north,,6691,road_route_found_entrance_unverified,,1817.6,1758.6,3.9,44.0,0,
north,,6692,road_route_found_entrance_unverified,,2081.8,2138.6,8.3,44.0,0,
north,,6693,road_route_found_entrance_unverified,,1872.5,2255.4,6.6,44.0,0,
north,,6694,road_route_found_entrance_unverified,,1951.1,1961.8,6.7,44.0,0,
north,,6695,road_route_found_entrance_unverified,,1980.6,2019.4,3.4,44.0,0,
north,,6696,road_route_found_entrance_unverified,,1412.0,1442.9,16.4,72.0,0,
north,,6697,road_route_found_entrance_unverified,,1103.0,1140.5,9.3,44.0,0,
north,,6698,road_route_found_entrance_unverified,,2239.3,2280.5,8.4,50.0,0,
north,,6699,road_route_found_entrance_unverified,,719.4,725.1,20.3,600.0,4,
north,,6700,road_route_found_entrance_unverified,,2283.0,2281.5,7.7,44.0,0,
north,,6701,road_route_found_entrance_unverified,,2124.6,2133.3,5.2,44.0,0,
north,,6702,road_route_found_entrance_unverified,,1404.0,1401.8,36.1,44.0,0,
north,,6703,road_route_found_entrance_unverified,,1158.8,1120.1,2.8,3000.0,12,
north,,6704,road_route_found_entrance_unverified,,2085.9,2096.3,10.1,44.0,0,
north,,6705,road_route_found_entrance_unverified,,1345.5,1482.2,9.0,44.0,0,
north,,6706,road_route_found_entrance_unverified,,1838.7,1884.0,8.3,50.0,0,
north,,6707,road_route_found_entrance_unverified,,1689.8,1657.4,5.4,44.0,0,
north,,6708,road_route_found_entrance_unverified,,1399.4,1215.5,6.3,44.0,0,
north,,6709,unconfirmed,route_unconfirmed,,,,44.0,0,Подъезд превышает 3 км
north,,6710,unconfirmed,route_unconfirmed,,,,44.0,0,Подъезд превышает 3 км
north,,6711,unconfirmed,route_unconfirmed,,,,94.0,0,Подъезд превышает 3 км
north,,6712,unconfirmed,route_unconfirmed,,,,44.0,0,Подъезд превышает 3 км
north,,6713,unconfirmed,route_unconfirmed,,,,22.0,0,Подъезд превышает 3 км
north,,6714,unconfirmed,route_unconfirmed,,,,44.0,0,Подъезд превышает 3 км
north,,6715,unconfirmed,route_unconfirmed,,,,44.0,0,Подъезд превышает 3 км
north,,6716,unconfirmed,route_unconfirmed,,,,44.0,0,Подъезд превышает 3 км
north,,6717,unconfirmed,route_unconfirmed,,,,44.0,0,Подъезд превышает 3 км
north,,7953,road_route_found_entrance_unverified,,2275.1,2363.7,13.6,50.0,0,
north,,7954,unconfirmed,route_unconfirmed,,,,44.0,0,Подъезд превышает 3 км
north,,7955,unconfirmed,route_unconfirmed,,,,93.0,0,"Требуется проверка доступа, барьеров или поворотов; Связь найдена с другим направлением"
north,,7957,unconfirmed,route_unconfirmed,,,,44.0,0,"Требуется проверка доступа, барьеров или поворотов; Подъезд превышает 3 км"
north,,7958,unconfirmed,route_unconfirmed,,,,3000.0,12,"Требуется проверка доступа, барьеров или поворотов; Подъезд превышает 3 км"
north,,7960,road_route_found_entrance_unverified,,1598.5,1655.6,9.2,44.0,0,
north,,7961,unconfirmed,route_unconfirmed,,,,11.0,0,Подъезд превышает 3 км
north,,7962,unconfirmed,route_unconfirmed,,,,44.0,0,Подъезд превышает 3 км
north,,7963,unconfirmed,route_unconfirmed,,,,772.0,4,Подъезд превышает 3 км
north,,7964,unconfirmed,route_unconfirmed,,,,44.0,0,Подъезд превышает 3 км
north,,7965,unconfirmed,route_unconfirmed,,,,44.0,0,Подъезд превышает 3 км
north,,7966,unconfirmed,route_unconfirmed,,,,98.0,0,"Требуется проверка доступа, барьеров или поворотов; Связь найдена с другим направлением"
north,,7968,unconfirmed,route_unconfirmed,,,,93.0,0,Подъезд превышает 3 км
north,,7970,unconfirmed,route_unconfirmed,,,,11.0,0,Подъезд превышает 3 км
north,,7971,road_route_found_entrance_unverified,,2747.5,2838.5,0.2,44.0,0,
north,,7974,unconfirmed,route_unconfirmed,,,,44.0,0,Подъезд превышает 3 км
north,,7976,unconfirmed,route_unconfirmed,,,,132.0,0,Подъезд превышает 3 км
north,,7977,unconfirmed,route_unconfirmed,,,,22.0,0,Подъезд превышает 3 км
north,,7978,road_route_found_entrance_unverified,,2215.6,2296.4,11.1,220.0,0,
north,,7982,unconfirmed,route_unconfirmed,,,,22.0,0,"Требуется проверка доступа, барьеров или поворотов; Подъезд превышает 3 км"
north,,7991,unconfirmed,route_unconfirmed,,,,33.0,0,Подъезд превышает 3 км
north,,8067,unconfirmed,route_unconfirmed,,,,110.0,0,Подъезд превышает 3 км
north,,8069,unconfirmed,route_unconfirmed,,,,22.0,0,Подъезд превышает 3 км
north,,8070,unconfirmed,route_unconfirmed,,,,22.0,0,Подъезд превышает 3 км
north,,8073,unconfirmed,route_unconfirmed,,,,22.0,0,Подъезд превышает 3 км
north,,8076,unconfirmed,route_unconfirmed,,,,44.0,0,Подъезд превышает 3 км
north,,8077,unconfirmed,route_unconfirmed,,,,772.0,6,Подъезд превышает 3 км
north,,8078,unconfirmed,route_unconfirmed,,,,24.0,0,"Требуется проверка доступа, барьеров или поворотов; Подъезд превышает 3 км"
north,,8079,unconfirmed,route_unconfirmed,,,,22.0,0,Подъезд превышает 3 км
north,,8080,unconfirmed,route_unconfirmed,,,,44.0,0,Подъезд превышает 3 км
north,,8081,unconfirmed,route_unconfirmed,,,,44.0,0,Подъезд превышает 3 км
north,,8082,unconfirmed,route_unconfirmed,,,,44.0,0,Подъезд превышает 3 км
north,,8083,unconfirmed,route_unconfirmed,,,,656.0,2,Подъезд превышает 3 км
north,,8086,unconfirmed,route_unconfirmed,,,,44.0,0,Подъезд превышает 3 км
north,,8087,unconfirmed,route_unconfirmed,,,,88.0,0,Подъезд превышает 3 км
north,,8090,unconfirmed,route_unconfirmed,,,,122.0,0,Подъезд превышает 3 км
north,,8095,unconfirmed,route_unconfirmed,,,,50.0,0,Подъезд превышает 3 км
north,,8096,unconfirmed,route_unconfirmed,,,,50.0,0,Подъезд превышает 3 км
north,,8097,unconfirmed,route_unconfirmed,,,,50.0,0,Подъезд превышает 3 км
north,,8098,unconfirmed,route_unconfirmed,,,,50.0,0,Подъезд превышает 3 км
north,,8099,unconfirmed,route_unconfirmed,,,,50.0,0,Подъезд превышает 3 км
north,,8100,unconfirmed,route_unconfirmed,,,,50.0,0,Подъезд превышает 3 км
north,,8101,unconfirmed,route_unconfirmed,,,,150.0,2,Подъезд превышает 3 км
north,,8102,unconfirmed,route_unconfirmed,,,,150.0,2,Подъезд превышает 3 км
north,,8103,unconfirmed,route_unconfirmed,,,,150.0,2,Подъезд превышает 3 км
north,,8104,unconfirmed,route_unconfirmed,,,,150.0,2,Подъезд превышает 3 км
north,,8105,unconfirmed,route_unconfirmed,,,,400.0,2,Подъезд превышает 3 км
north,,8106,unconfirmed,route_unconfirmed,,,,400.0,2,Подъезд превышает 3 км
north,,8107,unconfirmed,route_unconfirmed,,,,400.0,2,Подъезд превышает 3 км
north,,8108,unconfirmed,route_unconfirmed,,,,400.0,2,Подъезд превышает 3 км
north,,8109,unconfirmed,route_unconfirmed,,,,400.0,2,Подъезд превышает 3 км
north,,8110,unconfirmed,route_unconfirmed,,,,50.0,0,Подъезд превышает 3 км
north,,8111,unconfirmed,route_unconfirmed,,,,50.0,0,Подъезд превышает 3 км
north,,8112,unconfirmed,route_unconfirmed,,,,400.0,2,Подъезд превышает 3 км
north,,8116,road_route_found_entrance_unverified,,2409.4,2502.0,5.8,55.0,0,
north,,8120,unconfirmed,route_unconfirmed,,,,98.0,0,Причина не установлена: проверить топологию и координаты; Связь найдена с другим направлением
north,,8121,unconfirmed,route_unconfirmed,,,,150.0,2,Подъезд превышает 3 км
north,,8122,unconfirmed,route_unconfirmed,,,,176.0,0,Подъезд превышает 3 км
north,,8123,unconfirmed,route_unconfirmed,,,,22.0,0,Подъезд превышает 3 км
north,,8124,unconfirmed,route_unconfirmed,,,,44.0,0,Подъезд превышает 3 км
north,,8125,unconfirmed,route_unconfirmed,,,,88.0,0,Подъезд превышает 3 км
north,,8128,road_route_found_entrance_unverified,,2686.3,2771.3,4.9,30.0,0,
north,,8129,road_route_found_entrance_unverified,,2790.8,2893.7,9.5,30.0,0,
north,,8130,road_route_found_entrance_unverified,,2374.7,2439.5,9.0,88.0,0,
north,,8131,road_route_found_entrance_unverified,,2392.8,2129.3,7.2,20.0,0,
north,,8132,unconfirmed,route_unconfirmed,,,,88.0,0,Причина не установлена: проверить топологию и координаты
north,,8133,unconfirmed,route_unconfirmed,,,,44.0,0,Подъезд превышает 3 км
north,,8134,unconfirmed,route_unconfirmed,,,,44.0,0,Подъезд превышает 3 км
north,,8135,unconfirmed,route_unconfirmed,,,,44.0,0,Подъезд превышает 3 км
north,,8136,unconfirmed,route_unconfirmed,,,,44.0,0,Подъезд превышает 3 км
north,,8137,road_route_found_entrance_unverified,,2879.1,2555.5,5.2,132.0,0,
north,,8139,unconfirmed,route_unconfirmed,,,,94.0,0,Подъезд превышает 3 км
north,,8140,unconfirmed,route_unconfirmed,,,,44.0,0,Подъезд превышает 3 км
north,,8145,unconfirmed,route_unconfirmed,,,,286.0,0,Подъезд превышает 3 км
north,,8146,unconfirmed,route_unconfirmed,,,,30.0,0,Подъезд превышает 3 км
north,,8147,unconfirmed,route_unconfirmed,,,,44.0,0,Подъезд превышает 3 км
north,,8148,unconfirmed,route_unconfirmed,,,,94.0,0,Подъезд превышает 3 км
north,,8149,unconfirmed,route_unconfirmed,,,,22.0,0,"Требуется проверка доступа, барьеров или поворотов; Подъезд превышает 3 км"
north,,8151,unconfirmed,route_unconfirmed,,,,44.0,0,Подъезд превышает 3 км
north,,8152,unconfirmed,route_unconfirmed,,,,22.0,0,"Требуется проверка доступа, барьеров или поворотов; Подъезд превышает 3 км"
north,,8153,unconfirmed,route_unconfirmed,,,,22.0,0,Подъезд превышает 3 км
north,,8154,unconfirmed,route_unconfirmed,,,,22.0,0,Подъезд превышает 3 км
north,,8155,road_route_found_entrance_unverified,,2787.5,2717.7,8.1,44.0,0,
north,,8156,unconfirmed,route_unconfirmed,,,,88.0,0,Подъезд превышает 3 км
north,,8158,unconfirmed,route_unconfirmed,,,,30.0,0,Подъезд превышает 3 км
north,,8159,unconfirmed,route_unconfirmed,,,,1600.0,8,Подъезд превышает 3 км
north,,8160,unconfirmed,route_unconfirmed,,,,66.0,0,Подъезд превышает 3 км
north,,8164,unconfirmed,route_unconfirmed,,,,44.0,0,Подъезд превышает 3 км
north,,8165,unconfirmed,route_unconfirmed,,,,44.0,0,Подъезд превышает 3 км
north,,8166,unconfirmed,route_unconfirmed,,,,44.0,0,Подъезд превышает 3 км
north,,8167,unconfirmed,route_unconfirmed,,,,44.0,0,Подъезд превышает 3 км
north,,8168,unconfirmed,route_unconfirmed,,,,44.0,0,Подъезд превышает 3 км
north,,8170,unconfirmed,route_unconfirmed,,,,44.0,0,Подъезд превышает 3 км; Связь найдена с другим направлением
north,,8171,road_route_found_entrance_unverified,,1801.4,1784.6,4.4,1000.0,4,
north,,8172,unconfirmed,route_unconfirmed,,,,22.0,0,Подъезд превышает 3 км
north,,8173,unconfirmed,route_unconfirmed,,,,125.0,0,Подъезд превышает 3 км
north,,8174,unconfirmed,route_unconfirmed,,,,88.0,0,Подъезд превышает 3 км
north,,8175,road_route_found_entrance_unverified,,2282.0,2196.6,5.1,44.0,0,
north,,8176,road_route_found_entrance_unverified,,1725.1,1627.2,7.6,44.0,0,
north,,8177,unconfirmed,route_unconfirmed,,,,44.0,0,Подъезд превышает 3 км
north,,8178,unconfirmed,route_unconfirmed,,,,125.0,0,Подъезд превышает 3 км
north,,8180,unconfirmed,route_unconfirmed,,,,72.0,0,Подъезд превышает 3 км
north,,8181,unconfirmed,route_unconfirmed,,,,46.0,0,Подъезд превышает 3 км
north,,8182,unconfirmed,route_unconfirmed,,,,44.0,0,Подъезд превышает 3 км
north,,8184,unconfirmed,route_unconfirmed,,,,44.0,0,Подъезд превышает 3 км
north,,8185,unconfirmed,route_unconfirmed,,,,44.0,0,Подъезд превышает 3 км
north,,8214,unconfirmed,route_unconfirmed,,,,39.0,0,Подъезд превышает 3 км
north,,8215,unconfirmed,route_unconfirmed,,,,22.0,0,Подъезд превышает 3 км
north,,8216,unconfirmed,route_unconfirmed,,,,66.0,0,"Требуется проверка доступа, барьеров или поворотов; Подъезд превышает 3 км"
north,,8217,unconfirmed,route_unconfirmed,,,,39.0,0,Подъезд превышает 3 км
north,,8218,unconfirmed,route_unconfirmed,,,,78.0,0,Подъезд превышает 3 км
north,,8221,unconfirmed,route_unconfirmed,,,,44.0,0,"Требуется проверка доступа, барьеров или поворотов; Подъезд превышает 3 км"
north,,8222,unconfirmed,route_unconfirmed,,,,78.0,0,Подъезд превышает 3 км
north,,8223,unconfirmed,route_unconfirmed,,,,781.0,0,Подъезд превышает 3 км
north,,8224,unconfirmed,route_unconfirmed,,,,88.0,0,Подъезд превышает 3 км
north,,8225,unconfirmed,route_unconfirmed,,,,44.0,0,"Требуется проверка доступа, барьеров или поворотов; Подъезд превышает 3 км"
north,,8226,unconfirmed,route_unconfirmed,,,,78.0,0,Подъезд превышает 3 км
north,,8227,unconfirmed,route_unconfirmed,,,,300.0,2,Подъезд превышает 3 км
north,,8228,unconfirmed,route_unconfirmed,,,,450.0,4,Подъезд превышает 3 км
north,,8229,unconfirmed,route_unconfirmed,,,,308.0,0,Подъезд превышает 3 км
north,,8230,unconfirmed,route_unconfirmed,,,,220.0,0,Подъезд превышает 3 км
north,,8231,unconfirmed,route_unconfirmed,,,,66.0,0,Подъезд превышает 3 км
north,,8232,unconfirmed,route_unconfirmed,,,,44.0,0,Подъезд превышает 3 км
north,,8233,unconfirmed,route_unconfirmed,,,,78.0,0,Подъезд превышает 3 км
north,,8234,unconfirmed,route_unconfirmed,,,,150.0,2,Подъезд превышает 3 км
north,,8235,unconfirmed,route_unconfirmed,,,,22.0,0,"Требуется проверка доступа, барьеров или поворотов; Подъезд превышает 3 км"
north,,8236,unconfirmed,route_unconfirmed,,,,11.0,0,"Требуется проверка доступа, барьеров или поворотов; Подъезд превышает 3 км"
north,,8237,unconfirmed,route_unconfirmed,,,,39.0,0,Подъезд превышает 3 км
north,,8238,unconfirmed,route_unconfirmed,,,,78.0,0,Подъезд превышает 3 км
north,,8239,unconfirmed,route_unconfirmed,,,,44.0,0,Подъезд превышает 3 км
north,,8240,unconfirmed,route_unconfirmed,,,,50.0,0,Подъезд превышает 3 км
north,,8243,unconfirmed,route_unconfirmed,,,,39.0,0,Подъезд превышает 3 км
north,,8245,unconfirmed,route_unconfirmed,,,,22.0,0,Подъезд превышает 3 км
north,,8246,unconfirmed,route_unconfirmed,,,,78.0,0,Подъезд превышает 3 км
north,,8247,unconfirmed,route_unconfirmed,,,,44.0,0,"Требуется проверка доступа, барьеров или поворотов; Подъезд превышает 3 км"
north,,8249,unconfirmed,route_unconfirmed,,,,39.0,0,Подъезд превышает 3 км
north,,8277,unconfirmed,route_unconfirmed,,,,1210.0,0,Подъезд превышает 3 км
north,,8278,unconfirmed,route_unconfirmed,,,,22.0,0,Подъезд превышает 3 км
north,,8279,unconfirmed,route_unconfirmed,,,,11.0,0,"Требуется проверка доступа, барьеров или поворотов; Подъезд превышает 3 км"
north,,8280,unconfirmed,route_unconfirmed,,,,66.0,0,"Требуется проверка доступа, барьеров или поворотов; Подъезд превышает 3 км"
north,,8284,unconfirmed,route_unconfirmed,,,,88.0,0,Подъезд превышает 3 км
north,,8285,unconfirmed,route_unconfirmed,,,,44.0,0,"Требуется проверка доступа, барьеров или поворотов; Подъезд превышает 3 км"
north,,8286,unconfirmed,route_unconfirmed,,,,44.0,0,"Требуется проверка доступа, барьеров или поворотов; Подъезд превышает 3 км"
north,,8287,unconfirmed,route_unconfirmed,,,,39.0,0,"Требуется проверка доступа, барьеров или поворотов; Подъезд превышает 3 км"
north,,8289,unconfirmed,route_unconfirmed,,,,150.0,2,Подъезд превышает 3 км
north,,8290,unconfirmed,route_unconfirmed,,,,78.0,0,Подъезд превышает 3 км
north,,8291,unconfirmed,route_unconfirmed,,,,44.0,0,Подъезд превышает 3 км
north,,8292,unconfirmed,route_unconfirmed,,,,78.0,0,Подъезд превышает 3 км
north,,8293,unconfirmed,route_unconfirmed,,,,44.0,0,Подъезд превышает 3 км
north,,8294,unconfirmed,route_unconfirmed,,,,22.0,0,Подъезд превышает 3 км
north,,8296,unconfirmed,route_unconfirmed,,,,44.0,0,Подъезд превышает 3 км
north,,8298,unconfirmed,route_unconfirmed,,,,78.0,0,Подъезд превышает 3 км
north,,8300,unconfirmed,route_unconfirmed,,,,78.0,0,Подъезд превышает 3 км
north,,8301,unconfirmed,route_unconfirmed,,,,88.0,0,Подъезд превышает 3 км
north,,8302,unconfirmed,route_unconfirmed,,,,82.0,0,Подъезд превышает 3 км
north,,8303,unconfirmed,route_unconfirmed,,,,750.0,6,Подъезд превышает 3 км
north,,8304,unconfirmed,route_unconfirmed,,,,150.0,2,Подъезд превышает 3 км
north,,8305,unconfirmed,route_unconfirmed,,,,11.0,0,Подъезд превышает 3 км
north,,8306,unconfirmed,route_unconfirmed,,,,44.0,0,Подъезд превышает 3 км
north,,8307,unconfirmed,route_unconfirmed,,,,44.0,0,Подъезд превышает 3 км
north,,8308,unconfirmed,route_unconfirmed,,,,88.0,0,Подъезд превышает 3 км
north,,8309,unconfirmed,route_unconfirmed,,,,22.0,0,Подъезд превышает 3 км
north,,8310,unconfirmed,route_unconfirmed,,,,88.0,0,Подъезд превышает 3 км
north,,8311,unconfirmed,route_unconfirmed,,,,39.0,0,Подъезд превышает 3 км
north,,8312,unconfirmed,route_unconfirmed,,,,39.0,0,Подъезд превышает 3 км
north,,8313,unconfirmed,route_unconfirmed,,,,22.0,0,Подъезд превышает 3 км
north,,8314,unconfirmed,route_unconfirmed,,,,772.0,6,Подъезд превышает 3 км
north,,8315,unconfirmed,route_unconfirmed,,,,78.0,0,Подъезд превышает 3 км
north,,8316,unconfirmed,route_unconfirmed,,,,44.0,0,Подъезд превышает 3 км
north,,8317,unconfirmed,route_unconfirmed,,,,39.0,0,Подъезд превышает 3 км
north,,8318,unconfirmed,route_unconfirmed,,,,726.0,0,Подъезд превышает 3 км
north,,8319,unconfirmed,route_unconfirmed,,,,39.0,0,Подъезд превышает 3 км
north,,8320,unconfirmed,route_unconfirmed,,,,39.0,0,Подъезд превышает 3 км
north,,8321,unconfirmed,route_unconfirmed,,,,78.0,0,Подъезд превышает 3 км
north,,8322,unconfirmed,route_unconfirmed,,,,88.0,0,Подъезд превышает 3 км
north,,8323,unconfirmed,route_unconfirmed,,,,39.0,0,Подъезд превышает 3 км
north,,8324,unconfirmed,route_unconfirmed,,,,132.0,0,Подъезд превышает 3 км
north,,8325,unconfirmed,route_unconfirmed,,,,72.0,0,Подъезд превышает 3 км
north,,8326,unconfirmed,route_unconfirmed,,,,264.0,0,Подъезд превышает 3 км
north,,8327,unconfirmed,route_unconfirmed,,,,44.0,0,"Требуется проверка доступа, барьеров или поворотов; Подъезд превышает 3 км"
north,,8328,unconfirmed,route_unconfirmed,,,,150.0,2,Подъезд превышает 3 км
north,,8329,unconfirmed,route_unconfirmed,,,,88.0,0,Подъезд превышает 3 км
north,,8330,unconfirmed,route_unconfirmed,,,,22.0,0,Подъезд превышает 3 км
north,,8331,unconfirmed,route_unconfirmed,,,,22.0,0,Подъезд превышает 3 км
north,,8332,unconfirmed,route_unconfirmed,,,,22.0,0,Подъезд превышает 3 км
north,,8335,unconfirmed,route_unconfirmed,,,,44.0,0,Подъезд превышает 3 км
north,,8336,unconfirmed,route_unconfirmed,,,,44.0,0,Подъезд превышает 3 км
north,,8337,unconfirmed,route_unconfirmed,,,,78.0,0,Подъезд превышает 3 км
north,,8338,unconfirmed,route_unconfirmed,,,,900.0,8,Подъезд превышает 3 км
north,,8339,unconfirmed,route_unconfirmed,,,,22.0,0,Подъезд превышает 3 км
north,,8341,unconfirmed,route_unconfirmed,,,,154.0,0,Подъезд превышает 3 км
north,,8342,unconfirmed,route_unconfirmed,,,,22.0,0,Подъезд превышает 3 км
north,,8343,unconfirmed,route_unconfirmed,,,,44.0,0,Подъезд превышает 3 км
north,,8344,unconfirmed,route_unconfirmed,,,,71.0,0,Подъезд превышает 3 км
north,,8351,unconfirmed,route_unconfirmed,,,,22.0,0,Подъезд превышает 3 км
north,,8353,unconfirmed,route_unconfirmed,,,,39.0,0,Подъезд превышает 3 км
north,,8354,unconfirmed,route_unconfirmed,,,,132.0,0,Подъезд превышает 3 км
north,,8356,unconfirmed,route_unconfirmed,,,,44.0,0,Подъезд превышает 3 км
north,,8357,unconfirmed,route_unconfirmed,,,,44.0,0,Подъезд превышает 3 км
north,,8358,unconfirmed,route_unconfirmed,,,,44.0,0,Подъезд превышает 3 км
north,,8359,unconfirmed,route_unconfirmed,,,,22.0,0,Подъезд превышает 3 км
north,,8360,unconfirmed,route_unconfirmed,,,,22.0,0,"Требуется проверка доступа, барьеров или поворотов; Подъезд превышает 3 км"
north,,8361,unconfirmed,route_unconfirmed,,,,44.0,0,"Требуется проверка доступа, барьеров или поворотов; Подъезд превышает 3 км"
north,,8363,unconfirmed,route_unconfirmed,,,,44.0,0,Подъезд превышает 3 км
north,,8366,unconfirmed,route_unconfirmed,,,,88.0,0,Подъезд превышает 3 км
north,,8509,unconfirmed,route_unconfirmed,,,,30.0,0,Подъезд превышает 3 км
north,,8510,unconfirmed,route_unconfirmed,,,,30.0,0,Подъезд превышает 3 км
north,,8511,road_route_found_entrance_unverified,,2158.1,2678.6,9.7,60.0,0,
north,,8512,unconfirmed,route_unconfirmed,,,,150.0,2,Подъезд превышает 3 км
north,,8513,unconfirmed,route_unconfirmed,,,,150.0,2,Подъезд превышает 3 км
north,,8514,unconfirmed,route_unconfirmed,,,,30.0,0,Подъезд превышает 3 км
north,,8515,unconfirmed,route_unconfirmed,,,,22.0,0,Подъезд превышает 3 км; Связь найдена с другим направлением
north,,8516,unconfirmed,route_unconfirmed,,,,44.0,0,"Требуется проверка доступа, барьеров или поворотов; Подъезд превышает 3 км"
north,,8517,unconfirmed,route_unconfirmed,,,,22.0,0,"Требуется проверка доступа, барьеров или поворотов; Подъезд превышает 3 км"
north,,8518,unconfirmed,route_unconfirmed,,,,24.0,0,"Требуется проверка доступа, барьеров или поворотов"
north,,8519,unconfirmed,route_unconfirmed,,,,50.0,0,Подъезд превышает 3 км; Связь найдена с другим направлением
north,,8520,unconfirmed,route_unconfirmed,,,,44.0,0,"Требуется проверка доступа, барьеров или поворотов; Подъезд превышает 3 км"
north,,8521,unconfirmed,route_unconfirmed,,,,11.0,0,"Требуется проверка доступа, барьеров или поворотов; Подъезд превышает 3 км"
north,,8522,road_route_found_entrance_unverified,,2637.7,2906.0,40.2,11.0,0,
north,,8523,unconfirmed,route_unconfirmed,,,,22.0,0,"Требуется проверка доступа, барьеров или поворотов; Подъезд превышает 3 км"
north,,8524,road_route_found_entrance_unverified,,2743.1,2513.9,0.7,300.0,2,
north,,8525,unconfirmed,route_unconfirmed,,,,30.0,0,"Требуется проверка доступа, барьеров или поворотов; Подъезд превышает 3 км"
north,,8526,unconfirmed,route_unconfirmed,,,,44.0,0,"Требуется проверка доступа, барьеров или поворотов; Подъезд превышает 3 км"
north,,8527,unconfirmed,route_unconfirmed,,,,22.0,0,"Требуется проверка доступа, барьеров или поворотов; Подъезд превышает 3 км"
north,,8528,unconfirmed,route_unconfirmed,,,,22.0,0,"Требуется проверка доступа, барьеров или поворотов; Подъезд превышает 3 км"
north,,8529,road_route_found_entrance_unverified,,2382.1,2428.1,10.6,150.0,2,
north,,8530,unconfirmed,route_unconfirmed,,,,22.0,0,Подъезд превышает 3 км
north,,8531,unconfirmed,route_unconfirmed,,,,44.0,0,Подъезд превышает 3 км
north,,8532,unconfirmed,route_unconfirmed,,,,99.0,0,Подъезд превышает 3 км
north,,8533,unconfirmed,route_unconfirmed,,,,44.0,0,"Требуется проверка доступа, барьеров или поворотов; Подъезд превышает 3 км"
north,,8534,road_route_found_entrance_unverified,,2946.4,2713.8,9.8,150.0,2,
north,,8535,road_route_found_entrance_unverified,,2961.8,2693.0,5.8,71.0,0,
north,,8536,road_route_found_entrance_unverified,,2937.3,2722.9,6.5,72.0,0,
north,,8537,road_route_found_entrance_unverified,,2810.1,2597.6,7.8,60.0,0,
north,,8538,unconfirmed,route_unconfirmed,,,,44.0,0,"Требуется проверка доступа, барьеров или поворотов; Подъезд превышает 3 км"
north,,8543,unconfirmed,route_unconfirmed,,,,44.0,0,"Требуется проверка доступа, барьеров или поворотов; Подъезд превышает 3 км"
north,,8544,unconfirmed,route_unconfirmed,,,,22.0,0,Подъезд превышает 3 км
north,,8546,unconfirmed,route_unconfirmed,,,,30.0,0,Подъезд превышает 3 км
north,,8551,unconfirmed,route_unconfirmed,,,,55.0,0,Причина не установлена: проверить топологию и координаты
north,,8552,unconfirmed,route_unconfirmed,,,,55.0,0,Подъезд превышает 3 км
north,,8559,unconfirmed,route_unconfirmed,,,,11.0,0,Подъезд превышает 3 км
north,,8568,unconfirmed,route_unconfirmed,,,,30.0,0,Подъезд превышает 3 км
north,,8569,unconfirmed,route_unconfirmed,,,,22.0,0,Подъезд превышает 3 км
north,,8570,unconfirmed,route_unconfirmed,,,,1200.0,6,"Требуется проверка доступа, барьеров или поворотов"
north,,8571,road_route_found_entrance_unverified,,2513.7,2095.8,1.6,1600.0,8,
north,,8572,unconfirmed,route_unconfirmed,,,,1500.0,12,Подъезд превышает 3 км; Связь найдена с другим направлением
north,,8573,unconfirmed,route_unconfirmed,,,,22.0,0,Подъезд превышает 3 км
north,,8574,unconfirmed,route_unconfirmed,,,,22.0,0,"Требуется проверка доступа, барьеров или поворотов; Подъезд превышает 3 км"
north,,8575,unconfirmed,route_unconfirmed,,,,41.6,0,Подъезд превышает 3 км; Связь найдена с другим направлением
north,,8576,unconfirmed,route_unconfirmed,,,,1600.0,8,Подъезд превышает 3 км
north,,8577,unconfirmed,route_unconfirmed,,,,11.0,0,"Требуется проверка доступа, барьеров или поворотов; Подъезд превышает 3 км"
north,,8578,unconfirmed,route_unconfirmed,,,,66.0,0,"Требуется проверка доступа, барьеров или поворотов; Подъезд превышает 3 км"
north,,8579,unconfirmed,route_unconfirmed,,,,33.0,0,Подъезд превышает 3 км
north,,8580,unconfirmed,route_unconfirmed,,,,22.0,0,Подъезд превышает 3 км
north,,8581,unconfirmed,route_unconfirmed,,,,22.0,0,Подъезд превышает 3 км
north,,8582,unconfirmed,route_unconfirmed,,,,22.0,0,Подъезд превышает 3 км
north,,8583,unconfirmed,route_unconfirmed,,,,44.0,0,Подъезд превышает 3 км
north,,8584,unconfirmed,route_unconfirmed,,,,11.0,0,Подъезд превышает 3 км
north,,8585,unconfirmed,route_unconfirmed,,,,22.0,0,Подъезд превышает 3 км
north,,8586,road_route_found_entrance_unverified,,2806.9,2428.6,4.7,200.0,2,
north,,8587,road_route_found_entrance_unverified,,2726.3,2460.3,6.0,2750.0,11,
north,,8588,unconfirmed,route_unconfirmed,,,,44.0,0,"Требуется проверка доступа, барьеров или поворотов"
north,,8589,road_route_found_entrance_unverified,,2465.7,2528.0,7.2,137.0,0,
north,,8590,unconfirmed,route_unconfirmed,,,,690.0,4,"Требуется проверка доступа, барьеров или поворотов"
north,,8591,unconfirmed,route_unconfirmed,,,,44.0,0,Подъезд превышает 3 км
north,,8592,unconfirmed,route_unconfirmed,,,,22.0,0,"Требуется проверка доступа, барьеров или поворотов; Подъезд превышает 3 км"
north,,8593,unconfirmed,route_unconfirmed,,,,22.0,0,Подъезд превышает 3 км
north,,8594,road_route_found_entrance_unverified,,2882.0,2966.8,3.9,30.0,0,
north,,8632,unconfirmed,route_unconfirmed,,,,600.0,6,Подъезд превышает 3 км
north,,8633,unconfirmed,route_unconfirmed,,,,88.0,0,"Требуется проверка доступа, барьеров или поворотов; Подъезд превышает 3 км"
north,,8634,unconfirmed,route_unconfirmed,,,,22.0,0,Подъезд превышает 3 км
north,,8635,unconfirmed,route_unconfirmed,,,,160.0,2,Подъезд превышает 3 км
north,,8636,road_route_found_entrance_unverified,,1405.9,924.0,0.1,156.0,2,
north,,8637,road_route_found_entrance_unverified,,2283.4,2309.3,4.1,240.0,0,
north,,8638,road_route_found_entrance_unverified,,1944.8,1951.1,3.6,88.0,0,
north,,8639,road_route_found_entrance_unverified,,1943.8,1952.2,3.6,44.0,0,
north,,8640,road_route_found_entrance_unverified,,1943.8,1952.2,3.6,44.0,0,
north,,8641,unconfirmed,route_unconfirmed,,,,440.0,0,"Требуется проверка доступа, барьеров или поворотов"
north,,8642,unconfirmed,route_unconfirmed,,,,150.0,2,"Требуется проверка доступа, барьеров или поворотов"
north,,8643,road_route_found_entrance_unverified,,2289.2,2249.3,3.1,30.0,0,
north,,8644,unconfirmed,route_unconfirmed,,,,350.0,2,"Требуется проверка доступа, барьеров или поворотов"
north,,8645,road_route_found_entrance_unverified,,2872.8,2030.1,4.3,11.0,0,
north,,8646,road_route_found_entrance_unverified,,1601.0,1584.3,1.9,30.0,0,
north,,8648,unconfirmed,route_unconfirmed,,,,22.0,0,"Требуется проверка доступа, барьеров или поворотов; Подъезд превышает 3 км"
north,,8649,unconfirmed,route_unconfirmed,,,,66.0,0,"Требуется проверка доступа, барьеров или поворотов"
north,,8650,unconfirmed,route_unconfirmed,,,,66.0,0,"Требуется проверка доступа, барьеров или поворотов"
north,,8651,unconfirmed,route_unconfirmed,,,,22.0,0,"Требуется проверка доступа, барьеров или поворотов"
north,,8652,road_route_found_entrance_unverified,,2160.5,2113.6,8.7,150.0,2,
north,,8653,unconfirmed,route_unconfirmed,,,,30.0,0,Подъезд превышает 3 км
north,,8658,unconfirmed,route_unconfirmed,,,,600.0,6,Подъезд превышает 3 км
north,,8659,unconfirmed,route_unconfirmed,,,,88.0,0,Подъезд превышает 3 км
north,,8660,unconfirmed,route_unconfirmed,,,,110.0,0,Подъезд превышает 3 км
north,,8661,unconfirmed,route_unconfirmed,,,,88.0,0,"Требуется проверка доступа, барьеров или поворотов"
north,,9699,unconfirmed,route_unconfirmed,,,,880.0,0,Подъезд превышает 3 км
north,,29082,unconfirmed,route_unconfirmed,,,,242.0,0,Подъезд превышает 3 км
north,,29083,road_route_found_entrance_unverified,,2037.1,2130.4,16.0,22.0,0,
north,,29084,unconfirmed,route_unconfirmed,,,,44.0,0,Подъезд превышает 3 км
north,,29086,unconfirmed,route_unconfirmed,,,,44.0,0,Подъезд превышает 3 км
north,,29087,unconfirmed,route_unconfirmed,,,,22.0,0,Подъезд превышает 3 км
north,,29088,unconfirmed,route_unconfirmed,,,,22.0,0,Подъезд превышает 3 км
north,,29090,unconfirmed,route_unconfirmed,,,,11.0,0,Подъезд превышает 3 км
north,,29092,unconfirmed,route_unconfirmed,,,,22.0,0,Подъезд превышает 3 км
north,,29093,unconfirmed,route_unconfirmed,,,,44.0,0,Причина не установлена: проверить топологию и координаты
north,,29095,unconfirmed,route_unconfirmed,,,,11.0,0,Подъезд превышает 3 км
north,,29096,unconfirmed,route_unconfirmed,,,,44.0,0,Подъезд превышает 3 км
north,,29097,unconfirmed,route_unconfirmed,,,,11.0,0,Подъезд превышает 3 км
north,,29098,unconfirmed,route_unconfirmed,,,,44.0,0,Подъезд превышает 3 км
north,,29099,unconfirmed,route_unconfirmed,,,,44.0,0,Подъезд превышает 3 км
north,,29100,unconfirmed,route_unconfirmed,,,,44.0,0,"Требуется проверка доступа, барьеров или поворотов; Подъезд превышает 3 км"
north,,29101,unconfirmed,route_unconfirmed,,,,600.0,4,Подъезд превышает 3 км
north,,29102,unconfirmed,route_unconfirmed,,,,11.0,0,Подъезд превышает 3 км
north,,29103,unconfirmed,route_unconfirmed,,,,22.0,0,Подъезд превышает 3 км
north,,29104,unconfirmed,route_unconfirmed,,,,22.0,0,Подъезд превышает 3 км
north,,29105,unconfirmed,route_unconfirmed,,,,44.0,0,Подъезд превышает 3 км
north,,29106,unconfirmed,route_unconfirmed,,,,22.0,0,Подъезд превышает 3 км
north,,29107,unconfirmed,route_unconfirmed,,,,22.0,0,Подъезд превышает 3 км
north,,29108,unconfirmed,route_unconfirmed,,,,22.0,0,Подъезд превышает 3 км
north,,29109,unconfirmed,route_unconfirmed,,,,44.0,0,Подъезд превышает 3 км
north,,29110,unconfirmed,route_unconfirmed,,,,11.0,0,Подъезд превышает 3 км
north,,29133,unconfirmed,route_unconfirmed,,,,22.0,0,Подъезд превышает 3 км
north,,29134,unconfirmed,route_unconfirmed,,,,11.0,0,Подъезд превышает 3 км
north,,29135,unconfirmed,route_unconfirmed,,,,22.0,0,Подъезд превышает 3 км
north,,29136,unconfirmed,route_unconfirmed,,,,22.0,0,Подъезд превышает 3 км
north,,29137,unconfirmed,route_unconfirmed,,,,11.0,0,Подъезд превышает 3 км
north,,29138,unconfirmed,route_unconfirmed,,,,22.0,0,Подъезд превышает 3 км
north,,29142,unconfirmed,route_unconfirmed,,,,14.0,0,"Требуется проверка доступа, барьеров или поворотов; Подъезд превышает 3 км"
north,,29146,unconfirmed,route_unconfirmed,,,,11.0,0,Подъезд превышает 3 км
north,,29147,unconfirmed,route_unconfirmed,,,,60.0,0,Подъезд превышает 3 км
north,,29148,unconfirmed,route_unconfirmed,,,,3.0,0,Подъезд превышает 3 км
north,,29149,unconfirmed,route_unconfirmed,,,,150.0,2,"Требуется проверка доступа, барьеров или поворотов; Подъезд превышает 3 км"
north,,29151,unconfirmed,route_unconfirmed,,,,44.0,0,Подъезд превышает 3 км
north,,29152,unconfirmed,route_unconfirmed,,,,44.0,0,Подъезд превышает 3 км
north,,29153,unconfirmed,route_unconfirmed,,,,150.0,2,Подъезд превышает 3 км
north,,29154,unconfirmed,route_unconfirmed,,,,22.0,0,Подъезд превышает 3 км
north,,29155,unconfirmed,route_unconfirmed,,,,22.0,0,Подъезд превышает 3 км
north,,29156,unconfirmed,route_unconfirmed,,,,600.0,4,Подъезд превышает 3 км
north,,29157,unconfirmed,route_unconfirmed,,,,132.0,0,Подъезд превышает 3 км
north,,29158,unconfirmed,route_unconfirmed,,,,22.0,0,Подъезд превышает 3 км
north,,29159,unconfirmed,route_unconfirmed,,,,268.0,0,Подъезд превышает 3 км
north,,29160,unconfirmed,route_unconfirmed,,,,150.0,2,Подъезд превышает 3 км
north,,29161,unconfirmed,route_unconfirmed,,,,44.0,0,Подъезд превышает 3 км
north,,29162,unconfirmed,route_unconfirmed,,,,11.0,0,"Требуется проверка доступа, барьеров или поворотов; Подъезд превышает 3 км"
north,,29163,unconfirmed,route_unconfirmed,,,,1330.0,4,Подъезд превышает 3 км
north,,29164,road_route_found_entrance_unverified,,2901.2,2937.9,3.4,150.0,2,
north,,29165,unconfirmed,route_unconfirmed,,,,850.0,8,Подъезд превышает 3 км
north,,29166,unconfirmed,route_unconfirmed,,,,100.0,0,Подъезд превышает 3 км
north,,29167,unconfirmed,route_unconfirmed,,,,66.0,0,"Требуется проверка доступа, барьеров или поворотов"
north,,29168,unconfirmed,route_unconfirmed,,,,22.0,0,"Требуется проверка доступа, барьеров или поворотов"
north,,29169,unconfirmed,route_unconfirmed,,,,44.0,0,Подъезд превышает 3 км
north,,29171,unconfirmed,route_unconfirmed,,,,176.0,0,"Требуется проверка доступа, барьеров или поворотов; Подъезд превышает 3 км"
north,,29172,unconfirmed,route_unconfirmed,,,,44.0,0,Подъезд превышает 3 км
north,,29173,unconfirmed,route_unconfirmed,,,,150.0,2,Подъезд превышает 3 км
north,,29174,unconfirmed,route_unconfirmed,,,,150.0,2,Подъезд превышает 3 км
north,,29175,unconfirmed,route_unconfirmed,,,,344.0,2,Подъезд превышает 3 км
north,,29176,unconfirmed,route_unconfirmed,,,,22.0,0,Подъезд превышает 3 км
north,,29177,unconfirmed,route_unconfirmed,,,,364.0,2,Подъезд превышает 3 км
north,,29178,unconfirmed,route_unconfirmed,,,,22.0,0,Подъезд превышает 3 км
north,,29179,unconfirmed,route_unconfirmed,,,,44.0,0,Подъезд превышает 3 км
north,,29180,unconfirmed,route_unconfirmed,,,,132.0,0,"Требуется проверка доступа, барьеров или поворотов; Подъезд превышает 3 км"
north,,29181,unconfirmed,route_unconfirmed,,,,66.0,0,Подъезд превышает 3 км
north,,29182,unconfirmed,route_unconfirmed,,,,44.0,0,Подъезд превышает 3 км
north,,29183,unconfirmed,route_unconfirmed,,,,182.0,0,"Требуется проверка доступа, барьеров или поворотов; Подъезд превышает 3 км"
north,,29184,unconfirmed,route_unconfirmed,,,,22.0,0,Подъезд превышает 3 км
north,,29185,unconfirmed,route_unconfirmed,,,,600.0,4,Подъезд превышает 3 км
north,,29186,unconfirmed,route_unconfirmed,,,,44.0,0,Подъезд превышает 3 км
north,,29187,unconfirmed,route_unconfirmed,,,,44.0,0,Подъезд превышает 3 км
north,,29188,road_route_found_entrance_unverified,,2295.6,2435.2,13.1,22.0,0,
north,,29189,road_route_found_entrance_unverified,,2599.3,2817.9,16.7,11.0,0,
north,,29190,unconfirmed,route_unconfirmed,,,,88.0,0,Подъезд превышает 3 км
north,,29191,unconfirmed,route_unconfirmed,,,,11.0,0,Подъезд превышает 3 км
north,,29192,road_route_found_entrance_unverified,,2096.4,2222.5,8.5,22.0,0,
north,,29193,road_route_found_entrance_unverified,,2096.4,2222.5,8.5,44.0,0,
north,,29194,road_route_found_entrance_unverified,,1427.9,1588.3,3.2,50.0,0,
north,,29195,road_route_found_entrance_unverified,,2759.1,2783.1,7.5,11.0,0,
north,,29196,road_route_found_entrance_unverified,,2722.4,2868.3,8.9,11.0,0,
north,,29197,road_route_found_entrance_unverified,,2881.9,2871.8,3.2,44.0,0,
north,,29198,road_route_found_entrance_unverified,,2393.6,2533.6,3.2,150.0,2,
north,,29199,unconfirmed,route_unconfirmed,,,,300.0,2,"Требуется проверка доступа, барьеров или поворотов; Подъезд превышает 3 км"
north,,29200,unconfirmed,route_unconfirmed,,,,44.0,0,Подъезд превышает 3 км
north,,29203,unconfirmed,route_unconfirmed,,,,44.0,0,Подъезд превышает 3 км
north,,29204,unconfirmed,route_unconfirmed,,,,330.0,0,Подъезд превышает 3 км
north,,29297,unconfirmed,route_unconfirmed,,,,110.0,0,Подъезд превышает 3 км
north,,29299,unconfirmed,route_unconfirmed,,,,44.0,0,Подъезд превышает 3 км
north,,29301,unconfirmed,route_unconfirmed,,,,66.0,0,Подъезд превышает 3 км
north,,29304,unconfirmed,route_unconfirmed,,,,75.0,0,Подъезд превышает 3 км
north,,29305,unconfirmed,route_unconfirmed,,,,75.0,0,Подъезд превышает 3 км
north,,29306,unconfirmed,route_unconfirmed,,,,44.0,0,Подъезд превышает 3 км
north,,29307,unconfirmed,route_unconfirmed,,,,22.0,0,Подъезд превышает 3 км
north,,29308,unconfirmed,route_unconfirmed,,,,44.0,0,Подъезд превышает 3 км
north,,29309,unconfirmed,route_unconfirmed,,,,22.0,0,Подъезд превышает 3 км
north,,29310,unconfirmed,route_unconfirmed,,,,275.0,0,Причина не установлена: проверить топологию и координаты
north,,29311,unconfirmed,route_unconfirmed,,,,561.0,0,Подъезд превышает 3 км
north,,29312,unconfirmed,route_unconfirmed,,,,150.0,2,"Требуется проверка доступа, барьеров или поворотов; Подъезд превышает 3 км"
north,,29313,unconfirmed,route_unconfirmed,,,,22.0,0,Подъезд превышает 3 км
north,,29314,unconfirmed,route_unconfirmed,,,,44.0,0,"Требуется проверка доступа, барьеров или поворотов; Подъезд превышает 3 км"
north,,29315,unconfirmed,route_unconfirmed,,,,78.0,0,Причина не установлена: проверить топологию и координаты
north,,29316,unconfirmed,route_unconfirmed,,,,44.0,0,Подъезд превышает 3 км
north,,29317,unconfirmed,route_unconfirmed,,,,22.0,0,Подъезд превышает 3 км
north,,29318,unconfirmed,route_unconfirmed,,,,66.0,0,"Требуется проверка доступа, барьеров или поворотов; Подъезд превышает 3 км"
north,,29319,unconfirmed,route_unconfirmed,,,,55.0,0,Подъезд превышает 3 км
north,,29320,unconfirmed,route_unconfirmed,,,,11.0,0,Подъезд превышает 3 км
north,,29321,unconfirmed,route_unconfirmed,,,,11.0,0,Подъезд превышает 3 км
north,,29322,unconfirmed,route_unconfirmed,,,,22.0,0,Подъезд превышает 3 км
north,,29323,unconfirmed,route_unconfirmed,,,,11.0,0,"Требуется проверка доступа, барьеров или поворотов; Подъезд превышает 3 км"
north,,29324,unconfirmed,route_unconfirmed,,,,22.0,0,Подъезд превышает 3 км
north,,29325,unconfirmed,route_unconfirmed,,,,22.0,0,Подъезд превышает 3 км
north,,29383,unconfirmed,route_unconfirmed,,,,22.0,0,Подъезд превышает 3 км; Возврат превышает предел пилота
north,,29395,unconfirmed,route_unconfirmed,,,,44.0,0,"Требуется проверка доступа, барьеров или поворотов; Подъезд превышает 3 км"
north,,29396,unconfirmed,route_unconfirmed,,,,88.0,0,"Требуется проверка доступа, барьеров или поворотов; Подъезд превышает 3 км"
north,,29397,unconfirmed,route_unconfirmed,,,,50.0,0,"Требуется проверка доступа, барьеров или поворотов"
north,,29398,unconfirmed,route_unconfirmed,,,,72.0,0,"Требуется проверка доступа, барьеров или поворотов"
north,,29399,unconfirmed,route_unconfirmed,,,,33.0,0,"Требуется проверка доступа, барьеров или поворотов"
north,,29400,unconfirmed,route_unconfirmed,,,,250.0,2,"Требуется проверка доступа, барьеров или поворотов; Подъезд превышает 3 км"
north,,29401,unconfirmed,route_unconfirmed,,,,88.0,0,"Требуется проверка доступа, барьеров или поворотов; Подъезд превышает 3 км"
north,,29402,unconfirmed,route_unconfirmed,,,,600.0,4,"Требуется проверка доступа, барьеров или поворотов"
north,,29403,unconfirmed,route_unconfirmed,,,,44.0,0,"Требуется проверка доступа, барьеров или поворотов; Подъезд превышает 3 км"
north,,29404,unconfirmed,route_unconfirmed,,,,44.0,0,"Требуется проверка доступа, барьеров или поворотов; Подъезд превышает 3 км"
north,,29405,unconfirmed,route_unconfirmed,,,,450.0,4,"Требуется проверка доступа, барьеров или поворотов; Подъезд превышает 3 км"
north,,29406,unconfirmed,route_unconfirmed,,,,150.0,0,"Требуется проверка доступа, барьеров или поворотов; Подъезд превышает 3 км"
north,,29409,unconfirmed,route_unconfirmed,,,,84.0,0,"Требуется проверка доступа, барьеров или поворотов"
north,,29410,unconfirmed,route_unconfirmed,,,,794.0,6,"Требуется проверка доступа, барьеров или поворотов"
north,,29411,unconfirmed,route_unconfirmed,,,,22.0,0,Подъезд превышает 3 км; Возврат превышает предел пилота
north,,29412,unconfirmed,route_unconfirmed,,,,11.0,0,Подъезд превышает 3 км; Возврат превышает предел пилота
north,,29413,unconfirmed,route_unconfirmed,,,,150.0,2,Подъезд превышает 3 км; Возврат превышает предел пилота
north,,29414,unconfirmed,route_unconfirmed,,,,44.0,0,Подъезд превышает 3 км
north,,29415,unconfirmed,route_unconfirmed,,,,150.0,2,Подъезд превышает 3 км
north,,29416,unconfirmed,route_unconfirmed,,,,44.0,0,Подъезд превышает 3 км; Возврат превышает предел пилота
north,,29417,unconfirmed,route_unconfirmed,,,,44.0,0,Подъезд превышает 3 км; Возврат превышает предел пилота
north,,29418,unconfirmed,route_unconfirmed,,,,110.0,0,Подъезд превышает 3 км
north,,29419,unconfirmed,route_unconfirmed,,,,100.0,0,Подъезд превышает 3 км
north,,29420,unconfirmed,route_unconfirmed,,,,22.0,0,Подъезд превышает 3 км
north,,29421,unconfirmed,route_unconfirmed,,,,22.0,0,Подъезд превышает 3 км
north,,29422,unconfirmed,route_unconfirmed,,,,238.0,2,Подъезд превышает 3 км
north,,29423,unconfirmed,route_unconfirmed,,,,66.0,0,Подъезд превышает 3 км
north,,29425,unconfirmed,route_unconfirmed,,,,150.0,2,"Требуется проверка доступа, барьеров или поворотов; Подъезд превышает 3 км"
north,,29426,unconfirmed,route_unconfirmed,,,,66.0,0,Подъезд превышает 3 км
north,,29427,unconfirmed,route_unconfirmed,,,,77.0,0,Причина не установлена: проверить топологию и координаты
north,,29428,unconfirmed,route_unconfirmed,,,,22.0,0,Подъезд превышает 3 км
north,,29429,unconfirmed,route_unconfirmed,,,,44.0,0,Подъезд превышает 3 км
north,,29430,unconfirmed,route_unconfirmed,,,,44.0,0,Подъезд превышает 3 км
north,,29431,unconfirmed,route_unconfirmed,,,,22.0,0,Подъезд превышает 3 км
north,,29432,unconfirmed,route_unconfirmed,,,,22.0,0,Подъезд превышает 3 км
north,,29433,unconfirmed,route_unconfirmed,,,,44.0,0,Подъезд превышает 3 км
north,,29434,unconfirmed,route_unconfirmed,,,,22.0,0,Подъезд превышает 3 км
north,,29435,unconfirmed,route_unconfirmed,,,,44.0,0,Подъезд превышает 3 км
north,,29436,unconfirmed,route_unconfirmed,,,,22.0,0,Подъезд превышает 3 км
north,,29437,unconfirmed,route_unconfirmed,,,,418.0,0,Подъезд превышает 3 км
north,,29438,unconfirmed,route_unconfirmed,,,,600.0,4,Подъезд превышает 3 км
north,,29440,unconfirmed,route_unconfirmed,,,,11.0,0,"Требуется проверка доступа, барьеров или поворотов; Подъезд превышает 3 км"
north,,29445,unconfirmed,route_unconfirmed,,,,732.0,4,"Требуется проверка доступа, барьеров или поворотов; Подъезд превышает 3 км"
north,,29446,unconfirmed,route_unconfirmed,,,,22.0,0,Подъезд превышает 3 км
north,,29447,unconfirmed,route_unconfirmed,,,,44.0,0,Подъезд превышает 3 км
north,,29448,unconfirmed,route_unconfirmed,,,,44.0,0,Подъезд превышает 3 км
north,,29449,unconfirmed,route_unconfirmed,,,,88.0,0,"Требуется проверка доступа, барьеров или поворотов; Подъезд превышает 3 км"
north,,29450,unconfirmed,route_unconfirmed,,,,320.0,2,Подъезд превышает 3 км
north,,29451,unconfirmed,route_unconfirmed,,,,400.0,4,Подъезд превышает 3 км
north,,29452,unconfirmed,return_exceeds_pilot_3km,1818.6,5615.0,4.3,44.0,0,
north,,29453,unconfirmed,route_unconfirmed,,,,44.0,0,"Требуется проверка доступа, барьеров или поворотов; Подъезд превышает 3 км"
north,,29454,unconfirmed,route_unconfirmed,,,,600.0,4,Подъезд превышает 3 км
north,,29455,unconfirmed,route_unconfirmed,,,,22.0,0,"Требуется проверка доступа, барьеров или поворотов; Подъезд превышает 3 км"
north,,29456,unconfirmed,route_unconfirmed,,,,66.0,0,"Требуется проверка доступа, барьеров или поворотов; Подъезд превышает 3 км"
north,,29457,unconfirmed,route_unconfirmed,,,,22.0,0,Подъезд превышает 3 км
north,,29458,unconfirmed,return_exceeds_pilot_3km,2198.9,5501.9,27.2,11.0,0,
north,,29459,unconfirmed,return_exceeds_pilot_3km,2278.2,6107.3,20.4,44.0,0,
north,,29460,unconfirmed,return_exceeds_pilot_3km,2536.8,6181.8,21.9,44.0,0,
north,,29461,unconfirmed,route_unconfirmed,,,,176.0,0,"Требуется проверка доступа, барьеров или поворотов"
north,,29462,unconfirmed,route_unconfirmed,,,,176.0,0,Подъезд превышает 3 км
north,,29463,road_route_found_entrance_unverified,,2090.2,2150.2,7.7,150.0,2,
north,,29464,road_route_found_entrance_unverified,,2292.5,2610.6,28.2,44.0,0,
north,,29465,unconfirmed,route_unconfirmed,,,,22.0,0,"Требуется проверка доступа, барьеров или поворотов; Подъезд превышает 3 км"
north,,29466,road_route_found_entrance_unverified,,2548.9,2624.4,9.4,88.0,0,
north,,29467,road_route_found_entrance_unverified,,2378.4,2462.3,16.6,44.0,0,
north,,29468,road_route_found_entrance_unverified,,2433.6,2383.5,9.2,55.0,0,
north,,29469,unconfirmed,route_unconfirmed,,,,66.0,0,Подъезд превышает 3 км; Связь найдена с другим направлением
north,,29470,road_route_found_entrance_unverified,,1525.1,1657.5,2.1,44.0,0,
north,,29471,unconfirmed,route_unconfirmed,,,,22.0,0,"Требуется проверка доступа, барьеров или поворотов"
north,,29472,unconfirmed,route_unconfirmed,,,,44.0,0,"Требуется проверка доступа, барьеров или поворотов; Подъезд превышает 3 км"
north,,29473,road_route_found_entrance_unverified,,2030.1,2053.0,10.4,150.0,2,
north,,29474,road_route_found_entrance_unverified,,1625.5,2394.5,5.4,300.0,2,
north,,29475,unconfirmed,route_unconfirmed,,,,44.0,0,Подъезд превышает 3 км
north,,29476,unconfirmed,route_unconfirmed,,,,88.0,0,Подъезд превышает 3 км
north,,29477,road_route_found_entrance_unverified,,2048.9,2160.3,0.4,44.0,0,
north,,29478,unconfirmed,return_exceeds_pilot_3km,2924.5,3642.2,12.0,66.0,0,
north,,29479,road_route_found_entrance_unverified,,2916.1,2806.5,7.9,300.0,2,
north,,29480,unconfirmed,route_unconfirmed,,,,44.0,0,"Требуется проверка доступа, барьеров или поворотов"
north,,29481,unconfirmed,route_unconfirmed,,,,400.0,2,"Требуется проверка доступа, барьеров или поворотов; Подъезд превышает 3 км"
north,,29482,unconfirmed,route_unconfirmed,,,,400.0,2,"Требуется проверка доступа, барьеров или поворотов; Подъезд превышает 3 км"
north,,29483,unconfirmed,route_unconfirmed,,,,400.0,2,"Требуется проверка доступа, барьеров или поворотов; Подъезд превышает 3 км"
north,,29484,unconfirmed,route_unconfirmed,,,,400.0,2,"Требуется проверка доступа, барьеров или поворотов; Подъезд превышает 3 км"
north,,29485,unconfirmed,route_unconfirmed,,,,400.0,2,"Требуется проверка доступа, барьеров или поворотов; Подъезд превышает 3 км"
north,,29486,unconfirmed,route_unconfirmed,,,,400.0,2,"Требуется проверка доступа, барьеров или поворотов; Подъезд превышает 3 км"
north,,29487,unconfirmed,route_unconfirmed,,,,400.0,2,"Требуется проверка доступа, барьеров или поворотов; Подъезд превышает 3 км"
north,,29488,unconfirmed,route_unconfirmed,,,,400.0,2,"Требуется проверка доступа, барьеров или поворотов; Подъезд превышает 3 км"
north,,29490,unconfirmed,route_unconfirmed,,,,3000.0,12,Причина не установлена: проверить топологию и координаты
north,,29491,unconfirmed,route_unconfirmed,,,,22.0,0,Причина не установлена: проверить топологию и координаты
north,,29492,unconfirmed,route_unconfirmed,,,,22.0,0,Причина не установлена: проверить топологию и координаты
north,,29493,unconfirmed,route_unconfirmed,,,,22.0,0,Причина не установлена: проверить топологию и координаты
north,,29494,unconfirmed,route_unconfirmed,,,,22.0,0,Причина не установлена: проверить топологию и координаты
north,,29495,unconfirmed,route_unconfirmed,,,,22.0,0,Причина не установлена: проверить топологию и координаты
north,,29496,unconfirmed,route_unconfirmed,,,,22.0,0,Причина не установлена: проверить топологию и координаты
north,,29497,unconfirmed,route_unconfirmed,,,,22.0,0,Причина не установлена: проверить топологию и координаты
north,,29498,unconfirmed,route_unconfirmed,,,,22.0,0,Причина не установлена: проверить топологию и координаты
north,,29499,unconfirmed,route_unconfirmed,,,,22.0,0,Причина не установлена: проверить топологию и координаты
north,,29500,unconfirmed,route_unconfirmed,,,,22.0,0,Причина не установлена: проверить топологию и координаты
north,,29501,unconfirmed,route_unconfirmed,,,,22.0,0,Причина не установлена: проверить топологию и координаты
north,,29502,unconfirmed,route_unconfirmed,,,,22.0,0,Причина не установлена: проверить топологию и координаты
north,,29503,unconfirmed,route_unconfirmed,,,,22.0,0,Причина не установлена: проверить топологию и координаты
north,,29504,unconfirmed,route_unconfirmed,,,,22.0,0,Причина не установлена: проверить топологию и координаты
north,,29505,unconfirmed,route_unconfirmed,,,,22.0,0,Причина не установлена: проверить топологию и координаты
north,,29506,unconfirmed,route_unconfirmed,,,,22.0,0,Причина не установлена: проверить топологию и координаты
north,,29507,unconfirmed,route_unconfirmed,,,,22.0,0,Причина не установлена: проверить топологию и координаты
north,,29508,unconfirmed,route_unconfirmed,,,,22.0,0,Причина не установлена: проверить топологию и координаты
north,,29509,unconfirmed,route_unconfirmed,,,,22.0,0,Причина не установлена: проверить топологию и координаты
north,,29510,unconfirmed,route_unconfirmed,,,,22.0,0,Причина не установлена: проверить топологию и координаты
north,,29511,unconfirmed,route_unconfirmed,,,,22.0,0,Причина не установлена: проверить топологию и координаты
north,,29512,unconfirmed,route_unconfirmed,,,,22.0,0,Причина не установлена: проверить топологию и координаты
north,,29513,unconfirmed,route_unconfirmed,,,,22.0,0,Причина не установлена: проверить топологию и координаты
north,,29514,unconfirmed,route_unconfirmed,,,,22.0,0,Причина не установлена: проверить топологию и координаты
north,,29515,unconfirmed,route_unconfirmed,,,,22.0,0,Причина не установлена: проверить топологию и координаты
north,,29516,unconfirmed,route_unconfirmed,,,,22.0,0,Причина не установлена: проверить топологию и координаты
north,,29517,unconfirmed,route_unconfirmed,,,,22.0,0,Причина не установлена: проверить топологию и координаты
north,,29518,unconfirmed,route_unconfirmed,,,,22.0,0,Причина не установлена: проверить топологию и координаты
north,,29519,unconfirmed,route_unconfirmed,,,,22.0,0,Причина не установлена: проверить топологию и координаты
north,,29520,unconfirmed,route_unconfirmed,,,,22.0,0,Причина не установлена: проверить топологию и координаты
north,,29521,unconfirmed,route_unconfirmed,,,,22.0,0,Причина не установлена: проверить топологию и координаты
north,,29522,unconfirmed,route_unconfirmed,,,,22.0,0,Причина не установлена: проверить топологию и координаты
north,,29523,unconfirmed,route_unconfirmed,,,,22.0,0,Причина не установлена: проверить топологию и координаты
north,,29524,unconfirmed,route_unconfirmed,,,,22.0,0,Причина не установлена: проверить топологию и координаты
north,,29525,unconfirmed,route_unconfirmed,,,,22.0,0,Причина не установлена: проверить топологию и координаты
north,,29526,unconfirmed,route_unconfirmed,,,,22.0,0,Причина не установлена: проверить топологию и координаты
north,,29527,unconfirmed,route_unconfirmed,,,,22.0,0,Причина не установлена: проверить топологию и координаты
north,,29528,unconfirmed,route_unconfirmed,,,,22.0,0,Причина не установлена: проверить топологию и координаты
north,,29529,unconfirmed,route_unconfirmed,,,,22.0,0,Причина не установлена: проверить топологию и координаты
north,,29530,unconfirmed,route_unconfirmed,,,,22.0,0,Причина не установлена: проверить топологию и координаты
north,,29531,unconfirmed,route_unconfirmed,,,,176.0,0,Подъезд превышает 3 км; Связь найдена с другим направлением
north,,29532,unconfirmed,route_unconfirmed,,,,800.0,4,"Требуется проверка доступа, барьеров или поворотов; Подъезд превышает 3 км"
north,,29533,unconfirmed,route_unconfirmed,,,,200.0,0,"Требуется проверка доступа, барьеров или поворотов; Подъезд превышает 3 км"
north,,29534,unconfirmed,route_unconfirmed,,,,22.0,0,"Требуется проверка доступа, барьеров или поворотов; Подъезд превышает 3 км"
north,,29535,unconfirmed,route_unconfirmed,,,,176.0,0,"Требуется проверка доступа, барьеров или поворотов"
north,,29536,unconfirmed,route_unconfirmed,,,,1078.0,0,Причина не установлена: проверить топологию и координаты
north,,29537,unconfirmed,route_unconfirmed,,,,495.0,0,"Требуется проверка доступа, барьеров или поворотов; Подъезд превышает 3 км"
north,,29538,unconfirmed,route_unconfirmed,,,,235.2,0,"Требуется проверка доступа, барьеров или поворотов; Подъезд превышает 3 км"
north,,29539,unconfirmed,route_unconfirmed,,,,11.0,0,"Требуется проверка доступа, барьеров или поворотов; Подъезд превышает 3 км"
north,,29540,unconfirmed,route_unconfirmed,,,,22.0,0,"Требуется проверка доступа, барьеров или поворотов; Подъезд превышает 3 км"
north,,29541,unconfirmed,route_unconfirmed,,,,22.0,0,Причина не установлена: проверить топологию и координаты
north,,29542,unconfirmed,route_unconfirmed,,,,300.0,1,"Требуется проверка доступа, барьеров или поворотов; Подъезд превышает 3 км"
north,,29543,unconfirmed,route_unconfirmed,,,,132.0,0,Подъезд превышает 3 км
north,,29544,unconfirmed,route_unconfirmed,,,,66.0,0,"Требуется проверка доступа, барьеров или поворотов; Подъезд превышает 3 км"
north,,29545,unconfirmed,route_unconfirmed,,,,44.0,0,"Требуется проверка доступа, барьеров или поворотов; Подъезд превышает 3 км"
north,,29546,unconfirmed,route_unconfirmed,,,,22.0,0,"Требуется проверка доступа, барьеров или поворотов; Подъезд превышает 3 км"
north,,29547,road_route_found_entrance_unverified,,1079.6,1148.6,8.6,3300.0,22,
north,,29548,unconfirmed,route_unconfirmed,,,,440.0,0,Подъезд превышает 3 км; Связь найдена с другим направлением
north,,29549,unconfirmed,route_unconfirmed,,,,900.0,6,"Требуется проверка доступа, барьеров или поворотов; Подъезд превышает 3 км"
north,,29550,unconfirmed,return_exceeds_pilot_3km,2951.8,3924.3,14.9,22.0,0,
north,,29606,unconfirmed,route_unconfirmed,,,,11.0,0,Подъезд превышает 3 км
north,,29607,unconfirmed,route_unconfirmed,,,,44.0,0,Подъезд превышает 3 км
north,,29608,unconfirmed,route_unconfirmed,,,,44.0,0,Подъезд превышает 3 км
north,,29609,unconfirmed,route_unconfirmed,,,,150.0,2,Подъезд превышает 3 км
north,,29610,unconfirmed,route_unconfirmed,,,,22.0,0,Подъезд превышает 3 км
north,,29611,unconfirmed,route_unconfirmed,,,,44.0,0,Подъезд превышает 3 км
north,,29612,unconfirmed,route_unconfirmed,,,,100.0,0,Подъезд превышает 3 км
north,,29613,unconfirmed,route_unconfirmed,,,,44.0,0,Подъезд превышает 3 км
north,,29614,unconfirmed,route_unconfirmed,,,,150.0,2,Подъезд превышает 3 км
north,,29615,unconfirmed,route_unconfirmed,,,,22.0,0,"Требуется проверка доступа, барьеров или поворотов"
north,,29616,unconfirmed,route_unconfirmed,,,,33.0,0,"Требуется проверка доступа, барьеров или поворотов"
north,,29617,unconfirmed,route_unconfirmed,,,,44.0,0,"Требуется проверка доступа, барьеров или поворотов"
north,,29618,unconfirmed,route_unconfirmed,,,,354.0,2,Подъезд превышает 3 км
north,,29619,unconfirmed,route_unconfirmed,,,,22.0,0,Подъезд превышает 3 км
north,,30218,road_route_found_entrance_unverified,,1735.9,1864.4,13.8,44.0,0,
north,,30219,road_route_found_entrance_unverified,,1979.8,1968.3,8.0,44.0,0,
north,,30220,unconfirmed,route_unconfirmed,,,,44.0,0,Подъезд превышает 3 км
north,,30221,unconfirmed,route_unconfirmed,,,,110.0,0,"Требуется проверка доступа, барьеров или поворотов"
north,,30222,road_route_found_entrance_unverified,,1420.4,1654.4,2.0,22.0,0,
north,,30223,unconfirmed,route_unconfirmed,,,,44.0,0,"Требуется проверка доступа, барьеров или поворотов"
north,,30224,road_route_found_entrance_unverified,,1016.7,1156.1,2.2,3600.0,24,
north,,30225,road_route_found_entrance_unverified,,681.8,768.3,6.6,1800.0,12,
north,,30226,road_route_found_entrance_unverified,,419.9,438.4,8.7,5000.0,20,
north,,30227,unconfirmed,route_unconfirmed,,,,44.0,0,Подъезд превышает 3 км
north,,30228,unconfirmed,route_unconfirmed,,,,44.0,0,Подъезд превышает 3 км
north,,30229,road_route_found_entrance_unverified,,198.6,413.5,5.7,93.0,0,
north,,30230,road_route_found_entrance_unverified,,2110.5,2106.4,4.5,88.0,0,
north,,30231,road_route_found_entrance_unverified,,1905.2,1795.9,8.3,650.0,4,
north,,30232,road_route_found_entrance_unverified,,2556.4,2510.7,9.2,22.0,0,
north,,30233,road_route_found_entrance_unverified,,2162.5,2102.9,3.3,44.0,0,
north,,30234,unconfirmed,route_unconfirmed,,,,44.0,0,"Требуется проверка доступа, барьеров или поворотов"
north,,30235,road_route_found_entrance_unverified,,1742.0,1712.2,5.4,400.0,4,
north,,30236,road_route_found_entrance_unverified,,2402.3,2335.3,2.9,22.0,0,
north,,30237,road_route_found_entrance_unverified,,2441.5,2425.8,4.1,44.0,0,
north,,30238,road_route_found_entrance_unverified,,2584.8,2384.9,6.1,66.0,0,
north,,30239,road_route_found_entrance_unverified,,2545.1,2490.1,6.2,22.0,0,
north,,30240,road_route_found_entrance_unverified,,2442.9,2411.8,6.1,11.0,0,
north,,30242,road_route_found_entrance_unverified,,2261.2,2258.8,8.6,44.0,0,
north,,30243,unconfirmed,route_unconfirmed,,,,44.0,0,Подъезд превышает 3 км
north,,30244,road_route_found_entrance_unverified,,1535.7,1509.8,8.1,450.0,4,
north,,30245,road_route_found_entrance_unverified,,2459.6,2412.3,1.7,44.0,0,
north,,30246,road_route_found_entrance_unverified,,2523.6,2502.1,5.7,44.0,0,
north,,30247,road_route_found_entrance_unverified,,2969.2,2934.9,6.4,44.0,0,
north,,30248,unconfirmed,route_unconfirmed,,,,66.0,0,Подъезд превышает 3 км
north,,30249,unconfirmed,route_unconfirmed,,,,11.0,0,Подъезд превышает 3 км
north,,30252,road_route_found_entrance_unverified,,2713.1,2680.2,11.9,44.0,0,
north,,30253,unconfirmed,route_unconfirmed,,,,88.0,0,Причина не установлена: проверить топологию и координаты
north,,30254,road_route_found_entrance_unverified,,2263.5,2223.5,9.6,44.0,0,
north,,30255,road_route_found_entrance_unverified,,317.8,324.0,7.2,98.0,0,
north,,30256,road_route_found_entrance_unverified,,2969.3,2934.8,6.7,11.0,0,
north,,30257,road_route_found_entrance_unverified,,1422.3,1439.9,8.3,44.0,0,
north,,30258,unconfirmed,route_unconfirmed,,,,44.0,0,"Требуется проверка доступа, барьеров или поворотов"
north,,30259,road_route_found_entrance_unverified,,1310.0,1511.3,31.1,100.0,0,
north,,30260,unconfirmed,route_unconfirmed,,,,22.0,0,Подъезд превышает 3 км
north,,30261,unconfirmed,route_unconfirmed,,,,44.0,0,"Требуется проверка доступа, барьеров или поворотов; Подъезд превышает 3 км"
north,,30262,unconfirmed,route_unconfirmed,,,,44.0,0,Подъезд превышает 3 км
north,,30263,road_route_found_entrance_unverified,,2516.3,2308.1,2.6,44.0,0,
north,,30264,road_route_found_entrance_unverified,,2396.6,2480.0,6.6,44.0,0,
north,,30265,unconfirmed,route_unconfirmed,,,,44.0,0,"Требуется проверка доступа, барьеров или поворотов"
north,,30266,road_route_found_entrance_unverified,,1980.6,1966.7,5.0,88.0,0,
north,,30267,road_route_found_entrance_unverified,,1980.4,1966.9,5.1,176.0,0,
north,,30268,road_route_found_entrance_unverified,,1870.9,1864.4,9.1,44.0,0,
north,,30269,unconfirmed,route_unconfirmed,,,,44.0,0,Подъезд превышает 3 км
north,,30270,unconfirmed,route_unconfirmed,,,,300.0,2,Подъезд превышает 3 км
north,,30271,road_route_found_entrance_unverified,,2996.6,2992.7,5.3,6.0,0,
north,,30272,road_route_found_entrance_unverified,,690.0,790.8,4.8,150.0,2,
north,,30273,road_route_found_entrance_unverified,,1514.1,1415.6,10.1,60.0,0,
north,,30274,road_route_found_entrance_unverified,,1125.6,1113.1,7.8,900.0,6,
north,,30275,unconfirmed,return_exceeds_pilot_3km,2984.8,3094.8,13.5,50.0,0,
north,,30276,road_route_found_entrance_unverified,,1433.4,1517.6,9.7,750.0,6,
north,,30277,unconfirmed,route_unconfirmed,,,,4.6,0,Подъезд превышает 3 км
north,,30278,road_route_found_entrance_unverified,,1530.1,1491.2,6.0,600.0,4,
north,,30279,road_route_found_entrance_unverified,,1806.8,2131.5,6.8,186.0,0,
north,,30280,unconfirmed,route_unconfirmed,,,,176.0,0,"Требуется проверка доступа, барьеров или поворотов"
north,,30281,unconfirmed,route_unconfirmed,,,,11.0,0,Подъезд превышает 3 км
north,,30282,unconfirmed,return_exceeds_pilot_3km,2895.3,3139.3,0.5,44.0,0,
north,,30284,road_route_found_entrance_unverified,,1834.2,1857.4,4.8,44.0,0,
north,,30285,road_route_found_entrance_unverified,,2438.1,2425.7,11.3,44.0,0,
north,,30286,road_route_found_entrance_unverified,,2695.1,2859.9,13.8,44.0,0,
north,,30287,road_route_found_entrance_unverified,,2005.2,1988.7,3.6,142.0,0,
north,,30288,unconfirmed,route_unconfirmed,,,,150.0,2,Подъезд превышает 3 км
north,,30291,road_route_found_entrance_unverified,,2630.7,2791.1,14.0,22.0,0,
north,,30292,unconfirmed,route_unconfirmed,,,,44.0,0,Подъезд превышает 3 км
north,,30293,road_route_found_entrance_unverified,,1806.8,2131.5,6.8,400.0,4,
north,,30294,unconfirmed,route_unconfirmed,,,,44.0,0,"Требуется проверка доступа, барьеров или поворотов"
north,,30295,unconfirmed,route_unconfirmed,,,,22.0,0,"Требуется проверка доступа, барьеров или поворотов"
north,,30296,road_route_found_entrance_unverified,,2636.4,2635.6,5.1,44.0,0,
north,,30297,road_route_found_entrance_unverified,,1981.1,2115.2,8.2,11.0,0,
north,,30298,road_route_found_entrance_unverified,,1981.1,2115.2,8.2,33.0,0,
north,,30299,road_route_found_entrance_unverified,,2694.4,2678.1,24.5,100.0,0,
north,,30304,unconfirmed,route_unconfirmed,,,,44.0,0,Подъезд превышает 3 км
north,,30305,unconfirmed,route_unconfirmed,,,,44.0,0,Подъезд превышает 3 км
north,,30306,unconfirmed,route_unconfirmed,,,,44.0,0,Подъезд превышает 3 км
north,,30307,unconfirmed,route_unconfirmed,,,,11.0,0,Подъезд превышает 3 км
north,,30309,unconfirmed,route_unconfirmed,,,,44.0,0,Подъезд превышает 3 км
north,,30311,unconfirmed,route_unconfirmed,,,,44.0,0,Подъезд превышает 3 км
north,,30312,unconfirmed,route_unconfirmed,,,,44.0,0,"Требуется проверка доступа, барьеров или поворотов; Подъезд превышает 3 км"
north,,30313,unconfirmed,route_unconfirmed,,,,44.0,0,Подъезд превышает 3 км
north,,30314,unconfirmed,route_unconfirmed,,,,11.0,0,"Требуется проверка доступа, барьеров или поворотов; Подъезд превышает 3 км"
north,,30315,unconfirmed,route_unconfirmed,,,,44.0,0,"Требуется проверка доступа, барьеров или поворотов; Подъезд превышает 3 км"
north,,30319,unconfirmed,route_unconfirmed,,,,11.0,0,Подъезд превышает 3 км; До ближайшей дороги больше 60 м
north,,30335,road_route_found_entrance_unverified,,2612.3,2569.2,16.1,6.0,0,
north,,30336,road_route_found_entrance_unverified,,1531.9,1509.4,13.0,44.0,0,
north,,30337,road_route_found_entrance_unverified,,1989.9,1946.8,8.2,44.0,0,
north,,30338,road_route_found_entrance_unverified,,2360.8,2305.8,0.2,44.0,0,
north,,30339,road_route_found_entrance_unverified,,2384.0,2351.7,3.1,44.0,0,
north,,30340,road_route_found_entrance_unverified,,2023.6,1963.5,9.4,44.0,0,
north,,30341,road_route_found_entrance_unverified,,1736.4,1693.9,10.8,44.0,0,
north,,30342,unconfirmed,route_unconfirmed,,,,44.0,0,"Требуется проверка доступа, барьеров или поворотов"
north,,30343,road_route_found_entrance_unverified,,1448.1,1183.2,6.5,88.0,0,
north,,30344,road_route_found_entrance_unverified,,1021.6,978.5,6.1,44.0,0,
north,,30345,road_route_found_entrance_unverified,,2104.1,2066.3,5.2,44.0,0,
north,,30346,road_route_found_entrance_unverified,,2507.2,2487.5,11.2,44.0,0,
north,,30347,road_route_found_entrance_unverified,,1557.4,1518.6,7.1,3.0,0,
north,,30348,road_route_found_entrance_unverified,,2332.9,2241.6,9.4,44.0,0,
north,,30349,road_route_found_entrance_unverified,,2561.6,2526.0,10.3,44.0,0,
north,,30350,road_route_found_entrance_unverified,,2556.3,2531.3,7.6,44.0,0,
north,,30351,road_route_found_entrance_unverified,,1335.4,1462.7,7.5,44.0,0,
north,,30352,road_route_found_entrance_unverified,,1414.2,1363.6,0.9,44.0,0,
north,,30370,unconfirmed,route_unconfirmed,,,,44.0,0,Подъезд превышает 3 км
north,,30371,unconfirmed,route_unconfirmed,,,,22.0,0,Подъезд превышает 3 км
north,,30372,unconfirmed,route_unconfirmed,,,,250.0,1,Подъезд превышает 3 км
north,,30373,unconfirmed,route_unconfirmed,,,,1750.0,7,Подъезд превышает 3 км
north,,30375,unconfirmed,route_unconfirmed,,,,44.0,0,Подъезд превышает 3 км
north,,30379,unconfirmed,route_unconfirmed,,,,44.0,0,Подъезд превышает 3 км
north,,30380,unconfirmed,route_unconfirmed,,,,44.0,0,Подъезд превышает 3 км
north,,30391,unconfirmed,route_unconfirmed,,,,300.0,4,Подъезд превышает 3 км
north,,30392,unconfirmed,route_unconfirmed,,,,22.0,0,Подъезд превышает 3 км
north,,30393,unconfirmed,route_unconfirmed,,,,22.0,0,Подъезд превышает 3 км
north,,30459,unconfirmed,route_unconfirmed,,,,300.0,2,Причина не установлена: проверить топологию и координаты
north,,30461,unconfirmed,route_unconfirmed,,,,44.0,0,Подъезд превышает 3 км
north,,30462,road_route_found_entrance_unverified,,2896.8,2943.3,2.9,22.0,0,
north,,30463,road_route_found_entrance_unverified,,2788.8,2830.0,5.0,42.0,0,
north,,30464,road_route_found_entrance_unverified,,1931.9,1905.5,10.0,274.0,0,
north,,30465,unconfirmed,route_unconfirmed,,,,600.0,4,Подъезд превышает 3 км
north,,30467,unconfirmed,route_unconfirmed,,,,44.0,0,Подъезд превышает 3 км
north,,30468,unconfirmed,route_unconfirmed,,,,44.0,0,Подъезд превышает 3 км
north,,30469,unconfirmed,route_unconfirmed,,,,450.0,4,Подъезд превышает 3 км
north,,30470,unconfirmed,route_unconfirmed,,,,66.0,0,Подъезд превышает 3 км
north,,30471,unconfirmed,route_unconfirmed,,,,93.0,0,Причина не установлена: проверить топологию и координаты
north,,30472,unconfirmed,route_unconfirmed,,,,44.0,0,"Требуется проверка доступа, барьеров или поворотов"
north,,30473,road_route_found_entrance_unverified,,1783.5,1886.5,3.5,3750.0,15,
north,,30476,unconfirmed,route_unconfirmed,,,,22.0,0,Подъезд превышает 3 км
north,,30477,unconfirmed,route_unconfirmed,,,,22.0,0,Подъезд превышает 3 км
north,,30478,unconfirmed,route_unconfirmed,,,,11.0,0,Подъезд превышает 3 км
north,,30479,road_route_found_entrance_unverified,,1916.1,2043.8,16.2,22.0,0,
north,,30480,unconfirmed,route_unconfirmed,,,,11.0,0,Подъезд превышает 3 км
north,,30481,unconfirmed,route_unconfirmed,,,,11.0,0,Подъезд превышает 3 км
north,,30482,road_route_found_entrance_unverified,,2811.3,2820.7,6.8,22.0,0,
north,,30483,road_route_found_entrance_unverified,,2580.0,2644.3,5.4,11.0,0,
north,,30484,road_route_found_entrance_unverified,,2719.5,2761.6,2.1,44.0,0,
north,,30485,unconfirmed,route_unconfirmed,,,,11.0,0,Подъезд превышает 3 км
north,,30486,road_route_found_entrance_unverified,,239.1,325.1,0.9,93.0,0,
north,,30487,unconfirmed,route_unconfirmed,,,,93.0,0,Причина не установлена: проверить топологию и координаты; Связь найдена с другим направлением
north,,30488,unconfirmed,route_unconfirmed,,,,66.0,0,Причина не установлена: проверить топологию и координаты
north,,30489,road_route_found_entrance_unverified,,1770.4,2065.3,0.6,71.0,0,
north,,30490,road_route_found_entrance_unverified,,2032.0,2300.6,10.4,150.0,2,
north,,30491,road_route_found_entrance_unverified,,1826.3,1959.1,5.4,600.0,4,
north,,30492,unconfirmed,route_unconfirmed,,,,22.0,0,Подъезд превышает 3 км
north,,30493,unconfirmed,route_unconfirmed,,,,44.0,0,Подъезд превышает 3 км
north,,30494,road_route_found_entrance_unverified,,344.5,248.6,6.3,98.0,0,
north,,30495,unconfirmed,route_unconfirmed,,,,98.0,0,Причина не установлена: проверить топологию и координаты; Связь найдена с другим направлением
north,,30496,road_route_found_entrance_unverified,,1449.7,2107.7,10.4,300.0,4,
north,,30497,road_route_found_entrance_unverified,,1238.3,2463.6,7.6,2000.0,8,
north,,30498,road_route_found_entrance_unverified,,2447.3,2511.1,21.1,600.0,8,
north,,30499,road_route_found_entrance_unverified,,2455.9,2984.4,0.3,93.0,0,
north,,30500,road_route_found_entrance_unverified,,2068.8,2124.1,9.3,300.0,3,
north,,30501,road_route_found_entrance_unverified,,2068.8,2124.1,9.3,300.0,2,
north,,30502,road_route_found_entrance_unverified,,2149.1,2606.3,3.8,44.0,0,
north,,30503,unconfirmed,route_unconfirmed,,,,11.0,0,Подъезд превышает 3 км
north,,30504,road_route_found_entrance_unverified,,2949.0,2901.3,8.1,44.0,0,
north,,30505,unconfirmed,route_unconfirmed,,,,150.0,1,Подъезд превышает 3 км
north,,30506,unconfirmed,route_unconfirmed,,,,44.0,0,Подъезд превышает 3 км
north,,30507,unconfirmed,route_unconfirmed,,,,50.0,0,"Требуется проверка доступа, барьеров или поворотов"
north,,30508,unconfirmed,route_unconfirmed,,,,44.0,0,Подъезд превышает 3 км
north,,30509,unconfirmed,route_unconfirmed,,,,44.0,0,Подъезд превышает 3 км
north,,30510,unconfirmed,route_unconfirmed,,,,44.0,0,Подъезд превышает 3 км
north,,30511,unconfirmed,route_unconfirmed,,,,11.0,0,"Требуется проверка доступа, барьеров или поворотов; Подъезд превышает 3 км"
north,,30512,unconfirmed,route_unconfirmed,,,,50.0,0,Подъезд превышает 3 км
north,,30513,unconfirmed,route_unconfirmed,,,,22.0,0,Подъезд превышает 3 км
north,,30514,unconfirmed,route_unconfirmed,,,,1600.0,8,Подъезд превышает 3 км
north,,30515,unconfirmed,route_unconfirmed,,,,66.0,0,Подъезд превышает 3 км
north,,30516,unconfirmed,route_unconfirmed,,,,22.0,0,Подъезд превышает 3 км
north,,30517,unconfirmed,route_unconfirmed,,,,150.0,2,Подъезд превышает 3 км
north,,30518,unconfirmed,route_unconfirmed,,,,22.0,0,Подъезд превышает 3 км
north,,30519,unconfirmed,route_unconfirmed,,,,150.0,2,Подъезд превышает 3 км
north,,30520,unconfirmed,route_unconfirmed,,,,22.0,0,Подъезд превышает 3 км
north,,30521,unconfirmed,route_unconfirmed,,,,22.0,0,Подъезд превышает 3 км
north,,30522,unconfirmed,route_unconfirmed,,,,3.0,0,Подъезд превышает 3 км
north,,30523,unconfirmed,route_unconfirmed,,,,44.0,0,"Требуется проверка доступа, барьеров или поворотов; Подъезд превышает 3 км"
north,,30524,unconfirmed,route_unconfirmed,,,,22.0,0,Подъезд превышает 3 км
north,,30525,unconfirmed,route_unconfirmed,,,,22.0,0,Подъезд превышает 3 км
north,,30526,unconfirmed,route_unconfirmed,,,,300.0,2,Подъезд превышает 3 км
north,,30527,unconfirmed,route_unconfirmed,,,,33.0,0,Подъезд превышает 3 км
north,,30528,unconfirmed,route_unconfirmed,,,,44.0,0,Подъезд превышает 3 км
north,,30529,unconfirmed,route_unconfirmed,,,,11.0,0,Подъезд превышает 3 км
north,,30530,unconfirmed,route_unconfirmed,,,,11.0,0,Подъезд превышает 3 км
north,,30531,unconfirmed,route_unconfirmed,,,,22.0,0,Подъезд превышает 3 км
north,,30533,unconfirmed,route_unconfirmed,,,,44.0,0,Подъезд превышает 3 км
north,,30577,unconfirmed,route_unconfirmed,,,,22.0,0,Подъезд превышает 3 км; Возврат превышает предел пилота
north,,30578,unconfirmed,route_unconfirmed,,,,11.0,0,Подъезд превышает 3 км
north,,30579,unconfirmed,route_unconfirmed,,,,11.0,0,"Требуется проверка доступа, барьеров или поворотов"
north,,30580,unconfirmed,route_unconfirmed,,,,22.0,0,"Требуется проверка доступа, барьеров или поворотов"
north,,30581,unconfirmed,route_unconfirmed,,,,22.0,0,"Требуется проверка доступа, барьеров или поворотов"
north,,30582,unconfirmed,route_unconfirmed,,,,44.0,0,"Требуется проверка доступа, барьеров или поворотов"
north,,30596,unconfirmed,route_unconfirmed,,,,11.0,0,Подъезд превышает 3 км
north,,30597,unconfirmed,route_unconfirmed,,,,44.0,0,Подъезд превышает 3 км
north,,30598,unconfirmed,route_unconfirmed,,,,44.0,0,Подъезд превышает 3 км
north,,30599,road_route_found_entrance_unverified,,2273.8,2314.7,6.3,44.0,0,
north,,30600,road_route_found_entrance_unverified,,2671.4,2765.9,7.9,44.0,0,
north,,30607,unconfirmed,route_unconfirmed,,,,44.0,0,Подъезд превышает 3 км
north,,30608,unconfirmed,route_unconfirmed,,,,44.0,0,Подъезд превышает 3 км
north,,30609,unconfirmed,route_unconfirmed,,,,44.0,0,Подъезд превышает 3 км
north,,30610,unconfirmed,route_unconfirmed,,,,44.0,0,Подъезд превышает 3 км
north,,30611,unconfirmed,route_unconfirmed,,,,44.0,0,Подъезд превышает 3 км
north,,30612,unconfirmed,route_unconfirmed,,,,44.0,0,Подъезд превышает 3 км
north,,30613,unconfirmed,route_unconfirmed,,,,88.0,0,Подъезд превышает 3 км
north,,30923,unconfirmed,route_unconfirmed,,,,700.0,2,Причина не установлена: проверить топологию и координаты; Связь найдена с другим направлением
north,,30924,road_route_found_entrance_unverified,,394.3,258.4,2.1,700.0,2,
north,,30932,road_route_found_entrance_unverified,,398.1,254.7,10.0,98.0,0,
north,,30933,unconfirmed,route_unconfirmed,,,,1400.0,4,Причина не установлена: проверить топологию и координаты; Связь найдена с другим направлением
north,,30934,unconfirmed,route_unconfirmed,,,,43.0,0,Причина не установлена: проверить топологию и координаты; Связь найдена с другим направлением
north,,30935,road_route_found_entrance_unverified,,193.7,190.1,6.3,1400.0,4,
north,,31016,unconfirmed,route_unconfirmed,,,,450.0,4,Подъезд превышает 3 км
north,,31017,unconfirmed,route_unconfirmed,,,,44.0,0,Подъезд превышает 3 км
north,,31018,unconfirmed,route_unconfirmed,,,,44.0,0,Подъезд превышает 3 км
north,,31020,unconfirmed,route_unconfirmed,,,,93.0,0,Причина не установлена: проверить топологию и координаты; Связь найдена с другим направлением
north,,31021,unconfirmed,route_unconfirmed,,,,44.0,0,Подъезд превышает 3 км
north,,31022,unconfirmed,route_unconfirmed,,,,44.0,0,Подъезд превышает 3 км
north,,31023,unconfirmed,route_unconfirmed,,,,98.0,0,"Требуется проверка доступа, барьеров или поворотов; Связь найдена с другим направлением"
north,,31025,unconfirmed,route_unconfirmed,,,,72.8,0,Подъезд превышает 3 км
north,,31027,unconfirmed,route_unconfirmed,,,,22.0,0,Подъезд превышает 3 км
north,,31028,unconfirmed,route_unconfirmed,,,,22.0,0,Подъезд превышает 3 км
north,,31030,unconfirmed,route_unconfirmed,,,,300.0,4,Подъезд превышает 3 км
north,,31031,unconfirmed,route_unconfirmed,,,,22.0,0,Подъезд превышает 3 км
north,,31032,unconfirmed,route_unconfirmed,,,,11.0,0,Подъезд превышает 3 км
north,,31035,unconfirmed,route_unconfirmed,,,,33.0,0,Подъезд превышает 3 км
north,,31036,unconfirmed,route_unconfirmed,,,,50.0,0,"Требуется проверка доступа, барьеров или поворотов; Подъезд превышает 3 км; До ближайшей дороги больше 60 м"
north,,31039,unconfirmed,route_unconfirmed,,,,22.0,0,Подъезд превышает 3 км
north,,31042,unconfirmed,route_unconfirmed,,,,88.0,0,Подъезд превышает 3 км
north,,31071,unconfirmed,route_unconfirmed,,,,22.0,0,Подъезд превышает 3 км
north,,31072,road_route_found_entrance_unverified,,1758.3,1616.5,11.6,11.0,0,
north,,31073,road_route_found_entrance_unverified,,470.7,613.6,11.4,600.0,4,
north,,31074,road_route_found_entrance_unverified,,561.9,793.0,7.5,2000.0,8,
north,,31075,road_route_found_entrance_unverified,,958.8,929.3,2.8,160.0,2,
north,,31076,road_route_found_entrance_unverified,,885.0,914.9,2.3,1275.0,10,
north,,31077,road_route_found_entrance_unverified,,859.5,874.8,6.9,300.0,4,
north,,31078,unconfirmed,route_unconfirmed,,,,11.0,0,Подъезд превышает 3 км
north,,31079,road_route_found_entrance_unverified,,1153.7,1107.0,9.4,50.0,0,
north,,31093,road_route_found_entrance_unverified,,2616.4,2686.3,16.0,22.0,0,
north,,31094,unconfirmed,route_unconfirmed,,,,44.0,0,Подъезд превышает 3 км; Связь найдена с другим направлением
north,,31111,unconfirmed,route_unconfirmed,,,,44.0,0,Подъезд превышает 3 км; Связь найдена с другим направлением
north,,31112,road_route_found_entrance_unverified,,2438.0,2518.3,19.6,600.0,4,
north,,31113,unconfirmed,route_unconfirmed,,,,44.0,0,"Требуется проверка доступа, барьеров или поворотов; Подъезд превышает 3 км"
north,,31114,unconfirmed,route_unconfirmed,,,,22.0,0,"Требуется проверка доступа, барьеров или поворотов; Подъезд превышает 3 км"
north,,31115,unconfirmed,route_unconfirmed,,,,22.0,0,Подъезд превышает 3 км
north,,31116,unconfirmed,route_unconfirmed,,,,22.0,0,"Требуется проверка доступа, барьеров или поворотов; Подъезд превышает 3 км"
north,,31117,unconfirmed,route_unconfirmed,,,,22.0,0,Подъезд превышает 3 км
north,,31118,unconfirmed,route_unconfirmed,,,,22.0,0,"Требуется проверка доступа, барьеров или поворотов; Подъезд превышает 3 км"
north,,31119,unconfirmed,route_unconfirmed,,,,900.0,6,"Требуется проверка доступа, барьеров или поворотов; Подъезд превышает 3 км"
north,,31120,unconfirmed,route_unconfirmed,,,,22.0,0,"Требуется проверка доступа, барьеров или поворотов; Подъезд превышает 3 км"
north,,31121,unconfirmed,route_unconfirmed,,,,33.0,0,"Требуется проверка доступа, барьеров или поворотов; Подъезд превышает 3 км"
north,,31122,unconfirmed,route_unconfirmed,,,,44.0,0,Подъезд превышает 3 км
north,,31123,unconfirmed,route_unconfirmed,,,,300.0,2,Подъезд превышает 3 км
north,,31124,unconfirmed,route_unconfirmed,,,,22.0,0,Подъезд превышает 3 км
north,,31125,unconfirmed,route_unconfirmed,,,,22.0,0,Подъезд превышает 3 км
north,,31126,unconfirmed,route_unconfirmed,,,,11.0,0,"Требуется проверка доступа, барьеров или поворотов; Подъезд превышает 3 км"
north,,31127,unconfirmed,route_unconfirmed,,,,22.0,0,"Требуется проверка доступа, барьеров или поворотов; Подъезд превышает 3 км"
north,,31128,unconfirmed,route_unconfirmed,,,,44.0,0,Подъезд превышает 3 км
north,,31129,unconfirmed,route_unconfirmed,,,,11.0,0,"Требуется проверка доступа, барьеров или поворотов; Подъезд превышает 3 км"
north,,31733,unconfirmed,route_unconfirmed,,,,1600.0,8,"Требуется проверка доступа, барьеров или поворотов; Подъезд превышает 3 км"
north,,31734,unconfirmed,route_unconfirmed,,,,4200.0,12,"Требуется проверка доступа, барьеров или поворотов; Подъезд превышает 3 км"
north,,31735,unconfirmed,route_unconfirmed,,,,700.0,4,"Требуется проверка доступа, барьеров или поворотов; Подъезд превышает 3 км"
north,,31736,unconfirmed,route_unconfirmed,,,,5000.0,20,"Требуется проверка доступа, барьеров или поворотов; Подъезд превышает 3 км"
north,,31737,unconfirmed,route_unconfirmed,,,,600.0,4,"Требуется проверка доступа, барьеров или поворотов; Подъезд превышает 3 км"
north,,31738,unconfirmed,route_unconfirmed,,,,400.0,4,"Требуется проверка доступа, барьеров или поворотов; Подъезд превышает 3 км"
north,,31739,unconfirmed,route_unconfirmed,,,,2100.0,6,"Требуется проверка доступа, барьеров или поворотов; Подъезд превышает 3 км"
north,,31740,unconfirmed,route_unconfirmed,,,,450.0,4,"Требуется проверка доступа, барьеров или поворотов; Подъезд превышает 3 км"
north,,31741,unconfirmed,route_unconfirmed,,,,150.0,2,"Требуется проверка доступа, барьеров или поворотов; Подъезд превышает 3 км"
north,,31751,road_route_found_entrance_unverified,,537.8,488.2,3.3,75.0,2,
north,,31752,road_route_found_entrance_unverified,,537.8,488.2,3.3,50.0,0,
north,,31792,unconfirmed,route_unconfirmed,,,,49.0,0,"Требуется проверка доступа, барьеров или поворотов; Подъезд превышает 3 км"
north,,31793,unconfirmed,route_unconfirmed,,,,44.0,0,"Требуется проверка доступа, барьеров или поворотов; Подъезд превышает 3 км"
north,,31794,unconfirmed,route_unconfirmed,,,,220.0,0,"Требуется проверка доступа, барьеров или поворотов; Подъезд превышает 3 км"
north,,31795,unconfirmed,route_unconfirmed,,,,44.0,0,"Требуется проверка доступа, барьеров или поворотов; Подъезд превышает 3 км"
north,,31796,unconfirmed,route_unconfirmed,,,,88.0,0,"Требуется проверка доступа, барьеров или поворотов; Подъезд превышает 3 км"
north,,31797,unconfirmed,route_unconfirmed,,,,49.0,0,"Требуется проверка доступа, барьеров или поворотов; Подъезд превышает 3 км"
north,,31798,unconfirmed,route_unconfirmed,,,,88.0,0,"Требуется проверка доступа, барьеров или поворотов; Подъезд превышает 3 км"
north,,31800,unconfirmed,route_unconfirmed,,,,66.0,0,"Требуется проверка доступа, барьеров или поворотов; Подъезд превышает 3 км"
north,,31801,unconfirmed,route_unconfirmed,,,,99.0,0,"Требуется проверка доступа, барьеров или поворотов; Подъезд превышает 3 км"
north,,31802,unconfirmed,route_unconfirmed,,,,11.0,0,"Требуется проверка доступа, барьеров или поворотов; Подъезд превышает 3 км"
north,,31803,unconfirmed,route_unconfirmed,,,,88.0,0,"Требуется проверка доступа, барьеров или поворотов; Подъезд превышает 3 км"
north,,31804,unconfirmed,route_unconfirmed,,,,88.0,0,"Требуется проверка доступа, барьеров или поворотов; Подъезд превышает 3 км"
north,,31805,unconfirmed,route_unconfirmed,,,,33.0,0,"Требуется проверка доступа, барьеров или поворотов; Подъезд превышает 3 км"
north,,31806,unconfirmed,route_unconfirmed,,,,55.0,0,"Требуется проверка доступа, барьеров или поворотов; Подъезд превышает 3 км"
north,,31807,unconfirmed,route_unconfirmed,,,,50.0,0,"Требуется проверка доступа, барьеров или поворотов; Подъезд превышает 3 км"
north,,31808,unconfirmed,route_unconfirmed,,,,44.0,0,"Требуется проверка доступа, барьеров или поворотов; Подъезд превышает 3 км"
north,,31815,unconfirmed,route_unconfirmed,,,,50.0,0,"Требуется проверка доступа, барьеров или поворотов"
north,,31816,unconfirmed,route_unconfirmed,,,,44.0,0,"Требуется проверка доступа, барьеров или поворотов; Подъезд превышает 3 км"
north,,31817,unconfirmed,route_unconfirmed,,,,44.0,0,"Требуется проверка доступа, барьеров или поворотов"
north,,31818,unconfirmed,route_unconfirmed,,,,44.0,0,"Требуется проверка доступа, барьеров или поворотов; Подъезд превышает 3 км"
north,,31819,unconfirmed,route_unconfirmed,,,,44.0,0,"Требуется проверка доступа, барьеров или поворотов; Подъезд превышает 3 км"
north,,31820,unconfirmed,route_unconfirmed,,,,44.0,0,"Требуется проверка доступа, барьеров или поворотов; Подъезд превышает 3 км"
north,,31821,unconfirmed,route_unconfirmed,,,,44.0,0,"Требуется проверка доступа, барьеров или поворотов"
north,,31822,unconfirmed,route_unconfirmed,,,,94.0,0,"Требуется проверка доступа, барьеров или поворотов"
north,,31823,unconfirmed,route_unconfirmed,,,,22.0,0,"Требуется проверка доступа, барьеров или поворотов"
north,,31824,unconfirmed,route_unconfirmed,,,,44.0,0,"Требуется проверка доступа, барьеров или поворотов; Подъезд превышает 3 км"
north,,31825,unconfirmed,route_unconfirmed,,,,80.0,0,"Требуется проверка доступа, барьеров или поворотов; Подъезд превышает 3 км"
north,,31826,unconfirmed,route_unconfirmed,,,,44.0,0,"Требуется проверка доступа, барьеров или поворотов; Подъезд превышает 3 км"
north,,31827,unconfirmed,route_unconfirmed,,,,11.0,0,"Требуется проверка доступа, барьеров или поворотов; Подъезд превышает 3 км"
north,,31828,unconfirmed,route_unconfirmed,,,,44.0,0,"Требуется проверка доступа, барьеров или поворотов; Подъезд превышает 3 км"
north,,31829,unconfirmed,route_unconfirmed,,,,44.0,0,"Требуется проверка доступа, барьеров или поворотов"
north,,31830,unconfirmed,route_unconfirmed,,,,160.0,2,"Требуется проверка доступа, барьеров или поворотов"
north,,31831,unconfirmed,route_unconfirmed,,,,44.0,0,"Требуется проверка доступа, барьеров или поворотов; Подъезд превышает 3 км"
north,,31832,unconfirmed,route_unconfirmed,,,,44.0,0,"Требуется проверка доступа, барьеров или поворотов; Подъезд превышает 3 км"
north,,31833,unconfirmed,route_unconfirmed,,,,900.0,8,"Требуется проверка доступа, барьеров или поворотов; Подъезд превышает 3 км"
north,,31834,unconfirmed,route_unconfirmed,,,,44.0,0,"Требуется проверка доступа, барьеров или поворотов"
north,,31835,unconfirmed,route_unconfirmed,,,,44.0,0,"Требуется проверка доступа, барьеров или поворотов"
north,,31836,unconfirmed,route_unconfirmed,,,,44.0,0,"Требуется проверка доступа, барьеров или поворотов; Подъезд превышает 3 км"
north,,31837,unconfirmed,route_unconfirmed,,,,22.0,0,"Требуется проверка доступа, барьеров или поворотов"
north,,31838,unconfirmed,route_unconfirmed,,,,44.0,0,"Требуется проверка доступа, барьеров или поворотов; Подъезд превышает 3 км"
north,,31839,unconfirmed,route_unconfirmed,,,,2000.0,8,"Требуется проверка доступа, барьеров или поворотов; Подъезд превышает 3 км"
north,,31840,unconfirmed,route_unconfirmed,,,,44.0,0,"Требуется проверка доступа, барьеров или поворотов"
north,,31841,unconfirmed,route_unconfirmed,,,,22.0,0,"Требуется проверка доступа, барьеров или поворотов; Подъезд превышает 3 км"
north,,31842,unconfirmed,route_unconfirmed,,,,44.0,0,"Требуется проверка доступа, барьеров или поворотов"
north,,31846,unconfirmed,route_unconfirmed,,,,88.0,0,"Требуется проверка доступа, барьеров или поворотов; Подъезд превышает 3 км"
north,,31847,unconfirmed,route_unconfirmed,,,,44.0,0,"Требуется проверка доступа, барьеров или поворотов; Подъезд превышает 3 км"
north,,31850,unconfirmed,route_unconfirmed,,,,11.0,0,"Требуется проверка доступа, барьеров или поворотов; Подъезд превышает 3 км"
north,,31851,unconfirmed,route_unconfirmed,,,,11.0,0,Подъезд превышает 3 км
north,,31853,unconfirmed,route_unconfirmed,,,,22.0,0,"Требуется проверка доступа, барьеров или поворотов; Подъезд превышает 3 км"
north,,31854,unconfirmed,route_unconfirmed,,,,1200.0,8,"Требуется проверка доступа, барьеров или поворотов; Подъезд превышает 3 км"
north,,31856,unconfirmed,route_unconfirmed,,,,44.0,0,"Требуется проверка доступа, барьеров или поворотов; Подъезд превышает 3 км"
north,,31858,unconfirmed,route_unconfirmed,,,,900.0,6,Подъезд превышает 3 км
north,,31859,unconfirmed,route_unconfirmed,,,,44.0,0,"Требуется проверка доступа, барьеров или поворотов; Подъезд превышает 3 км"
north,,31865,unconfirmed,route_unconfirmed,,,,44.0,0,"Требуется проверка доступа, барьеров или поворотов; Подъезд превышает 3 км"
north,,31868,unconfirmed,route_unconfirmed,,,,44.0,0,Подъезд превышает 3 км
north,,31869,unconfirmed,route_unconfirmed,,,,50.0,0,"Требуется проверка доступа, барьеров или поворотов; Подъезд превышает 3 км"
north,,31870,unconfirmed,route_unconfirmed,,,,132.0,0,"Требуется проверка доступа, барьеров или поворотов; Подъезд превышает 3 км"
north,,31871,unconfirmed,route_unconfirmed,,,,66.0,0,"Требуется проверка доступа, барьеров или поворотов; Подъезд превышает 3 км"
north,,31872,unconfirmed,route_unconfirmed,,,,44.0,0,"Требуется проверка доступа, барьеров или поворотов; Подъезд превышает 3 км"
north,,31873,unconfirmed,route_unconfirmed,,,,88.0,0,"Требуется проверка доступа, барьеров или поворотов; Подъезд превышает 3 км"
north,,31875,unconfirmed,route_unconfirmed,,,,50.0,0,"Требуется проверка доступа, барьеров или поворотов; Подъезд превышает 3 км"
north,,31876,unconfirmed,route_unconfirmed,,,,44.0,0,"Требуется проверка доступа, барьеров или поворотов; Подъезд превышает 3 км"
north,,31877,unconfirmed,route_unconfirmed,,,,44.0,0,Подъезд превышает 3 км
north,,31878,unconfirmed,route_unconfirmed,,,,44.0,0,Подъезд превышает 3 км
north,,31879,unconfirmed,route_unconfirmed,,,,44.0,0,Подъезд превышает 3 км
north,,31880,unconfirmed,route_unconfirmed,,,,44.0,0,Подъезд превышает 3 км
north,,31881,unconfirmed,route_unconfirmed,,,,600.0,4,Подъезд превышает 3 км
north,,32705,unconfirmed,route_unconfirmed,,,,88.0,0,"Требуется проверка доступа, барьеров или поворотов; Подъезд превышает 3 км"
north,,32706,unconfirmed,route_unconfirmed,,,,88.0,0,Подъезд превышает 3 км
north,,32707,unconfirmed,route_unconfirmed,,,,110.0,0,Подъезд превышает 3 км; Связь найдена с другим направлением
north,,32708,unconfirmed,route_unconfirmed,,,,1300.0,6,Подъезд превышает 3 км
north,,32709,unconfirmed,route_unconfirmed,,,,4000.0,16,Подъезд превышает 3 км
north,,32710,unconfirmed,route_unconfirmed,,,,44.0,0,Подъезд превышает 3 км
north,,32713,unconfirmed,route_unconfirmed,,,,72.0,0,Подъезд превышает 3 км; Связь найдена с другим направлением
north,,32714,unconfirmed,route_unconfirmed,,,,72.0,0,Подъезд превышает 3 км; Связь найдена с другим направлением
north,,32715,unconfirmed,route_unconfirmed,,,,72.0,0,Подъезд превышает 3 км; Связь найдена с другим направлением
north,,32716,unconfirmed,route_unconfirmed,,,,4500.0,40,Подъезд превышает 3 км; Связь найдена с другим направлением
north,,32717,unconfirmed,route_unconfirmed,,,,3000.0,12,Подъезд превышает 3 км; Связь найдена с другим направлением
north,,32718,unconfirmed,route_unconfirmed,,,,110.0,0,Подъезд превышает 3 км; Связь найдена с другим направлением
north,,32719,unconfirmed,route_unconfirmed,,,,11.0,0,Причина не установлена: проверить топологию и координаты; Дорога не найдена в пределах 200 м: проверить координаты и OSM
north,,32721,unconfirmed,route_unconfirmed,,,,66.0,0,Подъезд превышает 3 км
north,,32722,unconfirmed,route_unconfirmed,,,,154.0,0,"Требуется проверка доступа, барьеров или поворотов"
north,,32723,unconfirmed,route_unconfirmed,,,,66.0,0,"Требуется проверка доступа, барьеров или поворотов"
north,,32724,unconfirmed,route_unconfirmed,,,,22.0,0,"Требуется проверка доступа, барьеров или поворотов; Подъезд превышает 3 км"
north,,32725,unconfirmed,route_unconfirmed,,,,88.0,0,Подъезд превышает 3 км
north,,32726,unconfirmed,route_unconfirmed,,,,22.0,0,"Требуется проверка доступа, барьеров или поворотов; Подъезд превышает 3 км"
north,,32727,unconfirmed,route_unconfirmed,,,,22.0,0,"Требуется проверка доступа, барьеров или поворотов; Подъезд превышает 3 км"
north,,32728,unconfirmed,route_unconfirmed,,,,44.0,0,Подъезд превышает 3 км
north,,32730,unconfirmed,route_unconfirmed,,,,240.0,2,Подъезд превышает 3 км; Связь найдена с другим направлением
north,,32731,unconfirmed,route_unconfirmed,,,,66.0,0,Подъезд превышает 3 км; Связь найдена с другим направлением
north,,32732,unconfirmed,route_unconfirmed,,,,72.0,0,Подъезд превышает 3 км
north,,32733,unconfirmed,route_unconfirmed,,,,55.0,0,"Требуется проверка доступа, барьеров или поворотов; Подъезд превышает 3 км"
north,,32734,unconfirmed,route_unconfirmed,,,,22.0,0,Подъезд превышает 3 км; Связь найдена с другим направлением
north,,32735,unconfirmed,route_unconfirmed,,,,11.0,0,Подъезд превышает 3 км
north,,32736,unconfirmed,route_unconfirmed,,,,300.0,2,Подъезд превышает 3 км; Связь найдена с другим направлением
north,,32737,unconfirmed,route_unconfirmed,,,,360.0,1,Подъезд превышает 3 км; Связь найдена с другим направлением
north,,32738,unconfirmed,route_unconfirmed,,,,360.0,1,Подъезд превышает 3 км; Связь найдена с другим направлением
north,,33220,unconfirmed,route_unconfirmed,,,,44.0,0,Подъезд превышает 3 км
north,,33224,unconfirmed,route_unconfirmed,,,,44.0,0,Подъезд превышает 3 км
north,,33233,unconfirmed,route_unconfirmed,,,,44.0,0,Подъезд превышает 3 км
north,,33244,unconfirmed,route_unconfirmed,,,,44.0,0,"Требуется проверка доступа, барьеров или поворотов; Подъезд превышает 3 км"
north,,33246,unconfirmed,route_unconfirmed,,,,600.0,4,Подъезд превышает 3 км
north,,33247,unconfirmed,route_unconfirmed,,,,300.0,2,Подъезд превышает 3 км
north,,33259,unconfirmed,route_unconfirmed,,,,150.0,2,"Требуется проверка доступа, барьеров или поворотов; Подъезд превышает 3 км"
north,,33318,unconfirmed,route_unconfirmed,,,,44.0,0,Подъезд превышает 3 км
north,,33320,unconfirmed,route_unconfirmed,,,,44.0,0,Подъезд превышает 3 км
north,,33658,road_route_found_entrance_unverified,,825.0,825.6,25.0,33.0,0,
north,,33659,road_route_found_entrance_unverified,,877.1,785.6,6.1,750.0,6,
north,,33660,road_route_found_entrance_unverified,,888.8,799.5,5.2,2500.0,10,
north,,33661,road_route_found_entrance_unverified,,1201.8,1219.1,8.5,44.0,0,
north,,33662,unconfirmed,route_unconfirmed,,,,50.0,0,Подъезд превышает 3 км
north,,33663,unconfirmed,route_unconfirmed,,,,44.0,0,Подъезд превышает 3 км
north,,33667,unconfirmed,route_unconfirmed,,,,44.0,0,Подъезд превышает 3 км
north,,33668,unconfirmed,route_unconfirmed,,,,11.0,0,"Требуется проверка доступа, барьеров или поворотов"
north,,33676,unconfirmed,route_unconfirmed,,,,22.0,0,Подъезд превышает 3 км; Связь найдена с другим направлением
north,,33677,unconfirmed,route_unconfirmed,,,,22.0,0,Подъезд превышает 3 км; Связь найдена с другим направлением
north,,33678,road_route_found_entrance_unverified,,2822.2,2798.3,5.6,44.0,0,
north,,33679,unconfirmed,route_unconfirmed,,,,11.0,0,"Требуется проверка доступа, барьеров или поворотов; Подъезд превышает 3 км"
north,,33680,road_route_found_entrance_unverified,,2156.5,2126.0,6.7,900.0,10,
north,,33681,road_route_found_entrance_unverified,,2706.9,2572.9,7.5,100.0,0,
north,,33682,road_route_found_entrance_unverified,,1225.6,1288.8,12.8,2000.0,10,
north,,33683,road_route_found_entrance_unverified,,1131.2,1131.4,6.7,600.0,4,
north,,33684,road_route_found_entrance_unverified,,462.7,404.8,0.8,525.0,3,
north,,33685,road_route_found_entrance_unverified,,1292.8,1299.2,8.2,3500.0,12,
north,,33686,road_route_found_entrance_unverified,,1251.9,1231.1,6.5,450.0,4,
north,,33687,road_route_found_entrance_unverified,,2849.8,2765.7,2.4,44.0,0,
north,,33688,road_route_found_entrance_unverified,,2006.9,1979.1,1.2,71.0,0,
north,,33689,road_route_found_entrance_unverified,,1586.9,1518.0,25.9,22.0,0,
north,,33690,road_route_found_entrance_unverified,,2176.4,2115.4,14.0,44.0,0,
north,,33691,unconfirmed,route_unconfirmed,,,,100.0,0,Подъезд превышает 3 км; Связь найдена с другим направлением
north,,33692,unconfirmed,route_unconfirmed,,,,11.0,0,Подъезд превышает 3 км; Связь найдена с другим направлением
north,,33693,road_route_found_entrance_unverified,,2421.0,2354.8,8.3,200.0,0,
north,,33694,unconfirmed,route_unconfirmed,,,,272.0,0,Причина не установлена: проверить топологию и координаты
north,,33695,road_route_found_entrance_unverified,,265.3,277.3,4.7,700.0,4,
north,,33696,road_route_found_entrance_unverified,,360.1,385.8,6.9,4000.0,16,
north,,33697,unconfirmed,route_unconfirmed,,,,98.0,0,Причина не установлена: проверить топологию и координаты; Связь найдена с другим направлением
north,,33698,road_route_found_entrance_unverified,,2523.6,2442.7,7.7,44.0,0,
north,,33699,unconfirmed,route_unconfirmed,,,,22.0,0,Подъезд превышает 3 км
north,,33700,road_route_found_entrance_unverified,,2455.0,2320.8,5.7,100.0,0,
north,,33707,unconfirmed,route_unconfirmed,,,,11.0,0,Подъезд превышает 3 км
north,,33708,unconfirmed,route_unconfirmed,,,,44.0,0,Подъезд превышает 3 км
north,,33944,unconfirmed,route_unconfirmed,,,,44.0,0,Подъезд превышает 3 км; Связь найдена с другим направлением
north,,33945,road_route_found_entrance_unverified,,2144.4,2028.1,26.1,44.0,0,
north,,33946,road_route_found_entrance_unverified,,1650.3,1582.2,3.1,300.0,2,
north,,33947,road_route_found_entrance_unverified,,2013.4,1930.4,8.6,44.0,0,
north,,33948,road_route_found_entrance_unverified,,2058.0,1990.3,14.8,50.0,0,
north,,33949,road_route_found_entrance_unverified,,2071.2,1977.2,11.3,33.0,0,
north,,33950,road_route_found_entrance_unverified,,2597.9,2524.3,0.4,22.0,0,
north,,33951,unconfirmed,route_unconfirmed,,,,1200.0,6,"Требуется проверка доступа, барьеров или поворотов"
north,,33952,unconfirmed,route_unconfirmed,,,,71.0,0,Подъезд превышает 3 км
north,,33953,unconfirmed,route_unconfirmed,,,,300.0,4,"Требуется проверка доступа, барьеров или поворотов; Подъезд превышает 3 км"
north,,33955,road_route_found_entrance_unverified,,1727.6,1647.0,0.8,388.0,2,
north,,33956,unconfirmed,route_unconfirmed,,,,66.0,0,"Требуется проверка доступа, барьеров или поворотов"
north,,33957,road_route_found_entrance_unverified,,2736.7,2706.0,4.4,22.0,0,
north,,33958,road_route_found_entrance_unverified,,2836.2,2788.4,4.1,88.0,0,
north,,33959,unconfirmed,route_unconfirmed,,,,88.0,0,Подъезд превышает 3 км
north,,33961,unconfirmed,route_unconfirmed,,,,300.0,4,Подъезд превышает 3 км
north,,33962,unconfirmed,route_unconfirmed,,,,44.0,0,Подъезд превышает 3 км
north,,33963,unconfirmed,route_unconfirmed,,,,11.0,0,Подъезд превышает 3 км
north,,33964,unconfirmed,route_unconfirmed,,,,400.0,4,Подъезд превышает 3 км
north,,33965,unconfirmed,route_unconfirmed,,,,44.0,0,Подъезд превышает 3 км
north,,33966,unconfirmed,route_unconfirmed,,,,44.0,0,Подъезд превышает 3 км
north,,33994,unconfirmed,route_unconfirmed,,,,44.0,0,Подъезд превышает 3 км
north,,34003,unconfirmed,route_unconfirmed,,,,11.0,0,Подъезд превышает 3 км
north,,34005,unconfirmed,route_unconfirmed,,,,50.0,0,Подъезд превышает 3 км
north,,34011,unconfirmed,route_unconfirmed,,,,11.0,0,Подъезд превышает 3 км
north,,34026,unconfirmed,route_unconfirmed,,,,44.0,0,"Требуется проверка доступа, барьеров или поворотов; Связь найдена с другим направлением"
north,,34027,unconfirmed,route_unconfirmed,,,,2100.0,6,"Требуется проверка доступа, барьеров или поворотов; Связь найдена с другим направлением"
north,,34028,unconfirmed,route_unconfirmed,,,,472.0,4,"Требуется проверка доступа, барьеров или поворотов; Связь найдена с другим направлением"
north,,34029,unconfirmed,route_unconfirmed,,,,88.0,0,"Требуется проверка доступа, барьеров или поворотов; Подъезд превышает 3 км"
north,,34030,unconfirmed,route_unconfirmed,,,,44.0,0,"Требуется проверка доступа, барьеров или поворотов; Подъезд превышает 3 км"
north,,34031,unconfirmed,route_unconfirmed,,,,44.0,0,"Требуется проверка доступа, барьеров или поворотов; Связь найдена с другим направлением"
north,,34032,unconfirmed,route_unconfirmed,,,,22.0,0,"Требуется проверка доступа, барьеров или поворотов; Связь найдена с другим направлением"
north,,34033,unconfirmed,route_unconfirmed,,,,350.0,2,"Требуется проверка доступа, барьеров или поворотов; Связь найдена с другим направлением"
north,,34034,unconfirmed,route_unconfirmed,,,,44.0,0,"Требуется проверка доступа, барьеров или поворотов; Подъезд превышает 3 км"
north,,34035,unconfirmed,route_unconfirmed,,,,88.0,0,"Требуется проверка доступа, барьеров или поворотов; Подъезд превышает 3 км"
north,,34036,unconfirmed,route_unconfirmed,,,,93.0,0,"Требуется проверка доступа, барьеров или поворотов; Связь найдена с другим направлением"
north,,34037,unconfirmed,route_unconfirmed,,,,11.0,0,"Требуется проверка доступа, барьеров или поворотов; Подъезд превышает 3 км"
north,,34038,unconfirmed,route_unconfirmed,,,,44.0,0,"Требуется проверка доступа, барьеров или поворотов; Подъезд превышает 3 км"
north,,34039,unconfirmed,route_unconfirmed,,,,88.0,0,"Требуется проверка доступа, барьеров или поворотов; Подъезд превышает 3 км"
north,,34040,unconfirmed,route_unconfirmed,,,,11.0,0,"Требуется проверка доступа, барьеров или поворотов; Подъезд превышает 3 км"
north,,34065,unconfirmed,route_unconfirmed,,,,44.0,0,Подъезд превышает 3 км
north,,34066,unconfirmed,route_unconfirmed,,,,194.0,2,Подъезд превышает 3 км
north,,34067,unconfirmed,route_unconfirmed,,,,22.0,0,Подъезд превышает 3 км
north,,34068,unconfirmed,route_unconfirmed,,,,25.0,0,Подъезд превышает 3 км
north,,34069,unconfirmed,route_unconfirmed,,,,44.0,0,Подъезд превышает 3 км
north,,34072,unconfirmed,route_unconfirmed,,,,66.0,0,Подъезд превышает 3 км
north,,34074,unconfirmed,route_unconfirmed,,,,44.0,0,Подъезд превышает 3 км
north,,34075,road_route_found_entrance_unverified,,2268.8,2390.5,9.7,175.0,0,
north,,34076,unconfirmed,route_unconfirmed,,,,44.0,0,Подъезд превышает 3 км
north,,34077,unconfirmed,route_unconfirmed,,,,44.0,0,Подъезд превышает 3 км
north,,34078,unconfirmed,route_unconfirmed,,,,154.0,0,Подъезд превышает 3 км
north,,34082,road_route_found_entrance_unverified,,2011.1,2138.6,22.5,44.0,0,
north,,34083,road_route_found_entrance_unverified,,1567.5,1636.5,7.2,44.0,0,
north,,34084,road_route_found_entrance_unverified,,2359.0,2360.9,9.5,11.0,0,
north,,34085,road_route_found_entrance_unverified,,292.3,302.5,6.6,98.0,0,
north,,34086,unconfirmed,route_unconfirmed,,,,98.0,0,Причина не установлена: проверить топологию и координаты
north,,34087,road_route_found_entrance_unverified,,175.4,407.9,1.5,93.0,0,
north,,34088,unconfirmed,route_unconfirmed,,,,93.0,0,Причина не установлена: проверить топологию и координаты; Связь найдена с другим направлением
south,,794,unconfirmed,route_unconfirmed,,,,22.0,0,Подъезд превышает 3 км; До ближайшей дороги больше 60 м
south,,797,unconfirmed,route_unconfirmed,,,,66.0,0,Подъезд превышает 3 км
south,,798,unconfirmed,route_unconfirmed,,,,44.0,0,Подъезд превышает 3 км
south,,801,road_route_found_entrance_unverified,,1245.3,1265.6,12.3,44.0,0,
south,,807,road_route_found_entrance_unverified,,542.8,578.8,1.3,22.0,0,
south,,840,unconfirmed,route_unconfirmed,,,,22.0,0,Подъезд превышает 3 км
south,,847,unconfirmed,route_unconfirmed,,,,22.0,0,Подъезд превышает 3 км
south,,848,unconfirmed,route_unconfirmed,,,,44.0,0,Подъезд превышает 3 км
south,,849,road_route_found_entrance_unverified,,1668.5,1174.8,7.5,450.0,4,
south,,850,road_route_found_entrance_unverified,,2831.4,2309.7,4.9,44.0,0,
south,,851,unconfirmed,route_unconfirmed,,,,116.0,0,Подъезд превышает 3 км
south,,852,unconfirmed,route_unconfirmed,,,,22.0,0,Подъезд превышает 3 км
south,,853,unconfirmed,route_unconfirmed,,,,88.0,0,Подъезд превышает 3 км
south,,854,unconfirmed,route_unconfirmed,,,,88.0,0,Подъезд превышает 3 км
south,,855,unconfirmed,route_unconfirmed,,,,400.0,4,Подъезд превышает 3 км
south,,856,unconfirmed,route_unconfirmed,,,,22.0,0,Подъезд превышает 3 км
south,,857,unconfirmed,route_unconfirmed,,,,84.0,0,Подъезд превышает 3 км
south,,858,unconfirmed,route_unconfirmed,,,,44.0,0,Подъезд превышает 3 км
south,,859,unconfirmed,route_unconfirmed,,,,88.0,0,Подъезд превышает 3 км
south,,860,unconfirmed,route_unconfirmed,,,,98.0,0,"Требуется проверка доступа, барьеров или поворотов; Подъезд превышает 3 км; Связь найдена с другим направлением"
south,,861,unconfirmed,route_unconfirmed,,,,44.0,0,Подъезд превышает 3 км
south,,862,unconfirmed,route_unconfirmed,,,,50.0,0,Подъезд превышает 3 км
south,,863,unconfirmed,route_unconfirmed,,,,22.0,0,Подъезд превышает 3 км
south,,864,unconfirmed,route_unconfirmed,,,,44.0,0,Подъезд превышает 3 км
south,,865,unconfirmed,route_unconfirmed,,,,22.0,0,Подъезд превышает 3 км
south,,874,unconfirmed,route_unconfirmed,,,,44.0,0,Подъезд превышает 3 км
south,,875,unconfirmed,route_unconfirmed,,,,44.0,0,Подъезд превышает 3 км
south,,901,road_route_found_entrance_unverified,,2746.4,2758.3,10.8,44.0,0,
south,,902,unconfirmed,route_unconfirmed,,,,44.0,0,Подъезд превышает 3 км
south,,903,unconfirmed,route_unconfirmed,,,,44.0,0,Подъезд превышает 3 км
south,,904,unconfirmed,route_unconfirmed,,,,22.0,0,Подъезд превышает 3 км
south,,905,road_route_found_entrance_unverified,,816.4,909.0,4.2,800.0,4,
south,,906,unconfirmed,route_unconfirmed,,,,11.0,0,Подъезд превышает 3 км
south,,907,unconfirmed,route_unconfirmed,,,,100.0,0,Подъезд превышает 3 км
south,,908,unconfirmed,route_unconfirmed,,,,44.0,0,Подъезд превышает 3 км
south,,909,road_route_found_entrance_unverified,,791.4,878.8,2.4,700.0,4,
south,,964,road_route_found_entrance_unverified,,1390.8,1245.3,7.1,150.0,2,
south,,965,road_route_found_entrance_unverified,,1613.2,1581.2,5.3,22.0,0,
south,,966,road_route_found_entrance_unverified,,1367.1,1229.1,1.2,50.0,0,
south,,967,road_route_found_entrance_unverified,,1490.7,1372.5,9.1,33.0,0,
south,,968,road_route_found_entrance_unverified,,2149.1,1916.6,9.9,22.0,0,
south,,969,road_route_found_entrance_unverified,,2312.1,2327.3,10.9,110.0,0,
south,,970,road_route_found_entrance_unverified,,1033.4,926.9,17.0,88.0,0,
south,,971,road_route_found_entrance_unverified,,2123.2,2113.4,8.0,72.0,0,
south,,972,road_route_found_entrance_unverified,,2980.2,2875.6,8.8,22.0,0,
south,,973,road_route_found_entrance_unverified,,2980.2,2875.6,8.8,22.0,0,
south,,974,road_route_found_entrance_unverified,,1716.3,1371.7,5.2,44.0,0,
south,,975,road_route_found_entrance_unverified,,1715.6,1372.3,7.1,44.0,0,
south,,976,road_route_found_entrance_unverified,,1738.0,1567.6,2.4,66.0,0,
south,,997,unconfirmed,route_unconfirmed,,,,88.0,0,Подъезд превышает 3 км
south,,1042,unconfirmed,route_unconfirmed,,,,40.0,0,Подъезд превышает 3 км
south,,1639,unconfirmed,route_unconfirmed,,,,11.0,0,Подъезд превышает 3 км
south,,1656,unconfirmed,route_unconfirmed,,,,44.0,0,"Требуется проверка доступа, барьеров или поворотов; Подъезд превышает 3 км"
south,,1657,unconfirmed,route_unconfirmed,,,,150.0,2,Подъезд превышает 3 км
south,,1660,unconfirmed,route_unconfirmed,,,,44.0,0,Подъезд превышает 3 км
south,,1665,unconfirmed,route_unconfirmed,,,,11.0,0,Подъезд превышает 3 км
south,,1666,road_route_found_entrance_unverified,,1272.0,1392.1,12.7,66.0,0,
south,,1667,road_route_found_entrance_unverified,,2862.8,2823.3,0.7,80.0,0,
south,,1668,road_route_found_entrance_unverified,,2814.1,2790.3,5.5,44.0,0,
south,,1669,unconfirmed,route_unconfirmed,,,,44.0,0,До ближайшей дороги больше 60 м
south,,1670,road_route_found_entrance_unverified,,1057.0,1097.4,7.1,900.0,6,
south,,1671,road_route_found_entrance_unverified,,1130.7,1203.2,3.8,2500.0,10,
south,,1672,road_route_found_entrance_unverified,,1023.0,1079.3,0.0,900.0,6,
south,,1673,unconfirmed,route_unconfirmed,,,,44.0,0,Подъезд превышает 3 км; Связь найдена с другим направлением
south,,1674,unconfirmed,route_unconfirmed,,,,172.0,2,"Требуется проверка доступа, барьеров или поворотов"
south,,1675,unconfirmed,route_unconfirmed,,,,44.0,0,Подъезд превышает 3 км; Связь найдена с другим направлением
south,,1676,road_route_found_entrance_unverified,,1819.1,1844.1,8.0,72.0,0,
south,,1677,road_route_found_entrance_unverified,,1822.0,1793.2,5.5,600.0,6,
south,,1678,unconfirmed,route_unconfirmed,,,,22.0,0,Подъезд превышает 3 км
south,,1679,unconfirmed,route_unconfirmed,,,,3.0,0,Подъезд превышает 3 км
south,,1680,unconfirmed,route_unconfirmed,,,,44.0,0,Подъезд превышает 3 км
south,,1681,unconfirmed,route_unconfirmed,,,,11.0,0,Подъезд превышает 3 км
south,,1682,unconfirmed,route_unconfirmed,,,,71.0,0,Подъезд превышает 3 км
south,,1683,unconfirmed,route_unconfirmed,,,,30.0,0,Подъезд превышает 3 км
south,,1684,unconfirmed,route_unconfirmed,,,,450.0,4,Подъезд превышает 3 км
south,,1698,unconfirmed,route_unconfirmed,,,,22.0,0,Подъезд превышает 3 км
south,,1699,unconfirmed,route_unconfirmed,,,,11.0,0,Подъезд превышает 3 км
south,,1700,unconfirmed,route_unconfirmed,,,,30.0,0,Подъезд превышает 3 км
south,,1701,road_route_found_entrance_unverified,,1687.0,1666.0,8.2,75.0,0,
south,,1702,road_route_found_entrance_unverified,,693.6,711.8,3.6,950.0,6,
south,,1703,road_route_found_entrance_unverified,,1646.7,1644.3,7.7,600.0,4,
south,,1705,road_route_found_entrance_unverified,,2450.0,2502.9,1.7,11.0,0,
south,,1706,unconfirmed,route_unconfirmed,,,,30.0,0,Подъезд превышает 3 км
south,,1707,unconfirmed,route_unconfirmed,,,,30.0,0,"Требуется проверка доступа, барьеров или поворотов"
south,,1708,unconfirmed,route_unconfirmed,,,,22.0,0,Подъезд превышает 3 км
south,,1709,unconfirmed,route_unconfirmed,,,,150.0,2,Подъезд превышает 3 км
south,,3200,unconfirmed,route_unconfirmed,,,,200.0,2,Подъезд превышает 3 км
south,,3276,unconfirmed,route_unconfirmed,,,,120.0,0,Подъезд превышает 3 км; Связь найдена с другим направлением
south,,3277,road_route_found_entrance_unverified,,2227.0,2145.4,7.3,30.0,0,
south,,3278,unconfirmed,route_unconfirmed,,,,800.0,4,"Требуется проверка доступа, барьеров или поворотов"
south,,3279,road_route_found_entrance_unverified,,2415.0,1460.4,0.4,44.0,0,
south,,3280,road_route_found_entrance_unverified,,2475.9,1445.2,0.9,44.0,0,
south,,3281,unconfirmed,route_unconfirmed,,,,44.0,0,Подъезд превышает 3 км
south,,3283,unconfirmed,route_unconfirmed,,,,22.0,0,Подъезд превышает 3 км
south,,3284,road_route_found_entrance_unverified,,2332.6,2370.0,8.6,30.0,0,
south,,3285,road_route_found_entrance_unverified,,2686.6,2625.2,2.6,11.0,0,
south,,3286,road_route_found_entrance_unverified,,2848.9,2850.0,9.4,30.0,0,
south,,3287,unconfirmed,route_unconfirmed,,,,30.0,0,"Требуется проверка доступа, барьеров или поворотов; Подъезд превышает 3 км"
south,,3288,unconfirmed,route_unconfirmed,,,,44.0,0,Подъезд превышает 3 км; Связь найдена с другим направлением
south,,3289,road_route_found_entrance_unverified,,2310.4,2234.2,18.3,44.0,0,
south,,3291,unconfirmed,route_unconfirmed,,,,600.0,4,Подъезд превышает 3 км
south,,3292,unconfirmed,route_unconfirmed,,,,22.0,0,Подъезд превышает 3 км
south,,3293,unconfirmed,route_unconfirmed,,,,22.0,0,Подъезд превышает 3 км
south,,3294,unconfirmed,route_unconfirmed,,,,88.0,0,Подъезд превышает 3 км
south,,3295,unconfirmed,route_unconfirmed,,,,22.0,0,Подъезд превышает 3 км
south,,3297,unconfirmed,route_unconfirmed,,,,44.0,0,Подъезд превышает 3 км
south,,3298,road_route_found_entrance_unverified,,824.0,766.2,0.3,1800.0,12,
south,,3299,road_route_found_entrance_unverified,,2605.1,2521.4,15.2,33.0,0,
south,,3300,road_route_found_entrance_unverified,,2621.9,2565.7,8.3,22.0,0,
south,,3301,unconfirmed,route_unconfirmed,,,,44.0,0,Подъезд превышает 3 км
south,,3302,road_route_found_entrance_unverified,,2286.5,2430.4,13.6,3.0,0,
south,,3303,unconfirmed,route_unconfirmed,,,,30.0,0,Подъезд превышает 3 км
south,,3304,unconfirmed,route_unconfirmed,,,,30.0,0,Подъезд превышает 3 км
south,,3305,unconfirmed,route_unconfirmed,,,,22.0,0,Подъезд превышает 3 км; Связь найдена с другим направлением
south,,3306,unconfirmed,route_unconfirmed,,,,94.0,0,Подъезд превышает 3 км; Связь найдена с другим направлением
south,,3307,road_route_found_entrance_unverified,,2650.1,2964.0,9.9,11.0,0,
south,,3308,unconfirmed,route_unconfirmed,,,,22.0,0,"Требуется проверка доступа, барьеров или поворотов; Подъезд превышает 3 км"
south,,3309,unconfirmed,route_unconfirmed,,,,44.0,0,Подъезд превышает 3 км; Связь найдена с другим направлением
south,,3310,unconfirmed,route_unconfirmed,,,,22.0,0,Подъезд превышает 3 км
south,,3313,road_route_found_entrance_unverified,,2657.9,2685.8,4.3,120.0,0,
south,,3314,unconfirmed,route_unconfirmed,,,,150.0,2,Подъезд превышает 3 км
south,,3315,unconfirmed,route_unconfirmed,,,,22.0,0,Подъезд превышает 3 км
south,,3320,road_route_found_entrance_unverified,,2461.4,2547.7,5.9,30.0,0,
south,,3321,unconfirmed,route_unconfirmed,,,,44.0,0,Подъезд превышает 3 км
south,,3323,unconfirmed,route_unconfirmed,,,,350.0,2,"Требуется проверка доступа, барьеров или поворотов; Подъезд превышает 3 км"
south,,3324,unconfirmed,route_unconfirmed,,,,30.0,0,Подъезд превышает 3 км; Связь найдена с другим направлением
south,,3325,unconfirmed,route_unconfirmed,,,,44.0,0,Подъезд превышает 3 км
south,,3326,unconfirmed,route_unconfirmed,,,,44.0,0,Подъезд превышает 3 км
south,,3327,unconfirmed,route_unconfirmed,,,,30.0,0,Подъезд превышает 3 км
south,,3328,unconfirmed,route_unconfirmed,,,,30.0,0,Подъезд превышает 3 км
south,,3329,unconfirmed,route_unconfirmed,,,,44.0,0,Подъезд превышает 3 км
south,,3330,unconfirmed,route_unconfirmed,,,,30.0,0,Подъезд превышает 3 км
south,,3331,unconfirmed,route_unconfirmed,,,,22.0,0,Подъезд превышает 3 км
south,,3332,unconfirmed,route_unconfirmed,,,,44.0,0,Подъезд превышает 3 км
south,,3333,unconfirmed,route_unconfirmed,,,,30.0,0,Подъезд превышает 3 км
south,,3334,unconfirmed,route_unconfirmed,,,,44.0,0,Подъезд превышает 3 км; Связь найдена с другим направлением
south,,3335,unconfirmed,route_unconfirmed,,,,30.0,0,Подъезд превышает 3 км
south,,3336,unconfirmed,route_unconfirmed,,,,44.0,0,"Требуется проверка доступа, барьеров или поворотов"
south,,3337,unconfirmed,route_unconfirmed,,,,71.0,0,Подъезд превышает 3 км; Связь найдена с другим направлением
south,,3338,unconfirmed,route_unconfirmed,,,,30.0,0,Подъезд превышает 3 км
south,,3355,unconfirmed,route_unconfirmed,,,,30.0,0,Подъезд превышает 3 км
south,,3358,unconfirmed,route_unconfirmed,,,,22.0,0,Подъезд превышает 3 км
south,,3359,unconfirmed,route_unconfirmed,,,,400.0,0,Подъезд превышает 3 км
south,,3360,unconfirmed,route_unconfirmed,,,,30.0,0,Подъезд превышает 3 км; Возврат превышает предел пилота
south,,3363,unconfirmed,route_unconfirmed,,,,11.0,0,Подъезд превышает 3 км
south,,3364,unconfirmed,route_unconfirmed,,,,600.0,0,Подъезд превышает 3 км; Возврат превышает предел пилота
south,,3365,unconfirmed,route_unconfirmed,,,,11.0,0,Подъезд превышает 3 км
south,,3367,unconfirmed,route_unconfirmed,,,,30.0,0,Подъезд превышает 3 км
south,,3369,unconfirmed,route_unconfirmed,,,,11.0,0,"Требуется проверка доступа, барьеров или поворотов"
south,,3376,unconfirmed,route_unconfirmed,,,,44.0,0,Подъезд превышает 3 км
south,,3377,unconfirmed,route_unconfirmed,,,,44.0,0,"Требуется проверка доступа, барьеров или поворотов; Подъезд превышает 3 км"
south,,3378,unconfirmed,route_unconfirmed,,,,44.0,0,"Требуется проверка доступа, барьеров или поворотов; Подъезд превышает 3 км"
south,,3380,unconfirmed,route_unconfirmed,,,,154.0,0,"Требуется проверка доступа, барьеров или поворотов"
south,,3382,unconfirmed,route_unconfirmed,,,,44.0,0,Подъезд превышает 3 км
south,,3383,unconfirmed,route_unconfirmed,,,,44.0,0,"Требуется проверка доступа, барьеров или поворотов; Подъезд превышает 3 км"
south,,3384,unconfirmed,route_unconfirmed,,,,50.0,0,"Требуется проверка доступа, барьеров или поворотов; Подъезд превышает 3 км"
south,,3416,unconfirmed,route_unconfirmed,,,,72.0,0,"Требуется проверка доступа, барьеров или поворотов; Подъезд превышает 3 км"
south,,3417,unconfirmed,route_unconfirmed,,,,22.0,0,"Требуется проверка доступа, барьеров или поворотов; Подъезд превышает 3 км"
south,,3418,unconfirmed,route_unconfirmed,,,,50.0,0,"Требуется проверка доступа, барьеров или поворотов; Подъезд превышает 3 км"
south,,3419,unconfirmed,route_unconfirmed,,,,300.0,2,"Требуется проверка доступа, барьеров или поворотов; Подъезд превышает 3 км"
south,,3420,unconfirmed,route_unconfirmed,,,,11.0,0,"Требуется проверка доступа, барьеров или поворотов"
south,,3427,unconfirmed,route_unconfirmed,,,,44.0,0,Подъезд превышает 3 км; Возврат превышает предел пилота
south,,3428,unconfirmed,route_unconfirmed,,,,44.0,0,Подъезд превышает 3 км
south,,3429,unconfirmed,route_unconfirmed,,,,88.0,0,Подъезд превышает 3 км
south,,3430,unconfirmed,route_unconfirmed,,,,72.0,0,"Требуется проверка доступа, барьеров или поворотов; Подъезд превышает 3 км"
south,,3431,unconfirmed,route_unconfirmed,,,,11.0,0,"Требуется проверка доступа, барьеров или поворотов"
south,,3432,unconfirmed,route_unconfirmed,,,,88.0,0,Подъезд превышает 3 км
south,,3433,unconfirmed,route_unconfirmed,,,,30.0,0,Подъезд превышает 3 км
south,,3434,unconfirmed,route_unconfirmed,,,,44.0,0,Подъезд превышает 3 км
south,,3437,unconfirmed,route_unconfirmed,,,,44.0,0,Подъезд превышает 3 км
south,,3438,unconfirmed,route_unconfirmed,,,,44.0,0,Подъезд превышает 3 км
south,,3439,unconfirmed,route_unconfirmed,,,,44.0,0,Причина не установлена: проверить топологию и координаты
south,,3440,unconfirmed,route_unconfirmed,,,,22.0,0,Подъезд превышает 3 км
south,,3441,unconfirmed,route_unconfirmed,,,,3500.0,14,Подъезд превышает 3 км
south,,3442,unconfirmed,route_unconfirmed,,,,1200.0,8,Подъезд превышает 3 км
south,,3443,unconfirmed,route_unconfirmed,,,,44.0,0,Подъезд превышает 3 км
south,,3446,unconfirmed,route_unconfirmed,,,,44.0,0,Подъезд превышает 3 км
south,,3447,unconfirmed,route_unconfirmed,,,,2100.0,8,Подъезд превышает 3 км
south,,3448,unconfirmed,route_unconfirmed,,,,22.0,0,Подъезд превышает 3 км
south,,3449,unconfirmed,route_unconfirmed,,,,22.0,0,Подъезд превышает 3 км
south,,3450,unconfirmed,route_unconfirmed,,,,22.0,0,Подъезд превышает 3 км
south,,3451,unconfirmed,route_unconfirmed,,,,11.0,0,Подъезд превышает 3 км
south,,3452,unconfirmed,route_unconfirmed,,,,33.0,0,Подъезд превышает 3 км
south,,3453,unconfirmed,route_unconfirmed,,,,44.0,0,Подъезд превышает 3 км
south,,3456,unconfirmed,route_unconfirmed,,,,22.0,0,Подъезд превышает 3 км
south,,3458,unconfirmed,route_unconfirmed,,,,44.0,0,"Требуется проверка доступа, барьеров или поворотов; Подъезд превышает 3 км"
south,,3459,unconfirmed,route_unconfirmed,,,,44.0,0,Подъезд превышает 3 км
south,,3460,unconfirmed,route_unconfirmed,,,,44.0,0,Подъезд превышает 3 км
south,,3461,unconfirmed,route_unconfirmed,,,,44.0,0,Подъезд превышает 3 км
south,,3463,unconfirmed,route_unconfirmed,,,,11.0,0,Подъезд превышает 3 км
south,,3464,unconfirmed,route_unconfirmed,,,,44.0,0,Подъезд превышает 3 км
south,,3465,unconfirmed,route_unconfirmed,,,,72.0,0,Подъезд превышает 3 км
south,,3466,unconfirmed,route_unconfirmed,,,,22.0,0,Подъезд превышает 3 км
south,,3467,unconfirmed,route_unconfirmed,,,,22.0,0,Подъезд превышает 3 км
south,,3469,unconfirmed,route_unconfirmed,,,,44.0,0,Подъезд превышает 3 км
south,,3470,unconfirmed,route_unconfirmed,,,,44.0,0,Подъезд превышает 3 км
south,,3471,unconfirmed,route_unconfirmed,,,,110.0,0,Подъезд превышает 3 км
south,,3473,unconfirmed,route_unconfirmed,,,,44.0,0,"Требуется проверка доступа, барьеров или поворотов"
south,,3484,unconfirmed,route_unconfirmed,,,,44.0,0,Подъезд превышает 3 км
south,,3485,unconfirmed,route_unconfirmed,,,,44.0,0,Подъезд превышает 3 км
south,,3488,unconfirmed,route_unconfirmed,,,,22.0,0,Подъезд превышает 3 км
south,,3489,unconfirmed,route_unconfirmed,,,,11.0,0,"Требуется проверка доступа, барьеров или поворотов; Подъезд превышает 3 км"
south,,3494,unconfirmed,route_unconfirmed,,,,44.0,0,Подъезд превышает 3 км
south,,3496,unconfirmed,route_unconfirmed,,,,44.0,0,Подъезд превышает 3 км
south,,3497,unconfirmed,route_unconfirmed,,,,44.0,0,Подъезд превышает 3 км
south,,3522,unconfirmed,route_unconfirmed,,,,44.0,0,Подъезд превышает 3 км
south,,3523,unconfirmed,return_exceeds_pilot_3km,2789.3,5652.0,8.0,44.0,0,
south,,3524,unconfirmed,route_unconfirmed,,,,150.0,2,Подъезд превышает 3 км
south,,3525,unconfirmed,route_unconfirmed,,,,11.0,0,Подъезд превышает 3 км
south,,3526,unconfirmed,route_unconfirmed,,,,11.0,0,Подъезд превышает 3 км
south,,3527,unconfirmed,route_unconfirmed,,,,300.0,4,Подъезд превышает 3 км
south,,3528,unconfirmed,return_exceeds_pilot_3km,1738.6,6622.4,7.3,200.0,2,
south,,3529,unconfirmed,route_unconfirmed,,,,11.0,0,Подъезд превышает 3 км
south,,3530,unconfirmed,route_unconfirmed,,,,88.0,0,Подъезд превышает 3 км
south,,3531,unconfirmed,return_exceeds_pilot_3km,2096.8,6324.8,7.8,44.0,0,
south,,3532,unconfirmed,return_exceeds_pilot_3km,2334.7,6437.4,4.4,66.0,0,
south,,3533,unconfirmed,route_unconfirmed,,,,11.0,0,Подъезд превышает 3 км
south,,3534,unconfirmed,route_unconfirmed,,,,44.0,0,Подъезд превышает 3 км
south,,3535,unconfirmed,route_unconfirmed,,,,150.0,1,"Требуется проверка доступа, барьеров или поворотов; Связь найдена с другим направлением"
south,,3536,road_route_found_entrance_unverified,,611.3,431.5,9.0,150.0,1,
south,,3537,unconfirmed,route_unconfirmed,,,,700.0,2,"Требуется проверка доступа, барьеров или поворотов; Связь найдена с другим направлением"
south,,3538,unconfirmed,route_unconfirmed,,,,93.0,0,"Требуется проверка доступа, барьеров или поворотов; Связь найдена с другим направлением"
south,,3539,road_route_found_entrance_unverified,,579.6,463.2,5.8,700.0,2,
south,,3540,road_route_found_entrance_unverified,,610.9,431.9,9.5,93.0,0,
south,,3541,unconfirmed,route_unconfirmed,,,,1400.0,4,"Требуется проверка доступа, барьеров или поворотов; Связь найдена с другим направлением"
south,,3542,road_route_found_entrance_unverified,,579.6,463.2,5.8,1400.0,4,
south,,3543,unconfirmed,route_unconfirmed,,,,300.0,4,"Требуется проверка доступа, барьеров или поворотов; Подъезд превышает 3 км"
south,,3544,road_route_found_entrance_unverified,,2256.2,1985.8,2.7,44.0,0,
south,,3545,unconfirmed,route_unconfirmed,,,,220.0,0,"Требуется проверка доступа, барьеров или поворотов"
south,,3546,road_route_found_entrance_unverified,,2878.1,2624.2,4.0,44.0,0,
south,,3547,road_route_found_entrance_unverified,,2314.9,1895.4,8.8,44.0,0,
south,,3550,unconfirmed,route_unconfirmed,,,,44.0,0,Подъезд превышает 3 км
south,,3553,unconfirmed,route_unconfirmed,,,,44.0,0,Подъезд превышает 3 км
south,,3556,unconfirmed,route_unconfirmed,,,,72.0,0,Подъезд превышает 3 км
south,,3557,unconfirmed,route_unconfirmed,,,,150.0,2,Подъезд превышает 3 км
south,,3559,unconfirmed,route_unconfirmed,,,,11.0,0,Подъезд превышает 3 км
south,,3560,unconfirmed,route_unconfirmed,,,,44.0,0,Подъезд превышает 3 км
south,,3580,unconfirmed,route_unconfirmed,,,,44.0,0,Подъезд превышает 3 км
south,,3581,unconfirmed,route_unconfirmed,,,,150.0,2,Подъезд превышает 3 км
south,,3582,unconfirmed,route_unconfirmed,,,,44.0,0,Подъезд превышает 3 км
south,,3583,unconfirmed,route_unconfirmed,,,,44.0,0,Подъезд превышает 3 км
south,,3584,road_route_found_entrance_unverified,,1417.2,1311.8,9.1,1200.0,8,
south,,3585,road_route_found_entrance_unverified,,1432.0,1310.0,0.4,600.0,4,
south,,3586,unconfirmed,route_unconfirmed,,,,30.0,0,Подъезд превышает 3 км
south,,3587,unconfirmed,route_unconfirmed,,,,30.0,0,Подъезд превышает 3 км
south,,3588,unconfirmed,route_unconfirmed,,,,44.0,0,Подъезд превышает 3 км; Связь найдена с другим направлением
south,,3589,unconfirmed,route_unconfirmed,,,,44.0,0,Подъезд превышает 3 км; Связь найдена с другим направлением
south,,3590,unconfirmed,route_unconfirmed,,,,44.0,0,Подъезд превышает 3 км; Связь найдена с другим направлением
south,,4247,unconfirmed,route_unconfirmed,,,,73.0,0,"Требуется проверка доступа, барьеров или поворотов"
south,,4248,unconfirmed,route_unconfirmed,,,,88.0,0,Подъезд превышает 3 км
south,,4249,unconfirmed,route_unconfirmed,,,,44.0,0,Подъезд превышает 3 км
south,,4250,unconfirmed,route_unconfirmed,,,,11.0,0,Подъезд превышает 3 км
south,,4251,unconfirmed,route_unconfirmed,,,,100.0,0,Подъезд превышает 3 км
south,,4252,unconfirmed,route_unconfirmed,,,,22.0,0,Подъезд превышает 3 км
south,,4253,unconfirmed,route_unconfirmed,,,,44.0,0,Подъезд превышает 3 км
south,,4254,unconfirmed,route_unconfirmed,,,,44.0,0,Подъезд превышает 3 км
south,,4255,unconfirmed,route_unconfirmed,,,,11.0,0,Подъезд превышает 3 км
south,,4296,road_route_found_entrance_unverified,,831.6,734.7,7.1,140.0,0,
south,,4297,road_route_found_entrance_unverified,,743.2,682.4,1.4,900.0,6,
south,,4298,unconfirmed,route_unconfirmed,,,,44.0,0,"Требуется проверка доступа, барьеров или поворотов"
south,,4299,unconfirmed,route_unconfirmed,,,,44.0,0,Подъезд превышает 3 км
south,,4300,unconfirmed,route_unconfirmed,,,,20.0,0,Подъезд превышает 3 км; Связь найдена с другим направлением
south,,4301,road_route_found_entrance_unverified,,2207.0,2139.2,29.8,132.0,0,
south,,4302,unconfirmed,route_unconfirmed,,,,100.0,0,Подъезд превышает 3 км; Связь найдена с другим направлением
south,,4303,unconfirmed,route_unconfirmed,,,,22.0,0,Подъезд превышает 3 км; Связь найдена с другим направлением
south,,4304,unconfirmed,route_unconfirmed,,,,44.0,0,Подъезд превышает 3 км
south,,4305,road_route_found_entrance_unverified,,2339.6,2241.9,5.3,44.0,0,
south,,4306,road_route_found_entrance_unverified,,1878.0,1839.7,6.7,3000.0,12,
south,,4307,road_route_found_entrance_unverified,,1763.3,1701.3,15.1,88.0,0,
south,,4308,unconfirmed,route_unconfirmed,,,,11.0,0,До ближайшей дороги больше 60 м
south,,4309,road_route_found_entrance_unverified,,1494.8,1539.1,8.3,22.0,0,
south,,4310,unconfirmed,route_unconfirmed,,,,44.0,0,Подъезд превышает 3 км; Связь найдена с другим направлением
south,,4311,unconfirmed,route_unconfirmed,,,,44.0,0,Подъезд превышает 3 км
south,,4312,unconfirmed,route_unconfirmed,,,,150.0,2,Причина не установлена: проверить топологию и координаты; Связь найдена с другим направлением
south,,4313,road_route_found_entrance_unverified,,242.1,390.3,10.1,93.0,0,
south,,4314,unconfirmed,route_unconfirmed,,,,44.0,0,Подъезд превышает 3 км; Связь найдена с другим направлением
south,,4315,unconfirmed,route_unconfirmed,,,,44.0,0,Подъезд превышает 3 км
south,,4316,unconfirmed,route_unconfirmed,,,,1500.0,10,Подъезд превышает 3 км
south,,4317,unconfirmed,route_unconfirmed,,,,44.0,0,Подъезд превышает 3 км
south,,4318,road_route_found_entrance_unverified,,2065.2,1803.7,14.3,22.0,0,
south,,4319,unconfirmed,route_unconfirmed,,,,44.0,0,Подъезд превышает 3 км
south,,4326,unconfirmed,route_unconfirmed,,,,22.0,0,Подъезд превышает 3 км
south,,4327,road_route_found_entrance_unverified,,1530.6,1588.1,18.0,44.0,0,
south,,4328,unconfirmed,route_unconfirmed,,,,93.0,0,Подъезд превышает 3 км
south,,4329,unconfirmed,route_unconfirmed,,,,44.0,0,Подъезд превышает 3 км
south,,4330,unconfirmed,route_unconfirmed,,,,600.0,4,Подъезд превышает 3 км
south,,4331,unconfirmed,route_unconfirmed,,,,33.0,0,Подъезд превышает 3 км
south,,4332,unconfirmed,route_unconfirmed,,,,600.0,4,Подъезд превышает 3 км
south,,4333,unconfirmed,route_unconfirmed,,,,300.0,4,Подъезд превышает 3 км
south,,4334,unconfirmed,route_unconfirmed,,,,44.0,0,Подъезд превышает 3 км
south,,4335,unconfirmed,route_unconfirmed,,,,22.0,0,Подъезд превышает 3 км
south,,4336,unconfirmed,route_unconfirmed,,,,88.0,0,Подъезд превышает 3 км
south,,4337,unconfirmed,route_unconfirmed,,,,22.0,0,Подъезд превышает 3 км
south,,4338,unconfirmed,route_unconfirmed,,,,3000.0,12,Подъезд превышает 3 км
south,,4339,unconfirmed,route_unconfirmed,,,,150.0,2,Подъезд превышает 3 км
south,,4340,unconfirmed,route_unconfirmed,,,,44.0,0,Подъезд превышает 3 км
south,,4676,unconfirmed,route_unconfirmed,,,,11.0,0,Подъезд превышает 3 км
south,,4677,unconfirmed,route_unconfirmed,,,,110.0,0,Подъезд превышает 3 км
south,,4678,unconfirmed,route_unconfirmed,,,,44.0,0,Подъезд превышает 3 км
south,,4679,unconfirmed,route_unconfirmed,,,,22.0,0,Подъезд превышает 3 км
south,,4680,unconfirmed,route_unconfirmed,,,,720.0,4,Подъезд превышает 3 км
south,,4681,unconfirmed,route_unconfirmed,,,,71.0,0,Подъезд превышает 3 км
south,,4682,unconfirmed,route_unconfirmed,,,,622.0,4,Подъезд превышает 3 км
south,,4684,unconfirmed,route_unconfirmed,,,,88.0,0,Подъезд превышает 3 км
south,,4685,unconfirmed,route_unconfirmed,,,,194.0,0,Подъезд превышает 3 км
south,,4686,unconfirmed,route_unconfirmed,,,,150.0,2,Подъезд превышает 3 км
south,,4687,unconfirmed,route_unconfirmed,,,,44.0,0,Подъезд превышает 3 км
south,,4688,unconfirmed,route_unconfirmed,,,,11.0,0,Подъезд превышает 3 км
south,,4690,unconfirmed,route_unconfirmed,,,,33.0,0,Подъезд превышает 3 км
south,,4691,unconfirmed,route_unconfirmed,,,,154.0,0,Подъезд превышает 3 км
south,,4692,unconfirmed,route_unconfirmed,,,,22.0,0,Подъезд превышает 3 км
south,,4693,unconfirmed,route_unconfirmed,,,,11.0,0,Подъезд превышает 3 км
south,,4694,unconfirmed,route_unconfirmed,,,,35.0,0,Подъезд превышает 3 км
south,,4695,unconfirmed,route_unconfirmed,,,,110.0,0,Подъезд превышает 3 км
south,,4696,unconfirmed,route_unconfirmed,,,,22.0,0,Подъезд превышает 3 км; Связь найдена с другим направлением
south,,4697,unconfirmed,route_unconfirmed,,,,30.0,0,Подъезд превышает 3 км; Связь найдена с другим направлением
south,,4698,unconfirmed,route_unconfirmed,,,,22.0,0,"Требуется проверка доступа, барьеров или поворотов; Подъезд превышает 3 км"
south,,4699,unconfirmed,route_unconfirmed,,,,44.0,0,Подъезд превышает 3 км
south,,4700,unconfirmed,route_unconfirmed,,,,320.0,2,Подъезд превышает 3 км
south,,4701,unconfirmed,route_unconfirmed,,,,22.0,0,Подъезд превышает 3 км
south,,4703,unconfirmed,route_unconfirmed,,,,50.0,0,Подъезд превышает 3 км
south,,4707,unconfirmed,route_unconfirmed,,,,44.0,0,Подъезд превышает 3 км
south,,4711,unconfirmed,route_unconfirmed,,,,44.0,0,Подъезд превышает 3 км; Связь найдена с другим направлением
south,,4712,unconfirmed,route_unconfirmed,,,,150.0,1,Подъезд превышает 3 км
south,,4713,unconfirmed,route_unconfirmed,,,,22.0,0,Подъезд превышает 3 км
south,,4715,unconfirmed,route_unconfirmed,,,,44.0,0,"Требуется проверка доступа, барьеров или поворотов"
south,,4716,unconfirmed,route_unconfirmed,,,,2000.0,8,Подъезд превышает 3 км; Связь найдена с другим направлением
south,,4717,unconfirmed,route_unconfirmed,,,,11.0,0,Подъезд превышает 3 км
south,,4718,unconfirmed,route_unconfirmed,,,,22.0,0,Подъезд превышает 3 км
south,,4719,unconfirmed,route_unconfirmed,,,,22.0,0,Подъезд превышает 3 км
south,,4720,unconfirmed,route_unconfirmed,,,,51.0,0,Подъезд превышает 3 км
south,,4721,unconfirmed,route_unconfirmed,,,,22.0,0,Подъезд превышает 3 км; Связь найдена с другим направлением
south,,4722,unconfirmed,route_unconfirmed,,,,41.0,0,Подъезд превышает 3 км; Связь найдена с другим направлением
south,,4723,unconfirmed,route_unconfirmed,,,,93.0,0,"Требуется проверка доступа, барьеров или поворотов"
south,,4724,unconfirmed,route_unconfirmed,,,,110.0,0,Подъезд превышает 3 км; Связь найдена с другим направлением
south,,4725,unconfirmed,route_unconfirmed,,,,110.0,0,Подъезд превышает 3 км; Связь найдена с другим направлением
south,,4726,unconfirmed,route_unconfirmed,,,,200.0,2,Подъезд превышает 3 км; Связь найдена с другим направлением
south,,4727,unconfirmed,route_unconfirmed,,,,93.0,0,Подъезд превышает 3 км; Связь найдена с другим направлением
south,,4728,unconfirmed,route_unconfirmed,,,,22.0,0,Подъезд превышает 3 км; Связь найдена с другим направлением
south,,4729,unconfirmed,route_unconfirmed,,,,270.0,0,Подъезд превышает 3 км; Связь найдена с другим направлением
south,,4730,unconfirmed,route_unconfirmed,,,,66.0,0,"Требуется проверка доступа, барьеров или поворотов"
south,,4731,road_route_found_entrance_unverified,,2900.5,2963.4,5.5,1500.0,6,
south,,4838,road_route_found_entrance_unverified,,2458.6,2499.0,9.4,150.0,2,
south,,4839,unconfirmed,route_unconfirmed,,,,44.0,0,Подъезд превышает 3 км
south,,4840,unconfirmed,route_unconfirmed,,,,11.0,0,Подъезд превышает 3 км
south,,4841,unconfirmed,route_unconfirmed,,,,22.0,0,Подъезд превышает 3 км
south,,4854,unconfirmed,route_unconfirmed,,,,110.0,0,Подъезд превышает 3 км
south,,4855,unconfirmed,route_unconfirmed,,,,33.0,0,Подъезд превышает 3 км
south,,4856,unconfirmed,route_unconfirmed,,,,110.0,0,Подъезд превышает 3 км
south,,4857,unconfirmed,route_unconfirmed,,,,150.0,2,Подъезд превышает 3 км
south,,4858,unconfirmed,route_unconfirmed,,,,44.0,0,Подъезд превышает 3 км
south,,4859,unconfirmed,route_unconfirmed,,,,22.0,0,Подъезд превышает 3 км
south,,4860,unconfirmed,route_unconfirmed,,,,200.0,2,Подъезд превышает 3 км
south,,4861,unconfirmed,route_unconfirmed,,,,11.0,0,Подъезд превышает 3 км
south,,4862,unconfirmed,route_unconfirmed,,,,44.0,0,Подъезд превышает 3 км
south,,4869,unconfirmed,route_unconfirmed,,,,22.0,0,Подъезд превышает 3 км
south,,4870,unconfirmed,route_unconfirmed,,,,150.0,1,Причина не установлена: проверить топологию и координаты; Связь найдена с другим направлением
south,,4871,road_route_found_entrance_unverified,,289.0,309.6,2.4,150.0,1,
south,,4872,unconfirmed,route_unconfirmed,,,,93.0,0,Причина не установлена: проверить топологию и координаты; Связь найдена с другим направлением
south,,4873,road_route_found_entrance_unverified,,288.9,309.7,8.5,93.0,0,
south,,4874,unconfirmed,route_unconfirmed,,,,66.0,0,Подъезд превышает 3 км
south,,4875,road_route_found_entrance_unverified,,2170.1,2276.2,11.3,11.0,0,
south,,4876,road_route_found_entrance_unverified,,2835.2,2828.9,9.3,88.0,0,
south,,4877,unconfirmed,route_unconfirmed,,,,150.0,2,Подъезд превышает 3 км
south,,4878,unconfirmed,route_unconfirmed,,,,66.0,0,Подъезд превышает 3 км
south,,4879,unconfirmed,route_unconfirmed,,,,22.0,0,Подъезд превышает 3 км
south,,4880,unconfirmed,route_unconfirmed,,,,22.0,0,Подъезд превышает 3 км
south,,4881,road_route_found_entrance_unverified,,2778.7,2892.4,5.1,30.0,0,
south,,4923,road_route_found_entrance_unverified,,1505.9,1335.8,9.9,900.0,6,
south,,4924,road_route_found_entrance_unverified,,1394.3,1318.6,9.0,1500.0,6,
south,,4925,unconfirmed,route_unconfirmed,,,,11.0,0,Подъезд превышает 3 км
south,,4926,unconfirmed,return_exceeds_pilot_3km,2975.6,3145.0,40.3,93.0,0,
south,,4927,unconfirmed,route_unconfirmed,,,,150.0,2,Подъезд превышает 3 км
south,,4928,unconfirmed,route_unconfirmed,,,,62.0,0,Подъезд превышает 3 км
south,,4929,unconfirmed,route_unconfirmed,,,,71.0,0,Подъезд превышает 3 км
south,,4930,unconfirmed,route_unconfirmed,,,,300.0,4,Подъезд превышает 3 км
south,,4933,road_route_found_entrance_unverified,,2705.9,2608.9,10.8,33.0,0,
south,,4934,road_route_found_entrance_unverified,,2705.1,2609.7,14.2,33.0,0,
south,,4938,unconfirmed,route_unconfirmed,,,,22.0,0,"Требуется проверка доступа, барьеров или поворотов; Подъезд превышает 3 км"
south,,4939,unconfirmed,route_unconfirmed,,,,322.0,4,Подъезд превышает 3 км
south,,4940,unconfirmed,route_unconfirmed,,,,97.0,0,Подъезд превышает 3 км
south,,4948,unconfirmed,route_unconfirmed,,,,44.0,0,Подъезд превышает 3 км
south,,4949,unconfirmed,route_unconfirmed,,,,44.0,0,Подъезд превышает 3 км
south,,4950,unconfirmed,route_unconfirmed,,,,22.0,0,Подъезд превышает 3 км
south,,4951,unconfirmed,route_unconfirmed,,,,50.0,0,Подъезд превышает 3 км
south,,4978,road_route_found_entrance_unverified,,2725.9,2701.7,24.5,150.0,2,
south,,4979,road_route_found_entrance_unverified,,1775.3,1787.2,21.6,1850.0,12,
south,,4980,road_route_found_entrance_unverified,,1793.1,1769.4,13.6,300.0,2,
south,,4981,road_route_found_entrance_unverified,,1793.1,1769.4,13.6,150.0,2,
south,,4982,road_route_found_entrance_unverified,,1793.1,1769.4,13.6,150.0,2,
south,,4983,road_route_found_entrance_unverified,,1793.1,1769.4,13.6,300.0,2,
south,,4984,road_route_found_entrance_unverified,,1793.1,1769.4,13.6,300.0,2,
south,,4985,road_route_found_entrance_unverified,,1793.1,1769.4,13.6,150.0,2,
south,,4986,road_route_found_entrance_unverified,,1793.1,1769.4,13.6,50.0,0,
south,,4994,unconfirmed,route_unconfirmed,,,,144.0,0,Подъезд превышает 3 км; Связь найдена с другим направлением
south,,4995,unconfirmed,route_unconfirmed,,,,1600.0,8,Подъезд превышает 3 км; Связь найдена с другим направлением
south,,4999,unconfirmed,route_unconfirmed,,,,22.0,0,"Требуется проверка доступа, барьеров или поворотов; Подъезд превышает 3 км"
south,,5008,unconfirmed,route_unconfirmed,,,,22.0,0,"Требуется проверка доступа, барьеров или поворотов; Подъезд превышает 3 км"
south,,5010,unconfirmed,route_unconfirmed,,,,44.0,0,Подъезд превышает 3 км
south,,5011,unconfirmed,route_unconfirmed,,,,164.0,0,"Требуется проверка доступа, барьеров или поворотов; Подъезд превышает 3 км"
south,,5012,unconfirmed,route_unconfirmed,,,,11.0,0,"Требуется проверка доступа, барьеров или поворотов; Подъезд превышает 3 км"
south,,5013,unconfirmed,route_unconfirmed,,,,450.0,4,Подъезд превышает 3 км
south,,5014,road_route_found_entrance_unverified,,2968.7,2919.7,16.5,22.0,0,
south,,5015,unconfirmed,route_unconfirmed,,,,22.0,0,Подъезд превышает 3 км
south,,5016,road_route_found_entrance_unverified,,959.8,1003.5,5.5,600.0,4,
south,,5017,unconfirmed,route_unconfirmed,,,,66.0,0,"Требуется проверка доступа, барьеров или поворотов"
south,,5018,road_route_found_entrance_unverified,,2954.6,2899.6,3.1,22.0,0,
south,,5019,unconfirmed,route_unconfirmed,,,,150.0,2,Подъезд превышает 3 км
south,,5021,unconfirmed,route_unconfirmed,,,,11.0,0,Подъезд превышает 3 км
south,,5022,road_route_found_entrance_unverified,,2343.7,2427.8,11.8,11.0,0,
south,,5024,unconfirmed,route_unconfirmed,,,,11.0,0,Подъезд превышает 3 км
south,,5025,unconfirmed,route_unconfirmed,,,,176.0,0,Подъезд превышает 3 км
south,,5026,unconfirmed,route_unconfirmed,,,,88.0,0,"Требуется проверка доступа, барьеров или поворотов"
south,,5027,road_route_found_entrance_unverified,,1086.4,1126.4,44.0,300.0,3,
south,,5028,road_route_found_entrance_unverified,,700.0,649.5,1.9,900.0,9,
south,,5029,road_route_found_entrance_unverified,,585.2,567.3,2.3,2500.0,10,
south,,5030,road_route_found_entrance_unverified,,1329.8,1308.3,36.9,44.0,0,
south,,5031,unconfirmed,route_unconfirmed,,,,30.0,0,Подъезд превышает 3 км
south,,5032,unconfirmed,route_unconfirmed,,,,22.0,0,Подъезд превышает 3 км
south,,5033,unconfirmed,route_unconfirmed,,,,11.0,0,Подъезд превышает 3 км
south,,5034,unconfirmed,route_unconfirmed,,,,11.0,0,Подъезд превышает 3 км
south,,5035,unconfirmed,route_unconfirmed,,,,22.0,0,Подъезд превышает 3 км
south,,5036,road_route_found_entrance_unverified,,1379.2,1255.2,43.9,600.0,4,
south,,5037,unconfirmed,route_unconfirmed,,,,150.0,1,Причина не установлена: проверить топологию и координаты; Связь найдена с другим направлением
south,,5038,road_route_found_entrance_unverified,,499.6,363.5,4.0,150.0,1,
south,,5039,unconfirmed,route_unconfirmed,,,,700.0,2,Причина не установлена: проверить топологию и координаты; Связь найдена с другим направлением
south,,5040,road_route_found_entrance_unverified,,517.5,345.6,4.0,700.0,2,
south,,5041,unconfirmed,route_unconfirmed,,,,93.0,0,"Требуется проверка доступа, барьеров или поворотов; Подъезд превышает 3 км; Связь найдена с другим направлением"
south,,5042,road_route_found_entrance_unverified,,499.6,363.5,4.0,93.0,0,
south,,5043,unconfirmed,route_unconfirmed,,,,1400.0,4,Причина не установлена: проверить топологию и координаты; Связь найдена с другим направлением
south,,5044,road_route_found_entrance_unverified,,517.5,345.6,4.0,1400.0,4,
south,,5045,unconfirmed,route_unconfirmed,,,,30.0,0,Подъезд превышает 3 км
south,,5047,unconfirmed,route_unconfirmed,,,,300.0,2,Подъезд превышает 3 км; Связь найдена с другим направлением
south,,5048,unconfirmed,route_unconfirmed,,,,300.0,2,Подъезд превышает 3 км; Связь найдена с другим направлением
south,,5049,unconfirmed,route_unconfirmed,,,,2000.0,8,Подъезд превышает 3 км; Связь найдена с другим направлением
south,,5050,unconfirmed,route_unconfirmed,,,,300.0,2,Подъезд превышает 3 км; Связь найдена с другим направлением
south,,5051,unconfirmed,route_unconfirmed,,,,30.0,0,Подъезд превышает 3 км; Связь найдена с другим направлением
south,,5052,unconfirmed,route_unconfirmed,,,,2400.0,12,Подъезд превышает 3 км; Связь найдена с другим направлением
south,,5053,unconfirmed,route_unconfirmed,,,,30.0,0,Подъезд превышает 3 км; Связь найдена с другим направлением
south,,5054,unconfirmed,route_unconfirmed,,,,30.0,0,Подъезд превышает 3 км
south,,5055,unconfirmed,route_unconfirmed,,,,150.0,2,Подъезд превышает 3 км
south,,5056,unconfirmed,route_unconfirmed,,,,44.0,0,Подъезд превышает 3 км
south,,5057,unconfirmed,route_unconfirmed,,,,132.0,0,Подъезд превышает 3 км
south,,5058,unconfirmed,route_unconfirmed,,,,88.0,0,Подъезд превышает 3 км
south,,5059,unconfirmed,route_unconfirmed,,,,30.0,0,Подъезд превышает 3 км
south,,5060,unconfirmed,route_unconfirmed,,,,22.0,0,Подъезд превышает 3 км
south,,5061,unconfirmed,route_unconfirmed,,,,88.0,0,Подъезд превышает 3 км
south,,5062,unconfirmed,route_unconfirmed,,,,88.0,0,Подъезд превышает 3 км
south,,5063,unconfirmed,route_unconfirmed,,,,150.0,2,Подъезд превышает 3 км
south,,5064,unconfirmed,route_unconfirmed,,,,44.0,0,Подъезд превышает 3 км
south,,5070,unconfirmed,route_unconfirmed,,,,88.0,0,"Требуется проверка доступа, барьеров или поворотов"
south,,5071,unconfirmed,route_unconfirmed,,,,198.0,0,"Требуется проверка доступа, барьеров или поворотов"
south,,5072,road_route_found_entrance_unverified,,2848.0,2813.5,4.6,44.0,0,
south,,5073,road_route_found_entrance_unverified,,2254.9,2333.6,5.6,150.0,2,
south,,5319,unconfirmed,route_unconfirmed,,,,44.0,0,"Требуется проверка доступа, барьеров или поворотов; Подъезд превышает 3 км"
south,,5320,road_route_found_entrance_unverified,,1950.7,1924.9,6.0,88.0,0,
south,,5321,unconfirmed,route_unconfirmed,,,,44.0,0,Подъезд превышает 3 км
south,,5322,unconfirmed,route_unconfirmed,,,,300.0,0,Подъезд превышает 3 км
south,,5323,unconfirmed,route_unconfirmed,,,,66.0,0,Подъезд превышает 3 км
south,,5327,road_route_found_entrance_unverified,,2949.6,2957.8,18.3,71.0,0,
south,,5332,road_route_found_entrance_unverified,,1338.7,1270.9,8.8,1400.0,10,
south,,5333,road_route_found_entrance_unverified,,1608.6,1582.6,9.5,22.0,0,
south,,5334,unconfirmed,route_unconfirmed,,,,110.0,0,Подъезд превышает 3 км
south,,5335,unconfirmed,route_unconfirmed,,,,44.0,0,Подъезд превышает 3 км
south,,5336,unconfirmed,route_unconfirmed,,,,44.0,0,Подъезд превышает 3 км
south,,5337,unconfirmed,route_unconfirmed,,,,44.0,0,"Требуется проверка доступа, барьеров или поворотов; Подъезд превышает 3 км"
south,,5338,unconfirmed,route_unconfirmed,,,,11.0,0,"Требуется проверка доступа, барьеров или поворотов"
south,,5339,unconfirmed,route_unconfirmed,,,,800.0,4,Подъезд превышает 3 км
south,,5340,unconfirmed,route_unconfirmed,,,,11.0,0,"Требуется проверка доступа, барьеров или поворотов"
south,,5341,unconfirmed,route_unconfirmed,,,,22.0,0,Подъезд превышает 3 км
south,,5342,unconfirmed,route_unconfirmed,,,,44.0,0,Подъезд превышает 3 км
south,,5343,unconfirmed,route_unconfirmed,,,,66.0,0,Подъезд превышает 3 км
south,,5347,unconfirmed,route_unconfirmed,,,,44.0,0,"Требуется проверка доступа, барьеров или поворотов; Подъезд превышает 3 км"
south,,5348,road_route_found_entrance_unverified,,2869.7,2878.6,13.8,22.0,0,
south,,5349,road_route_found_entrance_unverified,,1440.1,1416.9,9.3,44.0,0,
south,,5350,road_route_found_entrance_unverified,,1651.8,1527.3,9.1,72.0,0,
south,,5351,unconfirmed,route_unconfirmed,,,,44.0,0,Подъезд превышает 3 км
south,,5352,road_route_found_entrance_unverified,,2692.6,2719.6,0.1,50.0,0,
south,,5353,road_route_found_entrance_unverified,,2705.7,2743.9,15.1,288.0,0,
south,,5354,road_route_found_entrance_unverified,,1020.4,1063.2,11.7,150.0,0,
south,,5355,road_route_found_entrance_unverified,,1847.5,1844.4,12.3,22.0,0,
south,,5356,road_route_found_entrance_unverified,,1847.5,1844.4,12.3,22.0,0,
south,,5367,unconfirmed,route_unconfirmed,,,,44.0,0,Подъезд превышает 3 км
south,,5368,unconfirmed,route_unconfirmed,,,,44.0,0,Подъезд превышает 3 км
south,,5369,unconfirmed,route_unconfirmed,,,,72.0,0,Подъезд превышает 3 км
south,,5370,unconfirmed,route_unconfirmed,,,,11.0,0,Подъезд превышает 3 км
south,,5371,unconfirmed,route_unconfirmed,,,,176.0,0,Подъезд превышает 3 км
south,,5372,unconfirmed,route_unconfirmed,,,,44.0,0,Подъезд превышает 3 км
south,,5373,unconfirmed,route_unconfirmed,,,,44.0,0,Подъезд превышает 3 км
south,,5374,unconfirmed,route_unconfirmed,,,,11.0,0,Подъезд превышает 3 км
south,,5375,unconfirmed,route_unconfirmed,,,,44.0,0,Подъезд превышает 3 км
south,,5378,unconfirmed,route_unconfirmed,,,,30.0,0,Подъезд превышает 3 км
south,,5380,unconfirmed,route_unconfirmed,,,,44.0,0,Подъезд превышает 3 км
south,,5381,unconfirmed,route_unconfirmed,,,,124.0,0,Подъезд превышает 3 км
south,,5382,unconfirmed,route_unconfirmed,,,,66.0,0,Подъезд превышает 3 км
south,,5383,unconfirmed,route_unconfirmed,,,,66.0,0,Подъезд превышает 3 км
south,,5384,unconfirmed,route_unconfirmed,,,,44.0,0,Подъезд превышает 3 км
south,,5385,unconfirmed,route_unconfirmed,,,,44.0,0,Подъезд превышает 3 км
south,,5386,unconfirmed,route_unconfirmed,,,,44.0,0,Подъезд превышает 3 км
south,,5387,unconfirmed,route_unconfirmed,,,,600.0,4,Подъезд превышает 3 км
south,,5388,unconfirmed,route_unconfirmed,,,,11.0,0,Подъезд превышает 3 км
south,,5389,unconfirmed,route_unconfirmed,,,,44.0,0,Подъезд превышает 3 км
south,,5395,unconfirmed,route_unconfirmed,,,,11.0,0,Подъезд превышает 3 км
south,,5396,unconfirmed,route_unconfirmed,,,,44.0,0,Подъезд превышает 3 км
south,,5397,unconfirmed,route_unconfirmed,,,,66.0,0,Подъезд превышает 3 км
south,,5398,unconfirmed,route_unconfirmed,,,,370.0,0,Подъезд превышает 3 км
south,,5399,unconfirmed,route_unconfirmed,,,,22.0,0,Подъезд превышает 3 км; Связь найдена с другим направлением
south,,5400,unconfirmed,route_unconfirmed,,,,400.0,4,Подъезд превышает 3 км
south,,5401,unconfirmed,route_unconfirmed,,,,132.0,0,Подъезд превышает 3 км
south,,5402,unconfirmed,route_unconfirmed,,,,23.0,0,Подъезд превышает 3 км
south,,5403,unconfirmed,route_unconfirmed,,,,22.0,0,Подъезд превышает 3 км
south,,5404,unconfirmed,route_unconfirmed,,,,22.0,0,Подъезд превышает 3 км
south,,5405,unconfirmed,route_unconfirmed,,,,22.0,0,Подъезд превышает 3 км
south,,5406,unconfirmed,route_unconfirmed,,,,22.0,0,Подъезд превышает 3 км
south,,5407,unconfirmed,route_unconfirmed,,,,22.0,0,Подъезд превышает 3 км
south,,5408,unconfirmed,route_unconfirmed,,,,22.0,0,Подъезд превышает 3 км
south,,5409,unconfirmed,route_unconfirmed,,,,22.0,0,Подъезд превышает 3 км
south,,5410,unconfirmed,route_unconfirmed,,,,44.0,0,Подъезд превышает 3 км
south,,5441,unconfirmed,route_unconfirmed,,,,22.0,0,Подъезд превышает 3 км
south,,5442,unconfirmed,route_unconfirmed,,,,22.0,0,Подъезд превышает 3 км
south,,5443,unconfirmed,route_unconfirmed,,,,150.0,1,Причина не установлена: проверить топологию и координаты; Связь найдена с другим направлением
south,,5444,unconfirmed,route_unconfirmed,,,,154.0,0,"Требуется проверка доступа, барьеров или поворотов; Подъезд превышает 3 км"
south,,5445,unconfirmed,route_unconfirmed,,,,110.0,0,Подъезд превышает 3 км
south,,5448,unconfirmed,route_unconfirmed,,,,71.0,0,Подъезд превышает 3 км
south,,5454,road_route_found_entrance_unverified,,1377.1,1415.5,8.0,33.0,0,
south,,5456,unconfirmed,route_unconfirmed,,,,93.0,0,Причина не установлена: проверить топологию и координаты; Связь найдена с другим направлением
south,,5457,unconfirmed,route_unconfirmed,,,,282.0,0,"Требуется проверка доступа, барьеров или поворотов; Подъезд превышает 3 км"
south,,5458,unconfirmed,route_unconfirmed,,,,132.0,0,Подъезд превышает 3 км
south,,5460,unconfirmed,route_unconfirmed,,,,22.0,0,Подъезд превышает 3 км
south,,5462,unconfirmed,route_unconfirmed,,,,22.0,0,Подъезд превышает 3 км
south,,5463,unconfirmed,route_unconfirmed,,,,50.0,0,Подъезд превышает 3 км
south,,5465,road_route_found_entrance_unverified,,1345.7,1472.1,4.2,2400.0,12,
south,,5466,road_route_found_entrance_unverified,,1383.0,1481.5,5.0,2000.0,8,
south,,5467,road_route_found_entrance_unverified,,1433.0,1571.5,24.0,68.0,0,
south,,5468,road_route_found_entrance_unverified,,2031.4,2184.1,12.5,22.0,0,
south,,5473,unconfirmed,route_unconfirmed,,,,22.0,0,Подъезд превышает 3 км
south,,5478,unconfirmed,route_unconfirmed,,,,66.0,0,"Требуется проверка доступа, барьеров или поворотов; Подъезд превышает 3 км; До ближайшей дороги больше 60 м"
south,,6350,unconfirmed,route_unconfirmed,,,,22.0,0,Подъезд превышает 3 км
south,,6351,road_route_found_entrance_unverified,,2841.2,2820.4,8.9,30.0,0,
south,,6352,unconfirmed,route_unconfirmed,,,,144.0,0,Подъезд превышает 3 км
south,,6353,unconfirmed,route_unconfirmed,,,,88.0,0,Подъезд превышает 3 км
south,,6354,road_route_found_entrance_unverified,,2325.7,2257.7,5.6,88.0,0,
south,,6355,unconfirmed,route_unconfirmed,,,,88.0,0,"Требуется проверка доступа, барьеров или поворотов"
south,,6356,road_route_found_entrance_unverified,,2941.1,2467.6,8.5,30.0,0,
south,,6357,road_route_found_entrance_unverified,,2077.2,2096.3,4.1,44.0,0,
south,,6358,unconfirmed,route_unconfirmed,,,,88.0,0,"Требуется проверка доступа, барьеров или поворотов"
south,,6359,road_route_found_entrance_unverified,,2321.1,2282.0,7.0,88.0,0,
south,,6361,unconfirmed,route_unconfirmed,,,,50.0,0,Причина не установлена: проверить топологию и координаты
south,,6362,unconfirmed,route_unconfirmed,,,,30.0,0,Причина не установлена: проверить топологию и координаты
south,,6363,unconfirmed,route_unconfirmed,,,,44.0,0,Причина не установлена: проверить топологию и координаты
south,,6364,unconfirmed,route_unconfirmed,,,,50.0,0,Причина не установлена: проверить топологию и координаты
south,,6366,road_route_found_entrance_unverified,,1064.5,1079.1,25.1,22.0,0,
south,,6367,unconfirmed,route_unconfirmed,,,,72.0,0,Подъезд превышает 3 км
south,,6368,road_route_found_entrance_unverified,,2817.4,2874.1,9.4,22.0,0,
south,,6369,unconfirmed,route_unconfirmed,,,,44.0,0,Подъезд превышает 3 км
south,,6373,unconfirmed,route_unconfirmed,,,,22.0,0,Причина не установлена: проверить топологию и координаты; Дорога не найдена в пределах 200 м: проверить координаты и OSM
south,,6378,unconfirmed,route_unconfirmed,,,,44.0,0,Подъезд превышает 3 км
south,,6381,unconfirmed,route_unconfirmed,,,,44.0,0,Подъезд превышает 3 км
south,,6382,unconfirmed,route_unconfirmed,,,,30.0,0,Подъезд превышает 3 км
south,,6384,unconfirmed,route_unconfirmed,,,,30.0,0,Подъезд превышает 3 км
south,,6387,unconfirmed,route_unconfirmed,,,,30.0,0,Подъезд превышает 3 км
south,,6389,unconfirmed,route_unconfirmed,,,,22.0,0,Подъезд превышает 3 км
south,,6406,unconfirmed,route_unconfirmed,,,,44.0,0,Подъезд превышает 3 км
south,,6407,unconfirmed,route_unconfirmed,,,,850.0,4,Подъезд превышает 3 км
south,,6454,unconfirmed,route_unconfirmed,,,,11.0,0,Подъезд превышает 3 км
south,,6455,unconfirmed,route_unconfirmed,,,,22.0,0,Подъезд превышает 3 км
south,,6456,unconfirmed,route_unconfirmed,,,,4.0,0,Подъезд превышает 3 км
south,,6457,unconfirmed,route_unconfirmed,,,,22.0,0,Подъезд превышает 3 км; Возврат превышает предел пилота
south,,6458,unconfirmed,route_unconfirmed,,,,22.0,0,Подъезд превышает 3 км
south,,6459,unconfirmed,route_unconfirmed,,,,44.0,0,Подъезд превышает 3 км
south,,6460,unconfirmed,route_unconfirmed,,,,22.0,0,Подъезд превышает 3 км
south,,6461,unconfirmed,route_unconfirmed,,,,44.0,0,Подъезд превышает 3 км
south,,6462,unconfirmed,route_unconfirmed,,,,44.0,0,Подъезд превышает 3 км
south,,6463,unconfirmed,route_unconfirmed,,,,66.0,0,Подъезд превышает 3 км
south,,6464,unconfirmed,route_unconfirmed,,,,30.0,0,Подъезд превышает 3 км; Возврат превышает предел пилота
south,,6465,unconfirmed,route_unconfirmed,,,,88.0,0,Подъезд превышает 3 км; Возврат превышает предел пилота
south,,6467,unconfirmed,route_unconfirmed,,,,22.0,0,Подъезд превышает 3 км; Возврат превышает предел пилота
south,,6486,unconfirmed,route_unconfirmed,,,,30.0,0,Подъезд превышает 3 км
south,,6497,unconfirmed,route_unconfirmed,,,,44.0,0,Подъезд превышает 3 км
south,,6498,unconfirmed,route_unconfirmed,,,,36.0,0,Подъезд превышает 3 км
south,,6499,unconfirmed,route_unconfirmed,,,,66.0,0,Подъезд превышает 3 км
south,,6502,unconfirmed,route_unconfirmed,,,,30.0,0,Подъезд превышает 3 км
south,,6512,unconfirmed,route_unconfirmed,,,,600.0,8,Подъезд превышает 3 км
south,,6515,unconfirmed,route_unconfirmed,,,,800.0,4,Подъезд превышает 3 км
south,,6518,unconfirmed,route_unconfirmed,,,,44.0,0,Подъезд превышает 3 км
south,,6519,unconfirmed,route_unconfirmed,,,,1600.0,12,Подъезд превышает 3 км
south,,6520,unconfirmed,route_unconfirmed,,,,22.0,0,Подъезд превышает 3 км; Связь найдена с другим направлением
south,,6521,road_route_found_entrance_unverified,,1823.0,1874.0,30.9,372.0,0,
south,,6522,unconfirmed,route_unconfirmed,,,,22.0,0,Подъезд превышает 3 км
south,,6523,road_route_found_entrance_unverified,,2804.0,2636.6,7.3,50.0,0,
south,,6524,road_route_found_entrance_unverified,,2341.2,1862.5,6.8,900.0,6,
south,,6525,unconfirmed,route_unconfirmed,,,,100.0,0,Подъезд превышает 3 км; Связь найдена с другим направлением
south,,6526,unconfirmed,route_unconfirmed,,,,44.0,0,Подъезд превышает 3 км; Связь найдена с другим направлением
south,,6527,road_route_found_entrance_unverified,,1830.1,1970.5,5.9,84.0,0,
south,,6528,unconfirmed,route_unconfirmed,,,,50.0,0,Подъезд превышает 3 км; Связь найдена с другим направлением
south,,6529,road_route_found_entrance_unverified,,2955.5,2439.6,8.8,44.0,0,
south,,6530,unconfirmed,route_unconfirmed,,,,50.0,0,Подъезд превышает 3 км; Связь найдена с другим направлением
south,,6531,unconfirmed,route_unconfirmed,,,,11.0,0,"Требуется проверка доступа, барьеров или поворотов; Подъезд превышает 3 км"
south,,6532,unconfirmed,route_unconfirmed,,,,50.0,0,Подъезд превышает 3 км; Связь найдена с другим направлением
south,,6533,road_route_found_entrance_unverified,,1797.1,2198.2,10.8,620.0,4,
south,,6534,unconfirmed,route_unconfirmed,,,,44.0,0,Подъезд превышает 3 км; Связь найдена с другим направлением
south,,6535,unconfirmed,route_unconfirmed,,,,50.0,0,Подъезд превышает 3 км; Связь найдена с другим направлением
south,,6536,unconfirmed,route_unconfirmed,,,,44.0,0,"Требуется проверка доступа, барьеров или поворотов"
south,,6537,unconfirmed,route_unconfirmed,,,,50.0,0,Подъезд превышает 3 км; Связь найдена с другим направлением
south,,6538,unconfirmed,route_unconfirmed,,,,44.0,0,Подъезд превышает 3 км; Связь найдена с другим направлением
south,,6539,unconfirmed,route_unconfirmed,,,,800.0,4,Подъезд превышает 3 км
south,,6540,unconfirmed,route_unconfirmed,,,,50.0,0,Подъезд превышает 3 км; Связь найдена с другим направлением
south,,6541,road_route_found_entrance_unverified,,2277.2,2643.5,10.6,50.0,0,
south,,6542,road_route_found_entrance_unverified,,2873.8,2991.8,21.4,44.0,0,
south,,6543,road_route_found_entrance_unverified,,2746.5,2782.8,7.9,30.0,0,
south,,6544,unconfirmed,route_unconfirmed,,,,50.0,0,Подъезд превышает 3 км
south,,6546,unconfirmed,route_unconfirmed,,,,30.0,0,Подъезд превышает 3 км
south,,6547,road_route_found_entrance_unverified,,2395.4,2486.8,7.3,11.0,0,
south,,6548,road_route_found_entrance_unverified,,2634.8,2743.6,6.6,44.0,0,
south,,6549,road_route_found_entrance_unverified,,2747.6,2819.9,10.6,100.0,0,
south,,6550,unconfirmed,route_unconfirmed,,,,144.0,0,Подъезд превышает 3 км; Связь найдена с другим направлением
south,,6551,unconfirmed,route_unconfirmed,,,,150.0,2,Причина не установлена: проверить топологию и координаты; Связь найдена с другим направлением
south,,6552,unconfirmed,route_unconfirmed,,,,93.0,0,Причина не установлена: проверить топологию и координаты; Связь найдена с другим направлением
south,,6553,unconfirmed,route_unconfirmed,,,,60.0,0,Подъезд превышает 3 км
south,,6554,unconfirmed,route_unconfirmed,,,,30.0,0,Подъезд превышает 3 км
south,,6555,unconfirmed,route_unconfirmed,,,,50.0,0,Подъезд превышает 3 км
south,,6556,unconfirmed,route_unconfirmed,,,,150.0,2,Подъезд превышает 3 км
south,,6557,unconfirmed,route_unconfirmed,,,,11.0,0,Подъезд превышает 3 км
south,,6558,road_route_found_entrance_unverified,,373.9,409.0,8.1,98.0,0,
south,,6559,unconfirmed,route_unconfirmed,,,,30.0,0,Подъезд превышает 3 км
south,,6560,unconfirmed,route_unconfirmed,,,,44.0,0,Подъезд превышает 3 км
south,,6561,unconfirmed,route_unconfirmed,,,,44.0,0,Подъезд превышает 3 км
south,,6562,unconfirmed,route_unconfirmed,,,,44.0,0,Подъезд превышает 3 км
south,,6563,unconfirmed,route_unconfirmed,,,,150.0,1,Подъезд превышает 3 км
south,,6564,unconfirmed,route_unconfirmed,,,,39.0,0,Подъезд превышает 3 км
south,,6565,unconfirmed,route_unconfirmed,,,,39.0,0,Подъезд превышает 3 км
south,,6566,unconfirmed,route_unconfirmed,,,,44.0,0,"Требуется проверка доступа, барьеров или поворотов; Подъезд превышает 3 км"
south,,6567,unconfirmed,route_unconfirmed,,,,82.0,0,Подъезд превышает 3 км; Связь найдена с другим направлением
south,,6568,road_route_found_entrance_unverified,,2947.3,2943.0,5.9,82.0,0,
south,,6569,unconfirmed,route_unconfirmed,,,,44.0,0,Подъезд превышает 3 км
south,,6570,unconfirmed,route_unconfirmed,,,,150.0,2,Подъезд превышает 3 км
south,,6571,road_route_found_entrance_unverified,,1869.1,1978.8,23.7,22.0,0,
south,,6572,road_route_found_entrance_unverified,,2473.1,2525.7,10.2,44.0,0,
south,,6579,unconfirmed,route_unconfirmed,,,,44.0,0,Подъезд превышает 3 км
south,,6640,unconfirmed,route_unconfirmed,,,,22.0,0,Подъезд превышает 3 км
south,,6641,unconfirmed,route_unconfirmed,,,,44.0,0,Подъезд превышает 3 км
south,,6642,unconfirmed,route_unconfirmed,,,,44.0,0,Подъезд превышает 3 км
south,,6643,unconfirmed,route_unconfirmed,,,,22.0,0,Подъезд превышает 3 км
south,,6644,unconfirmed,route_unconfirmed,,,,50.0,0,Подъезд превышает 3 км
south,,6645,unconfirmed,route_unconfirmed,,,,66.0,0,Подъезд превышает 3 км
south,,6646,unconfirmed,route_unconfirmed,,,,900.0,6,Подъезд превышает 3 км
south,,6647,unconfirmed,route_unconfirmed,,,,110.0,0,Подъезд превышает 3 км
south,,6648,unconfirmed,route_unconfirmed,,,,176.0,0,Подъезд превышает 3 км
south,,6649,unconfirmed,route_unconfirmed,,,,22.0,0,Подъезд превышает 3 км
south,,6650,unconfirmed,route_unconfirmed,,,,44.0,0,Подъезд превышает 3 км
south,,6651,unconfirmed,route_unconfirmed,,,,44.0,0,Подъезд превышает 3 км
south,,6652,unconfirmed,route_unconfirmed,,,,1200.0,8,Подъезд превышает 3 км
south,,6653,unconfirmed,route_unconfirmed,,,,22.0,0,Подъезд превышает 3 км
south,,6654,unconfirmed,route_unconfirmed,,,,44.0,0,Подъезд превышает 3 км
south,,6656,unconfirmed,route_unconfirmed,,,,44.0,0,Подъезд превышает 3 км
south,,6657,unconfirmed,route_unconfirmed,,,,44.0,0,Подъезд превышает 3 км
south,,6658,unconfirmed,route_unconfirmed,,,,44.0,0,Подъезд превышает 3 км
south,,6659,unconfirmed,route_unconfirmed,,,,44.0,0,Подъезд превышает 3 км
south,,6660,unconfirmed,route_unconfirmed,,,,44.0,0,Подъезд превышает 3 км
south,,6661,unconfirmed,route_unconfirmed,,,,44.0,0,Подъезд превышает 3 км
south,,6662,unconfirmed,route_unconfirmed,,,,44.0,0,Подъезд превышает 3 км
south,,6663,unconfirmed,route_unconfirmed,,,,22.0,0,Подъезд превышает 3 км
south,,6664,unconfirmed,route_unconfirmed,,,,154.0,0,Подъезд превышает 3 км
south,,6665,unconfirmed,route_unconfirmed,,,,44.0,0,Подъезд превышает 3 км
south,,6666,unconfirmed,route_unconfirmed,,,,44.0,0,Подъезд превышает 3 км
south,,6667,unconfirmed,route_unconfirmed,,,,44.0,0,Подъезд превышает 3 км
south,,6668,unconfirmed,route_unconfirmed,,,,33.0,0,Подъезд превышает 3 км
south,,6669,unconfirmed,route_unconfirmed,,,,44.0,0,Подъезд превышает 3 км
south,,6670,unconfirmed,route_unconfirmed,,,,5.5,0,Подъезд превышает 3 км
south,,6671,unconfirmed,route_unconfirmed,,,,222.0,2,Подъезд превышает 3 км
south,,6672,road_route_found_entrance_unverified,,2620.2,2805.5,5.4,44.0,0,
south,,6673,unconfirmed,route_unconfirmed,,,,97.0,0,"Требуется проверка доступа, барьеров или поворотов; Подъезд превышает 3 км"
south,,6674,unconfirmed,route_unconfirmed,,,,600.0,4,Подъезд превышает 3 км
south,,6675,unconfirmed,route_unconfirmed,,,,88.0,0,Подъезд превышает 3 км
south,,6676,unconfirmed,route_unconfirmed,,,,94.0,0,Подъезд превышает 3 км
south,,6677,unconfirmed,route_unconfirmed,,,,22.0,0,Подъезд превышает 3 км
south,,6678,unconfirmed,route_unconfirmed,,,,11.0,0,Подъезд превышает 3 км
south,,6679,unconfirmed,route_unconfirmed,,,,44.0,0,Подъезд превышает 3 км
south,,6680,unconfirmed,route_unconfirmed,,,,44.0,0,Подъезд превышает 3 км
south,,6681,road_route_found_entrance_unverified,,723.5,716.6,9.2,2000.0,8,
south,,6682,unconfirmed,route_unconfirmed,,,,22.0,0,Подъезд превышает 3 км; Связь найдена с другим направлением
south,,6683,unconfirmed,route_unconfirmed,,,,22.0,0,Подъезд превышает 3 км; Связь найдена с другим направлением
south,,6684,road_route_found_entrance_unverified,,2108.3,2033.2,5.6,44.0,0,
south,,6685,unconfirmed,route_unconfirmed,,,,44.0,0,Подъезд превышает 3 км; Связь найдена с другим направлением
south,,6686,road_route_found_entrance_unverified,,777.0,715.6,15.7,175.0,1,
south,,6687,road_route_found_entrance_unverified,,777.0,715.6,15.7,175.0,1,
south,,6688,road_route_found_entrance_unverified,,777.0,715.6,15.7,175.0,1,
south,,6689,road_route_found_entrance_unverified,,777.0,715.6,15.7,175.0,1,
south,,6690,road_route_found_entrance_unverified,,833.9,682.9,5.9,900.0,6,
south,,6691,road_route_found_entrance_unverified,,2339.8,2180.2,3.9,44.0,0,
south,,6692,road_route_found_entrance_unverified,,2446.6,2463.6,8.3,44.0,0,
south,,6693,road_route_found_entrance_unverified,,2237.3,2580.4,6.6,44.0,0,
south,,6694,road_route_found_entrance_unverified,,2315.9,2286.8,6.7,44.0,0,
south,,6695,road_route_found_entrance_unverified,,2345.4,2344.4,3.4,44.0,0,
south,,6696,road_route_found_entrance_unverified,,1776.8,1767.9,16.4,72.0,0,
south,,6697,road_route_found_entrance_unverified,,1467.8,1465.5,9.3,44.0,0,
south,,6698,road_route_found_entrance_unverified,,2604.1,2605.5,8.4,50.0,0,
south,,6699,road_route_found_entrance_unverified,,1084.3,1050.0,20.3,600.0,4,
south,,6700,road_route_found_entrance_unverified,,2647.8,2606.5,7.7,44.0,0,
south,,6701,road_route_found_entrance_unverified,,2489.4,2458.3,5.2,44.0,0,
south,,6702,road_route_found_entrance_unverified,,1768.8,1726.8,36.1,44.0,0,
south,,6703,road_route_found_entrance_unverified,,1523.6,1445.1,2.8,3000.0,12,
south,,6704,road_route_found_entrance_unverified,,2450.7,2421.3,10.1,44.0,0,
south,,6705,road_route_found_entrance_unverified,,1710.3,1807.2,9.0,44.0,0,
south,,6706,road_route_found_entrance_unverified,,2203.5,2209.0,8.3,50.0,0,
south,,6707,road_route_found_entrance_unverified,,2054.6,1982.3,5.4,44.0,0,
south,,6708,road_route_found_entrance_unverified,,1764.2,1540.5,6.3,44.0,0,
south,,6709,unconfirmed,route_unconfirmed,,,,44.0,0,Подъезд превышает 3 км
south,,6710,unconfirmed,route_unconfirmed,,,,44.0,0,Подъезд превышает 3 км
south,,6711,unconfirmed,route_unconfirmed,,,,94.0,0,Подъезд превышает 3 км
south,,6712,unconfirmed,route_unconfirmed,,,,44.0,0,Подъезд превышает 3 км
south,,6713,unconfirmed,route_unconfirmed,,,,22.0,0,Подъезд превышает 3 км
south,,6714,unconfirmed,route_unconfirmed,,,,44.0,0,Подъезд превышает 3 км
south,,6715,unconfirmed,route_unconfirmed,,,,44.0,0,Подъезд превышает 3 км
south,,6716,unconfirmed,route_unconfirmed,,,,44.0,0,Подъезд превышает 3 км
south,,6717,unconfirmed,route_unconfirmed,,,,44.0,0,Подъезд превышает 3 км
south,,7953,road_route_found_entrance_unverified,,2522.4,2645.9,13.6,50.0,0,
south,,7954,unconfirmed,route_unconfirmed,,,,44.0,0,Подъезд превышает 3 км
south,,7955,road_route_found_entrance_unverified,,600.7,282.3,0.7,93.0,0,
south,,7957,unconfirmed,route_unconfirmed,,,,44.0,0,"Требуется проверка доступа, барьеров или поворотов; Подъезд превышает 3 км"
south,,7958,unconfirmed,route_unconfirmed,,,,3000.0,12,"Требуется проверка доступа, барьеров или поворотов; Подъезд превышает 3 км"
south,,7960,unconfirmed,route_unconfirmed,,,,44.0,0,Подъезд превышает 3 км; Связь найдена с другим направлением
south,,7961,unconfirmed,route_unconfirmed,,,,11.0,0,Подъезд превышает 3 км
south,,7962,unconfirmed,route_unconfirmed,,,,44.0,0,Подъезд превышает 3 км
south,,7963,unconfirmed,route_unconfirmed,,,,772.0,4,Подъезд превышает 3 км
south,,7964,unconfirmed,route_unconfirmed,,,,44.0,0,Подъезд превышает 3 км
south,,7965,unconfirmed,route_unconfirmed,,,,44.0,0,Подъезд превышает 3 км
south,,7966,road_route_found_entrance_unverified,,626.6,256.4,7.4,98.0,0,
south,,7968,unconfirmed,route_unconfirmed,,,,93.0,0,Подъезд превышает 3 км
south,,7970,unconfirmed,route_unconfirmed,,,,11.0,0,Подъезд превышает 3 км
south,,7971,unconfirmed,return_exceeds_pilot_3km,2994.8,3120.7,0.2,44.0,0,
south,,7974,unconfirmed,route_unconfirmed,,,,44.0,0,Подъезд превышает 3 км
south,,7976,unconfirmed,route_unconfirmed,,,,132.0,0,Подъезд превышает 3 км
south,,7977,unconfirmed,route_unconfirmed,,,,22.0,0,Подъезд превышает 3 км
south,,7978,road_route_found_entrance_unverified,,2462.9,2578.6,11.1,220.0,0,
south,,7982,unconfirmed,route_unconfirmed,,,,22.0,0,"Требуется проверка доступа, барьеров или поворотов; Подъезд превышает 3 км"
south,,7991,unconfirmed,route_unconfirmed,,,,33.0,0,Подъезд превышает 3 км
south,,8067,unconfirmed,route_unconfirmed,,,,110.0,0,Подъезд превышает 3 км
south,,8069,unconfirmed,route_unconfirmed,,,,22.0,0,Подъезд превышает 3 км
south,,8070,unconfirmed,route_unconfirmed,,,,22.0,0,Подъезд превышает 3 км
south,,8073,unconfirmed,route_unconfirmed,,,,22.0,0,Подъезд превышает 3 км
south,,8076,unconfirmed,route_unconfirmed,,,,44.0,0,Подъезд превышает 3 км
south,,8078,unconfirmed,route_unconfirmed,,,,24.0,0,"Требуется проверка доступа, барьеров или поворотов; Подъезд превышает 3 км"
south,,8079,unconfirmed,route_unconfirmed,,,,22.0,0,Подъезд превышает 3 км
south,,8080,unconfirmed,route_unconfirmed,,,,44.0,0,Подъезд превышает 3 км
south,,8081,unconfirmed,route_unconfirmed,,,,44.0,0,Подъезд превышает 3 км
south,,8082,unconfirmed,route_unconfirmed,,,,44.0,0,Подъезд превышает 3 км
south,,8083,unconfirmed,route_unconfirmed,,,,656.0,2,Подъезд превышает 3 км
south,,8086,unconfirmed,route_unconfirmed,,,,44.0,0,Подъезд превышает 3 км
south,,8087,unconfirmed,route_unconfirmed,,,,88.0,0,Подъезд превышает 3 км
south,,8090,unconfirmed,route_unconfirmed,,,,122.0,0,Подъезд превышает 3 км
south,,8095,unconfirmed,route_unconfirmed,,,,50.0,0,Подъезд превышает 3 км
south,,8096,unconfirmed,route_unconfirmed,,,,50.0,0,Подъезд превышает 3 км
south,,8097,unconfirmed,route_unconfirmed,,,,50.0,0,Подъезд превышает 3 км
south,,8098,unconfirmed,route_unconfirmed,,,,50.0,0,Подъезд превышает 3 км
south,,8099,unconfirmed,route_unconfirmed,,,,50.0,0,Подъезд превышает 3 км
south,,8100,unconfirmed,route_unconfirmed,,,,50.0,0,Подъезд превышает 3 км
south,,8101,unconfirmed,route_unconfirmed,,,,150.0,2,Подъезд превышает 3 км
south,,8102,unconfirmed,route_unconfirmed,,,,150.0,2,Подъезд превышает 3 км
south,,8103,unconfirmed,route_unconfirmed,,,,150.0,2,Подъезд превышает 3 км
south,,8104,unconfirmed,route_unconfirmed,,,,150.0,2,Подъезд превышает 3 км
south,,8105,unconfirmed,route_unconfirmed,,,,400.0,2,Подъезд превышает 3 км
south,,8106,unconfirmed,route_unconfirmed,,,,400.0,2,Подъезд превышает 3 км
south,,8107,unconfirmed,route_unconfirmed,,,,400.0,2,Подъезд превышает 3 км
south,,8108,unconfirmed,route_unconfirmed,,,,400.0,2,Подъезд превышает 3 км
south,,8109,unconfirmed,route_unconfirmed,,,,400.0,2,Подъезд превышает 3 км
south,,8110,unconfirmed,route_unconfirmed,,,,50.0,0,Подъезд превышает 3 км
south,,8111,unconfirmed,route_unconfirmed,,,,50.0,0,Подъезд превышает 3 км
south,,8112,unconfirmed,route_unconfirmed,,,,400.0,2,Подъезд превышает 3 км
south,,8116,road_route_found_entrance_unverified,,2153.0,2140.4,5.8,55.0,0,
south,,8120,road_route_found_entrance_unverified,,269.9,251.3,6.6,98.0,0,
south,,8121,unconfirmed,route_unconfirmed,,,,150.0,2,Подъезд превышает 3 км
south,,8122,unconfirmed,route_unconfirmed,,,,176.0,0,Подъезд превышает 3 км
south,,8123,unconfirmed,route_unconfirmed,,,,22.0,0,Подъезд превышает 3 км
south,,8124,unconfirmed,route_unconfirmed,,,,44.0,0,Подъезд превышает 3 км
south,,8125,unconfirmed,route_unconfirmed,,,,88.0,0,Подъезд превышает 3 км
south,,8128,road_route_found_entrance_unverified,,2429.9,2409.7,4.9,30.0,0,
south,,8129,road_route_found_entrance_unverified,,2534.5,2532.0,9.5,30.0,0,
south,,8130,road_route_found_entrance_unverified,,2118.4,2077.9,9.0,88.0,0,
south,,8131,road_route_found_entrance_unverified,,2962.5,2746.9,7.2,20.0,0,
south,,8132,unconfirmed,route_unconfirmed,,,,88.0,0,Причина не установлена: проверить топологию и координаты
south,,8133,unconfirmed,route_unconfirmed,,,,44.0,0,Подъезд превышает 3 км
south,,8134,unconfirmed,route_unconfirmed,,,,44.0,0,Подъезд превышает 3 км
south,,8135,unconfirmed,route_unconfirmed,,,,44.0,0,Подъезд превышает 3 км
south,,8136,unconfirmed,route_unconfirmed,,,,44.0,0,Подъезд превышает 3 км
south,,8137,unconfirmed,route_unconfirmed,,,,132.0,0,Подъезд превышает 3 км; Связь найдена с другим направлением
south,,8139,unconfirmed,route_unconfirmed,,,,94.0,0,Подъезд превышает 3 км
south,,8140,unconfirmed,route_unconfirmed,,,,44.0,0,Подъезд превышает 3 км
south,,8145,unconfirmed,route_unconfirmed,,,,286.0,0,Подъезд превышает 3 км
south,,8146,unconfirmed,route_unconfirmed,,,,30.0,0,Подъезд превышает 3 км
south,,8147,unconfirmed,route_unconfirmed,,,,44.0,0,Подъезд превышает 3 км
south,,8148,unconfirmed,route_unconfirmed,,,,94.0,0,Подъезд превышает 3 км
south,,8149,unconfirmed,route_unconfirmed,,,,22.0,0,"Требуется проверка доступа, барьеров или поворотов; Подъезд превышает 3 км"
south,,8151,unconfirmed,route_unconfirmed,,,,44.0,0,Подъезд превышает 3 км
south,,8152,unconfirmed,route_unconfirmed,,,,22.0,0,"Требуется проверка доступа, барьеров или поворотов; Подъезд превышает 3 км"
south,,8153,unconfirmed,route_unconfirmed,,,,22.0,0,Подъезд превышает 3 км
south,,8154,unconfirmed,route_unconfirmed,,,,22.0,0,Подъезд превышает 3 км
south,,8155,unconfirmed,route_unconfirmed,,,,44.0,0,Подъезд превышает 3 км; Связь найдена с другим направлением
south,,8156,unconfirmed,route_unconfirmed,,,,88.0,0,Подъезд превышает 3 км
south,,8158,unconfirmed,route_unconfirmed,,,,30.0,0,Подъезд превышает 3 км
south,,8159,unconfirmed,route_unconfirmed,,,,1600.0,8,Подъезд превышает 3 км
south,,8160,unconfirmed,route_unconfirmed,,,,66.0,0,Подъезд превышает 3 км
south,,8164,unconfirmed,route_unconfirmed,,,,44.0,0,Подъезд превышает 3 км
south,,8165,unconfirmed,route_unconfirmed,,,,44.0,0,Подъезд превышает 3 км
south,,8166,unconfirmed,route_unconfirmed,,,,44.0,0,Подъезд превышает 3 км
south,,8167,unconfirmed,route_unconfirmed,,,,44.0,0,Подъезд превышает 3 км
south,,8168,unconfirmed,route_unconfirmed,,,,44.0,0,Подъезд превышает 3 км
south,,8170,road_route_found_entrance_unverified,,2944.2,2970.7,1.6,44.0,0,
south,,8171,road_route_found_entrance_unverified,,1558.2,1578.6,4.4,1000.0,4,
south,,8172,unconfirmed,route_unconfirmed,,,,22.0,0,Подъезд превышает 3 км
south,,8173,unconfirmed,route_unconfirmed,,,,125.0,0,Подъезд превышает 3 км
south,,8174,unconfirmed,route_unconfirmed,,,,88.0,0,Подъезд превышает 3 км
south,,8175,road_route_found_entrance_unverified,,2038.9,1990.6,5.1,44.0,0,
south,,8176,road_route_found_entrance_unverified,,1481.9,1421.3,7.6,44.0,0,
south,,8177,unconfirmed,route_unconfirmed,,,,44.0,0,Подъезд превышает 3 км
south,,8178,unconfirmed,route_unconfirmed,,,,125.0,0,Подъезд превышает 3 км
south,,8180,unconfirmed,route_unconfirmed,,,,72.0,0,Подъезд превышает 3 км
south,,8181,unconfirmed,route_unconfirmed,,,,46.0,0,Подъезд превышает 3 км
south,,8182,unconfirmed,route_unconfirmed,,,,44.0,0,Подъезд превышает 3 км
south,,8184,unconfirmed,route_unconfirmed,,,,44.0,0,Подъезд превышает 3 км
south,,8185,unconfirmed,route_unconfirmed,,,,44.0,0,Подъезд превышает 3 км
south,,8214,unconfirmed,route_unconfirmed,,,,39.0,0,Подъезд превышает 3 км
south,,8215,unconfirmed,route_unconfirmed,,,,22.0,0,Подъезд превышает 3 км
south,,8216,unconfirmed,route_unconfirmed,,,,66.0,0,"Требуется проверка доступа, барьеров или поворотов; Подъезд превышает 3 км"
south,,8218,unconfirmed,route_unconfirmed,,,,78.0,0,Подъезд превышает 3 км
south,,8221,unconfirmed,route_unconfirmed,,,,44.0,0,"Требуется проверка доступа, барьеров или поворотов; Подъезд превышает 3 км"
south,,8222,unconfirmed,route_unconfirmed,,,,78.0,0,Подъезд превышает 3 км
south,,8223,unconfirmed,route_unconfirmed,,,,781.0,0,Подъезд превышает 3 км
south,,8224,unconfirmed,route_unconfirmed,,,,88.0,0,Подъезд превышает 3 км
south,,8225,unconfirmed,route_unconfirmed,,,,44.0,0,"Требуется проверка доступа, барьеров или поворотов; Подъезд превышает 3 км"
south,,8226,unconfirmed,route_unconfirmed,,,,78.0,0,Подъезд превышает 3 км
south,,8227,unconfirmed,route_unconfirmed,,,,300.0,2,Подъезд превышает 3 км
south,,8228,unconfirmed,route_unconfirmed,,,,450.0,4,Подъезд превышает 3 км
south,,8229,unconfirmed,route_unconfirmed,,,,308.0,0,Подъезд превышает 3 км
south,,8230,unconfirmed,route_unconfirmed,,,,220.0,0,Подъезд превышает 3 км
south,,8231,unconfirmed,route_unconfirmed,,,,66.0,0,Подъезд превышает 3 км
south,,8232,unconfirmed,route_unconfirmed,,,,44.0,0,Подъезд превышает 3 км
south,,8233,unconfirmed,route_unconfirmed,,,,78.0,0,Подъезд превышает 3 км
south,,8234,unconfirmed,route_unconfirmed,,,,150.0,2,Подъезд превышает 3 км
south,,8235,unconfirmed,route_unconfirmed,,,,22.0,0,"Требуется проверка доступа, барьеров или поворотов; Подъезд превышает 3 км"
south,,8236,unconfirmed,route_unconfirmed,,,,11.0,0,"Требуется проверка доступа, барьеров или поворотов; Подъезд превышает 3 км"
south,,8237,unconfirmed,route_unconfirmed,,,,39.0,0,Подъезд превышает 3 км
south,,8238,unconfirmed,route_unconfirmed,,,,78.0,0,Подъезд превышает 3 км
south,,8239,unconfirmed,route_unconfirmed,,,,44.0,0,Подъезд превышает 3 км
south,,8240,unconfirmed,route_unconfirmed,,,,50.0,0,Подъезд превышает 3 км
south,,8243,unconfirmed,route_unconfirmed,,,,39.0,0,Подъезд превышает 3 км
south,,8245,unconfirmed,route_unconfirmed,,,,22.0,0,Подъезд превышает 3 км
south,,8246,unconfirmed,route_unconfirmed,,,,78.0,0,Подъезд превышает 3 км
south,,8247,unconfirmed,route_unconfirmed,,,,44.0,0,"Требуется проверка доступа, барьеров или поворотов; Подъезд превышает 3 км"
south,,8249,unconfirmed,route_unconfirmed,,,,39.0,0,Подъезд превышает 3 км
south,,8277,unconfirmed,route_unconfirmed,,,,1210.0,0,Подъезд превышает 3 км
south,,8278,unconfirmed,route_unconfirmed,,,,22.0,0,Подъезд превышает 3 км
south,,8279,unconfirmed,route_unconfirmed,,,,11.0,0,"Требуется проверка доступа, барьеров или поворотов; Подъезд превышает 3 км"
south,,8280,unconfirmed,route_unconfirmed,,,,66.0,0,"Требуется проверка доступа, барьеров или поворотов; Подъезд превышает 3 км"
south,,8284,unconfirmed,route_unconfirmed,,,,88.0,0,Подъезд превышает 3 км
south,,8285,unconfirmed,route_unconfirmed,,,,44.0,0,"Требуется проверка доступа, барьеров или поворотов; Подъезд превышает 3 км"
south,,8286,unconfirmed,route_unconfirmed,,,,44.0,0,"Требуется проверка доступа, барьеров или поворотов; Подъезд превышает 3 км"
south,,8287,unconfirmed,route_unconfirmed,,,,39.0,0,"Требуется проверка доступа, барьеров или поворотов; Подъезд превышает 3 км"
south,,8289,unconfirmed,route_unconfirmed,,,,150.0,2,Подъезд превышает 3 км
south,,8290,unconfirmed,route_unconfirmed,,,,78.0,0,Подъезд превышает 3 км
south,,8291,unconfirmed,route_unconfirmed,,,,44.0,0,Подъезд превышает 3 км
south,,8292,unconfirmed,route_unconfirmed,,,,78.0,0,Подъезд превышает 3 км
south,,8293,unconfirmed,route_unconfirmed,,,,44.0,0,Подъезд превышает 3 км
south,,8294,unconfirmed,route_unconfirmed,,,,22.0,0,Подъезд превышает 3 км
south,,8296,unconfirmed,route_unconfirmed,,,,44.0,0,Подъезд превышает 3 км
south,,8298,unconfirmed,route_unconfirmed,,,,78.0,0,Подъезд превышает 3 км
south,,8300,unconfirmed,route_unconfirmed,,,,78.0,0,Подъезд превышает 3 км
south,,8301,unconfirmed,route_unconfirmed,,,,88.0,0,Подъезд превышает 3 км
south,,8302,unconfirmed,route_unconfirmed,,,,82.0,0,Подъезд превышает 3 км
south,,8303,unconfirmed,route_unconfirmed,,,,750.0,6,Подъезд превышает 3 км
south,,8304,unconfirmed,route_unconfirmed,,,,150.0,2,Подъезд превышает 3 км
south,,8305,unconfirmed,route_unconfirmed,,,,11.0,0,Подъезд превышает 3 км
south,,8306,unconfirmed,route_unconfirmed,,,,44.0,0,Подъезд превышает 3 км
south,,8307,unconfirmed,route_unconfirmed,,,,44.0,0,Причина не установлена: проверить топологию и координаты
south,,8308,unconfirmed,route_unconfirmed,,,,88.0,0,Подъезд превышает 3 км
south,,8309,unconfirmed,route_unconfirmed,,,,22.0,0,Подъезд превышает 3 км
south,,8310,unconfirmed,route_unconfirmed,,,,88.0,0,Подъезд превышает 3 км
south,,8311,unconfirmed,route_unconfirmed,,,,39.0,0,Подъезд превышает 3 км
south,,8312,unconfirmed,route_unconfirmed,,,,39.0,0,Подъезд превышает 3 км
south,,8313,unconfirmed,route_unconfirmed,,,,22.0,0,Подъезд превышает 3 км
south,,8314,unconfirmed,route_unconfirmed,,,,772.0,6,Подъезд превышает 3 км
south,,8315,unconfirmed,route_unconfirmed,,,,78.0,0,Подъезд превышает 3 км
south,,8316,unconfirmed,route_unconfirmed,,,,44.0,0,Подъезд превышает 3 км
south,,8317,unconfirmed,route_unconfirmed,,,,39.0,0,Подъезд превышает 3 км
south,,8318,unconfirmed,route_unconfirmed,,,,726.0,0,Подъезд превышает 3 км
south,,8319,unconfirmed,route_unconfirmed,,,,39.0,0,Подъезд превышает 3 км
south,,8320,unconfirmed,route_unconfirmed,,,,39.0,0,Подъезд превышает 3 км
south,,8321,unconfirmed,route_unconfirmed,,,,78.0,0,Подъезд превышает 3 км
south,,8322,unconfirmed,route_unconfirmed,,,,88.0,0,Подъезд превышает 3 км
south,,8323,unconfirmed,route_unconfirmed,,,,39.0,0,Подъезд превышает 3 км
south,,8324,unconfirmed,route_unconfirmed,,,,132.0,0,Подъезд превышает 3 км
south,,8325,unconfirmed,route_unconfirmed,,,,72.0,0,Подъезд превышает 3 км
south,,8326,unconfirmed,route_unconfirmed,,,,264.0,0,Подъезд превышает 3 км
south,,8327,unconfirmed,route_unconfirmed,,,,44.0,0,"Требуется проверка доступа, барьеров или поворотов; Подъезд превышает 3 км"
south,,8328,unconfirmed,route_unconfirmed,,,,150.0,2,Подъезд превышает 3 км
south,,8329,unconfirmed,route_unconfirmed,,,,88.0,0,Подъезд превышает 3 км
south,,8330,unconfirmed,route_unconfirmed,,,,22.0,0,Подъезд превышает 3 км
south,,8331,unconfirmed,route_unconfirmed,,,,22.0,0,Подъезд превышает 3 км
south,,8332,unconfirmed,route_unconfirmed,,,,22.0,0,Подъезд превышает 3 км
south,,8335,unconfirmed,route_unconfirmed,,,,44.0,0,Подъезд превышает 3 км
south,,8336,unconfirmed,route_unconfirmed,,,,44.0,0,Подъезд превышает 3 км
south,,8337,unconfirmed,route_unconfirmed,,,,78.0,0,Подъезд превышает 3 км
south,,8338,unconfirmed,route_unconfirmed,,,,900.0,8,Подъезд превышает 3 км
south,,8339,unconfirmed,route_unconfirmed,,,,22.0,0,Подъезд превышает 3 км
south,,8341,unconfirmed,route_unconfirmed,,,,154.0,0,Подъезд превышает 3 км
south,,8342,unconfirmed,route_unconfirmed,,,,22.0,0,Подъезд превышает 3 км
south,,8343,unconfirmed,route_unconfirmed,,,,44.0,0,Подъезд превышает 3 км
south,,8344,unconfirmed,route_unconfirmed,,,,71.0,0,Подъезд превышает 3 км
south,,8351,unconfirmed,route_unconfirmed,,,,22.0,0,Подъезд превышает 3 км
south,,8353,unconfirmed,route_unconfirmed,,,,39.0,0,Подъезд превышает 3 км
south,,8354,unconfirmed,route_unconfirmed,,,,132.0,0,Подъезд превышает 3 км
south,,8356,unconfirmed,route_unconfirmed,,,,44.0,0,Подъезд превышает 3 км
south,,8357,unconfirmed,route_unconfirmed,,,,44.0,0,Подъезд превышает 3 км
south,,8358,unconfirmed,route_unconfirmed,,,,44.0,0,Подъезд превышает 3 км
south,,8359,unconfirmed,route_unconfirmed,,,,22.0,0,Подъезд превышает 3 км
south,,8360,unconfirmed,route_unconfirmed,,,,22.0,0,"Требуется проверка доступа, барьеров или поворотов; Подъезд превышает 3 км"
south,,8361,unconfirmed,route_unconfirmed,,,,44.0,0,"Требуется проверка доступа, барьеров или поворотов; Подъезд превышает 3 км"
south,,8363,unconfirmed,route_unconfirmed,,,,44.0,0,Подъезд превышает 3 км
south,,8366,unconfirmed,route_unconfirmed,,,,88.0,0,Подъезд превышает 3 км
south,,8509,unconfirmed,route_unconfirmed,,,,30.0,0,Подъезд превышает 3 км
south,,8510,unconfirmed,route_unconfirmed,,,,30.0,0,Подъезд превышает 3 км
south,,8511,road_route_found_entrance_unverified,,1631.9,1942.8,9.7,60.0,0,
south,,8512,unconfirmed,route_unconfirmed,,,,150.0,2,Подъезд превышает 3 км
south,,8513,unconfirmed,route_unconfirmed,,,,150.0,2,Подъезд превышает 3 км
south,,8514,unconfirmed,route_unconfirmed,,,,30.0,0,Подъезд превышает 3 км
south,,8515,road_route_found_entrance_unverified,,2724.2,2599.8,3.3,22.0,0,
south,,8516,unconfirmed,route_unconfirmed,,,,44.0,0,"Требуется проверка доступа, барьеров или поворотов; Подъезд превышает 3 км"
south,,8517,unconfirmed,route_unconfirmed,,,,22.0,0,"Требуется проверка доступа, барьеров или поворотов; Подъезд превышает 3 км"
south,,8518,unconfirmed,route_unconfirmed,,,,24.0,0,"Требуется проверка доступа, барьеров или поворотов"
south,,8519,road_route_found_entrance_unverified,,2901.9,2887.5,8.6,50.0,0,
south,,8520,unconfirmed,route_unconfirmed,,,,44.0,0,"Требуется проверка доступа, барьеров или поворотов; Подъезд превышает 3 км"
south,,8521,unconfirmed,route_unconfirmed,,,,11.0,0,"Требуется проверка доступа, барьеров или поворотов"
south,,8522,road_route_found_entrance_unverified,,2111.6,2170.2,40.2,11.0,0,
south,,8523,unconfirmed,route_unconfirmed,,,,22.0,0,"Требуется проверка доступа, барьеров или поворотов; Подъезд превышает 3 км"
south,,8524,road_route_found_entrance_unverified,,2217.0,1778.2,0.7,300.0,2,
south,,8525,unconfirmed,route_unconfirmed,,,,30.0,0,"Требуется проверка доступа, барьеров или поворотов; Подъезд превышает 3 км"
south,,8526,unconfirmed,route_unconfirmed,,,,44.0,0,"Требуется проверка доступа, барьеров или поворотов; Подъезд превышает 3 км"
south,,8527,unconfirmed,route_unconfirmed,,,,22.0,0,"Требуется проверка доступа, барьеров или поворотов; Подъезд превышает 3 км"
south,,8528,unconfirmed,route_unconfirmed,,,,22.0,0,"Требуется проверка доступа, барьеров или поворотов; Подъезд превышает 3 км"
south,,8529,road_route_found_entrance_unverified,,1855.9,1692.3,10.6,150.0,2,
south,,8530,unconfirmed,route_unconfirmed,,,,22.0,0,Подъезд превышает 3 км
south,,8531,unconfirmed,route_unconfirmed,,,,44.0,0,Подъезд превышает 3 км
south,,8532,unconfirmed,route_unconfirmed,,,,99.0,0,Подъезд превышает 3 км
south,,8533,unconfirmed,route_unconfirmed,,,,44.0,0,"Требуется проверка доступа, барьеров или поворотов; Подъезд превышает 3 км"
south,,8534,road_route_found_entrance_unverified,,2420.2,1978.0,9.8,150.0,2,
south,,8535,road_route_found_entrance_unverified,,2435.6,1957.2,5.8,71.0,0,
south,,8536,road_route_found_entrance_unverified,,2411.1,1987.1,6.5,72.0,0,
south,,8537,road_route_found_entrance_unverified,,2283.9,1861.8,7.8,60.0,0,
south,,8538,unconfirmed,route_unconfirmed,,,,44.0,0,"Требуется проверка доступа, барьеров или поворотов; Подъезд превышает 3 км"
south,,8543,unconfirmed,route_unconfirmed,,,,44.0,0,"Требуется проверка доступа, барьеров или поворотов; Подъезд превышает 3 км"
south,,8544,unconfirmed,route_unconfirmed,,,,22.0,0,Подъезд превышает 3 км
south,,8546,unconfirmed,route_unconfirmed,,,,30.0,0,Подъезд превышает 3 км
south,,8550,unconfirmed,route_unconfirmed,,,,22.0,0,Подъезд превышает 3 км
south,,8551,unconfirmed,route_unconfirmed,,,,55.0,0,Причина не установлена: проверить топологию и координаты
south,,8552,unconfirmed,route_unconfirmed,,,,55.0,0,Подъезд превышает 3 км
south,,8559,unconfirmed,route_unconfirmed,,,,11.0,0,Подъезд превышает 3 км
south,,8568,unconfirmed,route_unconfirmed,,,,30.0,0,Подъезд превышает 3 км
south,,8569,unconfirmed,route_unconfirmed,,,,22.0,0,Подъезд превышает 3 км
south,,8570,unconfirmed,route_unconfirmed,,,,1200.0,6,"Требуется проверка доступа, барьеров или поворотов"
south,,8571,road_route_found_entrance_unverified,,1987.5,1360.0,1.6,1600.0,8,
south,,8572,road_route_found_entrance_unverified,,2517.5,2635.7,8.3,1500.0,12,
south,,8573,unconfirmed,route_unconfirmed,,,,22.0,0,Подъезд превышает 3 км
south,,8574,unconfirmed,route_unconfirmed,,,,22.0,0,"Требуется проверка доступа, барьеров или поворотов; Подъезд превышает 3 км"
south,,8575,unconfirmed,return_exceeds_pilot_3km,2974.7,3625.5,9.3,41.6,0,
south,,8576,unconfirmed,route_unconfirmed,,,,1600.0,8,Подъезд превышает 3 км
south,,8577,unconfirmed,route_unconfirmed,,,,11.0,0,"Требуется проверка доступа, барьеров или поворотов; Подъезд превышает 3 км"
south,,8578,unconfirmed,route_unconfirmed,,,,66.0,0,"Требуется проверка доступа, барьеров или поворотов; Подъезд превышает 3 км"
south,,8579,unconfirmed,route_unconfirmed,,,,33.0,0,Подъезд превышает 3 км
south,,8580,unconfirmed,route_unconfirmed,,,,22.0,0,Подъезд превышает 3 км
south,,8581,unconfirmed,route_unconfirmed,,,,22.0,0,Подъезд превышает 3 км
south,,8582,unconfirmed,route_unconfirmed,,,,22.0,0,Подъезд превышает 3 км
south,,8583,unconfirmed,route_unconfirmed,,,,44.0,0,Подъезд превышает 3 км
south,,8584,unconfirmed,route_unconfirmed,,,,11.0,0,Подъезд превышает 3 км
south,,8585,unconfirmed,route_unconfirmed,,,,22.0,0,Подъезд превышает 3 км
south,,8586,road_route_found_entrance_unverified,,2234.6,2173.8,4.7,200.0,2,
south,,8587,road_route_found_entrance_unverified,,2154.0,2205.5,6.0,2750.0,11,
south,,8588,unconfirmed,route_unconfirmed,,,,44.0,0,"Требуется проверка доступа, барьеров или поворотов"
south,,8589,road_route_found_entrance_unverified,,1746.4,1696.3,7.2,137.0,0,
south,,8590,unconfirmed,route_unconfirmed,,,,690.0,4,"Требуется проверка доступа, барьеров или поворотов"
south,,8591,unconfirmed,route_unconfirmed,,,,44.0,0,Подъезд превышает 3 км
south,,8592,unconfirmed,route_unconfirmed,,,,22.0,0,"Требуется проверка доступа, барьеров или поворотов; Подъезд превышает 3 км"
south,,8593,unconfirmed,route_unconfirmed,,,,22.0,0,Подъезд превышает 3 км
south,,8594,road_route_found_entrance_unverified,,2162.7,2135.1,3.9,30.0,0,
south,,8632,unconfirmed,route_unconfirmed,,,,600.0,6,Подъезд превышает 3 км
south,,8633,unconfirmed,route_unconfirmed,,,,88.0,0,"Требуется проверка доступа, барьеров или поворотов; Подъезд превышает 3 км"
south,,8634,unconfirmed,route_unconfirmed,,,,22.0,0,Подъезд превышает 3 км
south,,8635,unconfirmed,route_unconfirmed,,,,160.0,2,Подъезд превышает 3 км
south,,8636,road_route_found_entrance_unverified,,1939.0,1581.7,0.1,156.0,2,
south,,8637,road_route_found_entrance_unverified,,2816.5,2967.0,4.1,240.0,0,
south,,8638,road_route_found_entrance_unverified,,2477.9,2608.9,3.6,88.0,0,
south,,8639,road_route_found_entrance_unverified,,2476.9,2609.9,3.6,44.0,0,
south,,8640,road_route_found_entrance_unverified,,2476.9,2609.9,3.6,44.0,0,
south,,8641,unconfirmed,route_unconfirmed,,,,440.0,0,"Требуется проверка доступа, барьеров или поворотов; Подъезд превышает 3 км"
south,,8642,unconfirmed,route_unconfirmed,,,,150.0,2,"Требуется проверка доступа, барьеров или поворотов; Подъезд превышает 3 км"
south,,8643,road_route_found_entrance_unverified,,2822.3,2907.1,3.1,30.0,0,
south,,8644,unconfirmed,route_unconfirmed,,,,350.0,2,"Требуется проверка доступа, барьеров или поворотов"
south,,8645,road_route_found_entrance_unverified,,2970.9,2379.4,4.3,11.0,0,
south,,8646,road_route_found_entrance_unverified,,2134.1,2242.0,1.9,30.0,0,
south,,8648,unconfirmed,route_unconfirmed,,,,22.0,0,"Требуется проверка доступа, барьеров или поворотов; Подъезд превышает 3 км"
south,,8649,unconfirmed,route_unconfirmed,,,,66.0,0,"Требуется проверка доступа, барьеров или поворотов"
south,,8650,unconfirmed,route_unconfirmed,,,,66.0,0,"Требуется проверка доступа, барьеров или поворотов"
south,,8651,unconfirmed,route_unconfirmed,,,,22.0,0,"Требуется проверка доступа, барьеров или поворотов"
south,,8652,road_route_found_entrance_unverified,,2693.6,2771.3,8.7,150.0,2,
south,,8653,unconfirmed,route_unconfirmed,,,,30.0,0,Подъезд превышает 3 км
south,,8658,unconfirmed,route_unconfirmed,,,,600.0,6,Подъезд превышает 3 км
south,,8659,unconfirmed,route_unconfirmed,,,,88.0,0,Подъезд превышает 3 км
south,,8660,unconfirmed,route_unconfirmed,,,,110.0,0,Подъезд превышает 3 км
south,,8661,unconfirmed,route_unconfirmed,,,,88.0,0,"Требуется проверка доступа, барьеров или поворотов; Подъезд превышает 3 км"
south,,9699,unconfirmed,route_unconfirmed,,,,880.0,0,Подъезд превышает 3 км
south,,29082,unconfirmed,route_unconfirmed,,,,242.0,0,Подъезд превышает 3 км
south,,29083,road_route_found_entrance_unverified,,2274.2,2304.5,16.0,22.0,0,
south,,29084,unconfirmed,route_unconfirmed,,,,44.0,0,Подъезд превышает 3 км
south,,29086,unconfirmed,route_unconfirmed,,,,44.0,0,Подъезд превышает 3 км
south,,29087,unconfirmed,route_unconfirmed,,,,22.0,0,Подъезд превышает 3 км
south,,29088,unconfirmed,route_unconfirmed,,,,22.0,0,Подъезд превышает 3 км
south,,29090,unconfirmed,route_unconfirmed,,,,11.0,0,Подъезд превышает 3 км
south,,29092,unconfirmed,route_unconfirmed,,,,22.0,0,Подъезд превышает 3 км
south,,29093,unconfirmed,route_unconfirmed,,,,44.0,0,Причина не установлена: проверить топологию и координаты
south,,29095,unconfirmed,route_unconfirmed,,,,11.0,0,Подъезд превышает 3 км
south,,29096,unconfirmed,route_unconfirmed,,,,44.0,0,Подъезд превышает 3 км
south,,29097,unconfirmed,route_unconfirmed,,,,11.0,0,Подъезд превышает 3 км
south,,29098,unconfirmed,route_unconfirmed,,,,44.0,0,Подъезд превышает 3 км
south,,29099,unconfirmed,route_unconfirmed,,,,44.0,0,Подъезд превышает 3 км
south,,29100,unconfirmed,route_unconfirmed,,,,44.0,0,"Требуется проверка доступа, барьеров или поворотов; Подъезд превышает 3 км"
south,,29101,unconfirmed,route_unconfirmed,,,,600.0,4,Подъезд превышает 3 км
south,,29102,unconfirmed,route_unconfirmed,,,,11.0,0,Подъезд превышает 3 км
south,,29103,unconfirmed,route_unconfirmed,,,,22.0,0,Подъезд превышает 3 км
south,,29104,unconfirmed,route_unconfirmed,,,,22.0,0,Подъезд превышает 3 км
south,,29105,unconfirmed,route_unconfirmed,,,,44.0,0,Подъезд превышает 3 км
south,,29106,unconfirmed,route_unconfirmed,,,,22.0,0,Подъезд превышает 3 км
south,,29107,unconfirmed,route_unconfirmed,,,,22.0,0,Подъезд превышает 3 км
south,,29108,unconfirmed,route_unconfirmed,,,,22.0,0,Подъезд превышает 3 км
south,,29109,unconfirmed,route_unconfirmed,,,,44.0,0,Подъезд превышает 3 км
south,,29110,unconfirmed,route_unconfirmed,,,,11.0,0,Подъезд превышает 3 км
south,,29133,unconfirmed,route_unconfirmed,,,,22.0,0,Подъезд превышает 3 км
south,,29134,unconfirmed,route_unconfirmed,,,,11.0,0,Подъезд превышает 3 км
south,,29135,unconfirmed,route_unconfirmed,,,,22.0,0,Подъезд превышает 3 км
south,,29136,unconfirmed,route_unconfirmed,,,,22.0,0,Подъезд превышает 3 км
south,,29137,unconfirmed,route_unconfirmed,,,,11.0,0,Подъезд превышает 3 км
south,,29138,unconfirmed,route_unconfirmed,,,,22.0,0,Подъезд превышает 3 км
south,,29142,unconfirmed,route_unconfirmed,,,,14.0,0,"Требуется проверка доступа, барьеров или поворотов; Подъезд превышает 3 км"
south,,29146,unconfirmed,route_unconfirmed,,,,11.0,0,Подъезд превышает 3 км
south,,29147,unconfirmed,route_unconfirmed,,,,60.0,0,Подъезд превышает 3 км
south,,29148,unconfirmed,route_unconfirmed,,,,3.0,0,Подъезд превышает 3 км
south,,29149,unconfirmed,route_unconfirmed,,,,150.0,2,"Требуется проверка доступа, барьеров или поворотов; Подъезд превышает 3 км"
south,,29151,unconfirmed,route_unconfirmed,,,,44.0,0,Подъезд превышает 3 км
south,,29152,unconfirmed,route_unconfirmed,,,,44.0,0,Подъезд превышает 3 км
south,,29153,unconfirmed,route_unconfirmed,,,,150.0,2,Подъезд превышает 3 км
south,,29154,unconfirmed,route_unconfirmed,,,,22.0,0,Подъезд превышает 3 км
south,,29155,unconfirmed,route_unconfirmed,,,,22.0,0,Подъезд превышает 3 км
south,,29156,unconfirmed,route_unconfirmed,,,,600.0,4,Подъезд превышает 3 км
south,,29157,unconfirmed,route_unconfirmed,,,,132.0,0,Подъезд превышает 3 км
south,,29158,unconfirmed,route_unconfirmed,,,,22.0,0,Подъезд превышает 3 км
south,,29159,unconfirmed,route_unconfirmed,,,,268.0,0,Подъезд превышает 3 км
south,,29160,unconfirmed,route_unconfirmed,,,,150.0,2,Подъезд превышает 3 км
south,,29161,unconfirmed,route_unconfirmed,,,,44.0,0,Подъезд превышает 3 км
south,,29162,unconfirmed,route_unconfirmed,,,,11.0,0,"Требуется проверка доступа, барьеров или поворотов; Подъезд превышает 3 км"
south,,29163,unconfirmed,route_unconfirmed,,,,1330.0,4,Подъезд превышает 3 км
south,,29164,unconfirmed,route_unconfirmed,,,,150.0,2,Подъезд превышает 3 км; Связь найдена с другим направлением
south,,29165,unconfirmed,route_unconfirmed,,,,850.0,8,Подъезд превышает 3 км
south,,29166,unconfirmed,route_unconfirmed,,,,100.0,0,Подъезд превышает 3 км
south,,29167,unconfirmed,route_unconfirmed,,,,66.0,0,"Требуется проверка доступа, барьеров или поворотов"
south,,29168,unconfirmed,route_unconfirmed,,,,22.0,0,"Требуется проверка доступа, барьеров или поворотов"
south,,29169,unconfirmed,route_unconfirmed,,,,44.0,0,Подъезд превышает 3 км
south,,29171,unconfirmed,route_unconfirmed,,,,176.0,0,"Требуется проверка доступа, барьеров или поворотов; Подъезд превышает 3 км"
south,,29172,unconfirmed,route_unconfirmed,,,,44.0,0,Подъезд превышает 3 км
south,,29173,unconfirmed,route_unconfirmed,,,,150.0,2,Подъезд превышает 3 км
south,,29174,unconfirmed,route_unconfirmed,,,,150.0,2,Подъезд превышает 3 км
south,,29175,unconfirmed,route_unconfirmed,,,,344.0,2,Подъезд превышает 3 км
south,,29176,unconfirmed,route_unconfirmed,,,,22.0,0,Подъезд превышает 3 км
south,,29177,unconfirmed,route_unconfirmed,,,,364.0,2,Подъезд превышает 3 км
south,,29178,unconfirmed,route_unconfirmed,,,,22.0,0,Подъезд превышает 3 км
south,,29179,unconfirmed,route_unconfirmed,,,,44.0,0,Подъезд превышает 3 км
south,,29180,unconfirmed,route_unconfirmed,,,,132.0,0,"Требуется проверка доступа, барьеров или поворотов; Подъезд превышает 3 км"
south,,29181,unconfirmed,route_unconfirmed,,,,66.0,0,Подъезд превышает 3 км
south,,29182,unconfirmed,route_unconfirmed,,,,44.0,0,Подъезд превышает 3 км
south,,29183,unconfirmed,route_unconfirmed,,,,182.0,0,"Требуется проверка доступа, барьеров или поворотов; Подъезд превышает 3 км"
south,,29184,unconfirmed,route_unconfirmed,,,,22.0,0,Подъезд превышает 3 км
south,,29185,unconfirmed,route_unconfirmed,,,,600.0,4,Подъезд превышает 3 км
south,,29186,unconfirmed,route_unconfirmed,,,,44.0,0,Подъезд превышает 3 км
south,,29187,unconfirmed,route_unconfirmed,,,,44.0,0,Подъезд превышает 3 км
south,,29188,road_route_found_entrance_unverified,,2532.7,2609.3,13.1,22.0,0,
south,,29189,road_route_found_entrance_unverified,,2836.4,2991.9,16.7,11.0,0,
south,,29190,unconfirmed,route_unconfirmed,,,,88.0,0,Подъезд превышает 3 км
south,,29191,unconfirmed,route_unconfirmed,,,,11.0,0,Подъезд превышает 3 км
south,,29192,road_route_found_entrance_unverified,,2333.4,2396.6,8.5,22.0,0,
south,,29193,road_route_found_entrance_unverified,,2333.4,2396.6,8.5,44.0,0,
south,,29194,road_route_found_entrance_unverified,,1665.0,1762.4,3.2,50.0,0,
south,,29195,road_route_found_entrance_unverified,,2996.2,2957.2,7.5,11.0,0,
south,,29196,unconfirmed,return_exceeds_pilot_3km,2959.5,3042.4,8.9,11.0,0,
south,,29197,unconfirmed,return_exceeds_pilot_3km,2987.0,3177.9,3.2,44.0,0,
south,,29198,road_route_found_entrance_unverified,,2630.7,2707.7,3.2,150.0,2,
south,,29199,unconfirmed,route_unconfirmed,,,,300.0,2,"Требуется проверка доступа, барьеров или поворотов; Подъезд превышает 3 км"
south,,29200,unconfirmed,route_unconfirmed,,,,44.0,0,Подъезд превышает 3 км
south,,29203,unconfirmed,route_unconfirmed,,,,44.0,0,Подъезд превышает 3 км
south,,29204,unconfirmed,route_unconfirmed,,,,330.0,0,Подъезд превышает 3 км
south,,29297,unconfirmed,route_unconfirmed,,,,110.0,0,Подъезд превышает 3 км
south,,29299,unconfirmed,route_unconfirmed,,,,44.0,0,Подъезд превышает 3 км
south,,29301,unconfirmed,route_unconfirmed,,,,66.0,0,Подъезд превышает 3 км
south,,29304,unconfirmed,route_unconfirmed,,,,75.0,0,Подъезд превышает 3 км
south,,29305,unconfirmed,route_unconfirmed,,,,75.0,0,Подъезд превышает 3 км
south,,29306,unconfirmed,route_unconfirmed,,,,44.0,0,Подъезд превышает 3 км
south,,29307,unconfirmed,route_unconfirmed,,,,22.0,0,Подъезд превышает 3 км
south,,29308,unconfirmed,route_unconfirmed,,,,44.0,0,Подъезд превышает 3 км
south,,29309,unconfirmed,route_unconfirmed,,,,22.0,0,Подъезд превышает 3 км
south,,29310,unconfirmed,route_unconfirmed,,,,275.0,0,Причина не установлена: проверить топологию и координаты
south,,29311,unconfirmed,route_unconfirmed,,,,561.0,0,Подъезд превышает 3 км
south,,29312,unconfirmed,route_unconfirmed,,,,150.0,2,"Требуется проверка доступа, барьеров или поворотов; Подъезд превышает 3 км"
south,,29313,unconfirmed,route_unconfirmed,,,,22.0,0,Подъезд превышает 3 км
south,,29314,unconfirmed,route_unconfirmed,,,,44.0,0,"Требуется проверка доступа, барьеров или поворотов; Подъезд превышает 3 км"
south,,29315,unconfirmed,route_unconfirmed,,,,78.0,0,Причина не установлена: проверить топологию и координаты
south,,29316,unconfirmed,route_unconfirmed,,,,44.0,0,Подъезд превышает 3 км
south,,29317,unconfirmed,route_unconfirmed,,,,22.0,0,Подъезд превышает 3 км
south,,29318,unconfirmed,route_unconfirmed,,,,66.0,0,"Требуется проверка доступа, барьеров или поворотов"
south,,29319,unconfirmed,route_unconfirmed,,,,55.0,0,Подъезд превышает 3 км
south,,29320,unconfirmed,route_unconfirmed,,,,11.0,0,Подъезд превышает 3 км
south,,29321,unconfirmed,route_unconfirmed,,,,11.0,0,Подъезд превышает 3 км
south,,29322,unconfirmed,route_unconfirmed,,,,22.0,0,Подъезд превышает 3 км
south,,29324,unconfirmed,route_unconfirmed,,,,22.0,0,Подъезд превышает 3 км
south,,29325,unconfirmed,route_unconfirmed,,,,22.0,0,Подъезд превышает 3 км
south,,29383,unconfirmed,route_unconfirmed,,,,22.0,0,"Требуется проверка доступа, барьеров или поворотов; Подъезд превышает 3 км"
south,,29395,unconfirmed,route_unconfirmed,,,,44.0,0,"Требуется проверка доступа, барьеров или поворотов; Подъезд превышает 3 км"
south,,29396,unconfirmed,route_unconfirmed,,,,88.0,0,"Требуется проверка доступа, барьеров или поворотов; Подъезд превышает 3 км"
south,,29397,unconfirmed,route_unconfirmed,,,,50.0,0,"Требуется проверка доступа, барьеров или поворотов"
south,,29398,unconfirmed,route_unconfirmed,,,,72.0,0,"Требуется проверка доступа, барьеров или поворотов"
south,,29399,unconfirmed,route_unconfirmed,,,,33.0,0,"Требуется проверка доступа, барьеров или поворотов; Подъезд превышает 3 км"
south,,29400,unconfirmed,route_unconfirmed,,,,250.0,2,"Требуется проверка доступа, барьеров или поворотов; Подъезд превышает 3 км"
south,,29401,unconfirmed,route_unconfirmed,,,,88.0,0,"Требуется проверка доступа, барьеров или поворотов; Подъезд превышает 3 км"
south,,29402,unconfirmed,route_unconfirmed,,,,600.0,4,"Требуется проверка доступа, барьеров или поворотов"
south,,29403,unconfirmed,route_unconfirmed,,,,44.0,0,"Требуется проверка доступа, барьеров или поворотов; Подъезд превышает 3 км"
south,,29404,unconfirmed,route_unconfirmed,,,,44.0,0,"Требуется проверка доступа, барьеров или поворотов; Подъезд превышает 3 км"
south,,29405,unconfirmed,route_unconfirmed,,,,450.0,4,"Требуется проверка доступа, барьеров или поворотов; Подъезд превышает 3 км"
south,,29406,unconfirmed,route_unconfirmed,,,,150.0,0,"Требуется проверка доступа, барьеров или поворотов; Подъезд превышает 3 км"
south,,29409,unconfirmed,route_unconfirmed,,,,84.0,0,"Требуется проверка доступа, барьеров или поворотов"
south,,29410,unconfirmed,route_unconfirmed,,,,794.0,6,"Требуется проверка доступа, барьеров или поворотов"
south,,29411,unconfirmed,route_unconfirmed,,,,22.0,0,"Требуется проверка доступа, барьеров или поворотов; Подъезд превышает 3 км"
south,,29412,unconfirmed,route_unconfirmed,,,,11.0,0,"Требуется проверка доступа, барьеров или поворотов; Подъезд превышает 3 км"
south,,29413,unconfirmed,route_unconfirmed,,,,150.0,2,Подъезд превышает 3 км
south,,29414,unconfirmed,route_unconfirmed,,,,44.0,0,Подъезд превышает 3 км
south,,29415,unconfirmed,route_unconfirmed,,,,150.0,2,Подъезд превышает 3 км
south,,29416,unconfirmed,route_unconfirmed,,,,44.0,0,Подъезд превышает 3 км; Возврат превышает предел пилота
south,,29417,unconfirmed,route_unconfirmed,,,,44.0,0,Подъезд превышает 3 км; Возврат превышает предел пилота
south,,29418,unconfirmed,route_unconfirmed,,,,110.0,0,Подъезд превышает 3 км
south,,29419,unconfirmed,route_unconfirmed,,,,100.0,0,Подъезд превышает 3 км
south,,29420,unconfirmed,route_unconfirmed,,,,22.0,0,Подъезд превышает 3 км
south,,29421,unconfirmed,route_unconfirmed,,,,22.0,0,Подъезд превышает 3 км
south,,29422,unconfirmed,route_unconfirmed,,,,238.0,2,Подъезд превышает 3 км
south,,29423,unconfirmed,route_unconfirmed,,,,66.0,0,Подъезд превышает 3 км
south,,29425,unconfirmed,route_unconfirmed,,,,150.0,2,"Требуется проверка доступа, барьеров или поворотов; Подъезд превышает 3 км"
south,,29426,unconfirmed,route_unconfirmed,,,,66.0,0,Подъезд превышает 3 км
south,,29427,unconfirmed,route_unconfirmed,,,,77.0,0,Причина не установлена: проверить топологию и координаты
south,,29428,unconfirmed,route_unconfirmed,,,,22.0,0,Подъезд превышает 3 км
south,,29429,unconfirmed,route_unconfirmed,,,,44.0,0,Подъезд превышает 3 км
south,,29430,unconfirmed,route_unconfirmed,,,,44.0,0,Подъезд превышает 3 км
south,,29431,unconfirmed,route_unconfirmed,,,,22.0,0,Подъезд превышает 3 км
south,,29432,unconfirmed,route_unconfirmed,,,,22.0,0,Подъезд превышает 3 км
south,,29433,unconfirmed,route_unconfirmed,,,,44.0,0,Подъезд превышает 3 км
south,,29434,unconfirmed,route_unconfirmed,,,,22.0,0,Подъезд превышает 3 км
south,,29435,unconfirmed,route_unconfirmed,,,,44.0,0,Подъезд превышает 3 км
south,,29436,unconfirmed,route_unconfirmed,,,,22.0,0,Подъезд превышает 3 км
south,,29437,unconfirmed,route_unconfirmed,,,,418.0,0,Подъезд превышает 3 км
south,,29438,unconfirmed,route_unconfirmed,,,,600.0,4,Подъезд превышает 3 км
south,,29445,unconfirmed,route_unconfirmed,,,,732.0,4,"Требуется проверка доступа, барьеров или поворотов; Подъезд превышает 3 км"
south,,29446,unconfirmed,route_unconfirmed,,,,22.0,0,Подъезд превышает 3 км
south,,29447,unconfirmed,route_unconfirmed,,,,44.0,0,Подъезд превышает 3 км
south,,29448,unconfirmed,route_unconfirmed,,,,44.0,0,Подъезд превышает 3 км
south,,29449,unconfirmed,route_unconfirmed,,,,88.0,0,"Требуется проверка доступа, барьеров или поворотов; Подъезд превышает 3 км"
south,,29450,unconfirmed,route_unconfirmed,,,,320.0,2,Подъезд превышает 3 км
south,,29451,unconfirmed,route_unconfirmed,,,,400.0,4,Подъезд превышает 3 км
south,,29452,unconfirmed,route_unconfirmed,,,,44.0,0,Подъезд превышает 3 км; Связь найдена с другим направлением
south,,29453,unconfirmed,route_unconfirmed,,,,44.0,0,"Требуется проверка доступа, барьеров или поворотов; Подъезд превышает 3 км"
south,,29454,unconfirmed,route_unconfirmed,,,,600.0,4,Подъезд превышает 3 км
south,,29455,unconfirmed,route_unconfirmed,,,,22.0,0,"Требуется проверка доступа, барьеров или поворотов; Подъезд превышает 3 км"
south,,29456,unconfirmed,route_unconfirmed,,,,66.0,0,"Требуется проверка доступа, барьеров или поворотов; Подъезд превышает 3 км"
south,,29457,unconfirmed,route_unconfirmed,,,,22.0,0,Подъезд превышает 3 км
south,,29458,unconfirmed,route_unconfirmed,,,,11.0,0,Подъезд превышает 3 км; Связь найдена с другим направлением
south,,29459,unconfirmed,route_unconfirmed,,,,44.0,0,Подъезд превышает 3 км; Связь найдена с другим направлением
south,,29460,unconfirmed,route_unconfirmed,,,,44.0,0,Подъезд превышает 3 км; Связь найдена с другим направлением
south,,29461,unconfirmed,route_unconfirmed,,,,176.0,0,"Требуется проверка доступа, барьеров или поворотов; Подъезд превышает 3 км"
south,,29462,unconfirmed,route_unconfirmed,,,,176.0,0,Подъезд превышает 3 км
south,,29463,road_route_found_entrance_unverified,,2798.9,2351.2,7.7,150.0,2,
south,,29464,unconfirmed,route_unconfirmed,,,,44.0,0,Подъезд превышает 3 км; Связь найдена с другим направлением
south,,29465,unconfirmed,route_unconfirmed,,,,22.0,0,"Требуется проверка доступа, барьеров или поворотов; Подъезд превышает 3 км"
south,,29466,unconfirmed,route_unconfirmed,,,,88.0,0,Подъезд превышает 3 км; Связь найдена с другим направлением
south,,29467,unconfirmed,route_unconfirmed,,,,44.0,0,Подъезд превышает 3 км; Связь найдена с другим направлением
south,,29468,unconfirmed,route_unconfirmed,,,,55.0,0,Подъезд превышает 3 км; Связь найдена с другим направлением
south,,29469,unconfirmed,return_exceeds_pilot_3km,2988.7,3536.9,15.2,66.0,0,
south,,29470,road_route_found_entrance_unverified,,2215.5,1858.4,2.1,44.0,0,
south,,29471,unconfirmed,route_unconfirmed,,,,22.0,0,"Требуется проверка доступа, барьеров или поворотов"
south,,29472,unconfirmed,route_unconfirmed,,,,44.0,0,"Требуется проверка доступа, барьеров или поворотов; Подъезд превышает 3 км"
south,,29473,road_route_found_entrance_unverified,,1473.6,2247.6,10.4,150.0,2,
south,,29474,road_route_found_entrance_unverified,,2974.6,2567.8,5.4,300.0,2,
south,,29475,unconfirmed,route_unconfirmed,,,,44.0,0,Подъезд превышает 3 км
south,,29476,unconfirmed,route_unconfirmed,,,,88.0,0,Подъезд превышает 3 км
south,,29477,road_route_found_entrance_unverified,,2322.9,2361.2,0.4,44.0,0,
south,,29478,unconfirmed,return_exceeds_pilot_3km,2984.6,3843.1,12.0,66.0,0,
south,,29479,unconfirmed,route_unconfirmed,,,,300.0,2,Подъезд превышает 3 км; Связь найдена с другим направлением
south,,29480,unconfirmed,route_unconfirmed,,,,44.0,0,"Требуется проверка доступа, барьеров или поворотов"
south,,29481,unconfirmed,route_unconfirmed,,,,400.0,2,"Требуется проверка доступа, барьеров или поворотов; Подъезд превышает 3 км"
south,,29482,unconfirmed,route_unconfirmed,,,,400.0,2,"Требуется проверка доступа, барьеров или поворотов; Подъезд превышает 3 км"
south,,29483,unconfirmed,route_unconfirmed,,,,400.0,2,"Требуется проверка доступа, барьеров или поворотов; Подъезд превышает 3 км"
south,,29484,unconfirmed,route_unconfirmed,,,,400.0,2,"Требуется проверка доступа, барьеров или поворотов; Подъезд превышает 3 км"
south,,29485,unconfirmed,route_unconfirmed,,,,400.0,2,"Требуется проверка доступа, барьеров или поворотов; Подъезд превышает 3 км"
south,,29486,unconfirmed,route_unconfirmed,,,,400.0,2,"Требуется проверка доступа, барьеров или поворотов; Подъезд превышает 3 км"
south,,29487,unconfirmed,route_unconfirmed,,,,400.0,2,"Требуется проверка доступа, барьеров или поворотов; Подъезд превышает 3 км"
south,,29488,unconfirmed,route_unconfirmed,,,,400.0,2,"Требуется проверка доступа, барьеров или поворотов; Подъезд превышает 3 км"
south,,29490,unconfirmed,route_unconfirmed,,,,3000.0,12,Причина не установлена: проверить топологию и координаты
south,,29491,unconfirmed,route_unconfirmed,,,,22.0,0,Причина не установлена: проверить топологию и координаты
south,,29492,unconfirmed,route_unconfirmed,,,,22.0,0,Причина не установлена: проверить топологию и координаты
south,,29493,unconfirmed,route_unconfirmed,,,,22.0,0,Причина не установлена: проверить топологию и координаты
south,,29494,unconfirmed,route_unconfirmed,,,,22.0,0,Причина не установлена: проверить топологию и координаты
south,,29495,unconfirmed,route_unconfirmed,,,,22.0,0,Причина не установлена: проверить топологию и координаты
south,,29496,unconfirmed,route_unconfirmed,,,,22.0,0,Причина не установлена: проверить топологию и координаты
south,,29497,unconfirmed,route_unconfirmed,,,,22.0,0,Причина не установлена: проверить топологию и координаты
south,,29498,unconfirmed,route_unconfirmed,,,,22.0,0,Причина не установлена: проверить топологию и координаты
south,,29499,unconfirmed,route_unconfirmed,,,,22.0,0,Причина не установлена: проверить топологию и координаты
south,,29500,unconfirmed,route_unconfirmed,,,,22.0,0,Причина не установлена: проверить топологию и координаты
south,,29501,unconfirmed,route_unconfirmed,,,,22.0,0,Причина не установлена: проверить топологию и координаты
south,,29502,unconfirmed,route_unconfirmed,,,,22.0,0,Причина не установлена: проверить топологию и координаты
south,,29503,unconfirmed,route_unconfirmed,,,,22.0,0,Причина не установлена: проверить топологию и координаты
south,,29504,unconfirmed,route_unconfirmed,,,,22.0,0,Причина не установлена: проверить топологию и координаты
south,,29505,unconfirmed,route_unconfirmed,,,,22.0,0,Причина не установлена: проверить топологию и координаты
south,,29506,unconfirmed,route_unconfirmed,,,,22.0,0,Причина не установлена: проверить топологию и координаты
south,,29507,unconfirmed,route_unconfirmed,,,,22.0,0,Причина не установлена: проверить топологию и координаты
south,,29508,unconfirmed,route_unconfirmed,,,,22.0,0,Причина не установлена: проверить топологию и координаты
south,,29509,unconfirmed,route_unconfirmed,,,,22.0,0,Причина не установлена: проверить топологию и координаты
south,,29510,unconfirmed,route_unconfirmed,,,,22.0,0,Причина не установлена: проверить топологию и координаты
south,,29511,unconfirmed,route_unconfirmed,,,,22.0,0,Причина не установлена: проверить топологию и координаты
south,,29512,unconfirmed,route_unconfirmed,,,,22.0,0,Причина не установлена: проверить топологию и координаты
south,,29513,unconfirmed,route_unconfirmed,,,,22.0,0,Причина не установлена: проверить топологию и координаты
south,,29514,unconfirmed,route_unconfirmed,,,,22.0,0,Причина не установлена: проверить топологию и координаты
south,,29515,unconfirmed,route_unconfirmed,,,,22.0,0,Причина не установлена: проверить топологию и координаты
south,,29516,unconfirmed,route_unconfirmed,,,,22.0,0,Причина не установлена: проверить топологию и координаты
south,,29517,unconfirmed,route_unconfirmed,,,,22.0,0,Причина не установлена: проверить топологию и координаты
south,,29518,unconfirmed,route_unconfirmed,,,,22.0,0,Причина не установлена: проверить топологию и координаты
south,,29519,unconfirmed,route_unconfirmed,,,,22.0,0,Причина не установлена: проверить топологию и координаты
south,,29520,unconfirmed,route_unconfirmed,,,,22.0,0,Причина не установлена: проверить топологию и координаты
south,,29521,unconfirmed,route_unconfirmed,,,,22.0,0,Причина не установлена: проверить топологию и координаты
south,,29522,unconfirmed,route_unconfirmed,,,,22.0,0,Причина не установлена: проверить топологию и координаты
south,,29523,unconfirmed,route_unconfirmed,,,,22.0,0,Причина не установлена: проверить топологию и координаты
south,,29524,unconfirmed,route_unconfirmed,,,,22.0,0,Причина не установлена: проверить топологию и координаты
south,,29525,unconfirmed,route_unconfirmed,,,,22.0,0,Причина не установлена: проверить топологию и координаты
south,,29526,unconfirmed,route_unconfirmed,,,,22.0,0,Причина не установлена: проверить топологию и координаты
south,,29527,unconfirmed,route_unconfirmed,,,,22.0,0,Причина не установлена: проверить топологию и координаты
south,,29528,unconfirmed,route_unconfirmed,,,,22.0,0,Причина не установлена: проверить топологию и координаты
south,,29529,unconfirmed,route_unconfirmed,,,,22.0,0,Причина не установлена: проверить топологию и координаты
south,,29530,unconfirmed,route_unconfirmed,,,,22.0,0,Причина не установлена: проверить топологию и координаты
south,,29531,unconfirmed,return_exceeds_pilot_3km,2877.5,3038.2,13.0,176.0,0,
south,,29532,unconfirmed,route_unconfirmed,,,,800.0,4,"Требуется проверка доступа, барьеров или поворотов; Подъезд превышает 3 км"
south,,29533,unconfirmed,route_unconfirmed,,,,200.0,0,"Требуется проверка доступа, барьеров или поворотов; Подъезд превышает 3 км"
south,,29534,unconfirmed,route_unconfirmed,,,,22.0,0,"Требуется проверка доступа, барьеров или поворотов; Подъезд превышает 3 км"
south,,29535,unconfirmed,route_unconfirmed,,,,176.0,0,"Требуется проверка доступа, барьеров или поворотов"
south,,29536,unconfirmed,route_unconfirmed,,,,1078.0,0,Причина не установлена: проверить топологию и координаты
south,,29537,unconfirmed,route_unconfirmed,,,,495.0,0,"Требуется проверка доступа, барьеров или поворотов"
south,,29538,unconfirmed,route_unconfirmed,,,,235.2,0,"Требуется проверка доступа, барьеров или поворотов; Подъезд превышает 3 км"
south,,29539,unconfirmed,route_unconfirmed,,,,11.0,0,"Требуется проверка доступа, барьеров или поворотов"
south,,29540,unconfirmed,route_unconfirmed,,,,22.0,0,"Требуется проверка доступа, барьеров или поворотов; Подъезд превышает 3 км"
south,,29541,unconfirmed,route_unconfirmed,,,,22.0,0,Причина не установлена: проверить топологию и координаты
south,,29542,unconfirmed,route_unconfirmed,,,,300.0,1,"Требуется проверка доступа, барьеров или поворотов; Подъезд превышает 3 км"
south,,29543,unconfirmed,route_unconfirmed,,,,132.0,0,Подъезд превышает 3 км
south,,29544,unconfirmed,route_unconfirmed,,,,66.0,0,"Требуется проверка доступа, барьеров или поворотов; Подъезд превышает 3 км"
south,,29545,unconfirmed,route_unconfirmed,,,,44.0,0,"Требуется проверка доступа, барьеров или поворотов; Подъезд превышает 3 км"
south,,29546,unconfirmed,route_unconfirmed,,,,22.0,0,"Требуется проверка доступа, барьеров или поворотов; Подъезд превышает 3 км"
south,,29547,road_route_found_entrance_unverified,,1890.9,1622.5,8.6,3300.0,22,
south,,29548,road_route_found_entrance_unverified,,2763.1,2507.9,11.9,440.0,0,
south,,29549,unconfirmed,route_unconfirmed,,,,900.0,6,"Требуется проверка доступа, барьеров или поворотов"
south,,29550,road_route_found_entrance_unverified,,1785.3,2631.7,14.9,22.0,0,
south,,29606,unconfirmed,route_unconfirmed,,,,11.0,0,Подъезд превышает 3 км
south,,29607,unconfirmed,route_unconfirmed,,,,44.0,0,Подъезд превышает 3 км
south,,29608,unconfirmed,route_unconfirmed,,,,44.0,0,Подъезд превышает 3 км
south,,29609,unconfirmed,route_unconfirmed,,,,150.0,2,Подъезд превышает 3 км
south,,29610,unconfirmed,route_unconfirmed,,,,22.0,0,Подъезд превышает 3 км
south,,29611,unconfirmed,route_unconfirmed,,,,44.0,0,Подъезд превышает 3 км
south,,29612,unconfirmed,route_unconfirmed,,,,100.0,0,Подъезд превышает 3 км
south,,29613,unconfirmed,route_unconfirmed,,,,44.0,0,Подъезд превышает 3 км
south,,29614,unconfirmed,route_unconfirmed,,,,150.0,2,Подъезд превышает 3 км
south,,29615,unconfirmed,route_unconfirmed,,,,22.0,0,"Требуется проверка доступа, барьеров или поворотов; Подъезд превышает 3 км"
south,,29616,unconfirmed,route_unconfirmed,,,,33.0,0,"Требуется проверка доступа, барьеров или поворотов; Подъезд превышает 3 км"
south,,29617,unconfirmed,route_unconfirmed,,,,44.0,0,"Требуется проверка доступа, барьеров или поворотов; Подъезд превышает 3 км"
south,,29618,unconfirmed,route_unconfirmed,,,,354.0,2,Подъезд превышает 3 км
south,,29619,unconfirmed,route_unconfirmed,,,,22.0,0,Подъезд превышает 3 км
south,,30218,road_route_found_entrance_unverified,,1575.1,1559.1,13.8,44.0,0,
south,,30219,road_route_found_entrance_unverified,,2312.7,2330.1,8.0,44.0,0,
south,,30220,unconfirmed,route_unconfirmed,,,,44.0,0,Подъезд превышает 3 км
south,,30221,unconfirmed,route_unconfirmed,,,,110.0,0,"Требуется проверка доступа, барьеров или поворотов"
south,,30222,road_route_found_entrance_unverified,,1259.7,1349.0,2.0,22.0,0,
south,,30223,unconfirmed,route_unconfirmed,,,,44.0,0,"Требуется проверка доступа, барьеров или поворотов"
south,,30224,road_route_found_entrance_unverified,,856.0,850.7,2.2,3600.0,24,
south,,30225,road_route_found_entrance_unverified,,521.1,462.9,6.6,1800.0,12,
south,,30226,road_route_found_entrance_unverified,,736.1,776.9,8.7,5000.0,20,
south,,30227,unconfirmed,route_unconfirmed,,,,44.0,0,Подъезд превышает 3 км
south,,30228,unconfirmed,route_unconfirmed,,,,44.0,0,Подъезд превышает 3 км
south,,30229,unconfirmed,route_unconfirmed,,,,93.0,0,Причина не установлена: проверить топологию и координаты; Связь найдена с другим направлением
south,,30230,road_route_found_entrance_unverified,,2443.4,2468.2,4.5,88.0,0,
south,,30231,road_route_found_entrance_unverified,,2238.1,2157.7,8.3,650.0,4,
south,,30232,road_route_found_entrance_unverified,,2889.3,2872.5,9.2,22.0,0,
south,,30233,road_route_found_entrance_unverified,,2495.4,2464.6,3.3,44.0,0,
south,,30234,unconfirmed,route_unconfirmed,,,,44.0,0,"Требуется проверка доступа, барьеров или поворотов"
south,,30235,road_route_found_entrance_unverified,,2074.9,2074.0,5.4,400.0,4,
south,,30236,road_route_found_entrance_unverified,,2735.2,2697.1,2.9,22.0,0,
south,,30237,road_route_found_entrance_unverified,,2774.4,2787.5,4.1,44.0,0,
south,,30238,road_route_found_entrance_unverified,,2917.7,2746.7,6.1,66.0,0,
south,,30239,road_route_found_entrance_unverified,,2878.0,2851.8,6.2,22.0,0,
south,,30240,road_route_found_entrance_unverified,,2775.8,2773.6,6.1,11.0,0,
south,,30242,road_route_found_entrance_unverified,,2594.1,2620.6,8.6,44.0,0,
south,,30243,unconfirmed,route_unconfirmed,,,,44.0,0,Подъезд превышает 3 км
south,,30244,road_route_found_entrance_unverified,,1868.6,1871.6,8.1,450.0,4,
south,,30245,road_route_found_entrance_unverified,,2792.5,2774.1,1.7,44.0,0,
south,,30246,road_route_found_entrance_unverified,,2856.5,2863.9,5.7,44.0,0,
south,,30247,unconfirmed,route_unconfirmed,,,,44.0,0,Подъезд превышает 3 км; Связь найдена с другим направлением
south,,30248,unconfirmed,route_unconfirmed,,,,66.0,0,Подъезд превышает 3 км
south,,30249,unconfirmed,route_unconfirmed,,,,11.0,0,Подъезд превышает 3 км
south,,30252,unconfirmed,route_unconfirmed,,,,44.0,0,Подъезд превышает 3 км; Связь найдена с другим направлением
south,,30253,unconfirmed,route_unconfirmed,,,,88.0,0,Причина не установлена: проверить топологию и координаты
south,,30254,road_route_found_entrance_unverified,,2596.4,2585.3,9.6,44.0,0,
south,,30255,unconfirmed,route_unconfirmed,,,,98.0,0,Причина не установлена: проверить топологию и координаты; Связь найдена с другим направлением
south,,30256,unconfirmed,route_unconfirmed,,,,11.0,0,Подъезд превышает 3 км; Связь найдена с другим направлением
south,,30257,road_route_found_entrance_unverified,,1755.2,1713.9,8.3,44.0,0,
south,,30258,unconfirmed,route_unconfirmed,,,,44.0,0,"Требуется проверка доступа, барьеров или поворотов"
south,,30259,road_route_found_entrance_unverified,,1149.3,1206.0,31.1,100.0,0,
south,,30260,unconfirmed,route_unconfirmed,,,,22.0,0,Подъезд превышает 3 км
south,,30261,unconfirmed,route_unconfirmed,,,,44.0,0,"Требуется проверка доступа, барьеров или поворотов; Подъезд превышает 3 км"
south,,30262,unconfirmed,route_unconfirmed,,,,44.0,0,Подъезд превышает 3 км
south,,30263,road_route_found_entrance_unverified,,2849.2,2669.8,2.6,44.0,0,
south,,30264,road_route_found_entrance_unverified,,2235.9,2174.6,6.6,44.0,0,
south,,30265,unconfirmed,route_unconfirmed,,,,44.0,0,"Требуется проверка доступа, барьеров или поворотов"
south,,30266,road_route_found_entrance_unverified,,1819.8,1661.4,5.0,88.0,0,
south,,30267,road_route_found_entrance_unverified,,1819.7,1661.5,5.1,176.0,0,
south,,30268,road_route_found_entrance_unverified,,2187.1,2202.9,9.1,44.0,0,
south,,30269,unconfirmed,route_unconfirmed,,,,44.0,0,Подъезд превышает 3 км
south,,30270,unconfirmed,route_unconfirmed,,,,300.0,2,Подъезд превышает 3 км
south,,30271,unconfirmed,route_unconfirmed,,,,6.0,0,Подъезд превышает 3 км; Связь найдена с другим направлением
south,,30272,road_route_found_entrance_unverified,,529.3,485.4,4.8,150.0,2,
south,,30273,road_route_found_entrance_unverified,,1847.0,1777.4,10.1,60.0,0,
south,,30274,road_route_found_entrance_unverified,,1458.5,1474.9,7.8,900.0,6,
south,,30275,unconfirmed,route_unconfirmed,,,,50.0,0,Подъезд превышает 3 км; Связь найдена с другим направлением
south,,30276,road_route_found_entrance_unverified,,1691.3,1694.1,9.7,750.0,6,
south,,30277,unconfirmed,route_unconfirmed,,,,4.6,0,Подъезд превышает 3 км
south,,30278,road_route_found_entrance_unverified,,1788.0,1667.7,6.0,600.0,4,
south,,30279,road_route_found_entrance_unverified,,2064.7,2308.1,6.8,186.0,0,
south,,30280,unconfirmed,route_unconfirmed,,,,176.0,0,"Требуется проверка доступа, барьеров или поворотов"
south,,30281,unconfirmed,route_unconfirmed,,,,11.0,0,Подъезд превышает 3 км
south,,30282,unconfirmed,route_unconfirmed,,,,44.0,0,Подъезд превышает 3 км; Связь найдена с другим направлением
south,,30284,road_route_found_entrance_unverified,,2092.1,2034.0,4.8,44.0,0,
south,,30285,road_route_found_entrance_unverified,,2696.1,2602.3,11.3,44.0,0,
south,,30286,unconfirmed,return_exceeds_pilot_3km,2953.0,3036.5,13.8,44.0,0,
south,,30287,road_route_found_entrance_unverified,,2263.2,2165.2,3.6,142.0,0,
south,,30288,unconfirmed,route_unconfirmed,,,,150.0,2,Подъезд превышает 3 км
south,,30291,road_route_found_entrance_unverified,,2888.6,2967.7,14.0,22.0,0,
south,,30292,unconfirmed,route_unconfirmed,,,,44.0,0,Подъезд превышает 3 км
south,,30293,road_route_found_entrance_unverified,,2064.7,2308.1,6.8,400.0,4,
south,,30294,unconfirmed,route_unconfirmed,,,,44.0,0,"Требуется проверка доступа, барьеров или поворотов"
south,,30295,unconfirmed,route_unconfirmed,,,,22.0,0,"Требуется проверка доступа, барьеров или поворотов"
south,,30296,road_route_found_entrance_unverified,,2894.3,2812.2,5.1,44.0,0,
south,,30297,road_route_found_entrance_unverified,,2239.0,2291.8,8.2,11.0,0,
south,,30298,road_route_found_entrance_unverified,,2239.0,2291.8,8.2,33.0,0,
south,,30299,road_route_found_entrance_unverified,,2952.4,2854.7,24.5,100.0,0,
south,,30304,unconfirmed,route_unconfirmed,,,,44.0,0,Подъезд превышает 3 км
south,,30305,unconfirmed,route_unconfirmed,,,,44.0,0,Подъезд превышает 3 км
south,,30306,unconfirmed,route_unconfirmed,,,,44.0,0,Подъезд превышает 3 км
south,,30307,unconfirmed,route_unconfirmed,,,,11.0,0,Подъезд превышает 3 км
south,,30309,unconfirmed,route_unconfirmed,,,,44.0,0,Подъезд превышает 3 км
south,,30311,unconfirmed,route_unconfirmed,,,,44.0,0,Подъезд превышает 3 км
south,,30312,unconfirmed,route_unconfirmed,,,,44.0,0,"Требуется проверка доступа, барьеров или поворотов; Подъезд превышает 3 км"
south,,30313,unconfirmed,route_unconfirmed,,,,44.0,0,Подъезд превышает 3 км
south,,30314,unconfirmed,route_unconfirmed,,,,11.0,0,"Требуется проверка доступа, барьеров или поворотов; Подъезд превышает 3 км"
south,,30315,unconfirmed,route_unconfirmed,,,,44.0,0,"Требуется проверка доступа, барьеров или поворотов; Подъезд превышает 3 км"
south,,30319,unconfirmed,route_unconfirmed,,,,11.0,0,Подъезд превышает 3 км; До ближайшей дороги больше 60 м
south,,30335,road_route_found_entrance_unverified,,2835.0,2823.4,16.1,6.0,0,
south,,30336,road_route_found_entrance_unverified,,1754.6,1763.6,13.0,44.0,0,
south,,30337,road_route_found_entrance_unverified,,2212.5,2201.0,8.2,44.0,0,
south,,30338,road_route_found_entrance_unverified,,2583.5,2560.0,0.2,44.0,0,
south,,30339,road_route_found_entrance_unverified,,2606.7,2605.9,3.1,44.0,0,
south,,30340,road_route_found_entrance_unverified,,2246.3,2217.7,9.4,44.0,0,
south,,30341,road_route_found_entrance_unverified,,1959.1,1948.1,10.8,44.0,0,
south,,30342,unconfirmed,route_unconfirmed,,,,44.0,0,"Требуется проверка доступа, барьеров или поворотов"
south,,30343,road_route_found_entrance_unverified,,1670.7,1437.5,6.5,88.0,0,
south,,30344,road_route_found_entrance_unverified,,1244.3,1232.7,6.1,44.0,0,
south,,30345,road_route_found_entrance_unverified,,2326.8,2320.5,5.2,44.0,0,
south,,30346,road_route_found_entrance_unverified,,2729.9,2741.7,11.2,44.0,0,
south,,30347,road_route_found_entrance_unverified,,1343.9,1240.2,7.1,3.0,0,
south,,30348,road_route_found_entrance_unverified,,2555.6,2495.8,9.4,44.0,0,
south,,30349,road_route_found_entrance_unverified,,2784.3,2780.2,10.3,44.0,0,
south,,30350,road_route_found_entrance_unverified,,2779.0,2785.6,7.6,44.0,0,
south,,30351,road_route_found_entrance_unverified,,1121.9,1184.4,7.5,44.0,0,
south,,30352,road_route_found_entrance_unverified,,1200.8,1085.2,0.9,44.0,0,
south,,30370,unconfirmed,route_unconfirmed,,,,44.0,0,Подъезд превышает 3 км
south,,30371,unconfirmed,route_unconfirmed,,,,22.0,0,Подъезд превышает 3 км
south,,30372,unconfirmed,route_unconfirmed,,,,250.0,1,Подъезд превышает 3 км
south,,30373,unconfirmed,route_unconfirmed,,,,1750.0,7,Подъезд превышает 3 км
south,,30375,unconfirmed,route_unconfirmed,,,,44.0,0,Подъезд превышает 3 км
south,,30379,unconfirmed,route_unconfirmed,,,,44.0,0,Подъезд превышает 3 км
south,,30380,unconfirmed,route_unconfirmed,,,,44.0,0,Подъезд превышает 3 км
south,,30391,unconfirmed,route_unconfirmed,,,,300.0,4,Подъезд превышает 3 км
south,,30392,unconfirmed,route_unconfirmed,,,,22.0,0,Подъезд превышает 3 км
south,,30393,unconfirmed,route_unconfirmed,,,,22.0,0,Подъезд превышает 3 км
south,,30459,unconfirmed,route_unconfirmed,,,,300.0,2,Причина не установлена: проверить топологию и координаты
south,,30461,unconfirmed,route_unconfirmed,,,,44.0,0,Подъезд превышает 3 км
south,,30462,unconfirmed,route_unconfirmed,,,,22.0,0,Подъезд превышает 3 км; Связь найдена с другим направлением
south,,30463,unconfirmed,route_unconfirmed,,,,42.0,0,Подъезд превышает 3 км; Связь найдена с другим направлением
south,,30464,road_route_found_entrance_unverified,,2168.9,2079.6,10.0,274.0,0,
south,,30465,unconfirmed,route_unconfirmed,,,,600.0,4,Подъезд превышает 3 км
south,,30467,unconfirmed,route_unconfirmed,,,,44.0,0,Подъезд превышает 3 км
south,,30468,unconfirmed,route_unconfirmed,,,,44.0,0,Подъезд превышает 3 км
south,,30469,unconfirmed,route_unconfirmed,,,,450.0,4,Подъезд превышает 3 км
south,,30470,unconfirmed,route_unconfirmed,,,,66.0,0,Подъезд превышает 3 км
south,,30471,unconfirmed,route_unconfirmed,,,,93.0,0,Причина не установлена: проверить топологию и координаты
south,,30472,unconfirmed,route_unconfirmed,,,,44.0,0,"Требуется проверка доступа, барьеров или поворотов"
south,,30473,road_route_found_entrance_unverified,,2020.6,2060.6,3.5,3750.0,15,
south,,30476,unconfirmed,route_unconfirmed,,,,22.0,0,Подъезд превышает 3 км
south,,30477,unconfirmed,route_unconfirmed,,,,22.0,0,Подъезд превышает 3 км
south,,30478,unconfirmed,route_unconfirmed,,,,11.0,0,Подъезд превышает 3 км
south,,30479,road_route_found_entrance_unverified,,1342.7,1528.2,16.2,22.0,0,
south,,30480,unconfirmed,route_unconfirmed,,,,11.0,0,Подъезд превышает 3 км
south,,30481,unconfirmed,route_unconfirmed,,,,11.0,0,Подъезд превышает 3 км
south,,30482,road_route_found_entrance_unverified,,2237.8,2305.2,6.8,22.0,0,
south,,30483,road_route_found_entrance_unverified,,2006.6,2128.8,5.4,11.0,0,
south,,30484,road_route_found_entrance_unverified,,2146.1,2246.0,2.1,44.0,0,
south,,30485,unconfirmed,route_unconfirmed,,,,11.0,0,Подъезд превышает 3 км
south,,30486,unconfirmed,route_unconfirmed,,,,93.0,0,Причина не установлена: проверить топологию и координаты; Связь найдена с другим направлением
south,,30487,road_route_found_entrance_unverified,,243.3,329.5,2.2,93.0,0,
south,,30488,unconfirmed,route_unconfirmed,,,,66.0,0,Причина не установлена: проверить топологию и координаты
south,,30489,road_route_found_entrance_unverified,,1197.0,1549.7,0.6,71.0,0,
south,,30490,road_route_found_entrance_unverified,,1458.6,1785.1,10.4,150.0,2,
south,,30491,road_route_found_entrance_unverified,,1252.8,1443.6,5.4,600.0,4,
south,,30492,unconfirmed,route_unconfirmed,,,,22.0,0,Подъезд превышает 3 км
south,,30493,unconfirmed,route_unconfirmed,,,,44.0,0,Подъезд превышает 3 км
south,,30494,unconfirmed,route_unconfirmed,,,,98.0,0,Причина не установлена: проверить топологию и координаты; Связь найдена с другим направлением
south,,30495,road_route_found_entrance_unverified,,372.9,398.5,6.3,98.0,0,
south,,30496,road_route_found_entrance_unverified,,2012.3,2568.6,10.4,300.0,4,
south,,30497,road_route_found_entrance_unverified,,1800.9,2924.6,7.6,2000.0,8,
south,,30498,road_route_found_entrance_unverified,,1873.8,1995.5,21.1,600.0,8,
south,,30499,road_route_found_entrance_unverified,,2307.0,2468.9,0.3,93.0,0,
south,,30500,road_route_found_entrance_unverified,,2478.1,2559.3,9.3,300.0,3,
south,,30501,road_route_found_entrance_unverified,,2478.1,2559.3,9.3,300.0,2,
south,,30502,road_route_found_entrance_unverified,,2000.3,2090.7,3.8,44.0,0,
south,,30503,unconfirmed,route_unconfirmed,,,,11.0,0,Подъезд превышает 3 км
south,,30504,unconfirmed,return_exceeds_pilot_3km,2976.1,3257.9,8.1,44.0,0,
south,,30505,unconfirmed,route_unconfirmed,,,,150.0,1,Подъезд превышает 3 км
south,,30506,unconfirmed,route_unconfirmed,,,,44.0,0,Подъезд превышает 3 км
south,,30507,unconfirmed,route_unconfirmed,,,,50.0,0,"Требуется проверка доступа, барьеров или поворотов; Подъезд превышает 3 км"
south,,30508,unconfirmed,route_unconfirmed,,,,44.0,0,Подъезд превышает 3 км
south,,30509,unconfirmed,route_unconfirmed,,,,44.0,0,Подъезд превышает 3 км
south,,30510,unconfirmed,route_unconfirmed,,,,44.0,0,Подъезд превышает 3 км
south,,30511,unconfirmed,route_unconfirmed,,,,11.0,0,"Требуется проверка доступа, барьеров или поворотов; Подъезд превышает 3 км"
south,,30512,unconfirmed,route_unconfirmed,,,,50.0,0,Подъезд превышает 3 км
south,,30513,unconfirmed,route_unconfirmed,,,,22.0,0,Подъезд превышает 3 км
south,,30514,unconfirmed,route_unconfirmed,,,,1600.0,8,Подъезд превышает 3 км
south,,30515,unconfirmed,route_unconfirmed,,,,66.0,0,Подъезд превышает 3 км
south,,30516,unconfirmed,route_unconfirmed,,,,22.0,0,Подъезд превышает 3 км
south,,30517,unconfirmed,route_unconfirmed,,,,150.0,2,Подъезд превышает 3 км
south,,30518,unconfirmed,route_unconfirmed,,,,22.0,0,Подъезд превышает 3 км
south,,30519,unconfirmed,route_unconfirmed,,,,150.0,2,Подъезд превышает 3 км
south,,30520,unconfirmed,route_unconfirmed,,,,22.0,0,Подъезд превышает 3 км
south,,30521,unconfirmed,route_unconfirmed,,,,22.0,0,Подъезд превышает 3 км
south,,30522,unconfirmed,route_unconfirmed,,,,3.0,0,Подъезд превышает 3 км
south,,30523,unconfirmed,route_unconfirmed,,,,44.0,0,"Требуется проверка доступа, барьеров или поворотов; Подъезд превышает 3 км"
south,,30524,unconfirmed,route_unconfirmed,,,,22.0,0,Подъезд превышает 3 км
south,,30525,unconfirmed,route_unconfirmed,,,,22.0,0,Подъезд превышает 3 км
south,,30526,unconfirmed,route_unconfirmed,,,,300.0,2,Подъезд превышает 3 км
south,,30527,unconfirmed,route_unconfirmed,,,,33.0,0,Подъезд превышает 3 км
south,,30528,unconfirmed,route_unconfirmed,,,,44.0,0,Подъезд превышает 3 км
south,,30529,unconfirmed,route_unconfirmed,,,,11.0,0,Подъезд превышает 3 км
south,,30530,unconfirmed,route_unconfirmed,,,,11.0,0,Подъезд превышает 3 км
south,,30531,unconfirmed,route_unconfirmed,,,,22.0,0,Подъезд превышает 3 км
south,,30532,unconfirmed,route_unconfirmed,,,,22.0,0,Подъезд превышает 3 км
south,,30533,unconfirmed,route_unconfirmed,,,,44.0,0,Подъезд превышает 3 км
south,,30577,unconfirmed,route_unconfirmed,,,,22.0,0,"Требуется проверка доступа, барьеров или поворотов; Подъезд превышает 3 км"
south,,30578,unconfirmed,route_unconfirmed,,,,11.0,0,"Требуется проверка доступа, барьеров или поворотов; Подъезд превышает 3 км"
south,,30579,unconfirmed,route_unconfirmed,,,,11.0,0,"Требуется проверка доступа, барьеров или поворотов; Подъезд превышает 3 км"
south,,30580,unconfirmed,route_unconfirmed,,,,22.0,0,"Требуется проверка доступа, барьеров или поворотов; Подъезд превышает 3 км"
south,,30581,unconfirmed,route_unconfirmed,,,,22.0,0,"Требуется проверка доступа, барьеров или поворотов; Подъезд превышает 3 км"
south,,30582,unconfirmed,route_unconfirmed,,,,44.0,0,"Требуется проверка доступа, барьеров или поворотов; Подъезд превышает 3 км"
south,,30596,unconfirmed,route_unconfirmed,,,,11.0,0,Подъезд превышает 3 км
south,,30597,unconfirmed,route_unconfirmed,,,,44.0,0,Подъезд превышает 3 км
south,,30598,unconfirmed,route_unconfirmed,,,,44.0,0,Подъезд превышает 3 км
south,,30599,road_route_found_entrance_unverified,,2440.4,2514.1,6.3,44.0,0,
south,,30600,road_route_found_entrance_unverified,,2838.0,2965.2,7.9,44.0,0,
south,,30607,unconfirmed,route_unconfirmed,,,,44.0,0,Подъезд превышает 3 км
south,,30608,unconfirmed,route_unconfirmed,,,,44.0,0,Подъезд превышает 3 км
south,,30609,unconfirmed,route_unconfirmed,,,,44.0,0,Подъезд превышает 3 км
south,,30610,unconfirmed,route_unconfirmed,,,,44.0,0,Подъезд превышает 3 км
south,,30611,unconfirmed,route_unconfirmed,,,,44.0,0,Подъезд превышает 3 км
south,,30612,unconfirmed,route_unconfirmed,,,,44.0,0,Подъезд превышает 3 км
south,,30613,unconfirmed,route_unconfirmed,,,,88.0,0,Подъезд превышает 3 км
south,,30923,road_route_found_entrance_unverified,,255.7,188.2,6.2,700.0,2,
south,,30924,unconfirmed,route_unconfirmed,,,,700.0,2,"Требуется проверка доступа, барьеров или поворотов; Связь найдена с другим направлением"
south,,30932,unconfirmed,route_unconfirmed,,,,98.0,0,"Требуется проверка доступа, барьеров или поворотов; Связь найдена с другим направлением"
south,,30933,road_route_found_entrance_unverified,,251.6,269.9,2.5,1400.0,4,
south,,30934,road_route_found_entrance_unverified,,251.6,269.9,2.5,43.0,0,
south,,30935,unconfirmed,route_unconfirmed,,,,1400.0,4,Причина не установлена: проверить топологию и координаты; Связь найдена с другим направлением
south,,31016,unconfirmed,route_unconfirmed,,,,450.0,4,Подъезд превышает 3 км
south,,31017,unconfirmed,route_unconfirmed,,,,44.0,0,Подъезд превышает 3 км
south,,31018,unconfirmed,route_unconfirmed,,,,44.0,0,Подъезд превышает 3 км
south,,31020,road_route_found_entrance_unverified,,286.8,207.9,5.2,93.0,0,
south,,31021,unconfirmed,route_unconfirmed,,,,44.0,0,Подъезд превышает 3 км
south,,31022,unconfirmed,route_unconfirmed,,,,44.0,0,Подъезд превышает 3 км
south,,31023,road_route_found_entrance_unverified,,265.9,279.7,4.6,98.0,0,
south,,31025,unconfirmed,route_unconfirmed,,,,72.8,0,Подъезд превышает 3 км
south,,31027,unconfirmed,route_unconfirmed,,,,22.0,0,Подъезд превышает 3 км
south,,31028,unconfirmed,route_unconfirmed,,,,22.0,0,Подъезд превышает 3 км
south,,31030,unconfirmed,route_unconfirmed,,,,300.0,4,Подъезд превышает 3 км
south,,31031,unconfirmed,route_unconfirmed,,,,22.0,0,Подъезд превышает 3 км
south,,31032,unconfirmed,route_unconfirmed,,,,11.0,0,Подъезд превышает 3 км
south,,31035,unconfirmed,route_unconfirmed,,,,33.0,0,Подъезд превышает 3 км
south,,31036,unconfirmed,route_unconfirmed,,,,50.0,0,"Требуется проверка доступа, барьеров или поворотов; Подъезд превышает 3 км; До ближайшей дороги больше 60 м"
south,,31042,unconfirmed,route_unconfirmed,,,,88.0,0,Подъезд превышает 3 км
south,,31071,unconfirmed,route_unconfirmed,,,,22.0,0,Подъезд превышает 3 км
south,,31072,road_route_found_entrance_unverified,,2400.0,2209.1,11.6,11.0,0,
south,,31073,road_route_found_entrance_unverified,,1112.3,1206.2,11.4,600.0,4,
south,,31074,road_route_found_entrance_unverified,,1203.5,1385.6,7.5,2000.0,8,
south,,31075,road_route_found_entrance_unverified,,1600.4,1521.9,2.8,160.0,2,
south,,31076,road_route_found_entrance_unverified,,1526.6,1507.5,2.3,1275.0,10,
south,,31077,road_route_found_entrance_unverified,,1501.1,1467.4,6.9,300.0,4,
south,,31078,unconfirmed,route_unconfirmed,,,,11.0,0,Подъезд превышает 3 км
south,,31079,road_route_found_entrance_unverified,,1795.4,1699.6,9.4,50.0,0,
south,,31093,road_route_found_entrance_unverified,,2365.0,2392.9,16.0,22.0,0,
south,,31094,road_route_found_entrance_unverified,,2909.8,2984.5,8.6,44.0,0,
south,,31111,unconfirmed,return_exceeds_pilot_3km,2994.8,3157.7,5.6,44.0,0,
south,,31112,road_route_found_entrance_unverified,,1840.8,1900.8,19.6,600.0,4,
south,,31113,unconfirmed,route_unconfirmed,,,,44.0,0,"Требуется проверка доступа, барьеров или поворотов; Подъезд превышает 3 км"
south,,31114,unconfirmed,route_unconfirmed,,,,22.0,0,"Требуется проверка доступа, барьеров или поворотов; Подъезд превышает 3 км"
south,,31115,unconfirmed,route_unconfirmed,,,,22.0,0,Подъезд превышает 3 км
south,,31116,unconfirmed,route_unconfirmed,,,,22.0,0,"Требуется проверка доступа, барьеров или поворотов; Подъезд превышает 3 км"
south,,31117,unconfirmed,route_unconfirmed,,,,22.0,0,Подъезд превышает 3 км
south,,31118,unconfirmed,route_unconfirmed,,,,22.0,0,"Требуется проверка доступа, барьеров или поворотов; Подъезд превышает 3 км"
south,,31119,unconfirmed,route_unconfirmed,,,,900.0,6,"Требуется проверка доступа, барьеров или поворотов; Подъезд превышает 3 км"
south,,31120,unconfirmed,route_unconfirmed,,,,22.0,0,"Требуется проверка доступа, барьеров или поворотов; Подъезд превышает 3 км"
south,,31121,unconfirmed,route_unconfirmed,,,,33.0,0,"Требуется проверка доступа, барьеров или поворотов; Подъезд превышает 3 км"
south,,31122,unconfirmed,route_unconfirmed,,,,44.0,0,Подъезд превышает 3 км
south,,31123,unconfirmed,route_unconfirmed,,,,300.0,2,Подъезд превышает 3 км
south,,31124,unconfirmed,route_unconfirmed,,,,22.0,0,Подъезд превышает 3 км
south,,31125,unconfirmed,route_unconfirmed,,,,22.0,0,Подъезд превышает 3 км
south,,31126,unconfirmed,route_unconfirmed,,,,11.0,0,"Требуется проверка доступа, барьеров или поворотов; Подъезд превышает 3 км"
south,,31127,unconfirmed,route_unconfirmed,,,,22.0,0,"Требуется проверка доступа, барьеров или поворотов; Подъезд превышает 3 км"
south,,31128,unconfirmed,route_unconfirmed,,,,44.0,0,Подъезд превышает 3 км
south,,31129,unconfirmed,route_unconfirmed,,,,11.0,0,"Требуется проверка доступа, барьеров или поворотов; Подъезд превышает 3 км"
south,,31733,unconfirmed,route_unconfirmed,,,,1600.0,8,"Требуется проверка доступа, барьеров или поворотов; Подъезд превышает 3 км"
south,,31734,unconfirmed,route_unconfirmed,,,,4200.0,12,"Требуется проверка доступа, барьеров или поворотов; Подъезд превышает 3 км"
south,,31735,unconfirmed,route_unconfirmed,,,,700.0,4,"Требуется проверка доступа, барьеров или поворотов; Подъезд превышает 3 км"
south,,31736,unconfirmed,route_unconfirmed,,,,5000.0,20,"Требуется проверка доступа, барьеров или поворотов; Подъезд превышает 3 км"
south,,31737,unconfirmed,route_unconfirmed,,,,600.0,4,"Требуется проверка доступа, барьеров или поворотов; Подъезд превышает 3 км"
south,,31738,unconfirmed,route_unconfirmed,,,,400.0,4,"Требуется проверка доступа, барьеров или поворотов; Подъезд превышает 3 км"
south,,31739,unconfirmed,route_unconfirmed,,,,2100.0,6,"Требуется проверка доступа, барьеров или поворотов; Подъезд превышает 3 км"
south,,31740,unconfirmed,route_unconfirmed,,,,450.0,4,"Требуется проверка доступа, барьеров или поворотов; Подъезд превышает 3 км"
south,,31741,unconfirmed,route_unconfirmed,,,,150.0,2,"Требуется проверка доступа, барьеров или поворотов; Подъезд превышает 3 км"
south,,31751,road_route_found_entrance_unverified,,570.5,266.2,3.3,75.0,2,
south,,31752,road_route_found_entrance_unverified,,570.5,266.2,3.3,50.0,0,
south,,31792,unconfirmed,route_unconfirmed,,,,49.0,0,"Требуется проверка доступа, барьеров или поворотов; Подъезд превышает 3 км"
south,,31793,unconfirmed,route_unconfirmed,,,,44.0,0,"Требуется проверка доступа, барьеров или поворотов; Подъезд превышает 3 км"
south,,31794,unconfirmed,route_unconfirmed,,,,220.0,0,"Требуется проверка доступа, барьеров или поворотов; Подъезд превышает 3 км"
south,,31795,unconfirmed,route_unconfirmed,,,,44.0,0,"Требуется проверка доступа, барьеров или поворотов; Подъезд превышает 3 км"
south,,31796,unconfirmed,route_unconfirmed,,,,88.0,0,"Требуется проверка доступа, барьеров или поворотов; Подъезд превышает 3 км"
south,,31797,unconfirmed,route_unconfirmed,,,,49.0,0,"Требуется проверка доступа, барьеров или поворотов; Подъезд превышает 3 км"
south,,31798,unconfirmed,route_unconfirmed,,,,88.0,0,"Требуется проверка доступа, барьеров или поворотов; Подъезд превышает 3 км"
south,,31800,unconfirmed,route_unconfirmed,,,,66.0,0,"Требуется проверка доступа, барьеров или поворотов; Подъезд превышает 3 км"
south,,31801,unconfirmed,route_unconfirmed,,,,99.0,0,"Требуется проверка доступа, барьеров или поворотов; Подъезд превышает 3 км"
south,,31802,unconfirmed,route_unconfirmed,,,,11.0,0,"Требуется проверка доступа, барьеров или поворотов; Подъезд превышает 3 км"
south,,31803,unconfirmed,route_unconfirmed,,,,88.0,0,"Требуется проверка доступа, барьеров или поворотов; Подъезд превышает 3 км"
south,,31804,unconfirmed,route_unconfirmed,,,,88.0,0,"Требуется проверка доступа, барьеров или поворотов; Подъезд превышает 3 км"
south,,31805,unconfirmed,route_unconfirmed,,,,33.0,0,"Требуется проверка доступа, барьеров или поворотов; Подъезд превышает 3 км"
south,,31806,unconfirmed,route_unconfirmed,,,,55.0,0,"Требуется проверка доступа, барьеров или поворотов; Подъезд превышает 3 км"
south,,31807,unconfirmed,route_unconfirmed,,,,50.0,0,"Требуется проверка доступа, барьеров или поворотов; Подъезд превышает 3 км"
south,,31808,unconfirmed,route_unconfirmed,,,,44.0,0,"Требуется проверка доступа, барьеров или поворотов; Подъезд превышает 3 км"
south,,31815,unconfirmed,route_unconfirmed,,,,50.0,0,"Требуется проверка доступа, барьеров или поворотов"
south,,31816,unconfirmed,route_unconfirmed,,,,44.0,0,"Требуется проверка доступа, барьеров или поворотов; Подъезд превышает 3 км"
south,,31817,unconfirmed,route_unconfirmed,,,,44.0,0,"Требуется проверка доступа, барьеров или поворотов"
south,,31818,unconfirmed,route_unconfirmed,,,,44.0,0,"Требуется проверка доступа, барьеров или поворотов; Подъезд превышает 3 км"
south,,31819,unconfirmed,route_unconfirmed,,,,44.0,0,Подъезд превышает 3 км
south,,31820,unconfirmed,route_unconfirmed,,,,44.0,0,"Требуется проверка доступа, барьеров или поворотов; Подъезд превышает 3 км"
south,,31821,unconfirmed,route_unconfirmed,,,,44.0,0,"Требуется проверка доступа, барьеров или поворотов"
south,,31822,unconfirmed,route_unconfirmed,,,,94.0,0,Подъезд превышает 3 км
south,,31823,unconfirmed,route_unconfirmed,,,,22.0,0,Подъезд превышает 3 км
south,,31824,unconfirmed,route_unconfirmed,,,,44.0,0,"Требуется проверка доступа, барьеров или поворотов; Подъезд превышает 3 км"
south,,31825,unconfirmed,route_unconfirmed,,,,80.0,0,"Требуется проверка доступа, барьеров или поворотов; Подъезд превышает 3 км"
south,,31826,unconfirmed,route_unconfirmed,,,,44.0,0,"Требуется проверка доступа, барьеров или поворотов; Подъезд превышает 3 км"
south,,31827,unconfirmed,route_unconfirmed,,,,11.0,0,Подъезд превышает 3 км
south,,31828,unconfirmed,route_unconfirmed,,,,44.0,0,Подъезд превышает 3 км
south,,31829,unconfirmed,route_unconfirmed,,,,44.0,0,Подъезд превышает 3 км
south,,31830,unconfirmed,route_unconfirmed,,,,160.0,2,Подъезд превышает 3 км
south,,31831,unconfirmed,route_unconfirmed,,,,44.0,0,Подъезд превышает 3 км
south,,31832,unconfirmed,route_unconfirmed,,,,44.0,0,Подъезд превышает 3 км
south,,31833,unconfirmed,route_unconfirmed,,,,900.0,8,Подъезд превышает 3 км
south,,31834,unconfirmed,route_unconfirmed,,,,44.0,0,Подъезд превышает 3 км
south,,31835,unconfirmed,route_unconfirmed,,,,44.0,0,Подъезд превышает 3 км
south,,31836,unconfirmed,route_unconfirmed,,,,44.0,0,Подъезд превышает 3 км
south,,31837,unconfirmed,route_unconfirmed,,,,22.0,0,Подъезд превышает 3 км
south,,31838,unconfirmed,route_unconfirmed,,,,44.0,0,Подъезд превышает 3 км
south,,31839,unconfirmed,route_unconfirmed,,,,2000.0,8,Подъезд превышает 3 км
south,,31840,unconfirmed,route_unconfirmed,,,,44.0,0,Подъезд превышает 3 км
south,,31841,unconfirmed,route_unconfirmed,,,,22.0,0,Подъезд превышает 3 км
south,,31842,unconfirmed,route_unconfirmed,,,,44.0,0,Подъезд превышает 3 км
south,,31846,unconfirmed,route_unconfirmed,,,,88.0,0,"Требуется проверка доступа, барьеров или поворотов; Подъезд превышает 3 км"
south,,31847,unconfirmed,route_unconfirmed,,,,44.0,0,"Требуется проверка доступа, барьеров или поворотов; Подъезд превышает 3 км"
south,,31850,unconfirmed,route_unconfirmed,,,,11.0,0,"Требуется проверка доступа, барьеров или поворотов; Подъезд превышает 3 км"
south,,31851,unconfirmed,route_unconfirmed,,,,11.0,0,Подъезд превышает 3 км
south,,31853,unconfirmed,route_unconfirmed,,,,22.0,0,"Требуется проверка доступа, барьеров или поворотов; Подъезд превышает 3 км"
south,,31854,unconfirmed,route_unconfirmed,,,,1200.0,8,"Требуется проверка доступа, барьеров или поворотов; Подъезд превышает 3 км"
south,,31856,unconfirmed,route_unconfirmed,,,,44.0,0,Подъезд превышает 3 км
south,,31858,unconfirmed,route_unconfirmed,,,,900.0,6,Подъезд превышает 3 км
south,,31859,unconfirmed,route_unconfirmed,,,,44.0,0,Подъезд превышает 3 км; Возврат превышает предел пилота
south,,31865,unconfirmed,route_unconfirmed,,,,44.0,0,"Требуется проверка доступа, барьеров или поворотов; Подъезд превышает 3 км"
south,,31868,unconfirmed,route_unconfirmed,,,,44.0,0,Подъезд превышает 3 км
south,,31869,unconfirmed,route_unconfirmed,,,,50.0,0,"Требуется проверка доступа, барьеров или поворотов; Подъезд превышает 3 км"
south,,31870,unconfirmed,route_unconfirmed,,,,132.0,0,"Требуется проверка доступа, барьеров или поворотов; Подъезд превышает 3 км"
south,,31871,unconfirmed,route_unconfirmed,,,,66.0,0,"Требуется проверка доступа, барьеров или поворотов; Подъезд превышает 3 км"
south,,31872,unconfirmed,route_unconfirmed,,,,44.0,0,"Требуется проверка доступа, барьеров или поворотов; Подъезд превышает 3 км"
south,,31873,unconfirmed,route_unconfirmed,,,,88.0,0,"Требуется проверка доступа, барьеров или поворотов; Подъезд превышает 3 км"
south,,31875,unconfirmed,route_unconfirmed,,,,50.0,0,"Требуется проверка доступа, барьеров или поворотов; Подъезд превышает 3 км"
south,,31876,unconfirmed,route_unconfirmed,,,,44.0,0,"Требуется проверка доступа, барьеров или поворотов; Подъезд превышает 3 км"
south,,31877,unconfirmed,route_unconfirmed,,,,44.0,0,Подъезд превышает 3 км
south,,31878,unconfirmed,route_unconfirmed,,,,44.0,0,Подъезд превышает 3 км
south,,31879,unconfirmed,route_unconfirmed,,,,44.0,0,Подъезд превышает 3 км
south,,31880,unconfirmed,route_unconfirmed,,,,44.0,0,Подъезд превышает 3 км
south,,31881,unconfirmed,route_unconfirmed,,,,600.0,4,Подъезд превышает 3 км
south,,32705,unconfirmed,route_unconfirmed,,,,88.0,0,"Требуется проверка доступа, барьеров или поворотов; Подъезд превышает 3 км"
south,,32706,unconfirmed,route_unconfirmed,,,,88.0,0,Подъезд превышает 3 км
south,,32707,road_route_found_entrance_unverified,,2167.7,2560.4,36.3,110.0,0,
south,,32708,unconfirmed,route_unconfirmed,,,,1300.0,6,Подъезд превышает 3 км
south,,32709,unconfirmed,route_unconfirmed,,,,4000.0,16,Подъезд превышает 3 км
south,,32710,unconfirmed,route_unconfirmed,,,,44.0,0,Подъезд превышает 3 км
south,,32713,road_route_found_entrance_unverified,,1742.0,2147.7,4.5,72.0,0,
south,,32714,road_route_found_entrance_unverified,,1772.0,2117.7,0.9,72.0,0,
south,,32715,road_route_found_entrance_unverified,,1745.8,2146.7,1.3,72.0,0,
south,,32716,road_route_found_entrance_unverified,,1751.3,2140.6,7.0,4500.0,40,
south,,32717,road_route_found_entrance_unverified,,1747.3,2166.7,8.0,3000.0,12,
south,,32718,road_route_found_entrance_unverified,,1959.8,2671.8,54.0,110.0,0,
south,,32719,unconfirmed,route_unconfirmed,,,,11.0,0,Причина не установлена: проверить топологию и координаты; Дорога не найдена в пределах 200 м: проверить координаты и OSM
south,,32721,unconfirmed,route_unconfirmed,,,,66.0,0,Подъезд превышает 3 км
south,,32722,unconfirmed,route_unconfirmed,,,,154.0,0,"Требуется проверка доступа, барьеров или поворотов"
south,,32723,unconfirmed,route_unconfirmed,,,,66.0,0,"Требуется проверка доступа, барьеров или поворотов"
south,,32724,unconfirmed,route_unconfirmed,,,,22.0,0,"Требуется проверка доступа, барьеров или поворотов; Подъезд превышает 3 км"
south,,32725,unconfirmed,route_unconfirmed,,,,88.0,0,Подъезд превышает 3 км
south,,32726,unconfirmed,route_unconfirmed,,,,22.0,0,"Требуется проверка доступа, барьеров или поворотов; Подъезд превышает 3 км"
south,,32727,unconfirmed,route_unconfirmed,,,,22.0,0,"Требуется проверка доступа, барьеров или поворотов; Подъезд превышает 3 км"
south,,32728,unconfirmed,route_unconfirmed,,,,44.0,0,Подъезд превышает 3 км
south,,32730,road_route_found_entrance_unverified,,1946.7,2641.6,17.3,240.0,2,
south,,32731,road_route_found_entrance_unverified,,2842.9,2979.6,11.7,66.0,0,
south,,32732,unconfirmed,route_unconfirmed,,,,72.0,0,Подъезд превышает 3 км
south,,32733,unconfirmed,route_unconfirmed,,,,55.0,0,"Требуется проверка доступа, барьеров или поворотов; Подъезд превышает 3 км"
south,,32734,unconfirmed,return_exceeds_pilot_3km,2939.8,3067.0,11.6,22.0,0,
south,,32735,unconfirmed,route_unconfirmed,,,,11.0,0,Подъезд превышает 3 км
south,,32736,unconfirmed,return_exceeds_pilot_3km,2964.1,3266.0,0.2,300.0,2,
south,,32737,road_route_found_entrance_unverified,,1797.8,2279.3,6.0,360.0,1,
south,,32738,road_route_found_entrance_unverified,,1898.4,2178.7,4.0,360.0,1,
south,,33220,unconfirmed,route_unconfirmed,,,,44.0,0,Подъезд превышает 3 км
south,,33224,unconfirmed,route_unconfirmed,,,,44.0,0,Подъезд превышает 3 км
south,,33233,unconfirmed,route_unconfirmed,,,,44.0,0,Подъезд превышает 3 км
south,,33244,unconfirmed,route_unconfirmed,,,,44.0,0,"Требуется проверка доступа, барьеров или поворотов; Подъезд превышает 3 км"
south,,33246,unconfirmed,route_unconfirmed,,,,600.0,4,Подъезд превышает 3 км
south,,33247,unconfirmed,route_unconfirmed,,,,300.0,2,Подъезд превышает 3 км
south,,33259,unconfirmed,route_unconfirmed,,,,150.0,2,"Требуется проверка доступа, барьеров или поворотов; Подъезд превышает 3 км"
south,,33320,unconfirmed,route_unconfirmed,,,,44.0,0,Подъезд превышает 3 км
south,,33658,road_route_found_entrance_unverified,,647.2,727.8,25.0,33.0,0,
south,,33659,road_route_found_entrance_unverified,,699.3,687.8,6.1,750.0,6,
south,,33660,road_route_found_entrance_unverified,,711.1,701.7,5.2,2500.0,10,
south,,33661,road_route_found_entrance_unverified,,1427.0,1527.4,8.5,44.0,0,
south,,33662,unconfirmed,route_unconfirmed,,,,50.0,0,Подъезд превышает 3 км
south,,33663,unconfirmed,route_unconfirmed,,,,44.0,0,Подъезд превышает 3 км
south,,33667,unconfirmed,route_unconfirmed,,,,44.0,0,Подъезд превышает 3 км
south,,33668,unconfirmed,route_unconfirmed,,,,11.0,0,"Требуется проверка доступа, барьеров или поворотов"
south,,33676,road_route_found_entrance_unverified,,2850.6,2870.5,11.9,22.0,0,
south,,33677,road_route_found_entrance_unverified,,2853.8,2867.2,17.3,22.0,0,
south,,33678,road_route_found_entrance_unverified,,2568.4,2625.7,5.6,44.0,0,
south,,33679,unconfirmed,route_unconfirmed,,,,11.0,0,"Требуется проверка доступа, барьеров или поворотов"
south,,33680,road_route_found_entrance_unverified,,1902.6,1953.4,6.7,900.0,10,
south,,33681,road_route_found_entrance_unverified,,2453.1,2400.3,7.5,100.0,0,
south,,33682,road_route_found_entrance_unverified,,748.8,886.5,12.8,2000.0,10,
south,,33683,road_route_found_entrance_unverified,,654.4,729.2,6.7,600.0,4,
south,,33684,road_route_found_entrance_unverified,,966.3,847.6,0.8,525.0,3,
south,,33685,road_route_found_entrance_unverified,,816.0,897.0,8.2,3500.0,12,
south,,33686,road_route_found_entrance_unverified,,775.1,828.8,6.5,450.0,4,
south,,33687,road_route_found_entrance_unverified,,2596.0,2593.1,2.4,44.0,0,
south,,33688,road_route_found_entrance_unverified,,1530.0,1576.8,1.2,71.0,0,
south,,33689,road_route_found_entrance_unverified,,1333.1,1345.4,25.9,22.0,0,
south,,33690,road_route_found_entrance_unverified,,1922.5,1942.9,14.0,44.0,0,
south,,33691,road_route_found_entrance_unverified,,2562.3,2586.3,4.8,100.0,0,
south,,33692,road_route_found_entrance_unverified,,2439.1,2829.2,22.5,11.0,0,
south,,33693,road_route_found_entrance_unverified,,2167.1,2182.2,8.3,200.0,0,
south,,33694,unconfirmed,route_unconfirmed,,,,272.0,0,Причина не установлена: проверить топологию и координаты
south,,33695,road_route_found_entrance_unverified,,768.9,720.1,4.7,700.0,4,
south,,33696,road_route_found_entrance_unverified,,863.7,828.6,6.9,4000.0,16,
south,,33697,road_route_found_entrance_unverified,,366.6,258.1,10.9,98.0,0,
south,,33698,road_route_found_entrance_unverified,,2269.7,2270.1,7.7,44.0,0,
south,,33699,unconfirmed,route_unconfirmed,,,,22.0,0,Подъезд превышает 3 км
south,,33700,road_route_found_entrance_unverified,,2201.1,2148.2,5.7,100.0,0,
south,,33707,unconfirmed,route_unconfirmed,,,,11.0,0,Подъезд превышает 3 км
south,,33708,unconfirmed,route_unconfirmed,,,,44.0,0,Подъезд превышает 3 км
south,,33944,road_route_found_entrance_unverified,,2907.8,2993.3,15.3,44.0,0,
south,,33945,road_route_found_entrance_unverified,,1774.9,1743.1,26.1,44.0,0,
south,,33946,road_route_found_entrance_unverified,,1280.9,1297.2,3.1,300.0,2,
south,,33947,road_route_found_entrance_unverified,,1643.9,1645.3,8.6,44.0,0,
south,,33948,road_route_found_entrance_unverified,,1688.6,1705.2,14.8,50.0,0,
south,,33949,road_route_found_entrance_unverified,,1701.7,1692.1,11.3,33.0,0,
south,,33950,road_route_found_entrance_unverified,,2228.5,2239.3,0.4,22.0,0,
south,,33951,unconfirmed,route_unconfirmed,,,,1200.0,6,"Требуется проверка доступа, барьеров или поворотов"
south,,33952,unconfirmed,route_unconfirmed,,,,71.0,0,Подъезд превышает 3 км
south,,33953,unconfirmed,route_unconfirmed,,,,300.0,4,"Требуется проверка доступа, барьеров или поворотов; Подъезд превышает 3 км"
south,,33955,road_route_found_entrance_unverified,,1358.2,1361.9,0.8,388.0,2,
south,,33956,unconfirmed,route_unconfirmed,,,,66.0,0,"Требуется проверка доступа, барьеров или поворотов"
south,,33957,road_route_found_entrance_unverified,,2367.2,2421.0,4.4,22.0,0,
south,,33958,road_route_found_entrance_unverified,,2466.7,2503.4,4.1,88.0,0,
south,,33959,unconfirmed,route_unconfirmed,,,,88.0,0,Подъезд превышает 3 км
south,,33961,unconfirmed,route_unconfirmed,,,,300.0,4,Подъезд превышает 3 км
south,,33962,unconfirmed,route_unconfirmed,,,,44.0,0,Подъезд превышает 3 км
south,,33963,unconfirmed,route_unconfirmed,,,,11.0,0,Подъезд превышает 3 км
south,,33964,unconfirmed,route_unconfirmed,,,,400.0,4,Подъезд превышает 3 км
south,,33965,unconfirmed,route_unconfirmed,,,,44.0,0,Подъезд превышает 3 км
south,,33966,unconfirmed,route_unconfirmed,,,,44.0,0,Подъезд превышает 3 км
south,,33994,unconfirmed,route_unconfirmed,,,,44.0,0,Подъезд превышает 3 км
south,,34003,unconfirmed,route_unconfirmed,,,,11.0,0,Подъезд превышает 3 км
south,,34005,unconfirmed,route_unconfirmed,,,,50.0,0,Подъезд превышает 3 км
south,,34011,unconfirmed,route_unconfirmed,,,,11.0,0,Подъезд превышает 3 км
south,,34026,unconfirmed,return_exceeds_pilot_3km,2957.1,3054.6,3.4,44.0,0,
south,,34027,road_route_found_entrance_unverified,,2788.5,2954.8,4.1,2100.0,6,
south,,34028,road_route_found_entrance_unverified,,2688.8,2872.6,11.4,472.0,4,
south,,34029,unconfirmed,route_unconfirmed,,,,88.0,0,Подъезд превышает 3 км
south,,34030,unconfirmed,route_unconfirmed,,,,44.0,0,Подъезд превышает 3 км
south,,34031,road_route_found_entrance_unverified,,2455.5,2604.5,6.4,44.0,0,
south,,34032,road_route_found_entrance_unverified,,2486.9,2580.8,3.5,22.0,0,
south,,34033,road_route_found_entrance_unverified,,1965.4,2097.9,13.6,350.0,2,
south,,34034,unconfirmed,route_unconfirmed,,,,44.0,0,Подъезд превышает 3 км
south,,34035,unconfirmed,route_unconfirmed,,,,88.0,0,Подъезд превышает 3 км
south,,34036,road_route_found_entrance_unverified,,2413.7,2523.9,1.9,93.0,0,
south,,34037,unconfirmed,route_unconfirmed,,,,11.0,0,Подъезд превышает 3 км
south,,34038,unconfirmed,route_unconfirmed,,,,44.0,0,Подъезд превышает 3 км
south,,34039,unconfirmed,route_unconfirmed,,,,88.0,0,Подъезд превышает 3 км
south,,34040,unconfirmed,route_unconfirmed,,,,11.0,0,Подъезд превышает 3 км
south,,34065,unconfirmed,route_unconfirmed,,,,44.0,0,Подъезд превышает 3 км
south,,34066,unconfirmed,route_unconfirmed,,,,194.0,2,Подъезд превышает 3 км
south,,34067,unconfirmed,route_unconfirmed,,,,22.0,0,Подъезд превышает 3 км
south,,34072,unconfirmed,route_unconfirmed,,,,66.0,0,Подъезд превышает 3 км
south,,34074,unconfirmed,route_unconfirmed,,,,44.0,0,Подъезд превышает 3 км
south,,34075,road_route_found_entrance_unverified,,2472.7,2543.9,9.7,175.0,0,
south,,34076,unconfirmed,route_unconfirmed,,,,44.0,0,Подъезд превышает 3 км
south,,34077,unconfirmed,route_unconfirmed,,,,44.0,0,Подъезд превышает 3 км
south,,34078,unconfirmed,route_unconfirmed,,,,154.0,0,Подъезд превышает 3 км
south,,34082,unconfirmed,route_unconfirmed,,,,44.0,0,Подъезд превышает 3 км; Связь найдена с другим направлением
south,,34083,road_route_found_entrance_unverified,,1338.8,1359.3,7.2,44.0,0,
south,,34084,road_route_found_entrance_unverified,,2130.3,2083.7,9.5,11.0,0,
south,,34085,unconfirmed,route_unconfirmed,,,,98.0,0,Причина не установлена: проверить топологию и координаты; Связь найдена с другим направлением
south,,34086,unconfirmed,route_unconfirmed,,,,98.0,0,"Требуется проверка доступа, барьеров или поворотов"
south,,34087,unconfirmed,route_unconfirmed,,,,93.0,0,Причина не установлена: проверить топологию и координаты; Связь найдена с другим направлением
south,,34088,road_route_found_entrance_unverified,,177.7,463.1,0.3,93.0,0,
