{"type":"FeatureCollection","features":[{"type":"Feature","properties":{"direction":"north","length_km":440.2758842481812},"geometry":{"type":"LineString","coordinates":[[7.6021775,47.58607],[7.6022706,47.5864651],[7.6024241,47.5870561],[7.6025913,47.5877183],[7.60274,47.5882438],[7.6030057,47.5892173],[7.6031895,47.5899516],[7.6034015,47.5906974],[7.6034576,47.5909083],[7.6034603,47.5909196],[7.6035766,47.5913399],[7.6036936,47.5917773],[7.6038397,47.5923537],[7.6038668,47.5925883],[7.6039265,47.5928207],[7.6040062,47.5932419],[7.6040559,47.5936741],[7.6040933,47.5940639],[7.6040537,47.5943298],[7.6040069,47.5950061],[7.6039276,47.5954525],[7.6038258,47.5959638],[7.6036821,47.5965112],[7.6036599,47.5965958],[7.6036144,47.5967241],[7.6035592,47.5968868],[7.6034698,47.5972556],[7.6034315,47.5975002],[7.603322,47.5978452],[7.60317,47.5983254],[7.6030845,47.5985076],[7.6026763,47.5998023],[7.6025109,47.6003057],[7.6022599,47.6009441],[7.6021068,47.6013246],[7.6020895,47.6013651],[7.6019123,47.6017793],[7.6017669,47.6020977],[7.6015568,47.6025311],[7.6011411,47.6033179],[7.6007905,47.6039111],[7.5999498,47.6051758],[7.5998026,47.6053781],[7.5994908,47.6058014],[7.5988897,47.606541],[7.5986858,47.6067682],[7.5979538,47.6075715],[7.5974589,47.6080748],[7.5971066,47.6084142],[7.5966646,47.6088238],[7.5960843,47.6093349],[7.5954986,47.6098184],[7.5948875,47.6102831],[7.5943073,47.6107293],[7.5932144,47.6114746],[7.5923618,47.6120431],[7.5918132,47.6123949],[7.5916772,47.6124821],[7.5910778,47.6128553],[7.5907441,47.6130475],[7.5896871,47.6136923],[7.5884476,47.6144382],[7.5874209,47.6150707],[7.5867229,47.6155046],[7.5857951,47.6160989],[7.58554,47.6162806],[7.5847347,47.6168268],[7.5838742,47.6174391],[7.5835685,47.6176695],[7.583116,47.6180106],[7.5824438,47.6185301],[7.582189,47.6187371],[7.5815433,47.6192614],[7.5809212,47.6197902],[7.5803107,47.6203329],[7.5795712,47.6210335],[7.5793951,47.6211936],[7.5783571,47.6222235],[7.5777049,47.6229247],[7.5771749,47.6235215],[7.5762369,47.6246287],[7.5750246,47.6261645],[7.5739525,47.6275848],[7.5726527,47.6292997],[7.5719551,47.6301876],[7.5712656,47.6310455],[7.5709594,47.6314093],[7.5702112,47.6322852],[7.5694654,47.6330986],[7.5688839,47.6336982],[7.5679528,47.6346115],[7.5670998,47.6354359],[7.5662064,47.6362086],[7.5653532,47.6369243],[7.5642937,47.6377352],[7.5631141,47.638591],[7.5622038,47.6391978],[7.5620079,47.6393282],[7.5613443,47.6397673],[7.5607558,47.6401483],[7.5595671,47.6408584],[7.5589443,47.6412201],[7.5578638,47.6418134],[7.556676,47.6424416],[7.5554868,47.6430357],[7.5534825,47.6439697],[7.5515902,47.6448242],[7.5480584,47.6463893],[7.5468296,47.6469477],[7.5464503,47.6471329],[7.5448933,47.6478827],[7.5435593,47.6485713],[7.5422292,47.6492983],[7.5411143,47.6499422],[7.5397719,47.6507588],[7.5395531,47.6508948],[7.5383685,47.6516651],[7.5380478,47.6518943],[7.5366638,47.6528641],[7.5361462,47.6532531],[7.5353767,47.6538316],[7.5344367,47.6545734],[7.5331865,47.6556376],[7.5325949,47.6561634],[7.5319428,47.6567572],[7.5311457,47.6575208],[7.5301308,47.6585597],[7.529659,47.6590773],[7.5295021,47.6592464],[7.528697,47.6601629],[7.5284512,47.660469],[7.5282759,47.6606863],[7.5278759,47.6611856],[7.5274483,47.6617742],[7.527065,47.6623019],[7.5265396,47.6630929],[7.5261793,47.6636855],[7.5259083,47.664174],[7.5254805,47.6649927],[7.5250762,47.6659034],[7.5248766,47.666418],[7.524661,47.6670019],[7.5245358,47.6674022],[7.5244588,47.6676644],[7.5243056,47.6682632],[7.5241152,47.6692167],[7.5239477,47.6702365],[7.5238287,47.6714792],[7.5237859,47.6721729],[7.5237731,47.6726872],[7.5237385,47.6740823],[7.5237085,47.6753755],[7.5237051,47.6755221],[7.5236477,47.6768525],[7.5235909,47.6776245],[7.5235377,47.6782303],[7.5234871,47.6785927],[7.5233705,47.679454],[7.5231736,47.6805104],[7.5230448,47.6811375],[7.5227955,47.6822685],[7.5223791,47.6837987],[7.5219375,47.6854081],[7.521413,47.6874718],[7.5213764,47.6876577],[7.521124,47.6889379],[7.5210849,47.6891361],[7.5209009,47.6901654],[7.5208074,47.6909043],[7.5207337,47.6916804],[7.5206865,47.6925006],[7.5206483,47.6934262],[7.5206688,47.6942247],[7.5207128,47.6951778],[7.5207864,47.6961115],[7.5208803,47.6968847],[7.5210852,47.6980914],[7.5212374,47.6988585],[7.5214773,47.6998561],[7.5217044,47.7006583],[7.5219034,47.7012822],[7.52214,47.701968],[7.5224917,47.7028229],[7.5227575,47.7034042],[7.5232708,47.7043058],[7.5238306,47.7051414],[7.5242561,47.7056933],[7.5247147,47.7062374],[7.5250292,47.7065858],[7.5255158,47.7070802],[7.5260121,47.707539],[7.5265694,47.7079891],[7.5271546,47.7084462],[7.5277527,47.7088917],[7.5284194,47.7093368],[7.529276,47.7098788],[7.5303776,47.7104988],[7.5326511,47.7116618],[7.5339705,47.7123361],[7.5350928,47.7129527],[7.5360936,47.7135331],[7.5371445,47.7141854],[7.5380667,47.7148028],[7.5394086,47.7157565],[7.5404608,47.7165498],[7.5411714,47.717113],[7.5418573,47.7177065],[7.5424853,47.7182587],[7.54374,47.7194826],[7.5447359,47.7205336],[7.5458821,47.7218516],[7.5464164,47.722534],[7.5469495,47.7232431],[7.5474597,47.7239531],[7.547855,47.7245488],[7.5482809,47.725245],[7.5487456,47.7260657],[7.5492536,47.727033],[7.5496664,47.7279148],[7.5500542,47.7287302],[7.5504109,47.7295467],[7.550778,47.7305457],[7.5511355,47.7315161],[7.5514878,47.732648],[7.5518432,47.7338807],[7.5519967,47.7345086],[7.5521587,47.7352296],[7.5523189,47.736053],[7.5524587,47.7371172],[7.5525035,47.7376621],[7.5525372,47.7381209],[7.5525607,47.7387985],[7.5525405,47.7395568],[7.5524871,47.7405913],[7.5524484,47.7408733],[7.5523455,47.7416219],[7.5521239,47.7425915],[7.5518742,47.7434846],[7.5517271,47.7439593],[7.5514343,47.7447608],[7.5510773,47.7456427],[7.5505712,47.7466506],[7.5500591,47.7475885],[7.5491301,47.7491423],[7.5485212,47.7500404],[7.5473323,47.7516968],[7.5459461,47.7535861],[7.5446372,47.7554491],[7.5441294,47.7562131],[7.54256,47.7587363],[7.5420602,47.7595763],[7.5416246,47.7603128],[7.5412886,47.7609178],[7.5409131,47.7615762],[7.5403645,47.7625912],[7.5394522,47.7643917],[7.538708,47.7659628],[7.5382083,47.7671646],[7.5377824,47.7682484],[7.5376323,47.7686428],[7.5372036,47.7698858],[7.5368994,47.7709233],[7.5366146,47.7719716],[7.5363439,47.7732632],[7.53626,47.7737497],[7.5361868,47.7742323],[7.5360402,47.7753981],[7.5359804,47.7759564],[7.5359526,47.7763181],[7.5358998,47.7772929],[7.5359122,47.7787262],[7.5359844,47.7804511],[7.5360066,47.7810213],[7.5360974,47.7816225],[7.5362602,47.7827944],[7.5364255,47.7836936],[7.5365258,47.7841484],[7.5367405,47.7850719],[7.5369898,47.7859956],[7.5373868,47.7872892],[7.5377841,47.7884146],[7.5385569,47.7903293],[7.5389172,47.7911565],[7.5396251,47.792647],[7.5397056,47.7928167],[7.5404116,47.7942295],[7.5411775,47.7956999],[7.5422676,47.797703],[7.5429145,47.7988627],[7.5440557,47.8008002],[7.5446475,47.8018434],[7.5457967,47.8036414],[7.5467777,47.8051605],[7.5483999,47.8075487],[7.5492131,47.8087316],[7.5504187,47.8103848],[7.5510739,47.8113076],[7.551212,47.8114932],[7.552448,47.8131825],[7.5535253,47.8146783],[7.5543021,47.8157369],[7.5546167,47.8161657],[7.5556011,47.8175535],[7.556682,47.8190365],[7.5568799,47.8193146],[7.5581977,47.8211403],[7.5590143,47.8223184],[7.5600272,47.8239113],[7.5608309,47.8253025],[7.5624035,47.8281915],[7.5630948,47.8296583],[7.5640217,47.8318504],[7.5643096,47.8325381],[7.5649162,47.8342322],[7.5653479,47.8355189],[7.5658123,47.8371356],[7.5662546,47.8388629],[7.5666527,47.8406857],[7.5669048,47.842315],[7.5671251,47.8439966],[7.5672163,47.8452836],[7.5672293,47.845877],[7.5672791,47.8471666],[7.5672556,47.8486714],[7.5671896,47.8500659],[7.5670729,47.8513204],[7.5668395,47.8533932],[7.5666035,47.8552477],[7.5664097,47.8568844],[7.5663324,47.8581152],[7.5662881,47.8593757],[7.5662943,47.8607205],[7.5663131,47.8609907],[7.5664192,47.8625631],[7.5665163,47.8634478],[7.5666733,47.8645306],[7.5668626,47.8655695],[7.5670813,47.8666029],[7.5672843,47.8673866],[7.567649,47.8687178],[7.5681598,47.8702094],[7.5685728,47.8713467],[7.5694102,47.8731456],[7.5698247,47.8740277],[7.570417,47.8751799],[7.5706915,47.8756721],[7.5719756,47.8777454],[7.5723167,47.8782971],[7.5729589,47.8791786],[7.5735519,47.8800164],[7.5738346,47.8803935],[7.574708,47.8814679],[7.5767021,47.8838456],[7.5779066,47.885236],[7.5786828,47.8861811],[7.5796375,47.8874008],[7.5804097,47.8884314],[7.5810214,47.8892878],[7.581128,47.8894607],[7.5821065,47.8909255],[7.5826854,47.8918794],[7.5832201,47.8927967],[7.583858,47.8939668],[7.5844503,47.8950878],[7.5851221,47.8965597],[7.585637,47.8977669],[7.5861577,47.8991009],[7.5865898,47.9003342],[7.5870341,47.9016258],[7.5877523,47.9038607],[7.5883264,47.9056941],[7.5886932,47.9066735],[7.5895456,47.9089492],[7.5900076,47.9099671],[7.5902349,47.9104991],[7.5915142,47.9131805],[7.591652,47.9134693],[7.5921951,47.9144454],[7.5929065,47.9156959],[7.5936666,47.9169584],[7.594458,47.9181875],[7.5953655,47.9195278],[7.5954837,47.9197003],[7.5965176,47.9211035],[7.5970637,47.9218467],[7.5978651,47.9228385],[7.5983769,47.9234602],[7.5988966,47.9240564],[7.5998306,47.9250659],[7.6006968,47.9259639],[7.6017086,47.9269369],[7.6024114,47.9275981],[7.6028649,47.9279954],[7.603301,47.9283781],[7.6042312,47.9291723],[7.6050867,47.9298635],[7.6059455,47.9305461],[7.6069355,47.9312692],[7.6079832,47.9320281],[7.6091922,47.9328446],[7.6105702,47.9337304],[7.6120006,47.9346031],[7.6136046,47.935518],[7.6150942,47.9363202],[7.6165,47.9370348],[7.6176611,47.9375997],[7.6184557,47.937965],[7.6186333,47.9380373],[7.6204988,47.9388635],[7.6222357,47.9395805],[7.6234399,47.9400562],[7.6243831,47.9404267],[7.6247216,47.9405542],[7.6267561,47.9413171],[7.6276026,47.9416311],[7.6288083,47.9420572],[7.6301007,47.942508],[7.6313125,47.9429141],[7.6335024,47.9436259],[7.6354655,47.9442422],[7.6357332,47.9443271],[7.6367126,47.9446155],[7.6374796,47.9448414],[7.6386406,47.9451833],[7.6403606,47.9456663],[7.6421125,47.9461306],[7.6435387,47.9465028],[7.6456177,47.9470199],[7.6473262,47.947417],[7.647443,47.9474427],[7.6495511,47.9479297],[7.6507725,47.9481945],[7.65348,47.9487407],[7.6551511,47.9490586],[7.6558458,47.9491737],[7.6585559,47.9496501],[7.6612213,47.950073],[7.6629245,47.9503202],[7.6647312,47.9505968],[7.6650447,47.950636],[7.6657799,47.9507396],[7.6667755,47.9508973],[7.6674141,47.9509768],[7.6679274,47.951056],[7.6685833,47.9511552],[7.6690219,47.9512235],[7.6702951,47.9514399],[7.6707499,47.9515244],[7.6721268,47.9517619],[7.673508,47.9520245],[7.6747767,47.9522737],[7.6758318,47.9524934],[7.6759555,47.952521],[7.6775418,47.9528813],[7.6790704,47.9532561],[7.6808124,47.9537017],[7.6825061,47.9541663],[7.6840488,47.954625],[7.6856376,47.9551249],[7.6868046,47.9554921],[7.6892584,47.9563402],[7.691771,47.9572882],[7.6937557,47.9580786],[7.6955886,47.9588249],[7.6956871,47.9588665],[7.6981407,47.9599087],[7.698489,47.9600565],[7.7008563,47.961098],[7.7028851,47.962017],[7.7043681,47.9627055],[7.7044819,47.9627609],[7.7059617,47.963461],[7.7075892,47.9642488],[7.7093419,47.9651175],[7.7113728,47.9661519],[7.7135025,47.9672637],[7.7152962,47.9682301],[7.7169772,47.9691571],[7.7173154,47.9693466],[7.7175397,47.9694733],[7.7184384,47.9699852],[7.720524,47.9711927],[7.7219757,47.9720528],[7.7229596,47.9726529],[7.7245033,47.9736025],[7.7248251,47.9738],[7.7254202,47.9741581],[7.7257103,47.9743354],[7.7263615,47.9747603],[7.7280407,47.9758504],[7.7290257,47.9764967],[7.7291906,47.9766104],[7.7293777,47.9767369],[7.7295744,47.9768712],[7.7309367,47.9777893],[7.7323727,47.9787654],[7.7332966,47.9794394],[7.7340623,47.9799836],[7.7343121,47.9801662],[7.7345849,47.9803588],[7.7354444,47.9809775],[7.7373738,47.9823972],[7.7395223,47.9840512],[7.7414604,47.985567],[7.7436918,47.987361],[7.7448464,47.988345],[7.74724,47.9904374],[7.7483656,47.9914528],[7.7496432,47.9926289],[7.7513868,47.9942953],[7.7529461,47.9958366],[7.7549839,47.997939],[7.7551419,47.9981048],[7.7562024,47.9992566],[7.7578067,48.0010067],[7.7591317,48.0025031],[7.7605118,48.0041135],[7.7629448,48.0070546],[7.7641293,48.008471],[7.7647991,48.0092209],[7.7655727,48.0100552],[7.7656513,48.0101422],[7.7666381,48.0111869],[7.7677884,48.0123151],[7.7689641,48.0134048],[7.7700611,48.0143779],[7.7706906,48.0149168],[7.771332,48.0154461],[7.7725299,48.0164053],[7.7732183,48.0169341],[7.7739075,48.017458],[7.7745884,48.0179382],[7.7752098,48.0183765],[7.7764124,48.0191985],[7.77779,48.0200831],[7.7792058,48.0209466],[7.7801393,48.0214873],[7.7810003,48.0219688],[7.7818535,48.0224405],[7.7827223,48.0229007],[7.7839082,48.0235229],[7.7842698,48.0237084],[7.7855026,48.0243391],[7.7876054,48.025435],[7.7887656,48.0260668],[7.7896915,48.0265897],[7.790349,48.0269685],[7.7912223,48.0274785],[7.7919741,48.027935],[7.7932527,48.0287274],[7.7945041,48.0295507],[7.7958531,48.0304943],[7.7970936,48.0314086],[7.7982355,48.032298],[7.7995135,48.0333314],[7.8001052,48.0338344],[7.8006995,48.0343327],[7.801018,48.0346141],[7.8017026,48.0352483],[7.801939,48.035476],[7.803094,48.0366406],[7.8039656,48.037552],[7.8048935,48.0386191],[7.8057317,48.0396175],[7.8062405,48.0402659],[7.8067254,48.0409172],[7.8077055,48.0423253],[7.8087559,48.0440132],[7.8093421,48.0450885],[7.8097623,48.0458998],[7.8099656,48.0463293],[7.8104015,48.0472678],[7.8108838,48.048442],[7.8112727,48.0494676],[7.8116074,48.0504698],[7.811852,48.0513075],[7.8120706,48.0521445],[7.8122541,48.0529721],[7.8124753,48.0540603],[7.8126286,48.0550761],[7.8127225,48.0558404],[7.8127977,48.0566195],[7.8128577,48.0575992],[7.8128733,48.0581572],[7.81288,48.058528],[7.8128787,48.0589336],[7.8128761,48.059205],[7.8128635,48.0596936],[7.8128503,48.0600189],[7.8128113,48.0606255],[7.8127513,48.061309],[7.8127384,48.061456],[7.8126764,48.0620937],[7.8125975,48.0626713],[7.8125176,48.063178],[7.8124723,48.0634547],[7.8123394,48.0641893],[7.8121998,48.0648166],[7.8120539,48.0654059],[7.8119176,48.0659442],[7.8117216,48.0666408],[7.811437,48.0675378],[7.8113609,48.0677663],[7.8111596,48.068347],[7.8109492,48.0688812],[7.8107445,48.0694117],[7.8104905,48.0700182],[7.8100016,48.0711074],[7.8096416,48.071846],[7.8094525,48.0722126],[7.8092286,48.0726308],[7.8087031,48.0735468],[7.8086379,48.0736558],[7.8085905,48.0737351],[7.8085496,48.0738036],[7.8083706,48.074103],[7.807851,48.074933],[7.8073399,48.0756953],[7.8069729,48.0762193],[7.8064771,48.0768897],[7.8060281,48.0774745],[7.8055371,48.0781116],[7.8040863,48.0799202],[7.8031784,48.0810362],[7.8027971,48.0815117],[7.8023225,48.0821102],[7.801994,48.0825348],[7.8017721,48.0828237],[7.8017335,48.0828742],[7.8011298,48.0836804],[7.8006089,48.0843935],[7.8001658,48.0850144],[7.7998908,48.0854118],[7.7992833,48.0863064],[7.7988754,48.086927],[7.7984073,48.0876638],[7.7979265,48.0884351],[7.7975156,48.0891262],[7.7971603,48.089731],[7.7969802,48.090046],[7.7968064,48.0903532],[7.7964004,48.0910966],[7.7962789,48.0913186],[7.7958908,48.0920497],[7.7954581,48.092903],[7.7952,48.0934298],[7.7949767,48.0938963],[7.7947481,48.0943873],[7.7945162,48.094894],[7.7943147,48.095354],[7.7942371,48.0955287],[7.7941138,48.0958129],[7.7939131,48.0962904],[7.7937737,48.0966313],[7.7936805,48.0968613],[7.7935605,48.0971635],[7.7933451,48.0977119],[7.7931851,48.098131],[7.7929308,48.0988321],[7.7927051,48.0994717],[7.7925328,48.0999894],[7.7922966,48.1007134],[7.7921996,48.101029],[7.792052,48.1015102],[7.7919448,48.101872],[7.7917598,48.1025284],[7.7915588,48.1032521],[7.7913387,48.1040717],[7.7912181,48.1045287],[7.7911115,48.1049278],[7.7909552,48.105522],[7.7907153,48.1064271],[7.7905394,48.1070695],[7.7903539,48.1077243],[7.79011,48.1085547],[7.7898693,48.1093462],[7.7895668,48.1103022],[7.7891989,48.1114062],[7.7890102,48.1119417],[7.7883018,48.1138946],[7.7881481,48.114285],[7.7874538,48.1160631],[7.7872653,48.1165052],[7.7867788,48.1176389],[7.7861391,48.1190665],[7.7855304,48.1203711],[7.7851351,48.1211673],[7.7842811,48.1228699],[7.7837814,48.1238137],[7.7828814,48.1254385],[7.7822978,48.1264732],[7.7815554,48.1277266],[7.7808388,48.1289073],[7.7802504,48.1298285],[7.7788976,48.1318914],[7.77732,48.1341577],[7.7761884,48.1356942],[7.7754091,48.1367126],[7.7748743,48.1374086],[7.7744596,48.1379282],[7.7733722,48.1392871],[7.7720398,48.1408841],[7.7719107,48.1410421],[7.7716076,48.1413901],[7.7708317,48.1422636],[7.7705878,48.1425448],[7.7703171,48.1428492],[7.7690542,48.1442381],[7.7679298,48.1454371],[7.7667762,48.1466362],[7.7653838,48.1480921],[7.7647439,48.148777],[7.7645058,48.1490363],[7.7644139,48.1491409],[7.7637286,48.1498958],[7.7632552,48.150441],[7.7628452,48.1509152],[7.7625947,48.1512133],[7.7622098,48.1516904],[7.7613742,48.152748],[7.760809,48.1535073],[7.7603486,48.1541431],[7.760136,48.1544323],[7.7600667,48.1545274],[7.7592258,48.1558057],[7.7589517,48.1562098],[7.7581752,48.1574767],[7.7575999,48.1584674],[7.7570594,48.1594542],[7.7563047,48.1609102],[7.7555527,48.1623762],[7.7545209,48.1645125],[7.7542727,48.1650175],[7.754008,48.1655586],[7.7537488,48.1661295],[7.7535719,48.166533],[7.7535022,48.1666862],[7.7532316,48.1673249],[7.7524631,48.1691503],[7.7518865,48.1705961],[7.7509968,48.1729764],[7.7502002,48.1753048],[7.7496184,48.1770699],[7.7488337,48.1798373],[7.7484254,48.1813641],[7.7480534,48.1828707],[7.7473917,48.1859343],[7.746968,48.1882848],[7.7467446,48.1896546],[7.746541,48.1911006],[7.7462533,48.1935432],[7.7459814,48.1965593],[7.745906,48.1976963],[7.745837,48.1989397],[7.7457817,48.2013193],[7.745806,48.2040261],[7.7458259,48.2052414],[7.7458778,48.2064688],[7.746021,48.2086995],[7.7461956,48.2106383],[7.7462395,48.211115],[7.7463375,48.2120186],[7.7465318,48.213712],[7.7467831,48.215342],[7.7470183,48.216757],[7.7472776,48.2181573],[7.7475465,48.2195929],[7.7475729,48.2196911],[7.7475802,48.2197501],[7.747916,48.2212799],[7.7485277,48.2237977],[7.7491439,48.2260407],[7.7494681,48.2271502],[7.7498292,48.2283135],[7.7498937,48.2285125],[7.7501764,48.2293719],[7.7505936,48.230639],[7.7509681,48.2316904],[7.7513013,48.2325987],[7.7519253,48.2341767],[7.7522917,48.2351309],[7.7527266,48.236196],[7.7534796,48.2379369],[7.754194,48.2395582],[7.7545612,48.2403484],[7.7547331,48.2407247],[7.7557485,48.2427227],[7.757009,48.2451313],[7.758381,48.2475757],[7.759416,48.2493377],[7.7603429,48.25089],[7.7608357,48.251641],[7.7611218,48.2520848],[7.7615704,48.2527758],[7.762372,48.2540147],[7.7626293,48.2543965],[7.7629584,48.2548549],[7.7630595,48.2549978],[7.7639759,48.2563179],[7.7651478,48.2579331],[7.7661365,48.2592587],[7.7672118,48.2606511],[7.7682341,48.2619573],[7.7692871,48.2632504],[7.7702959,48.2644399],[7.7712405,48.2655358],[7.7733453,48.2679446],[7.7746133,48.2694243],[7.7755268,48.2705096],[7.7756759,48.2706915],[7.77631,48.2714628],[7.7764264,48.2716074],[7.7775351,48.273056],[7.7787437,48.2747055],[7.780617,48.2774873],[7.7814176,48.2787481],[7.7823856,48.2803837],[7.7831246,48.2816949],[7.7837068,48.282784],[7.7845339,48.2844144],[7.7854082,48.2862776],[7.7860438,48.2877849],[7.7867386,48.2895003],[7.7873826,48.2912962],[7.7878722,48.2927713],[7.7884332,48.2946999],[7.7890695,48.2971285],[7.7893005,48.2981429],[7.7895954,48.2996294],[7.7898233,48.3009969],[7.7900009,48.3024803],[7.7901531,48.3038501],[7.7902843,48.3049658],[7.7904204,48.3067609],[7.7904666,48.3079852],[7.7905238,48.3091843],[7.7906013,48.3110851],[7.7906066,48.3118355],[7.7906219,48.313951],[7.7905932,48.3161506],[7.7905373,48.3184644],[7.7903934,48.3216265],[7.790306,48.3226135],[7.7902404,48.3236913],[7.7900737,48.3254147],[7.7898045,48.3280479],[7.7896146,48.3294847],[7.7891858,48.3328978],[7.7891082,48.3334998],[7.7890408,48.3341274],[7.7889069,48.3352184],[7.7887539,48.3368279],[7.78873,48.3372887],[7.7886731,48.3381813],[7.7886805,48.3390833],[7.7887124,48.3403829],[7.788766,48.3417006],[7.7888856,48.3429444],[7.7890278,48.3440385],[7.7892567,48.3452459],[7.7895027,48.3464133],[7.789746,48.3473915],[7.7899695,48.3481546],[7.7900646,48.3484825],[7.790115,48.3486425],[7.7902483,48.3490237],[7.7903513,48.3493478],[7.7905384,48.349879],[7.7906031,48.3500471],[7.7908861,48.3507883],[7.7911161,48.3513587],[7.7914018,48.3520211],[7.7917288,48.3527448],[7.7920177,48.3533539],[7.7923467,48.3540084],[7.7925897,48.3544626],[7.792761,48.3547827],[7.7931828,48.3555338],[7.7937216,48.3564314],[7.7943915,48.3574879],[7.7944817,48.3576239],[7.7948989,48.3582215],[7.795515,48.3591038],[7.7962811,48.3601145],[7.7966276,48.3605607],[7.7974547,48.3615565],[7.7982559,48.362456],[7.7989468,48.3632142],[7.8000872,48.3643805],[7.8003255,48.3646165],[7.8013678,48.3656153],[7.8020161,48.3662151],[7.8024782,48.3666344],[7.8029398,48.3670444],[7.8034175,48.3674638],[7.803955,48.3679181],[7.8045588,48.3684305],[7.8062986,48.369898],[7.8077196,48.3710642],[7.8105181,48.3733603],[7.8123631,48.3748245],[7.8136186,48.3758153],[7.8153061,48.3771187],[7.8175331,48.3788383],[7.8203802,48.3809634],[7.8224945,48.382537],[7.8251321,48.38445],[7.8280576,48.3864854],[7.8293569,48.3873664],[7.8322,48.3892212],[7.832737,48.3895675],[7.8339217,48.3903019],[7.8364604,48.3918594],[7.8383359,48.3929889],[7.8399418,48.3939406],[7.8409465,48.3944976],[7.8428298,48.3955867],[7.8445509,48.3965213],[7.8448006,48.3966569],[7.8450409,48.3967874],[7.8458242,48.3972127],[7.8471795,48.3979472],[7.8475619,48.3981544],[7.848504,48.3986546],[7.8500896,48.3994975],[7.8525149,48.400775],[7.8527475,48.4008973],[7.8538504,48.4014522],[7.8540764,48.4015758],[7.8543506,48.4017326],[7.8558123,48.4025013],[7.8571573,48.4032381],[7.8578963,48.4036364],[7.8590171,48.4042695],[7.8610195,48.4054219],[7.8617402,48.4058426],[7.8625282,48.4063195],[7.8642418,48.4073798],[7.865807,48.4083862],[7.8666259,48.408917],[7.8673586,48.4094096],[7.8680008,48.4098396],[7.8686619,48.4102982],[7.870005,48.4112377],[7.8714839,48.4123082],[7.8721793,48.4128218],[7.8729833,48.4134278],[7.8736247,48.4139156],[7.874395,48.4145133],[7.8750157,48.4150075],[7.8756358,48.4155019],[7.8764671,48.4161826],[7.8771165,48.416718],[7.8778263,48.4173115],[7.8784572,48.4178567],[7.879051,48.4183741],[7.879731,48.4189768],[7.880454,48.4196234],[7.8807791,48.4199244],[7.8811544,48.4202796],[7.8817664,48.4208395],[7.8823252,48.4213719],[7.8830001,48.4220276],[7.8840606,48.423081],[7.8852935,48.4243458],[7.8862961,48.4254008],[7.8869161,48.4260765],[7.8874147,48.4266308],[7.8880497,48.4273418],[7.888547,48.4279152],[7.8894318,48.4289379],[7.8900661,48.4297123],[7.8906931,48.4304878],[7.8913214,48.4312746],[7.8916555,48.431708],[7.8919364,48.4320808],[7.8924946,48.4328215],[7.8930214,48.4335355],[7.8937819,48.4345982],[7.8943951,48.4354798],[7.8950652,48.436475],[7.8956394,48.4373486],[7.8962055,48.4382484],[7.8968384,48.4392805],[7.8974872,48.4403746],[7.8980918,48.4414269],[7.8984259,48.4420407],[7.898729,48.4425922],[7.8992378,48.4435572],[7.8994646,48.4440095],[7.8996969,48.4444735],[7.9002992,48.4456975],[7.9005607,48.4462691],[7.900866,48.4469285],[7.9012171,48.4477129],[7.9014029,48.4481415],[7.901553,48.4485035],[7.9017322,48.4489169],[7.9019883,48.4495543],[7.9024309,48.4506594],[7.9025614,48.4510145],[7.9027132,48.4513904],[7.9031473,48.4525872],[7.9031892,48.4527152],[7.9032903,48.4530215],[7.9034247,48.4534325],[7.9035406,48.453787],[7.9038808,48.4549049],[7.9039769,48.4552203],[7.9040657,48.4555317],[7.9042429,48.4561821],[7.9044955,48.457215],[7.9046409,48.4578672],[7.9047558,48.4584914],[7.9048676,48.4591405],[7.9049535,48.4597243],[7.90506,48.4605414],[7.9051394,48.4613027],[7.9052041,48.4623986],[7.9052375,48.4631489],[7.9052495,48.4637474],[7.905232,48.4647689],[7.9051948,48.465481],[7.9051226,48.4665627],[7.9049909,48.467775],[7.9047767,48.4691966],[7.9046937,48.4696046],[7.9046064,48.4700665],[7.9045117,48.4705131],[7.9043329,48.4713158],[7.904201,48.4718367],[7.9038552,48.4732391],[7.9036945,48.4738995],[7.9034993,48.4746383],[7.9033424,48.4752379],[7.9032921,48.4754424],[7.9032088,48.4757894],[7.9029051,48.4769904],[7.9027406,48.4776471],[7.9026157,48.4781556],[7.9023588,48.4792718],[7.9022095,48.479888],[7.9020773,48.4805077],[7.9019652,48.4810738],[7.9018716,48.4816141],[7.9017863,48.4821496],[7.9017108,48.4827438],[7.9016445,48.4832718],[7.9015831,48.4838572],[7.9015267,48.4843432],[7.9015025,48.484883],[7.9014943,48.485536],[7.9014685,48.4861934],[7.9014607,48.4874803],[7.9014983,48.4882458],[7.9015429,48.4888897],[7.9015965,48.4895341],[7.9016565,48.4901383],[7.9018465,48.4913783],[7.9019522,48.4920757],[7.9021872,48.4932404],[7.9026305,48.4949816],[7.9027925,48.4955239],[7.9029129,48.4958774],[7.9034093,48.497321],[7.9036258,48.4979328],[7.9045558,48.5001663],[7.9049787,48.501106],[7.905097,48.5013838],[7.905575,48.5023692],[7.9057864,48.5027726],[7.9061422,48.5034393],[7.9066085,48.504299],[7.907084,48.5052084],[7.9075982,48.5061154],[7.9079713,48.5067731],[7.9086952,48.5078976],[7.9092807,48.5088014],[7.9096047,48.509292],[7.9100956,48.5099653],[7.910418,48.5104312],[7.9108418,48.5110283],[7.9111376,48.5114462],[7.9116129,48.5120844],[7.9118578,48.5124139],[7.9120515,48.5126883],[7.9133384,48.5143273],[7.9138274,48.5149071],[7.9141953,48.5153356],[7.914544,48.5157173],[7.9148595,48.5160762],[7.9152481,48.516506],[7.9158253,48.5171209],[7.916255,48.517597],[7.9167086,48.5180828],[7.9171147,48.518525],[7.9177764,48.5192113],[7.9186266,48.5200429],[7.919953,48.5213679],[7.9209384,48.5223325],[7.9220502,48.5233892],[7.9228138,48.5241397],[7.9249505,48.5261034],[7.9259365,48.5270123],[7.9266215,48.5276243],[7.927128,48.5280664],[7.9279929,48.528824],[7.9284022,48.5292521],[7.9286964,48.5295142],[7.9296512,48.5303548],[7.9302528,48.5308783],[7.930612,48.5311909],[7.9310932,48.5316077],[7.9323351,48.5326746],[7.9325367,48.5328473],[7.9348242,48.5348073],[7.9366816,48.5364007],[7.9373094,48.5369393],[7.9388041,48.5382215],[7.9393674,48.5387048],[7.9397,48.5389897],[7.9408762,48.5399947],[7.9409474,48.5400555],[7.9419837,48.5409466],[7.9425784,48.541461],[7.9431971,48.542001],[7.9435044,48.5422717],[7.9438078,48.5425442],[7.9441084,48.5428175],[7.9447019,48.5433661],[7.9449503,48.5436019],[7.9452866,48.5439212],[7.9455738,48.5442028],[7.9461336,48.5447699],[7.946408,48.5450565],[7.946676,48.5453441],[7.9469399,48.5456342],[7.9471996,48.5459261],[7.9474558,48.54622],[7.9477047,48.5465151],[7.9479525,48.5468127],[7.9481927,48.5471124],[7.9484288,48.5474124],[7.9484589,48.5474509],[7.948658,48.547714],[7.9489005,48.5480442],[7.9489699,48.5481381],[7.9491035,48.5483248],[7.9493217,48.548631],[7.949531,48.5489394],[7.9497347,48.5492454],[7.9499328,48.5495529],[7.9501268,48.5498625],[7.950316,48.5501715],[7.9505025,48.5504837],[7.9506829,48.550794],[7.9508599,48.5511072],[7.9510332,48.551421],[7.9511282,48.5515971],[7.9513713,48.5520505],[7.9516997,48.5526831],[7.9520209,48.5533158],[7.9523348,48.5539513],[7.9528168,48.5549345],[7.952879,48.5550607],[7.9529557,48.5552165],[7.9532697,48.5558506],[7.9535802,48.5564775],[7.9538996,48.5571086],[7.9545518,48.5583678],[7.9548861,48.5589949],[7.9552736,48.5597078],[7.9554805,48.560089],[7.9556119,48.5603244],[7.9556641,48.5604183],[7.9560034,48.5610249],[7.956061,48.5611279],[7.9564639,48.5618345],[7.956872,48.5625411],[7.9572851,48.5632455],[7.9576872,48.5639152],[7.957931,48.5643162],[7.9581337,48.5646496],[7.9583455,48.5649942],[7.9588121,48.5657422],[7.9590295,48.5660863],[7.9592879,48.5664916],[7.9597663,48.5672365],[7.9602557,48.5679792],[7.960553,48.5684276],[7.9607481,48.5687186],[7.9612465,48.5694561],[7.9617542,48.5701932],[7.9622651,48.570928],[7.9627813,48.571662],[7.9633035,48.5723939],[7.9633799,48.5725002],[7.9638292,48.5731245],[7.9643601,48.573854],[7.9648971,48.5745814],[7.9654381,48.575307],[7.9659829,48.5760293],[7.9663668,48.5765328],[7.9665326,48.5767502],[7.9670697,48.5774467],[7.9676491,48.578189],[7.9682147,48.5789062],[7.9693597,48.580334],[7.9695206,48.5805313],[7.9699393,48.5810448],[7.9705207,48.5817535],[7.9711088,48.5824601],[7.971706,48.5831689],[7.9723078,48.5838766],[7.9724932,48.5840921],[7.9728107,48.584461],[7.9729137,48.5845807],[7.9735233,48.5852843],[7.9741393,48.585986],[7.9747611,48.5866863],[7.9753848,48.587382],[7.9759395,48.5879935],[7.9759963,48.5880562],[7.9765272,48.5886381],[7.9773425,48.5895234],[7.9781406,48.590374],[7.9789508,48.591231],[7.9797609,48.5920761],[7.9806804,48.5930226],[7.9811426,48.5934939],[7.9823658,48.5947211],[7.982549,48.594905],[7.9834967,48.5958421],[7.9839699,48.596307],[7.9854096,48.5976951],[7.9863807,48.5986169],[7.9873604,48.5995349],[7.9883619,48.6004589],[7.9893741,48.6013803],[7.9903911,48.6022974],[7.9914215,48.6032128],[7.9919312,48.6036612],[7.9934712,48.6049971],[7.9945099,48.605882],[7.9955579,48.6067665],[7.9966115,48.6076413],[7.9971228,48.6080546],[7.9976866,48.6085104],[7.9982275,48.608941],[7.9987743,48.60937],[7.9996466,48.6100437],[7.9997792,48.6101452],[7.9998784,48.6102202],[8.0010031,48.6110706],[8.0015649,48.6114908],[8.0032545,48.6127485],[8.0043791,48.6135895],[8.0049379,48.6140106],[8.0054942,48.614433],[8.0060468,48.6148575],[8.0065965,48.6152842],[8.0071425,48.6157141],[8.0076846,48.6161471],[8.0082203,48.6165832],[8.0087537,48.6170231],[8.0092831,48.6174681],[8.0098087,48.617915],[8.0103293,48.6183664],[8.0108447,48.6188206],[8.0113532,48.6192767],[8.0116069,48.6195079],[8.0118558,48.6197347],[8.0123523,48.6201947],[8.0128447,48.6206581],[8.0133297,48.6211214],[8.0138074,48.6215883],[8.0142816,48.6220561],[8.0147492,48.6225275],[8.0152114,48.6230012],[8.0156682,48.623477],[8.0161191,48.6239554],[8.0165647,48.6244352],[8.017004,48.6249162],[8.0174358,48.6253991],[8.0178614,48.6258848],[8.0182814,48.6263721],[8.0186967,48.6268611],[8.0192388,48.6275156],[8.0192848,48.6275718],[8.0195096,48.6278468],[8.0199049,48.6283415],[8.0202986,48.6288415],[8.0206845,48.6293424],[8.0210682,48.6298457],[8.0214434,48.630352],[8.0217631,48.6307903],[8.0218129,48.6308586],[8.0221756,48.6313671],[8.0225319,48.631879],[8.0228828,48.6323909],[8.0232281,48.6329036],[8.0235638,48.6334177],[8.0238968,48.6339353],[8.0242223,48.6344526],[8.0245443,48.634975],[8.024762,48.6353379],[8.024859,48.6354996],[8.0251689,48.6360252],[8.0254712,48.636552],[8.0256996,48.6369589],[8.0257371,48.6370271],[8.0260559,48.6376073],[8.0263383,48.6381377],[8.0266142,48.6386681],[8.0268856,48.6392009],[8.02693,48.6392903],[8.027197,48.639829],[8.0272311,48.639899],[8.0274121,48.6402714],[8.0276707,48.640805],[8.0276796,48.6408245],[8.0279737,48.6414422],[8.0283354,48.6422023],[8.028403,48.6423444],[8.0286341,48.6428305],[8.0286555,48.642875],[8.0287386,48.6430493],[8.0289758,48.6435468],[8.0290967,48.6438003],[8.0293625,48.6443571],[8.0297142,48.6450961],[8.0311941,48.6482022],[8.0317506,48.6493715],[8.032008,48.6499125],[8.032267,48.6504495],[8.0325281,48.650988],[8.0327939,48.6515251],[8.0330632,48.65206],[8.0333456,48.6525946],[8.0336303,48.6531262],[8.0339295,48.6536569],[8.0342331,48.6541771],[8.034545,48.654695],[8.0348674,48.6552086],[8.0352014,48.6557224],[8.0355448,48.6562333],[8.0358977,48.656743],[8.0362617,48.6572496],[8.036633,48.6577534],[8.037018,48.6582561],[8.0374112,48.6587551],[8.0374529,48.6588064],[8.0378135,48.6592515],[8.0382243,48.6597442],[8.0386422,48.660227],[8.0390665,48.6607066],[8.0395032,48.6611827],[8.0399463,48.6616568],[8.0404043,48.6621321],[8.0408696,48.6626021],[8.0413462,48.6630697],[8.0418294,48.6635344],[8.0423218,48.6639905],[8.0428213,48.6644443],[8.0433295,48.6648935],[8.0438431,48.665339],[8.0448862,48.666221],[8.045941,48.667097],[8.0472912,48.6682115],[8.0473714,48.6682777],[8.0480659,48.668851],[8.0491061,48.6697136],[8.0501472,48.6705813],[8.0508471,48.6711769],[8.0511916,48.6714701],[8.0522198,48.6723643],[8.0522259,48.6723697],[8.0527753,48.6728585],[8.0532192,48.6732534],[8.0540883,48.6740449],[8.0542066,48.6741527],[8.0546954,48.6746053],[8.0556954,48.6755454],[8.0559383,48.6757796],[8.0561382,48.6759723],[8.056514,48.6763345],[8.0571681,48.6769438],[8.0579218,48.6777076],[8.0593828,48.6792113],[8.0610323,48.6810075],[8.062071,48.682173],[8.0629269,48.6832169],[8.0637341,48.6841963],[8.0656678,48.6867248],[8.0665601,48.6879567],[8.0671592,48.6888215],[8.0679133,48.6899565],[8.0687954,48.6913117],[8.0695376,48.6925389],[8.0704976,48.69417],[8.0710184,48.6950732],[8.0717867,48.6963884],[8.072561,48.6977307],[8.0734026,48.6991519],[8.0740589,48.7002026],[8.0747444,48.7012621],[8.0755077,48.7023481],[8.0758738,48.7028431],[8.0765249,48.7036694],[8.0772609,48.7045864],[8.0779918,48.7054336],[8.0788579,48.7064175],[8.0792726,48.7068909],[8.0800624,48.707719],[8.0808117,48.7085036],[8.0812128,48.7089415],[8.0826197,48.7103351],[8.0833357,48.7110457],[8.0844928,48.7121672],[8.0860175,48.7135667],[8.0874782,48.714856],[8.0883575,48.7156141],[8.0895313,48.7165982],[8.0898853,48.7168988],[8.091655,48.7183235],[8.0928775,48.7192723],[8.0944508,48.7204638],[8.0959608,48.7215962],[8.0967198,48.7221332],[8.0973064,48.7225453],[8.0976523,48.7227834],[8.0986974,48.7235197],[8.0994997,48.7240612],[8.1020099,48.7258304],[8.1031745,48.7266896],[8.1035991,48.7270012],[8.1041238,48.7274014],[8.104476,48.7276684],[8.1055768,48.7285343],[8.1062472,48.7290825],[8.1070703,48.7297662],[8.1076189,48.7302362],[8.1080409,48.7305977],[8.1092469,48.7316807],[8.1099137,48.7323044],[8.1108836,48.7332212],[8.1118264,48.7341476],[8.1127743,48.7351278],[8.1139216,48.736372],[8.1155707,48.7382547],[8.1161401,48.7389244],[8.1168676,48.7397658],[8.1174429,48.7404281],[8.1186917,48.741807],[8.1196655,48.7428801],[8.1202644,48.7434873],[8.1210359,48.7442589],[8.1217147,48.7449067],[8.1226838,48.7458202],[8.1234643,48.7465666],[8.1241089,48.747158],[8.1242807,48.7473157],[8.1254784,48.7484472],[8.1273726,48.7502812],[8.128679,48.7516511],[8.1304622,48.7536353],[8.1313178,48.7546539],[8.1322416,48.7558274],[8.1326644,48.7563579],[8.1333217,48.7572167],[8.133903,48.7580307],[8.1347092,48.7591827],[8.1355239,48.7604345],[8.1363664,48.7618365],[8.1373742,48.763417],[8.1375646,48.7637179],[8.1379402,48.7643611],[8.1383751,48.7650916],[8.1394674,48.7668593],[8.1402781,48.7682112],[8.1413439,48.7699247],[8.1423892,48.7716559],[8.1425639,48.7719234],[8.1432885,48.7731455],[8.1441904,48.7746285],[8.1448451,48.7756921],[8.1451072,48.7761024],[8.1454878,48.7766982],[8.1461182,48.7776987],[8.1467637,48.7787178],[8.1474222,48.7797165],[8.1477614,48.7802506],[8.1481013,48.7807102],[8.1488409,48.7817544],[8.14964,48.7827674],[8.1503882,48.7836305],[8.1508555,48.7841565],[8.1511571,48.78448],[8.1516516,48.7849915],[8.1521489,48.785492],[8.1531188,48.7864219],[8.1538098,48.7870554],[8.1541195,48.7873301],[8.1543051,48.7874948],[8.1547153,48.7878333],[8.1561322,48.7889817],[8.1586094,48.7908512],[8.1593056,48.7913637],[8.1606437,48.7923528],[8.1617044,48.7931236],[8.1635038,48.7944523],[8.1639165,48.794768],[8.1645316,48.7952156],[8.1651147,48.795667],[8.1667514,48.796847],[8.1670967,48.7971058],[8.1675861,48.7974793],[8.1681983,48.7979291],[8.1688803,48.7984246],[8.1695312,48.7989032],[8.1714552,48.8003194],[8.172794,48.8012748],[8.1734742,48.8017952],[8.1754584,48.8032542],[8.1773473,48.8046185],[8.1784029,48.8053963],[8.1801334,48.8066671],[8.1806418,48.8070438],[8.1813752,48.8075873],[8.1820333,48.8080749],[8.1821278,48.8081484],[8.1836285,48.8092046],[8.1845043,48.809823],[8.1856272,48.8105942],[8.1865588,48.8112356],[8.1877375,48.812046],[8.1914436,48.8145148],[8.1939878,48.8161491],[8.1963357,48.8176143],[8.1969191,48.8179782],[8.1988124,48.8191253],[8.2007234,48.8202688],[8.2013562,48.8206406],[8.2022497,48.8211657],[8.2037329,48.8220223],[8.2038571,48.822098],[8.205036,48.8227698],[8.2051714,48.8228463],[8.2057283,48.8231632],[8.2059107,48.8232665],[8.2064105,48.8235414],[8.2080851,48.8244624],[8.2091617,48.8250511],[8.2095819,48.825275],[8.2099266,48.8254574],[8.211655,48.826431],[8.2120336,48.8266339],[8.2132383,48.8273386],[8.2139444,48.8277788],[8.2149194,48.8283884],[8.2163208,48.8293302],[8.2167422,48.8296343],[8.2174224,48.830127],[8.2181437,48.8306689],[8.2185388,48.8309864],[8.2189196,48.8312915],[8.2194577,48.8317374],[8.2199841,48.8321848],[8.220503,48.8326401],[8.2210124,48.8331227],[8.2214742,48.8335387],[8.2219188,48.8339713],[8.2222861,48.8343358],[8.2227754,48.8348363],[8.2237763,48.8359341],[8.2243439,48.8365874],[8.2245221,48.8367959],[8.2245863,48.8368712],[8.2254393,48.8378723],[8.2261421,48.8387129],[8.2263104,48.8389141],[8.226885,48.8396014],[8.2279036,48.8408246],[8.2281601,48.8411326],[8.2286826,48.8417561],[8.2296493,48.8429107],[8.231312,48.8448864],[8.2316045,48.845234],[8.2322035,48.8459535],[8.2325109,48.8463126],[8.2332686,48.8472277],[8.2340359,48.8481458],[8.2344799,48.8486775],[8.235562,48.8499734],[8.2377272,48.8525542],[8.2379456,48.8528145],[8.2410372,48.8565078],[8.2418202,48.8574321],[8.2430411,48.8589169],[8.2444625,48.8606094],[8.2446022,48.8607758],[8.2456389,48.8619959],[8.245973,48.8623892],[8.2472464,48.8639152],[8.2476361,48.8643795],[8.2483802,48.8652725],[8.2483952,48.8652905],[8.2488315,48.8657979],[8.2501394,48.8673533],[8.2507416,48.8680751],[8.2509598,48.8683353],[8.2519074,48.8694652],[8.2522713,48.869896],[8.2532802,48.8711172],[8.2539078,48.8718651],[8.2542759,48.8722953],[8.254939,48.8730703],[8.2556046,48.8737755],[8.2562962,48.8744795],[8.256741,48.874907],[8.2572076,48.875323],[8.257628,48.8756825],[8.2580644,48.8760361],[8.2586657,48.8764923],[8.2594869,48.8770604],[8.2599155,48.877342],[8.26036,48.8776138],[8.2608995,48.877936],[8.2614687,48.8782499],[8.2622375,48.8786564],[8.2629868,48.8790175],[8.2637898,48.8793843],[8.2645679,48.8797267],[8.2655751,48.880147],[8.2669741,48.880724],[8.2687332,48.8814193],[8.2690589,48.881548],[8.2709983,48.8823261],[8.2729692,48.8830918],[8.2743857,48.8836393],[8.2749387,48.8838531],[8.27693,48.884601],[8.2788892,48.8853315],[8.2805709,48.885946],[8.2808639,48.8860531],[8.2818093,48.8863898],[8.282746,48.8867136],[8.2841633,48.8871824],[8.2857942,48.8877003],[8.2865772,48.8879225],[8.2893546,48.8887236],[8.2915969,48.8893315],[8.2925652,48.8895765],[8.2928962,48.8896617],[8.2938913,48.8899178],[8.2967224,48.8906522],[8.2992263,48.8913179],[8.3056143,48.8930298],[8.3121425,48.8947753],[8.3126994,48.8949249],[8.3160975,48.8958414],[8.3183776,48.8964423],[8.3206499,48.8970585],[8.3243498,48.8980507],[8.3280598,48.8990408],[8.3309059,48.8998072],[8.3342429,48.9007058],[8.3372449,48.9015141],[8.3378223,48.9016695],[8.3389373,48.9019594],[8.3400341,48.9022647],[8.3411996,48.9026363],[8.3417723,48.9028407],[8.3423292,48.9030609],[8.342729,48.9032329],[8.3431208,48.9034098],[8.3433031,48.903499],[8.3435056,48.903598],[8.34388,48.9037871],[8.3442525,48.9039881],[8.344619,48.9041974],[8.3449673,48.904412],[8.3453064,48.9046283],[8.3456442,48.9048615],[8.3459707,48.9050956],[8.3462857,48.9053388],[8.3465917,48.9055843],[8.3469384,48.9058903],[8.3472692,48.9061996],[8.3475891,48.9065273],[8.347895,48.9068577],[8.3481251,48.9071356],[8.3483453,48.9074177],[8.3485515,48.9077038],[8.3487424,48.9079919],[8.3490258,48.9084593],[8.3492834,48.9089321],[8.3495215,48.9094117],[8.349751,48.9098967],[8.3503015,48.9111311],[8.3508376,48.9123706],[8.3521323,48.9152395],[8.3525357,48.9161334],[8.3533717,48.9180045],[8.3542129,48.9197937],[8.3542904,48.919948],[8.3545042,48.9204628],[8.3555827,48.9229307],[8.3579977,48.9282785],[8.359899,48.9325108],[8.3618536,48.9368616],[8.3623783,48.9380295],[8.3625983,48.9384805],[8.3628337,48.9389421],[8.3630813,48.9394007],[8.3633416,48.9398475],[8.3635638,48.9402069],[8.3637957,48.9405402],[8.3640348,48.9408783],[8.3641292,48.9409993],[8.3643031,48.9412222],[8.3649492,48.9420125],[8.3653088,48.9423985],[8.3656627,48.9427784],[8.3661794,48.9432881],[8.3674654,48.9445072],[8.3678923,48.9448975],[8.3719434,48.9485944],[8.3725219,48.9491244],[8.374066,48.9505408],[8.3756641,48.95204],[8.3759113,48.9522675],[8.3760408,48.9523867],[8.3764314,48.9527307],[8.3768273,48.9530645],[8.3772538,48.9533988],[8.3777092,48.9537315],[8.3782654,48.9541261],[8.3787684,48.9544453],[8.3792076,48.9547057],[8.3797372,48.9550093],[8.3802685,48.9552946],[8.3805688,48.9554356],[8.3814207,48.9558357],[8.3831106,48.9565075],[8.3833399,48.9565876],[8.3837853,48.9567339],[8.3842361,48.9568745],[8.3846859,48.9570143],[8.3853586,48.9571895],[8.3859311,48.9573307],[8.3864869,48.9574527],[8.3866037,48.9574773],[8.3866557,48.9574879],[8.3871646,48.957594],[8.3885444,48.9578313],[8.3897382,48.9580195],[8.3904532,48.9581345],[8.3923902,48.9584287],[8.3925952,48.9584613],[8.3976901,48.9592534],[8.4004802,48.9596743],[8.403361,48.9601251],[8.4045912,48.9603274],[8.4068498,48.9607005],[8.4078863,48.9608693],[8.4085004,48.9609784],[8.4090144,48.9610809],[8.4099102,48.9612776],[8.4103236,48.9613888],[8.4110065,48.9615747],[8.4118585,48.9618346],[8.4124391,48.9620429],[8.4127387,48.9621472],[8.4128121,48.9621737],[8.4136475,48.9624807],[8.4162515,48.9634609],[8.4170997,48.9637823],[8.4189398,48.9644794],[8.4193437,48.9646337],[8.4217044,48.9655061],[8.4229988,48.9659855],[8.4241716,48.9664526],[8.4247314,48.9666868],[8.4255768,48.9670405],[8.429007,48.9685118],[8.4306145,48.9692219],[8.4308121,48.9693061],[8.4314233,48.9695665],[8.4319953,48.9698045],[8.4328872,48.9702178],[8.4334905,48.9705358],[8.4336318,48.9706138],[8.4340535,48.9708781],[8.4342289,48.9709937],[8.434477,48.9711704],[8.434641,48.971293],[8.4347734,48.9713983],[8.4349259,48.9715227],[8.4350566,48.9716344],[8.4351882,48.9717383],[8.435296,48.9718406],[8.435376,48.9719158],[8.4356393,48.9721635],[8.4358351,48.9723847],[8.4359742,48.972543],[8.4360964,48.9726884],[8.4361608,48.9727735],[8.4362119,48.9728411],[8.4363536,48.9730459],[8.4364308,48.9731606],[8.4365114,48.9732833],[8.4366388,48.973488],[8.4367049,48.9736167],[8.4369251,48.9740503],[8.4370199,48.97427],[8.4371312,48.9745983],[8.4371567,48.9746881],[8.4372067,48.9748582],[8.437271,48.9751284],[8.4373494,48.9756322],[8.4373593,48.9759735],[8.4373554,48.9762267],[8.4372829,48.9777405],[8.4372352,48.9784175],[8.4371942,48.978823],[8.4371571,48.9792203],[8.4371189,48.9796808],[8.4370589,48.9805176],[8.4370361,48.9808409],[8.4369532,48.9818814],[8.4368707,48.9825011],[8.4368228,48.9831015],[8.4367249,48.9843083],[8.4366954,48.9846339],[8.4366262,48.9854086],[8.4365861,48.9858582],[8.4364799,48.9873656],[8.4363425,48.9887776],[8.4362647,48.98977],[8.4362488,48.9899835],[8.4362437,48.9901893],[8.4362736,48.9905482],[8.4362937,48.9908377],[8.4363286,48.9910524],[8.4364108,48.9914788],[8.4364798,48.9917374],[8.4365635,48.9919861],[8.4366652,48.9922614],[8.4369341,48.9928373],[8.4370783,48.9931213],[8.4372251,48.9933653],[8.4373324,48.9935404],[8.4374308,48.9936919],[8.4378076,48.994181],[8.4380521,48.9944663],[8.438353,48.994781],[8.438703,48.9951146],[8.4390051,48.9953703],[8.439399,48.9956863],[8.4398919,48.9960469],[8.4403502,48.9963377],[8.4407159,48.9965694],[8.4422468,48.9975481],[8.443514,48.9983509],[8.4459886,48.9999344],[8.4462906,49.0001292],[8.447344,49.0008126],[8.4476844,49.0010335],[8.4484977,49.0015509],[8.4507378,49.0029874],[8.4522165,49.0039349],[8.4536227,49.0048402],[8.4549412,49.00571],[8.4561824,49.006569],[8.4566911,49.0069481],[8.4576207,49.0076532],[8.4582573,49.0081487],[8.4583211,49.0081984],[8.4588835,49.0086487],[8.4594727,49.0091344],[8.4600407,49.0096215],[8.4606747,49.010191],[8.4613921,49.0108433],[8.4614737,49.0109204],[8.4616898,49.011133],[8.4619816,49.0114078],[8.4622512,49.0116636],[8.4628826,49.0122699],[8.4634365,49.0127989],[8.4649273,49.0142222],[8.4657615,49.0150208],[8.46743,49.0166176],[8.4680555,49.0172162],[8.4683803,49.017527],[8.4701729,49.0192477],[8.4707688,49.0198079],[8.4718613,49.0208527],[8.4720725,49.0210587],[8.4729984,49.0219397],[8.4745572,49.0234304],[8.475455,49.0242895],[8.4760834,49.0248992],[8.4765906,49.0253926],[8.4772546,49.0260607],[8.4776974,49.0265268],[8.4784298,49.0273161],[8.4789812,49.027932],[8.4792198,49.028206],[8.4794779,49.0285144],[8.4798865,49.0290057],[8.4800674,49.0292333],[8.4805625,49.0298562],[8.4810864,49.0305557],[8.4817151,49.0314284],[8.4823779,49.0324068],[8.4825789,49.0327067],[8.4828748,49.0331424],[8.48298,49.0333009],[8.4831387,49.0335372],[8.4834072,49.0339443],[8.4839234,49.03473],[8.4846108,49.0357607],[8.4850237,49.0363803],[8.4857236,49.0374201],[8.4862114,49.0381565],[8.487616,49.0402731],[8.4880499,49.0409222],[8.4883809,49.0414234],[8.488504,49.0416029],[8.4886055,49.0417509],[8.4893376,49.0428481],[8.4902853,49.0442881],[8.4916393,49.0462945],[8.4920635,49.0469106],[8.4930716,49.0483218],[8.4950106,49.0510433],[8.4976697,49.0547603],[8.4985024,49.0559242],[8.5004435,49.0586246],[8.5008335,49.0591927],[8.502197,49.0610894],[8.5033415,49.0626901],[8.5044878,49.0642921],[8.5049763,49.0649778],[8.5054568,49.0656483],[8.5057461,49.0660524],[8.5063282,49.0668648],[8.5066138,49.0672654],[8.506919,49.0676916],[8.507491,49.0684912],[8.5081849,49.0694627],[8.5087694,49.0702661],[8.5089064,49.0704698],[8.5090539,49.07068],[8.5094605,49.0712554],[8.5099183,49.0718673],[8.510155,49.0721663],[8.510399,49.0724612],[8.5106231,49.0727233],[8.5108845,49.0730114],[8.5112339,49.0733811],[8.5116466,49.0737956],[8.511959,49.0740903],[8.5122121,49.0743214],[8.5124791,49.0745586],[8.5127171,49.0747625],[8.5130595,49.0750439],[8.5135072,49.0754071],[8.5144914,49.0761551],[8.5154764,49.0769363],[8.5192855,49.0799379],[8.5210129,49.0812984],[8.5227537,49.0826686],[8.5238693,49.083536],[8.5246749,49.0841719],[8.5254562,49.0847915],[8.5270297,49.0861365],[8.5276539,49.0866501],[8.5279533,49.0869248],[8.5282525,49.087203],[8.5292707,49.0881637],[8.5301893,49.0890851],[8.5309993,49.0899372],[8.5314729,49.0904578],[8.5318851,49.0909274],[8.532362,49.091492],[8.532821,49.0920391],[8.5334175,49.0927867],[8.5341154,49.0936671],[8.5347439,49.0944582],[8.5366292,49.0968281],[8.5369215,49.0971955],[8.539191,49.1000527],[8.5397918,49.100809],[8.5398939,49.1009376],[8.541402,49.1028403],[8.5421668,49.1038153],[8.5426638,49.1044471],[8.5430203,49.1048793],[8.5444824,49.1067215],[8.5470712,49.1099716],[8.5485714,49.1118694],[8.5488301,49.1122062],[8.5491567,49.1126523],[8.549636,49.113368],[8.5498828,49.1137644],[8.5501066,49.1141613],[8.5503488,49.1146518],[8.5505812,49.1151502],[8.5507976,49.1156444],[8.5509924,49.1161436],[8.5511407,49.1165929],[8.5512721,49.1170409],[8.5513833,49.1174806],[8.5514787,49.11791],[8.5515509,49.1183047],[8.5516135,49.1187334],[8.5516537,49.1190931],[8.5516813,49.1194515],[8.5517031,49.1198037],[8.5517097,49.1202496],[8.5516978,49.1206412],[8.5517045,49.121011],[8.5516681,49.1214619],[8.5516184,49.1219099],[8.5514971,49.1228096],[8.5511994,49.125173],[8.5510383,49.126428],[8.5509692,49.1270669],[8.5509281,49.1277043],[8.5509131,49.128117],[8.5509138,49.1285236],[8.5509195,49.1290232],[8.5509436,49.1295153],[8.5509948,49.1300606],[8.551066,49.1305982],[8.5511438,49.1310891],[8.5511718,49.1312659],[8.5512531,49.1317352],[8.5513556,49.1321917],[8.5515139,49.1327804],[8.5517095,49.1333678],[8.5517763,49.1335576],[8.5520184,49.1342375],[8.5523277,49.1349733],[8.5525438,49.1354176],[8.5528072,49.1359633],[8.5530435,49.136402],[8.5532919,49.136843],[8.55343,49.1370761],[8.5534682,49.1371449],[8.5536227,49.1373977],[8.5540695,49.1381317],[8.554363,49.1386095],[8.5544298,49.1387177],[8.5546747,49.1391145],[8.5547091,49.1391698],[8.5554577,49.1404026],[8.5556206,49.140665],[8.5559852,49.1412597],[8.5562387,49.1416814],[8.556423,49.1419843],[8.5565072,49.1421217],[8.5565953,49.1422798],[8.5568682,49.1427154],[8.5569926,49.1429092],[8.5570346,49.1429782],[8.5573269,49.1434592],[8.5578892,49.1443624],[8.5585043,49.1453819],[8.5592332,49.1465685],[8.559768,49.1474392],[8.5604254,49.1484615],[8.5606982,49.1488825],[8.563171,49.152711],[8.5640323,49.1540326],[8.5645315,49.1548031],[8.5646427,49.154976],[8.5649443,49.1554451],[8.5651841,49.1558158],[8.5655091,49.1563183],[8.5657699,49.1567229],[8.5666105,49.1580264],[8.5677578,49.1597675],[8.568253,49.1605647],[8.5687068,49.1613015],[8.5695192,49.1626608],[8.5697772,49.1631137],[8.5701956,49.1638362],[8.5704393,49.1642761],[8.5711601,49.1655768],[8.5716872,49.1665411],[8.5720551,49.1672172],[8.5727676,49.168513],[8.5729283,49.1688053],[8.5733206,49.1695316],[8.5733834,49.1696448],[8.5738145,49.1704462],[8.5742502,49.1712443],[8.5744049,49.1715254],[8.5744115,49.171538],[8.5752154,49.172975],[8.5760848,49.1745704],[8.5767482,49.1757761],[8.5769471,49.1761255],[8.5779557,49.177975],[8.57873,49.1792968],[8.5791361,49.1799767],[8.5791484,49.1799972],[8.5804463,49.1820236],[8.5815198,49.1836513],[8.5818325,49.1841063],[8.5842748,49.1876911],[8.5846205,49.1882005],[8.5846583,49.1882555],[8.5877578,49.1927651],[8.5902171,49.1963747],[8.5902962,49.1964922],[8.5910513,49.1976124],[8.5912436,49.1979023],[8.5925248,49.1997668],[8.5930178,49.2004877],[8.5935138,49.201213],[8.594509,49.2027329],[8.5957446,49.2046075],[8.5962353,49.2053654],[8.5963959,49.2056194],[8.598429,49.2087366],[8.5986605,49.2090905],[8.5989168,49.2094845],[8.599404,49.2102616],[8.5995471,49.2104809],[8.5998241,49.2109054],[8.6006889,49.2122368],[8.6011263,49.2128853],[8.6019125,49.2141197],[8.602286,49.2147455],[8.6026374,49.2154003],[8.6027495,49.2156286],[8.6029892,49.2161302],[8.6031477,49.2165156],[8.60329,49.2169007],[8.6033308,49.2170035],[8.6035481,49.2176408],[8.603749,49.2184204],[8.603787,49.2186147],[8.6039258,49.2193233],[8.6039603,49.2196295],[8.6040027,49.220005],[8.6040454,49.2205322],[8.6040393,49.2213292],[8.6040279,49.2216529],[8.6040198,49.2218831],[8.6039941,49.2222045],[8.6039796,49.2223423],[8.603813,49.2236115],[8.6037656,49.2239952],[8.6036864,49.2245532],[8.6035829,49.22535],[8.6035212,49.2258196],[8.6033649,49.2270342],[8.6033407,49.2272207],[8.6033068,49.2274809],[8.6031611,49.2285418],[8.6030619,49.2292636],[8.6029834,49.2298663],[8.6028812,49.2306516],[8.6028301,49.2310439],[8.6027893,49.231355],[8.6026452,49.2324127],[8.602063,49.2368515],[8.6019972,49.2374064],[8.6019079,49.2382059],[8.6017133,49.2396015],[8.6015841,49.2405281],[8.6011289,49.2437351],[8.6011054,49.2438982],[8.6010859,49.2440556],[8.6010545,49.2442887],[8.6010199,49.2445454],[8.6009697,49.2449044],[8.6009527,49.2450369],[8.6009335,49.2451864],[8.6008197,49.2460867],[8.600778,49.2464282],[8.6007036,49.2469707],[8.6006512,49.2473529],[8.6005029,49.2484338],[8.6005005,49.2484556],[8.6004758,49.2486796],[8.6004265,49.2491271],[8.6003916,49.2496725],[8.6003865,49.2499294],[8.6003842,49.2501998],[8.6003906,49.2503729],[8.6004219,49.2510268],[8.6004528,49.2513888],[8.6005114,49.2518763],[8.6007046,49.2528387],[8.6007655,49.2531162],[8.6009501,49.2537451],[8.6011751,49.2543655],[8.601594,49.2553841],[8.6018051,49.2558101],[8.602064,49.2563036],[8.6023263,49.2567553],[8.6025601,49.2571282],[8.6030971,49.2579088],[8.6034531,49.2583604],[8.6040372,49.2590943],[8.6048433,49.2600789],[8.6053522,49.2606838],[8.6055396,49.2609149],[8.6058676,49.2613109],[8.6060734,49.2615548],[8.6060934,49.2615785],[8.6068895,49.2625397],[8.6074374,49.2631888],[8.6077663,49.263589],[8.6092849,49.2654388],[8.6093949,49.265571],[8.6100007,49.2663097],[8.6101326,49.2664627],[8.6104936,49.2669045],[8.6106456,49.2670827],[8.6117756,49.2684247],[8.6134499,49.2704439],[8.6135944,49.2706133],[8.6143749,49.2715508],[8.614747,49.272018],[8.6160344,49.2736126],[8.6165497,49.2742921],[8.616582,49.274341],[8.6167571,49.274606],[8.617059,49.275027],[8.617568,49.2757458],[8.6180688,49.276487],[8.6182608,49.2767771],[8.6184883,49.277121],[8.6190259,49.2779774],[8.6195029,49.2787777],[8.6202821,49.2801555],[8.620508,49.2805933],[8.6208498,49.2812616],[8.620959,49.2814782],[8.621112,49.2818049],[8.6215485,49.2827366],[8.6219272,49.2835909],[8.622378,49.2847156],[8.6227562,49.2857155],[8.6230714,49.2866366],[8.6232455,49.2871704],[8.6236467,49.2885239],[8.6238489,49.289314],[8.624157,49.2905978],[8.6244224,49.291707],[8.6245058,49.2920512],[8.6247495,49.293057],[8.6249376,49.2938613],[8.6251198,49.294633],[8.6252338,49.2951069],[8.6254827,49.2961419],[8.6256592,49.2969036],[8.6259037,49.2979413],[8.6261165,49.2988348],[8.626139,49.2989275],[8.6261814,49.2991022],[8.6264735,49.3003378],[8.6265832,49.3007975],[8.6268496,49.3019141],[8.6268968,49.3021114],[8.6269833,49.3024527],[8.6271993,49.3033756],[8.6272863,49.3037314],[8.6273678,49.3040821],[8.6275799,49.3049659],[8.6286785,49.3095704],[8.6288855,49.3104817],[8.6289981,49.3110347],[8.6290703,49.3113945],[8.6292338,49.3124141],[8.6293435,49.3132259],[8.6294595,49.3144607],[8.6295012,49.3151236],[8.6295743,49.3164735],[8.6295969,49.3169178],[8.6296904,49.318857],[8.6297266,49.3194743],[8.6297895,49.3205446],[8.6297973,49.3206771],[8.6298682,49.3220605],[8.6299332,49.3232195],[8.6299998,49.3244908],[8.6300163,49.3248118],[8.630049,49.3253868],[8.6300749,49.3258516],[8.6300915,49.3261503],[8.6301006,49.3263531],[8.6301593,49.3273823],[8.6302368,49.3289408],[8.6302486,49.3291722],[8.6303125,49.3303899],[8.630413,49.3323005],[8.6305467,49.3348307],[8.6305748,49.3353752],[8.6307041,49.337809],[8.6308696,49.3409079],[8.6309674,49.3427588],[8.6310156,49.3436583],[8.6310275,49.3438813],[8.6310652,49.3445834],[8.6310919,49.345082],[8.6310974,49.3451869],[8.6311178,49.3455788],[8.6311683,49.34647],[8.6311977,49.347134],[8.6312723,49.3484036],[8.6313515,49.3499281],[8.6313774,49.3504163],[8.6314042,49.3509016],[8.6314459,49.3517116],[8.6314791,49.3523054],[8.6315091,49.3528599],[8.6315503,49.3534127],[8.6315736,49.354084],[8.6315975,49.3544665],[8.6316287,49.3550819],[8.6316478,49.3554531],[8.631746,49.3572967],[8.631749,49.3573534],[8.6317513,49.3573967],[8.6318308,49.3588905],[8.6319192,49.3605504],[8.6319733,49.3615665],[8.63199,49.361881],[8.6320064,49.3622562],[8.6320321,49.3627325],[8.6320677,49.3633933],[8.6320735,49.3635005],[8.6321657,49.3652769],[8.6322166,49.3663036],[8.6322197,49.3663566],[8.6323248,49.3681906],[8.6323966,49.3695612],[8.6324592,49.3707369],[8.6324721,49.3709793],[8.632536,49.37223],[8.6325837,49.3730532],[8.6326222,49.373452],[8.6326762,49.3738722],[8.6328112,49.3746344],[8.632961,49.3752436],[8.6330161,49.3754678],[8.6332123,49.3760691],[8.6334646,49.3767475],[8.6336592,49.3772038],[8.633804,49.3775115],[8.6339784,49.3778703],[8.6342271,49.3783255],[8.634478,49.3787644],[8.6348821,49.3794699],[8.6351026,49.3798548],[8.6352643,49.3801371],[8.6361598,49.381701],[8.6366032,49.3824754],[8.6372824,49.3836655],[8.6374056,49.383889],[8.6375864,49.3842342],[8.637721,49.3845121],[8.6377765,49.3846268],[8.6379409,49.3849903],[8.6380986,49.38537],[8.6381894,49.3856125],[8.6383009,49.3859252],[8.6384392,49.3863517],[8.6384956,49.3865345],[8.6385463,49.3867166],[8.6386229,49.3870083],[8.6386913,49.3872975],[8.6387508,49.3875844],[8.6387954,49.3878325],[8.6388701,49.3883129],[8.6389392,49.3889558],[8.6389659,49.3894354],[8.6389751,49.3898792],[8.6389676,49.3902442],[8.6389552,49.3905658],[8.6389311,49.3908889],[8.6389042,49.3911513],[8.6388556,49.3915301],[8.6388032,49.3919558],[8.6387891,49.3920926],[8.6387245,49.3926009],[8.638656,49.3930603],[8.6385863,49.393615],[8.6382653,49.3961262],[8.6381022,49.3973263],[8.6380822,49.3974795],[8.6380462,49.3977559],[8.6379031,49.3988541],[8.6377266,49.4002003],[8.6374343,49.4024914],[8.6373903,49.4028238],[8.6370755,49.4051372],[8.637011,49.4056027],[8.6368257,49.4064388],[8.6368063,49.4065182],[8.6367003,49.4069065],[8.6364495,49.407657],[8.6362744,49.4081164],[8.6359647,49.4088886],[8.6356753,49.4096413],[8.6353745,49.4104268],[8.6349536,49.4115105],[8.6348258,49.4118637],[8.6344695,49.413035],[8.6341259,49.4144946],[8.6340422,49.4148777],[8.634004,49.4151247],[8.6338466,49.4160547],[8.633753,49.4171702],[8.6337033,49.4178035],[8.6336813,49.4185259],[8.6336883,49.4198496],[8.6337499,49.4206822],[8.633847,49.4216146],[8.6339888,49.4225804],[8.6341242,49.4233171],[8.634263,49.4239081],[8.6346126,49.4252297],[8.6347222,49.4255845],[8.6350396,49.4264836],[8.635057,49.4265236],[8.6352437,49.4270453],[8.6355638,49.4278301],[8.6357416,49.4282225],[8.6359557,49.4286858],[8.6360488,49.428885],[8.6361489,49.4290823],[8.6367323,49.4301694],[8.6371507,49.4309019],[8.6378571,49.4320267],[8.6379439,49.4321651],[8.6385989,49.4331556],[8.639083,49.4338573],[8.6393863,49.4342857],[8.6395094,49.4344603],[8.6402782,49.4355555],[8.6403676,49.4356778],[8.6409782,49.4365635],[8.6417243,49.4376811],[8.6418469,49.4378647],[8.6418808,49.4379154],[8.6425461,49.438953],[8.6430711,49.4398999],[8.6435215,49.4407085],[8.6438633,49.4414101],[8.6443456,49.442428],[8.6446823,49.4432048],[8.6450435,49.4440951],[8.6454396,49.4451927],[8.6457494,49.4461832],[8.6459081,49.4467203],[8.6462469,49.4480988],[8.6463654,49.448724],[8.6463964,49.4489109],[8.6464285,49.4490557],[8.6464937,49.4493901],[8.6467096,49.4508453],[8.6468442,49.4526276],[8.6468564,49.4529983],[8.6468575,49.453148],[8.646872,49.4536159],[8.6468656,49.4542815],[8.6468349,49.4552137],[8.6468137,49.4555821],[8.6467453,49.4563933],[8.6466228,49.4574992],[8.6464719,49.4584451],[8.646377,49.458979],[8.6462241,49.4597705],[8.6460397,49.4606177],[8.6456895,49.4619463],[8.6454839,49.4627402],[8.6452469,49.4635257],[8.6445164,49.4658516],[8.6441458,49.4668686],[8.6440267,49.4672169],[8.6436561,49.4682325],[8.6435149,49.4686099],[8.6418872,49.47297],[8.6418485,49.4730756],[8.6409446,49.4756365],[8.6404693,49.4770864],[8.6402517,49.477792],[8.6400959,49.4783395],[8.6398456,49.479274],[8.6397299,49.4797658],[8.6395937,49.4803511],[8.6394828,49.4808659],[8.6392793,49.4818871],[8.639168,49.4825446],[8.6390466,49.4834845],[8.6389311,49.4846125],[8.6388605,49.4857249],[8.6388254,49.486678],[8.6388184,49.4876208],[8.6388358,49.4885728],[8.6388678,49.4895675],[8.6389402,49.4908729],[8.6390179,49.4921433],[8.6395458,49.4974264],[8.6397873,49.5005537],[8.6398674,49.5028953],[8.6398749,49.505102],[8.6398154,49.5070195],[8.6397037,49.5086748],[8.6396671,49.5090692],[8.6394798,49.5109129],[8.6393961,49.5115971],[8.6393826,49.5117075],[8.6392108,49.5128796],[8.6391456,49.5133232],[8.6389527,49.5144648],[8.6388774,49.5148945],[8.6387661,49.5155025],[8.6386925,49.5158667],[8.6385635,49.5164714],[8.6383327,49.5174974],[8.6379073,49.5192177],[8.6373803,49.5211105],[8.6373276,49.5212915],[8.6371154,49.5219678],[8.6365249,49.5237596],[8.6359769,49.5252862],[8.6357959,49.5257641],[8.635062,49.5276299],[8.6349253,49.5279548],[8.6342965,49.5294513],[8.6334169,49.5314659],[8.6323119,49.5339893],[8.631592,49.5356391],[8.6310534,49.5369194],[8.6310095,49.5370252],[8.6306992,49.5378302],[8.6306617,49.5379267],[8.6301962,49.5390987],[8.6297575,49.5402613],[8.6296844,49.5404631],[8.6294095,49.5412542],[8.629008,49.5425086],[8.628498,49.5442966],[8.6283554,49.5448907],[8.6282754,49.5452553],[8.6282051,49.5455831],[8.6279168,49.5470814],[8.6278083,49.5479253],[8.6276983,49.5488953],[8.6276733,49.5492446],[8.6276238,49.5501934],[8.6276146,49.5510555],[8.6276631,49.5524291],[8.6277217,49.5530852],[8.627825,49.5539725],[8.6279756,49.554982],[8.6282097,49.556144],[8.6283054,49.556566],[8.6284686,49.55719],[8.6288586,49.5584536],[8.6293126,49.5597495],[8.6296632,49.5605819],[8.630091,49.5615777],[8.6304461,49.5623167],[8.6316461,49.5647353],[8.6327849,49.5670658],[8.6335412,49.5687891],[8.6338635,49.5696174],[8.6340909,49.5702706],[8.6342425,49.5707225],[8.6343958,49.5712233],[8.6347004,49.5723541],[8.6349076,49.5732636],[8.6350272,49.5738837],[8.6351405,49.5745928],[8.6352441,49.5753502],[8.6353404,49.5762974],[8.6353785,49.5769264],[8.6353983,49.5781345],[8.6353773,49.5789752],[8.6353084,49.5800728],[8.6351848,49.5811949],[8.6350491,49.5820777],[8.6348658,49.5830041],[8.6346892,49.5837982],[8.6344632,49.5846141],[8.6342615,49.5853353],[8.6340226,49.5860688],[8.6337013,49.5870303],[8.6330866,49.5888384],[8.6327485,49.5898097],[8.6325956,49.5902275],[8.6322833,49.5911806],[8.6320987,49.5917788],[8.631818,49.5927491],[8.6316642,49.5933525],[8.6314292,49.5944715],[8.6312407,49.5956026],[8.6311249,49.5964073],[8.6310668,49.5970752],[8.631041,49.5973723],[8.6309732,49.5982903],[8.6308936,49.5998701],[8.6307983,49.6016634],[8.6306776,49.6028769],[8.6306164,49.6034549],[8.6305302,49.6040371],[8.6303379,49.6049555],[8.6302422,49.6053745],[8.6299999,49.6063926],[8.6297906,49.60718],[8.6296753,49.6075005],[8.629259,49.608709],[8.6288809,49.6096829],[8.6285618,49.6104002],[8.6282065,49.6111497],[8.6277087,49.6121202],[8.6274245,49.6126273],[8.626989,49.6133741],[8.6268404,49.6136228],[8.6265379,49.6140952],[8.6260444,49.6148644],[8.6255214,49.6155912],[8.6252009,49.6160086],[8.6245353,49.6168754],[8.6242055,49.6172778],[8.623771,49.6178007],[8.622829,49.6188691],[8.6222147,49.6195317],[8.6212706,49.6205269],[8.6198716,49.6219818],[8.6180247,49.6239058],[8.6176226,49.6243269],[8.6170443,49.6249556],[8.6166229,49.6254299],[8.6159066,49.6262692],[8.615538,49.6267164],[8.6151948,49.6271393],[8.6149482,49.6274511],[8.6144143,49.6281833],[8.6138238,49.6290257],[8.6130331,49.6302626],[8.6122427,49.6316634],[8.6115995,49.632968],[8.6112754,49.6337386],[8.6109509,49.6345663],[8.6109151,49.6346577],[8.6106011,49.6355421],[8.6103123,49.6364693],[8.6101264,49.6371751],[8.6100887,49.6373111],[8.6098725,49.6383398],[8.6096622,49.63957],[8.6095675,49.640339],[8.6094943,49.6411642],[8.6094671,49.64176],[8.609448,49.6430178],[8.60945,49.6430826],[8.6094696,49.6440225],[8.6094998,49.6445957],[8.6096779,49.6470698],[8.6097295,49.6477371],[8.6097709,49.6482524],[8.6098099,49.6488037],[8.609835,49.6494037],[8.6098674,49.650468],[8.6098687,49.6505328],[8.6098571,49.6517034],[8.6098296,49.652186],[8.6098255,49.6522639],[8.6097656,49.6529938],[8.609731,49.6532704],[8.6096731,49.6536726],[8.6095898,49.6541504],[8.6094911,49.6546258],[8.6093397,49.6552591],[8.6091603,49.6558976],[8.6089924,49.6564277],[8.6087959,49.656958],[8.6083918,49.6579397],[8.6075996,49.6595159],[8.6074883,49.6597103],[8.607413,49.6598426],[8.6072289,49.6601808],[8.6068819,49.6607712],[8.6064199,49.6615101],[8.6058247,49.6624174],[8.6054046,49.6630458],[8.6042959,49.6647196],[8.6033796,49.6661052],[8.6032643,49.66629],[8.6027704,49.6671069],[8.6023374,49.6678365],[8.602253,49.6679894],[8.6018165,49.6688101],[8.6013302,49.6698192],[8.6010464,49.670467],[8.600837,49.6710064],[8.6002796,49.6725637],[8.6001939,49.6728371],[8.6000721,49.6732667],[8.6000086,49.6735316],[8.5999539,49.6737411],[8.5998514,49.6741267],[8.5997449,49.674613],[8.599649,49.675158],[8.5994897,49.6762719],[8.5994113,49.6770753],[8.5993944,49.6775824],[8.5993933,49.6777255],[8.5993722,49.6782631],[8.5993893,49.6786426],[8.5994179,49.679201],[8.5994744,49.6797429],[8.5995355,49.6802471],[8.5996197,49.6807769],[8.5997708,49.6814683],[8.599913,49.6820448],[8.6001003,49.6827168],[8.6003024,49.6833444],[8.6004944,49.6838833],[8.6008769,49.6848743],[8.601324,49.6859179],[8.601657,49.6867383],[8.6020767,49.6877826],[8.6023179,49.6885175],[8.6025392,49.6892203],[8.6027759,49.6900714],[8.6029359,49.6908043],[8.6030498,49.6913871],[8.6031286,49.6919928],[8.6032266,49.6930406],[8.603236,49.6937452],[8.6032088,49.694373],[8.6031886,49.6948412],[8.6031239,49.6956394],[8.6030621,49.6960274],[8.602929,49.6967765],[8.6027593,49.697545],[8.6025929,49.6981542],[8.6023566,49.6988947],[8.6020471,49.6997514],[8.6015745,49.7009611],[8.601175,49.7019347],[8.5998732,49.7049144],[8.5992392,49.7064812],[8.5984801,49.7083776],[8.5977953,49.7101687],[8.5967374,49.7131058],[8.5963382,49.7143678],[8.5962983,49.7144845],[8.5958579,49.7158258],[8.5953109,49.7175259],[8.5948618,49.7190897],[8.5944133,49.7206692],[8.5938194,49.7229779],[8.5935799,49.7238321],[8.5932944,49.7250845],[8.5928875,49.726819],[8.5926375,49.7281095],[8.5924886,49.7289594],[8.5923846,49.7295835],[8.592301,49.7301592],[8.5922184,49.7307433],[8.5921366,49.7314058],[8.5920628,49.7320516],[8.5919974,49.7327104],[8.5918795,49.734326],[8.5917974,49.7362811],[8.5917771,49.7370954],[8.5917696,49.7384399],[8.5918399,49.7405181],[8.5919369,49.7419283],[8.5920182,49.7428679],[8.5921091,49.7436198],[8.5922154,49.7445298],[8.5923482,49.7454735],[8.5924568,49.746139],[8.5926023,49.7470422],[8.5929513,49.7487941],[8.5930688,49.7493478],[8.5930955,49.7494736],[8.5932039,49.7499181],[8.5932916,49.7502775],[8.5934406,49.7508926],[8.593696,49.7518524],[8.5939618,49.7527923],[8.5942258,49.7536767],[8.5944475,49.7543548],[8.5948997,49.7556709],[8.5952778,49.7566335],[8.5956578,49.7575245],[8.5959812,49.7582259],[8.5960542,49.7583843],[8.5962911,49.7588364],[8.5964765,49.7591903],[8.5969324,49.7600173],[8.597591,49.7610562],[8.5979811,49.7616506],[8.5984103,49.7622421],[8.5988118,49.7627728],[8.5992733,49.7633469],[8.5998474,49.7640298],[8.6003452,49.7645753],[8.6008726,49.7651284],[8.6015746,49.7658378],[8.6020446,49.7662708],[8.6026202,49.7667862],[8.603213,49.7672993],[8.6038985,49.7678666],[8.6044471,49.7682914],[8.6050479,49.7687486],[8.6056869,49.7692153],[8.6062667,49.7696173],[8.6068062,49.769979],[8.6075402,49.7704688],[8.6080881,49.7708316],[8.6095568,49.7718342],[8.6102598,49.7723303],[8.6114042,49.7731742],[8.6123754,49.7739987],[8.6130343,49.77462],[8.6136471,49.7752528],[8.6141517,49.7758291],[8.6146107,49.7763833],[8.6151037,49.7770606],[8.6155627,49.7777317],[8.6159137,49.7783148],[8.6162789,49.7790329],[8.6165868,49.7796783],[8.6167601,49.7800537],[8.6169366,49.7805504],[8.6172051,49.7813715],[8.617449,49.7822113],[8.6176793,49.7832232],[8.6178939,49.7842998],[8.6180434,49.7852168],[8.6181809,49.7861051],[8.6183372,49.787216],[8.6185045,49.7883002],[8.6186996,49.7894525],[8.618886,49.7904346],[8.6190221,49.7910159],[8.6191736,49.7916436],[8.6193786,49.7923848],[8.6196714,49.7932387],[8.6198225,49.793663],[8.6200045,49.794094],[8.6202035,49.7945628],[8.6205128,49.7952105],[8.6208376,49.7958508],[8.6212014,49.796512],[8.6216432,49.79726],[8.62213,49.7980008],[8.6225043,49.7985454],[8.6229443,49.7991575],[8.623454,49.7998615],[8.623885,49.8004478],[8.624323,49.8010349],[8.6252584,49.8023088],[8.6262705,49.8037664],[8.6266692,49.8044017],[8.6270068,49.8049795],[8.6272109,49.8053396],[8.6274127,49.8057335],[8.6278097,49.8065375],[8.627946,49.8068684],[8.628117,49.8073062],[8.6282709,49.8077465],[8.6284076,49.8081893],[8.628527,49.8086341],[8.628629,49.8090806],[8.6287212,49.8095745],[8.6287922,49.8100698],[8.6288419,49.8105662],[8.6288716,49.8108994],[8.6288906,49.8112788],[8.6288927,49.8114863],[8.6288594,49.8121705],[8.6288361,49.812754],[8.628804,49.8134997],[8.6287911,49.813676],[8.6287423,49.8143943],[8.628723,49.8147586],[8.6287185,49.8152304],[8.6287117,49.8154498],[8.6287093,49.8159542],[8.6287193,49.8162885],[8.6287324,49.8166645],[8.6287361,49.8167485],[8.628752,49.8169555],[8.6288136,49.8174715],[8.6289094,49.8180718],[8.6289775,49.8183935],[8.6290487,49.8187064],[8.6291911,49.8192328],[8.6293405,49.8197083],[8.62944,49.8199985],[8.6295126,49.8202011],[8.629696,49.820655],[8.6299604,49.8212396],[8.6301058,49.8215324],[8.6303133,49.8219212],[8.6305255,49.8223062],[8.6308224,49.8227961],[8.6311973,49.8233973],[8.6315116,49.8238883],[8.6318372,49.8243968],[8.6322217,49.8249987],[8.6324011,49.8252912],[8.6327309,49.8258249],[8.6327744,49.8259002],[8.6329264,49.8261693],[8.6330826,49.826449],[8.6332195,49.8267066],[8.6333491,49.8269653],[8.6334474,49.8271677],[8.633566,49.8274291],[8.6336526,49.8276353],[8.6337554,49.8278976],[8.6338384,49.8281081],[8.6339274,49.8283722],[8.6339892,49.82858],[8.6340691,49.8288472],[8.6341291,49.8290859],[8.6341993,49.8294028],[8.6342677,49.8297746],[8.6343024,49.8300195],[8.6343311,49.8303033],[8.63435,49.8305356],[8.6343635,49.8307886],[8.6343701,49.8310598],[8.6343694,49.8312922],[8.6343391,49.8317544],[8.6342443,49.8325789],[8.6341745,49.8330169],[8.6340818,49.8334097],[8.6340116,49.8336725],[8.6339653,49.8338354],[8.6338753,49.8340926],[8.6337689,49.8343835],[8.6335918,49.8348158],[8.6334521,49.8351233],[8.6332661,49.8354894],[8.6331604,49.8356925],[8.6330464,49.8358931],[8.6328863,49.8361583],[8.6326756,49.83649],[8.6325038,49.8367436],[8.6323712,49.836932],[8.6321505,49.8372256],[8.6319246,49.8375089],[8.6316699,49.8378057],[8.6315042,49.8379937],[8.631308,49.838208],[8.6311253,49.8383974],[8.6308692,49.8386558],[8.6306147,49.8388926],[8.630375,49.8391125],[8.6300771,49.8393703],[8.6299223,49.8395008],[8.6297214,49.839664],[8.6294013,49.8399134],[8.6291197,49.8401257],[8.6287957,49.8403573],[8.6285672,49.8405132],[8.6282716,49.8407085],[8.6280388,49.8408575],[8.6277281,49.8410482],[8.6274232,49.8412298],[8.6270701,49.8414264],[8.6266447,49.8416605],[8.6263392,49.8418166],[8.6260794,49.8419481],[8.6257561,49.8421061],[8.6253492,49.8423001],[8.6249243,49.8424944],[8.6241748,49.8428256],[8.6234111,49.8431511],[8.6224002,49.8435732],[8.620109,49.8445414],[8.6187026,49.8451379],[8.617827,49.8455096],[8.6168016,49.8459557],[8.6156666,49.846464],[8.6147623,49.8468765],[8.613905,49.8472839],[8.6131115,49.8476746],[8.6122288,49.8481218],[8.6118219,49.8483355],[8.6112008,49.8486663],[8.6102032,49.8492221],[8.6089098,49.8499672],[8.6080325,49.8505049],[8.6072778,49.8509742],[8.6063945,49.8515495],[8.6057922,49.8519621],[8.605254,49.852347],[8.6043887,49.8529612],[8.603947,49.8532951],[8.6037664,49.8534315],[8.6027345,49.8542441],[8.6018733,49.8549435],[8.6010088,49.8556682],[8.6006979,49.8559438],[8.6003973,49.8563349],[8.6001572,49.8566084],[8.5999163,49.8569101],[8.5997962,49.857089],[8.5996832,49.8572775],[8.5995854,49.857482],[8.5994994,49.857724],[8.5994274,49.8580222],[8.5993992,49.8583269],[8.5994048,49.8586513],[8.5994312,49.858872],[8.5994951,49.8592056],[8.5995545,49.8595278],[8.5995825,49.8598684],[8.5995659,49.8600783],[8.5994863,49.8604277],[8.5993317,49.8609081],[8.5992025,49.861282],[8.5991811,49.861467],[8.5991761,49.8616041],[8.599189,49.8619399],[8.5992315,49.8625516],[8.599273,49.8627245],[8.6001116,49.8664689],[8.6002867,49.8672585],[8.6007452,49.869335],[8.6010421,49.8706572],[8.6015815,49.8736015],[8.6018202,49.8750106],[8.6020672,49.8764918],[8.6021337,49.8769117],[8.6029989,49.8820628],[8.6037832,49.8867379],[8.6040974,49.8884841],[8.6044434,49.8902463],[8.6051623,49.8938372],[8.6053162,49.8946189],[8.6069277,49.9027035],[8.6071178,49.9037191],[8.6071659,49.9039997],[8.6076527,49.906293],[8.6081372,49.9086914],[8.608392,49.9099991],[8.6087665,49.911875],[8.6092513,49.9137505],[8.6095554,49.9148269],[8.6099231,49.9159023],[8.6101463,49.9165324],[8.6112207,49.9196608],[8.6117992,49.9212918],[8.6122609,49.9227375],[8.6125495,49.9237773],[8.6129596,49.9257186],[8.6131064,49.9267381],[8.6132104,49.9276768],[8.6132837,49.9286119],[8.613343,49.9299437],[8.6133175,49.9312313],[8.6132732,49.9319246],[8.6132411,49.9324614],[8.6131198,49.9336765],[8.6126923,49.9360358],[8.61218,49.9381726],[8.6120735,49.9386643],[8.6110065,49.9431497],[8.6107975,49.9440061],[8.6096737,49.9486937],[8.6094373,49.9497298],[8.6083971,49.9541078],[8.6061808,49.9633348],[8.6048305,49.9689928],[8.6044659,49.9705038],[8.6043137,49.9711755],[8.6041792,49.9717619],[8.6038838,49.9729891],[8.6033078,49.9753819],[8.6031932,49.9758626],[8.6030113,49.9766253],[8.6027195,49.9778485],[8.6024089,49.9791548],[8.601301,49.9838004],[8.6004749,49.9873606],[8.6000809,49.9889365],[8.5978464,49.9983222],[8.5976895,49.9989831],[8.5975339,49.9996535],[8.5973432,50.0003702],[8.5967012,50.0031134],[8.5964213,50.0043157],[8.5963008,50.0048159],[8.5960403,50.0059154],[8.5955725,50.0077535],[8.5954354,50.0083501],[8.595261,50.0091392],[8.5944978,50.0122738],[8.5943486,50.0129143],[8.59346,50.0168531],[8.593102,50.0187899],[8.5930316,50.0192645],[8.592926,50.0199145],[8.5928884,50.0202936],[8.5928013,50.0211329],[8.592717,50.0228163],[8.5927349,50.0242574],[8.592871,50.0262013],[8.5929616,50.0269195],[8.5932467,50.0285693],[8.5933243,50.0289254],[8.5933716,50.0291212],[8.5938123,50.0308255],[8.5943873,50.0325167],[8.5947294,50.0334129],[8.5956322,50.0355283],[8.5958174,50.0359237],[8.5966049,50.037554],[8.5974161,50.0391825],[8.5980413,50.0404333],[8.5995623,50.0434744],[8.600646,50.0456643],[8.6008163,50.0460085],[8.6015224,50.0474027],[8.6039608,50.0523386],[8.6045936,50.0535976],[8.6052028,50.0547971],[8.6059884,50.0563846],[8.606175,50.0566912],[8.6063438,50.0570419],[8.6066442,50.0576432],[8.6071192,50.0585919],[8.6075694,50.059497],[8.60803,50.0604195],[8.6082647,50.0608911],[8.608414,50.0611888],[8.6085693,50.0614961],[8.6087522,50.0618594],[8.6089474,50.0622542],[8.6091034,50.0625732],[8.6095547,50.063482],[8.6099984,50.0643737],[8.6100132,50.0644015],[8.6102131,50.0648],[8.6102652,50.0648995],[8.6108992,50.0661733],[8.6114625,50.0673024],[8.6120001,50.0683718],[8.6126109,50.0695903],[8.613139,50.0706538],[8.6134361,50.0712444],[8.6141637,50.0726988],[8.6144687,50.0733065],[8.6147523,50.0738759],[8.6149289,50.0742276],[8.6151401,50.0746467],[8.6153079,50.07498],[8.615391,50.0751446],[8.615504,50.0753754],[8.6156192,50.0756063],[8.6157513,50.0758661],[8.6159753,50.07631],[8.6161207,50.0766012],[8.6163233,50.0770118],[8.6164649,50.0772948],[8.6166415,50.0776471],[8.6168499,50.0780638],[8.6170007,50.0783727],[8.6171508,50.07868],[8.6172934,50.0789861],[8.6175006,50.079458],[8.6175668,50.0796115],[8.6176903,50.0799195],[8.6178053,50.0802327],[8.6179096,50.0805469],[8.6180078,50.08086],[8.6180864,50.0811284],[8.6181274,50.0812895],[8.6182063,50.0816022],[8.6182478,50.0818008],[8.6183118,50.0821329],[8.6183653,50.0824403],[8.6184309,50.0829257],[8.6184674,50.0832471],[8.6184845,50.0835198],[8.6184981,50.0838398],[8.6185051,50.0843157],[8.6184972,50.0846195],[8.6184732,50.0851326],[8.6184448,50.0854415],[8.6184073,50.0858022],[8.6183404,50.0862517],[8.6181074,50.0873012],[8.6179955,50.0878016],[8.6174359,50.0905622],[8.6173497,50.0909618],[8.617266,50.0914572],[8.6172349,50.0915984],[8.6171236,50.0920089],[8.6170121,50.0923901],[8.6169507,50.0925788],[8.6166496,50.0933715],[8.6166146,50.0934595],[8.6163255,50.0939968],[8.6161221,50.0944831],[8.6159264,50.0948375],[8.6157233,50.0951859],[8.6154524,50.0956128],[8.615055,50.0961968],[8.6148396,50.0964799],[8.6146057,50.0967231],[8.6139666,50.0975046],[8.6134373,50.098064],[8.6128899,50.0986083],[8.6120292,50.0993892],[8.6113298,50.0999733],[8.6108396,50.1003837],[8.6099224,50.1011497],[8.6097649,50.1012818],[8.6084036,50.1024354],[8.6075197,50.1032363],[8.6069,50.1038274],[8.606531,50.1041783],[8.6061453,50.1045609],[8.60539,50.1053368],[8.605097,50.1056669],[8.6046308,50.1062128],[8.6041905,50.1068154],[8.6040614,50.1070034],[8.6037541,50.1074506],[8.6033828,50.1080076],[8.6031565,50.108369],[8.6028994,50.1087628],[8.6024917,50.1094012],[8.6022197,50.1098176],[8.6020142,50.1101245],[8.6017018,50.1106177],[8.6014083,50.1110472],[8.6011295,50.1114939],[8.6009577,50.111767],[8.600746,50.1120856],[8.6005484,50.1123848],[8.6001571,50.1129877],[8.5999646,50.1132793],[8.5996709,50.1137437],[8.5992858,50.114343],[8.5990609,50.1146713],[8.5986735,50.1153125],[8.5984197,50.1157188],[8.5982425,50.1159537],[8.5981124,50.1161553],[8.5978877,50.1165064],[8.5976296,50.1168985],[8.5975382,50.1170613],[8.5970406,50.117831],[8.5965951,50.1185203],[8.5961045,50.1192665],[8.5958028,50.1197301],[8.5951718,50.1207099],[8.5950265,50.1209021],[8.5948935,50.1210933],[8.5945973,50.1215556],[8.5942517,50.1220841],[8.5937098,50.1229187],[8.5929808,50.12404],[8.5927335,50.1244247],[8.5922746,50.1251237],[8.5920197,50.1255207],[8.5917669,50.1259109],[8.5914778,50.1263921],[8.5912808,50.1267546],[8.5911415,50.1270128],[8.5909595,50.1274057],[8.5908033,50.1277922],[8.5906219,50.1283009],[8.5905859,50.1284144],[8.5905554,50.1285109],[8.5905167,50.1286331],[8.5904299,50.128968],[8.5903354,50.1293146],[8.5902687,50.1297888],[8.5902318,50.1300634],[8.590188,50.1305329],[8.5902074,50.1314983],[8.5902138,50.1316454],[8.5902475,50.131953],[8.5902786,50.1322274],[8.590302,50.1325433],[8.5903396,50.1327554],[8.5904047,50.1330518],[8.5905361,50.1335544],[8.5906277,50.1338337],[8.5907395,50.1341561],[8.5908228,50.1343897],[8.5911153,50.1350406],[8.5913133,50.1354282],[8.5927831,50.1381229],[8.5930424,50.138524],[8.5932281,50.1389303],[8.5936351,50.1396741],[8.5942134,50.1407158],[8.5947271,50.1416519],[8.5951268,50.1423959],[8.5953032,50.1427076],[8.5954649,50.1429992],[8.5957423,50.1435062],[8.5966608,50.1451646],[8.5972668,50.1462543],[8.5978457,50.1473022],[8.5986007,50.1486812],[8.5994299,50.1501869],[8.6000176,50.1512599],[8.6008939,50.1528352],[8.6013339,50.1536332],[8.6017529,50.1544033],[8.6023182,50.1554303],[8.60285,50.1563923],[8.6031085,50.1568639],[8.6040237,50.1585342],[8.6054649,50.1611411],[8.606531,50.1630728],[8.6069725,50.1638444],[8.607015,50.163926],[8.6076438,50.1650923],[8.6082326,50.1661618],[8.6096165,50.1686619],[8.610013,50.169378],[8.6104096,50.1700941],[8.6106028,50.1704584],[8.6111627,50.1714539],[8.6127354,50.1742936],[8.6127929,50.1744037],[8.6131478,50.1750618],[8.6132524,50.175253],[8.6134449,50.1755909],[8.6142214,50.1769983],[8.6148254,50.1780918],[8.6151581,50.1787102],[8.6157641,50.1798105],[8.6162698,50.1807194],[8.6166142,50.1813391],[8.6168325,50.1817327],[8.6170466,50.1820916],[8.6172619,50.1824356],[8.61743,50.1826898],[8.6176492,50.1829976],[8.6179646,50.18342],[8.6181766,50.183699],[8.6186321,50.1842401],[8.6191222,50.1847776],[8.6195228,50.1851923],[8.6199419,50.1855921],[8.6203679,50.1859885],[8.6208407,50.1863931],[8.6214716,50.1869031],[8.6217837,50.1871434],[8.6222861,50.1875072],[8.6228004,50.1878714],[8.6236699,50.1884339],[8.6239239,50.1885812],[8.6248032,50.1890911],[8.6268579,50.1902778],[8.6274172,50.1906035],[8.6279765,50.1909293],[8.6283555,50.1911442],[8.6289608,50.1914962],[8.6294469,50.1917789],[8.6303701,50.1923121],[8.6310381,50.1927069],[8.6325553,50.1935785],[8.6342102,50.1945387],[8.6350178,50.1950068],[8.6362099,50.1956917],[8.6370718,50.1961842],[8.637546,50.1964579],[8.6380202,50.1967315],[8.6394093,50.1975249],[8.6405113,50.1981735],[8.6414014,50.1986861],[8.6420878,50.1990902],[8.6427268,50.1994516],[8.6440277,50.2002028],[8.6447008,50.2005953],[8.6450302,50.2007827],[8.645498,50.2010511],[8.6457928,50.2012222],[8.6462901,50.2015119],[8.6470167,50.2019333],[8.6476483,50.2022977],[8.6486944,50.2029067],[8.6499172,50.2036032],[8.6539545,50.2059367],[8.6540673,50.2060002],[8.6541939,50.2060707],[8.6550736,50.2066122],[8.6558531,50.2071248],[8.6565469,50.2076207],[8.6569405,50.2079182],[8.6574881,50.2083591],[8.658091,50.2088818],[8.6583122,50.2090926],[8.6586477,50.2094144],[8.6591385,50.209897],[8.6596735,50.2104626],[8.6598615,50.2106734],[8.6601513,50.2110229],[8.6606922,50.2117159],[8.6611287,50.2123435],[8.6614144,50.212792],[8.6616614,50.2131894],[8.6618509,50.213536],[8.6620185,50.2138578],[8.6622321,50.2143071],[8.6623748,50.2146112],[8.662564,50.2150757],[8.6626827,50.215405],[8.6628384,50.215871],[8.6629429,50.2161938],[8.6630525,50.2166421],[8.6631967,50.2172872],[8.6632826,50.2177902],[8.6633362,50.2182531],[8.6633731,50.2187463],[8.6633984,50.21933],[8.6633959,50.2197008],[8.6633778,50.2210497],[8.6633724,50.2212867],[8.6633583,50.222498],[8.6633233,50.2246154],[8.6632817,50.2273869],[8.6632325,50.2308234],[8.6632221,50.2316393],[8.6632189,50.2318911],[8.6632001,50.2333525],[8.6631796,50.2346305],[8.6631505,50.236955],[8.6631244,50.2381802],[8.6631201,50.2385241],[8.663116,50.2388597],[8.6630911,50.2412225],[8.6630657,50.2425283],[8.663043,50.2441821],[8.6630307,50.2453285],[8.6630201,50.2458268],[8.6630054,50.2464804],[8.6629832,50.2478725],[8.6629821,50.2480416],[8.6629753,50.248885],[8.6629729,50.2490437],[8.6629604,50.2498684],[8.6629572,50.2501341],[8.662955,50.2505191],[8.6629393,50.2518974],[8.6629258,50.2527944],[8.6629026,50.2540728],[8.6629001,50.2548053],[8.662877,50.256208],[8.6628706,50.2565968],[8.6628616,50.2571367],[8.6628547,50.2577016],[8.6628359,50.2590946],[8.6628238,50.259996],[8.662808,50.2610492],[8.6627876,50.2622513],[8.6627776,50.2629722],[8.6628012,50.2634593],[8.6628319,50.2638002],[8.6628877,50.2642634],[8.6629671,50.2647998],[8.6630244,50.2650835],[8.6631254,50.2655204],[8.6632819,50.2661171],[8.6633441,50.2663238],[8.6633866,50.2664521],[8.6635799,50.2670148],[8.6637551,50.2675368],[8.6644304,50.2694999],[8.6650389,50.2712982],[8.6654183,50.2724136],[8.6657969,50.2735078],[8.6660379,50.2742588],[8.6661353,50.2745458],[8.6662115,50.2747653],[8.6662889,50.2749914],[8.6665677,50.2758048],[8.6668612,50.2766793],[8.6671201,50.2774154],[8.6673884,50.2782083],[8.6678317,50.2795208],[8.6682511,50.2807492],[8.668521,50.2815397],[8.668898,50.2826451],[8.6690997,50.2832515],[8.6695448,50.2845227],[8.6697619,50.28517],[8.6702545,50.286619],[8.6703815,50.2869887],[8.670498,50.2873261],[8.6705566,50.2874985],[8.6708408,50.2883256],[8.672952,50.2945326],[8.6730229,50.294735],[8.6740084,50.2976967],[8.674211,50.2982563],[8.6744759,50.2988931],[8.6747779,50.2995231],[8.6751165,50.3001454],[8.6754914,50.3007592],[8.675902,50.3013637],[8.6763476,50.3019578],[8.6768278,50.302541],[8.6773417,50.3031122],[8.6778808,50.3036785],[8.6784561,50.304221],[8.6790791,50.3047466],[8.6800159,50.3055832],[8.6813428,50.3067211],[8.6831944,50.3083082],[8.6849683,50.3098385],[8.6859797,50.310711],[8.6870055,50.3116006],[8.6880254,50.3124977],[8.6885629,50.3130232],[8.6889125,50.3133944],[8.6893033,50.3138261],[8.6897605,50.3143735],[8.690602,50.3155224],[8.6910653,50.3162522],[8.6913102,50.3166909],[8.6916212,50.3172955],[8.6919604,50.3180363],[8.6921872,50.3186635],[8.6923814,50.319291],[8.6925164,50.3197558],[8.6928608,50.3211978],[8.6930723,50.3220828],[8.6932479,50.322843],[8.6934356,50.323625],[8.6936192,50.3243981],[8.6938377,50.3253426],[8.6940131,50.3261057],[8.6942061,50.3268862],[8.6943832,50.3276684],[8.6945378,50.3283082],[8.6947637,50.3292482],[8.6949963,50.3302184],[8.6953013,50.3315456],[8.6954231,50.3320479],[8.6955463,50.3325815],[8.6957204,50.3333031],[8.6959414,50.3341938],[8.6960183,50.3345119],[8.6961353,50.3350407],[8.696241,50.3355961],[8.6963263,50.3362578],[8.6963731,50.3368468],[8.6963825,50.3374316],[8.6963848,50.3378892],[8.6963498,50.3384197],[8.6963101,50.3388311],[8.6962191,50.3394585],[8.6960976,50.3400576],[8.6959692,50.3405717],[8.6957917,50.3411231],[8.6955396,50.3418414],[8.6949441,50.3433971],[8.6943871,50.3448552],[8.6939928,50.34588],[8.6936878,50.3466765],[8.6934277,50.3474574],[8.6933358,50.3477736],[8.6932485,50.3481004],[8.6931264,50.3487605],[8.6930252,50.3494308],[8.6929737,50.3499141],[8.6929478,50.3504262],[8.6929527,50.3510964],[8.6930114,50.3519678],[8.6930528,50.3522883],[8.6931243,50.3527845],[8.6932161,50.353237],[8.6932661,50.3534552],[8.6933196,50.353661],[8.6933907,50.3539648],[8.6934723,50.354251],[8.693718,50.3549334],[8.6941274,50.3558793],[8.6943741,50.3563887],[8.694653,50.3568998],[8.6950142,50.3574958],[8.6953118,50.3579469],[8.695848,50.3586951],[8.6961154,50.3590252],[8.696883,50.3599588],[8.6972364,50.3603869],[8.697531,50.3607438],[8.6980835,50.3614128],[8.699852,50.3635717],[8.7000708,50.3638366],[8.7015723,50.3656418],[8.7027077,50.3670235],[8.7032568,50.3677232],[8.7037302,50.3684187],[8.7041556,50.3690725],[8.7043287,50.3693891],[8.7045511,50.3698207],[8.7046909,50.3700794],[8.7048663,50.3704643],[8.7050513,50.3708889],[8.7052376,50.3713687],[8.7053929,50.3718213],[8.705536,50.3723095],[8.7056982,50.3729422],[8.7058601,50.3739023],[8.7059235,50.3745614],[8.7059597,50.3751729],[8.7059643,50.3755055],[8.7059499,50.3759782],[8.7059237,50.376476],[8.705839,50.3771244],[8.7057228,50.3777873],[8.7056596,50.3781613],[8.7055747,50.3786628],[8.7054836,50.3791708],[8.7053221,50.3800891],[8.7051583,50.3810289],[8.7050982,50.3813734],[8.70494,50.3822808],[8.7046518,50.383982],[8.7044305,50.385218],[8.7042034,50.3865265],[8.7039048,50.3882688],[8.7034417,50.3909183],[8.7030667,50.3929983],[8.7027993,50.3945807],[8.702619,50.3955531],[8.7025538,50.3959176],[8.7022854,50.3975675],[8.7019797,50.3992753],[8.7017615,50.4005679],[8.7012927,50.4032309],[8.7012027,50.4037523],[8.7008173,50.4059793],[8.7005417,50.4075385],[8.7004179,50.4082105],[8.7002713,50.409082],[8.7001626,50.4097076],[8.6997127,50.4122947],[8.6996824,50.4124666],[8.6993854,50.4141519],[8.6991377,50.4155597],[8.6988916,50.416988],[8.6986364,50.4184317],[8.698165,50.4211681],[8.6979417,50.4224121],[8.6974907,50.425027],[8.6970738,50.4274326],[8.6967594,50.4292322],[8.6964756,50.4308279],[8.6961968,50.4324237],[8.695871,50.4343312],[8.6957208,50.435165],[8.6954002,50.4370079],[8.6952704,50.4377303],[8.6952105,50.4380641],[8.6950976,50.4386923],[8.6949679,50.4394176],[8.6949279,50.43961],[8.6947645,50.4406298],[8.6946815,50.4411079],[8.6946467,50.4414786],[8.6946361,50.4418499],[8.6946496,50.4422212],[8.6946873,50.4425917],[8.694749,50.442961],[8.6948347,50.4433283],[8.6949443,50.443693],[8.6950774,50.4440546],[8.695234,50.4444122],[8.6954137,50.4447655],[8.6956163,50.4451137],[8.6958413,50.4454563],[8.6960884,50.4457926],[8.6963572,50.4461221],[8.6966472,50.4464443],[8.6969579,50.4467585],[8.6972887,50.4470642],[8.6976392,50.447361],[8.6980087,50.4476482],[8.6983966,50.4479255],[8.6988021,50.4481923],[8.6992844,50.4484826],[8.6997876,50.4487581],[8.7003107,50.4490182],[8.7007971,50.4492484],[8.7011789,50.449422],[8.7017034,50.4496433],[8.7022689,50.4498901],[8.7029569,50.4501954],[8.7041222,50.4507006],[8.7063078,50.4516647],[8.7080688,50.4524242],[8.7094765,50.4530406],[8.710349,50.4534256],[8.7109054,50.4536832],[8.7121145,50.4543128],[8.7125186,50.454538],[8.7134459,50.4550726],[8.7141152,50.4554988],[8.7147377,50.4559251],[8.7152289,50.4562841],[8.7159209,50.4568195],[8.7165202,50.4573158],[8.7171437,50.457889],[8.7175556,50.4582759],[8.7179142,50.4586451],[8.7182618,50.4590083],[8.7186036,50.4593941],[8.7189843,50.4598562],[8.7193341,50.4603139],[8.7197201,50.4608404],[8.7200076,50.4612761],[8.7203649,50.4618653],[8.7205332,50.4621868],[8.7207579,50.4625877],[8.7208845,50.4628153],[8.7210319,50.4631195],[8.7212988,50.4636636],[8.7219968,50.4649754],[8.7221365,50.4652386],[8.722739,50.4663934],[8.7231048,50.4670845],[8.7236439,50.468109],[8.7239162,50.468627],[8.7244127,50.469559],[8.7247757,50.4702635],[8.7248541,50.4704108],[8.7250639,50.470808],[8.7254211,50.4714893],[8.7266427,50.4737976],[8.7267613,50.4740232],[8.7268001,50.4740952],[8.7271049,50.4746833],[8.7271342,50.4747319],[8.7275226,50.4754735],[8.7285284,50.477388],[8.7287119,50.4777346],[8.729147,50.4785638],[8.7295747,50.4793745],[8.7304648,50.4810651],[8.7311892,50.4824501],[8.7329189,50.4857142],[8.7329843,50.4858379],[8.7339465,50.4876833],[8.7349315,50.4895374],[8.7349706,50.4896198],[8.7361128,50.4917905],[8.7365971,50.4927173],[8.7373968,50.4942175],[8.7377906,50.4949772],[8.7379304,50.4952222],[8.7380251,50.495388],[8.7397998,50.4987769],[8.741039,50.5011369],[8.7416385,50.5022666],[8.7424261,50.5037331],[8.7430993,50.5048173],[8.7440318,50.5061543],[8.7449525,50.5074031],[8.7450262,50.5075042],[8.7457814,50.5085285],[8.7464534,50.5094488],[8.7470855,50.5102863],[8.7476881,50.510991],[8.7483309,50.5116715],[8.748761,50.5121049],[8.7493146,50.5126357],[8.7502508,50.5135651],[8.7511688,50.5145264],[8.751985,50.5154127],[8.7532373,50.5168256],[8.7533724,50.516978],[8.7545186,50.5182711],[8.7557751,50.5196822],[8.7559621,50.5198923],[8.7568324,50.5208246],[8.7577918,50.5217883],[8.7579823,50.5219732],[8.7598927,50.5238012],[8.7601724,50.5240688],[8.7605844,50.5244631],[8.7617136,50.5255352],[8.7628367,50.5265945],[8.7650964,50.5287335],[8.7695978,50.532998],[8.7726873,50.5359232],[8.7727726,50.5360039],[8.7741378,50.5372965],[8.7770833,50.5400939],[8.7785116,50.5414402],[8.7799558,50.5428184],[8.7806229,50.5434568],[8.7809852,50.5437993],[8.7814491,50.5442535],[8.7817981,50.5446419],[8.7819761,50.5448496],[8.7822361,50.5451451],[8.7824018,50.5453532],[8.7834464,50.5467285],[8.7836875,50.5470464],[8.78446,50.548076],[8.7846792,50.548364],[8.785147,50.5489786],[8.7854682,50.5494092],[8.7857917,50.5498838],[8.7862211,50.5505609],[8.7875993,50.5528412],[8.7890165,50.5551479],[8.7890794,50.5552598],[8.7919731,50.5599635],[8.7944989,50.5640755],[8.795295,50.5652672],[8.7956031,50.5657182],[8.7961111,50.5664167],[8.7966957,50.56719],[8.797126,50.5677279],[8.7972845,50.5679082],[8.798593,50.5694694],[8.7998681,50.5710142],[8.8005634,50.5719497],[8.8009051,50.5724577],[8.8012096,50.5729484],[8.8015498,50.5736012],[8.8019174,50.5743783],[8.8022803,50.5752769],[8.8025658,50.5760751],[8.8028225,50.5767862],[8.8028437,50.576845],[8.8034413,50.5784449],[8.8037159,50.5790922],[8.8040276,50.5796764],[8.8043048,50.5801147],[8.8046569,50.580587],[8.805276,50.5813433],[8.806428,50.5827067],[8.8064987,50.5827885],[8.8072759,50.5837124],[8.8080194,50.5846202],[8.8084103,50.5851749],[8.8087491,50.5856713],[8.8093266,50.5866817],[8.8098819,50.5878014],[8.8104294,50.5889074],[8.8111758,50.5904508],[8.8116005,50.5913273],[8.8122828,50.5927159],[8.8127568,50.5936878],[8.8131751,50.5945418],[8.8132816,50.5947591],[8.8135826,50.5953656],[8.8136676,50.595548],[8.8137741,50.5957644],[8.8144661,50.5971769],[8.8147125,50.5976395],[8.8149529,50.5980991],[8.8152213,50.598556],[8.8154709,50.598901],[8.8157562,50.5993213],[8.8159923,50.5996416],[8.8163231,50.6000686],[8.8166738,50.6004925],[8.8169965,50.6008482],[8.8188703,50.6029232],[8.8192212,50.603307],[8.8194423,50.6035488],[8.8209789,50.6052411],[8.8221162,50.6064937],[8.822483,50.6069081],[8.8229044,50.6073717],[8.8232867,50.6077644],[8.8238228,50.6082977],[8.8243262,50.608723],[8.8249561,50.6091768],[8.8253392,50.6094431],[8.8256987,50.6096721],[8.8258934,50.6097905],[8.8261117,50.6099035],[8.8265879,50.6101688],[8.8269547,50.6103445],[8.8272763,50.6104878],[8.8275404,50.6106065],[8.8278259,50.6107251],[8.8283464,50.6109172],[8.8287329,50.6110552],[8.8292942,50.6112311],[8.829917,50.6114143],[8.8307208,50.611612],[8.8310934,50.6116929],[8.831451,50.6117602],[8.8318048,50.6118233],[8.8321587,50.6118754],[8.8325649,50.6119307],[8.8330884,50.6119921],[8.8336398,50.6120358],[8.833769,50.6120465],[8.8343001,50.6120651],[8.8348576,50.6120755],[8.8352986,50.6120768],[8.8357009,50.61207],[8.8362994,50.6120733],[8.8366752,50.612071],[8.8391067,50.6120581],[8.8406397,50.6120623],[8.8430339,50.6120512],[8.8443701,50.6120427],[8.8456571,50.6120495],[8.8466314,50.6120635],[8.8472071,50.6120689],[8.8479847,50.6120753],[8.8494584,50.61207],[8.8507425,50.6120628],[8.8525212,50.6120655],[8.8542999,50.6120518],[8.8563045,50.6120545],[8.8578521,50.6120395],[8.8590816,50.6120331],[8.8603559,50.6120291],[8.8611145,50.6120274],[8.8619862,50.6120512],[8.8624987,50.6120678],[8.8631982,50.6121034],[8.8642458,50.612196],[8.865617,50.6123659],[8.86664,50.6125354],[8.8677959,50.6127657],[8.8687835,50.6130055],[8.8696103,50.613231],[8.8706428,50.6135562],[8.8717163,50.6139186],[8.8744444,50.6149444],[8.8835848,50.618355],[8.8879483,50.6199838],[8.8906101,50.6209827],[8.8917058,50.6213893],[8.8927134,50.6217569],[8.8931731,50.6219274],[8.8935928,50.6220831],[8.8938866,50.622192],[8.8951772,50.6226772],[8.8965781,50.6232075],[8.89753,50.6235517],[8.8982813,50.6238344],[8.8983878,50.6238781],[8.8996567,50.6243519],[8.9004089,50.6246325],[8.9024164,50.625332],[8.9025215,50.625366],[8.9031252,50.6255681],[8.9052871,50.6262528],[8.9077929,50.6270501],[8.9103033,50.6278702],[8.9130516,50.628746],[8.9164744,50.6298475],[8.9223513,50.6317376],[8.9233566,50.6320514],[8.9237724,50.6321852],[8.9248139,50.6325263],[8.9264395,50.6330522],[8.9268807,50.6331892],[8.927754,50.6334691],[8.9292859,50.6339601],[8.9313592,50.6346262],[8.9332592,50.6352315],[8.9335885,50.6353403],[8.937003,50.636427],[8.938782,50.6370002],[8.94067,50.6375827],[8.9410922,50.6377054],[8.9416876,50.6378784],[8.9421632,50.6380035],[8.9428614,50.6381636],[8.9437714,50.6383651],[8.9443278,50.638473],[8.9450289,50.6385901],[8.9461312,50.63875],[8.9469892,50.638862],[8.9483947,50.639],[8.9504804,50.6391252],[8.9531778,50.6392862],[8.9549285,50.6393899],[8.9563558,50.6394742],[8.956711,50.6394948],[8.9581958,50.63959],[8.9587353,50.6396154],[8.9602167,50.639692],[8.9628139,50.6398439],[8.964774,50.6399624],[8.9658299,50.6400209],[8.9665532,50.6400735],[8.9673327,50.6401388],[8.9681357,50.6402137],[8.9693249,50.6403495],[8.9702737,50.6404687],[8.9732972,50.6409048],[8.9766176,50.6413852],[8.976945,50.6414324],[8.9771882,50.6414677],[8.9798348,50.6418517],[8.9818699,50.642146],[8.9839548,50.6424484],[8.98473,50.6425694],[8.9854772,50.6426887],[8.9861453,50.642815],[8.986678,50.6429201],[8.9877967,50.6431411],[8.9898341,50.6435527],[8.991133,50.6438153],[8.9915818,50.6439079],[8.9921466,50.6440249],[8.9934485,50.6442891],[8.9942224,50.6444823],[8.994748,50.6446309],[8.9952562,50.6447976],[8.9958262,50.6449984],[8.9964021,50.6452229],[8.9970154,50.6455008],[8.9975969,50.6457848],[8.9979932,50.646001],[8.9983837,50.6462184],[8.9991154,50.6466665],[9.0001416,50.647287],[9.0009532,50.6477836],[9.0012397,50.6479609],[9.0027662,50.6488959],[9.0034166,50.6492751],[9.0040622,50.6496563],[9.0045498,50.6499557],[9.0058797,50.6507842],[9.0063952,50.6511008],[9.0069591,50.6514457],[9.0078719,50.6519971],[9.0104408,50.6535632],[9.0109561,50.6538799],[9.011334,50.6541026],[9.0124214,50.6547672],[9.0133064,50.6553294],[9.0138338,50.6556955],[9.0143345,50.6560599],[9.0151334,50.6566819],[9.015491,50.6569746],[9.0158763,50.6573104],[9.0162414,50.65765],[9.0164474,50.6578393],[9.0167228,50.6581142],[9.0171217,50.6585309],[9.0176322,50.659093],[9.0181859,50.6597813],[9.0187311,50.6605202],[9.019178,50.6612042],[9.0195695,50.6618999],[9.0199593,50.6626571],[9.0202714,50.6632812],[9.0205971,50.6638963],[9.0208367,50.6643633],[9.02144,50.6656162],[9.0220488,50.6668346],[9.0224378,50.6676163],[9.0228857,50.6684453],[9.0232624,50.6690993],[9.0236752,50.6697861],[9.0240164,50.6703112],[9.0242694,50.6706653],[9.0244897,50.6709688],[9.0307153,50.6796245],[9.0308551,50.679805],[9.0310006,50.6799837],[9.0312061,50.6802223],[9.0314217,50.6804573],[9.0316471,50.6806886],[9.0319508,50.6809739],[9.0322075,50.6812061],[9.0324765,50.6814327],[9.0327044,50.6816128],[9.03294,50.6817889],[9.0331832,50.6819608],[9.0357651,50.6837584],[9.0360072,50.6839358],[9.0362406,50.6841178],[9.036465,50.6843043],[9.0366804,50.684495],[9.0368811,50.6846847],[9.0370728,50.6848782],[9.0372552,50.6850751],[9.0374283,50.6852755],[9.0376285,50.6855639],[9.0380169,50.6861555],[9.0381741,50.6864335],[9.0383208,50.686736],[9.038635,50.6875668],[9.0389676,50.6885118],[9.0395211,50.6900868],[9.0397482,50.6907229],[9.0400257,50.6914477],[9.0403445,50.692222],[9.0405865,50.6927413],[9.0408322,50.6932084],[9.0410938,50.6936556],[9.0414622,50.6942474],[9.0417642,50.6946935],[9.0421695,50.6952393],[9.0428668,50.696156],[9.0435469,50.69702],[9.044188,50.6978531],[9.0447481,50.6985459],[9.0452273,50.6990873],[9.0455643,50.6994288],[9.0461827,50.7000351],[9.0465168,50.7003382],[9.0469788,50.7007413],[9.0475679,50.7012175],[9.0479447,50.7015135],[9.0484485,50.7018795],[9.0487989,50.7021275],[9.0492536,50.7024277],[9.0493955,50.7025145],[9.0500644,50.7029362],[9.0506048,50.7032454],[9.0508328,50.7033742],[9.0511861,50.7035533],[9.0515675,50.7037617],[9.0517993,50.7038818],[9.0523572,50.704162],[9.0526104,50.7042822],[9.0529019,50.7044218],[9.0533331,50.7046147],[9.0536886,50.7047699],[9.0541439,50.7049606],[9.0544742,50.7050956],[9.0547082,50.7051884],[9.0555642,50.7055257],[9.0561365,50.7057505],[9.0566944,50.7059717],[9.0572563,50.7061904],[9.0576897,50.7063605],[9.0580604,50.7065107],[9.0585271,50.7067022],[9.0590837,50.7069355],[9.0596558,50.7071786],[9.0604651,50.7075281],[9.0607824,50.7076614],[9.0611272,50.7078032],[9.0615944,50.7080183],[9.0619879,50.7082079],[9.0621938,50.7083081],[9.0627884,50.708603],[9.0633221,50.708868],[9.0645459,50.7095146],[9.0649281,50.7097061],[9.0652395,50.709881],[9.0655355,50.7100457],[9.0665407,50.710633],[9.067271,50.711063],[9.0677014,50.71131],[9.0682548,50.7116338],[9.0689795,50.7120736],[9.0702382,50.7128751],[9.0705067,50.7130417],[9.0710463,50.7133866],[9.0725414,50.7142981],[9.0728188,50.7144499],[9.0735203,50.7148013],[9.0745836,50.7152829],[9.0752105,50.7155199],[9.0758534,50.7157495],[9.076575,50.7159869],[9.0772877,50.7161873],[9.0779361,50.7163514],[9.0784916,50.7164719],[9.0794157,50.7166623],[9.0801716,50.7167792],[9.0809112,50.7168776],[9.081672,50.7169528],[9.08245,50.7170143],[9.083217,50.7170431],[9.0843114,50.7170466],[9.0848271,50.717028],[9.0855325,50.7169881],[9.0865435,50.7168992],[9.0873444,50.7167961],[9.0888227,50.7165935],[9.0904753,50.7163642],[9.0913399,50.7162443],[9.0925962,50.7160723],[9.0938962,50.7158959],[9.0940684,50.7158722],[9.0952825,50.7157012],[9.0963526,50.7155541],[9.0976248,50.7153764],[9.099879,50.7150666],[9.1011387,50.7148922],[9.1023975,50.7147183],[9.1032182,50.7146197],[9.1037606,50.7145717],[9.1042585,50.7145393],[9.1049545,50.7145064],[9.105534,50.7144918],[9.1066175,50.7144988],[9.1070029,50.7145114],[9.1075325,50.7145399],[9.1080427,50.7145727],[9.1088122,50.7146537],[9.109388,50.7147278],[9.1100894,50.7148151],[9.1102741,50.7148383],[9.1113423,50.7149727],[9.1124555,50.7151162],[9.1137002,50.7152745],[9.1144604,50.7153545],[9.1153306,50.7154284],[9.1155009,50.7154411],[9.1165043,50.7155022],[9.1176993,50.7155525],[9.1184624,50.7155604],[9.1193295,50.7155593],[9.1226721,50.7154579],[9.1262851,50.7153331],[9.1288672,50.7152449],[9.1316244,50.7151507],[9.1334995,50.71509],[9.1352987,50.7150204],[9.1362479,50.714959],[9.1370102,50.7148933],[9.1377638,50.7148106],[9.1385243,50.7147024],[9.1392921,50.714582],[9.1398483,50.7144795],[9.140523,50.7143433],[9.1415381,50.7140993],[9.1429931,50.7137312],[9.1443711,50.7133722],[9.1457056,50.7130359],[9.146156,50.7129198],[9.1471647,50.7126354],[9.1481766,50.7123803],[9.1489068,50.7121999],[9.1495161,50.7120683],[9.1502355,50.7119275],[9.1507166,50.7118416],[9.1512112,50.7117697],[9.1519559,50.7116624],[9.1529961,50.7115452],[9.1537554,50.711476],[9.1545081,50.7114172],[9.1552646,50.711378],[9.1559426,50.711344],[9.1570131,50.7113196],[9.1582741,50.7113162],[9.159283,50.7113427],[9.1599627,50.7113666],[9.1615428,50.7114714],[9.1624722,50.7115375],[9.1632873,50.7115952],[9.1647145,50.711714],[9.1654767,50.7117721],[9.1662644,50.7118288],[9.1665718,50.7118505],[9.1683246,50.7119749],[9.1694597,50.7120603],[9.1706993,50.7121469],[9.172058,50.7122414],[9.1727858,50.7122938],[9.1733041,50.7123399],[9.1742677,50.7124023],[9.1749775,50.712435],[9.1757959,50.7124556],[9.1765405,50.7124553],[9.1770672,50.712443],[9.17772,50.712394],[9.1782793,50.7123534],[9.178979,50.7122756],[9.1795592,50.7121983],[9.1804957,50.7120445],[9.1809794,50.7119681],[9.1815749,50.711875],[9.1820065,50.7118084],[9.1824402,50.7117472],[9.1828465,50.711695],[9.1832543,50.7116476],[9.1837232,50.7116023],[9.1841155,50.7115739],[9.1845091,50.7115532],[9.1849034,50.7115402],[9.1852982,50.7115349],[9.1856931,50.7115374],[9.1861078,50.7115483],[9.1865218,50.7115678],[9.1869345,50.7115957],[9.1873456,50.7116321],[9.1877546,50.711677],[9.1881611,50.7117303],[9.1885647,50.7117919],[9.1889648,50.7118617],[9.1893612,50.7119398],[9.1900019,50.7120835],[9.1905784,50.7122415],[9.1911775,50.712428],[9.1917313,50.7126197],[9.1922501,50.7128221],[9.1927385,50.7130293],[9.193165,50.713235],[9.1938455,50.7135902],[9.1942843,50.7138479],[9.1976988,50.7158752],[9.1995269,50.7169698],[9.2013555,50.7180591],[9.202486,50.7187353],[9.2034434,50.7192982],[9.2049583,50.7202084],[9.2063689,50.7210463],[9.2073404,50.721626],[9.207818,50.7218952],[9.208427,50.7222183],[9.2090239,50.7225196],[9.2100505,50.7229757],[9.2111299,50.7233869],[9.2123523,50.7238063],[9.2128174,50.7239613],[9.2133475,50.7241421],[9.213996,50.7243623],[9.2151255,50.7247412],[9.2162575,50.7251284],[9.2165646,50.7252285],[9.2173954,50.7255168],[9.2202316,50.7264668],[9.2214094,50.7268688],[9.2224452,50.7272176],[9.2233331,50.7275146],[9.2242307,50.7278142],[9.2251267,50.728114],[9.2258458,50.7283643],[9.2266911,50.7286879],[9.2277768,50.7291303],[9.2287286,50.7295637],[9.2293345,50.7298555],[9.2301296,50.730271],[9.2309218,50.7307102],[9.231485,50.731025],[9.2321749,50.731417],[9.2327128,50.7317278],[9.233152,50.7319721],[9.2339042,50.732385],[9.2348386,50.7328556],[9.2354053,50.733125],[9.2358366,50.7333211],[9.2366049,50.7336422],[9.2370635,50.7338265],[9.2378636,50.7341305],[9.238278,50.7342804],[9.2385696,50.7343796],[9.2391646,50.7345796],[9.2397031,50.7347538],[9.2401868,50.7348981],[9.2409457,50.7351059],[9.2418866,50.7353482],[9.2426226,50.7355196],[9.24293,50.7355834],[9.2443758,50.7358557],[9.2450398,50.7359649],[9.2457673,50.7360752],[9.2463212,50.7361471],[9.2476871,50.736333],[9.2480494,50.7363805],[9.250158,50.7366611],[9.251098,50.736789],[9.2529133,50.7370327],[9.2543635,50.7372459],[9.2555925,50.7374436],[9.2564392,50.7375863],[9.2571197,50.7377005],[9.2589138,50.7380465],[9.2593499,50.7381341],[9.2606373,50.7384026],[9.2618696,50.7386812],[9.2629296,50.7389231],[9.2640388,50.7392011],[9.2669144,50.73997],[9.2676968,50.7401792],[9.2685543,50.7404063],[9.2693993,50.7406333],[9.2706557,50.7409731],[9.2713081,50.7411503],[9.2724425,50.7414579],[9.2729246,50.7415871],[9.2738505,50.7418315],[9.2747744,50.7420596],[9.2757682,50.7422657],[9.2763706,50.742375],[9.2769785,50.7424707],[9.2776249,50.7425576],[9.2782768,50.7426377],[9.2790613,50.742718],[9.2797748,50.7427709],[9.2805045,50.7428101],[9.2818015,50.7428411],[9.2831811,50.7428473],[9.2858167,50.7428519],[9.2862253,50.7428574],[9.2871224,50.7428862],[9.2878016,50.742927],[9.2886502,50.7430145],[9.2893693,50.7431191],[9.2899751,50.7432287],[9.2908973,50.7434269],[9.2918715,50.7437108],[9.2924592,50.743909],[9.292933,50.7440765],[9.2936103,50.7443689],[9.2942152,50.7446582],[9.2947891,50.7449803],[9.2953633,50.7453277],[9.2959088,50.7457004],[9.2962289,50.745943],[9.2968355,50.7464886],[9.2971526,50.746804],[9.2973422,50.7470055],[9.2979709,50.7477196],[9.2990916,50.7490219],[9.2993633,50.749348],[9.2997408,50.7497865],[9.2999974,50.7500809],[9.3005175,50.7506686],[9.3007596,50.7509439],[9.3010203,50.7512132],[9.3012605,50.7514594],[9.3014751,50.7516622],[9.3016945,50.7518627],[9.3021372,50.7522324],[9.3023702,50.7524246],[9.3026119,50.7526096],[9.3030448,50.752919],[9.3032964,50.7530948],[9.3039481,50.7535078],[9.3044969,50.7538306],[9.305093,50.7541491],[9.3059396,50.7545519],[9.3065716,50.7548295],[9.3071391,50.7550583],[9.3078513,50.7553124],[9.3082148,50.7554349],[9.3085575,50.7555449],[9.309066,50.7557043],[9.3100946,50.7559791],[9.3107921,50.7561361],[9.3113931,50.7562504],[9.3117057,50.756307],[9.3122393,50.7563968],[9.3125329,50.7564458],[9.3130709,50.7565149],[9.3135806,50.7565714],[9.3142847,50.7566312],[9.3148526,50.7566734],[9.3156073,50.7567174],[9.3165995,50.7567356],[9.3170164,50.7567306],[9.3176419,50.756717],[9.318148,50.7566938],[9.3186228,50.7566662],[9.3193706,50.7566045],[9.3199894,50.7565364],[9.3204882,50.756474],[9.3210616,50.7563912],[9.3216178,50.756302],[9.3222039,50.756192],[9.3231827,50.7560045],[9.3239135,50.7558668],[9.3243214,50.7557921],[9.3252956,50.7556066],[9.3264266,50.7553932],[9.3274543,50.7552024],[9.328093,50.7550856],[9.3299935,50.7547312],[9.3309582,50.7545556],[9.33145,50.7544725],[9.3318035,50.7544218],[9.33218,50.7543719],[9.3324955,50.754337],[9.3328718,50.7542996],[9.3334386,50.7542549],[9.3339484,50.754229],[9.3344669,50.7542208],[9.3349529,50.7542176],[9.3354258,50.7542258],[9.335879,50.7542421],[9.3363498,50.7542691],[9.3367271,50.7542982],[9.3370968,50.7543353],[9.3374654,50.7543759],[9.3377861,50.7544184],[9.3381538,50.7544718],[9.3384299,50.7545143],[9.3388083,50.7545808],[9.3391983,50.7546552],[9.3395656,50.7547336],[9.3408073,50.7550135],[9.342729,50.7554472],[9.3440605,50.7557515],[9.3452011,50.7560076],[9.3459859,50.7561838],[9.3475642,50.7565288],[9.3485772,50.7567586],[9.34925,50.7569167],[9.3503056,50.7571667],[9.3532157,50.7578133],[9.3542133,50.7580451],[9.354859,50.7581886],[9.3556706,50.7583862],[9.3563446,50.758565],[9.3568278,50.7587113],[9.3575191,50.7589243],[9.3578833,50.7590367],[9.3603436,50.7598103],[9.3609419,50.7599944],[9.3613919,50.7601208],[9.3617723,50.7602215],[9.3622397,50.7603282],[9.3627352,50.7604298],[9.3631158,50.7605003],[9.3634585,50.7605638],[9.3641577,50.7606823],[9.3650889,50.7608354],[9.3658029,50.7609645],[9.3661448,50.7610367],[9.3666226,50.7611453],[9.3671237,50.7612738],[9.3675731,50.761402],[9.3680026,50.7615338],[9.3686586,50.7617595],[9.3689897,50.7618837],[9.3694027,50.7620521],[9.3697883,50.7622189],[9.370198,50.7624126],[9.370585,50.7626047],[9.3710509,50.7628605],[9.3713028,50.7630031],[9.3715887,50.763182],[9.3718799,50.7633701],[9.3721305,50.7635434],[9.3723935,50.7637351],[9.3729204,50.7641425],[9.3730746,50.7642789],[9.3733178,50.7644988],[9.3738082,50.7649744],[9.3742915,50.7654568],[9.3747041,50.7658592],[9.3751662,50.7663037],[9.3755413,50.76665],[9.3758547,50.766911],[9.3763578,50.7672925],[9.37702,50.7677408],[9.3775565,50.7680552],[9.378341,50.7684661],[9.378807,50.7686812],[9.379186,50.7688457],[9.3796116,50.7690281],[9.3807013,50.7694932],[9.3820988,50.7700936],[9.38356,50.7707263],[9.3852845,50.7714627],[9.3861764,50.7718249],[9.3870495,50.7721729],[9.3886058,50.7728126],[9.3902506,50.7734844],[9.3912996,50.7739124],[9.3924604,50.7743865],[9.3931259,50.7746824],[9.3939305,50.7750877],[9.3943244,50.7753152],[9.3947191,50.7755566],[9.3951563,50.7758456],[9.395795,50.7762873],[9.3966149,50.7768683],[9.3970766,50.7771918],[9.3974794,50.7774553],[9.3978274,50.7776617],[9.3982687,50.7779],[9.3991778,50.7783436],[9.3996587,50.7785529],[9.4004621,50.7788651],[9.4011101,50.7790853],[9.401645,50.7792421],[9.4020733,50.7793577],[9.4025882,50.77948],[9.4037568,50.7797739],[9.4050926,50.7801038],[9.4063481,50.7804163],[9.4069927,50.780578],[9.4082621,50.7808863],[9.4091867,50.7811003],[9.4112235,50.781556],[9.4123301,50.781805],[9.4130829,50.7819738],[9.4136122,50.7820891],[9.4141294,50.7822019],[9.4173567,50.7829106],[9.4175105,50.7829459],[9.4185865,50.7831929],[9.4189645,50.783277],[9.4192946,50.7833502],[9.4200173,50.783517],[9.4205477,50.7836383],[9.4214048,50.7838476],[9.4231592,50.7842761],[9.4249728,50.7847353],[9.4265893,50.7851419],[9.4268761,50.7852141],[9.4281203,50.7855316],[9.4287773,50.7856863],[9.4297761,50.78591],[9.431167,50.7862139],[9.4323095,50.7864426],[9.4333176,50.7866393],[9.4342713,50.7868284],[9.4353456,50.7870352],[9.4372347,50.7873947],[9.4382204,50.7875995],[9.4383576,50.7876256],[9.4388884,50.7877293],[9.4393279,50.7878233],[9.4397694,50.7879205],[9.4401178,50.7880031],[9.4403828,50.7880696],[9.4407065,50.7881574],[9.4410213,50.7882547],[9.4414668,50.7883907],[9.4421814,50.7886629],[9.4427951,50.7889205],[9.4436494,50.7893709],[9.4444573,50.7898628],[9.4452409,50.7903815],[9.4460256,50.790903],[9.4464321,50.7911592],[9.4465643,50.7912461],[9.4467348,50.7913553],[9.4468939,50.7914515],[9.4474634,50.7917746],[9.4477474,50.7919154],[9.4479069,50.7919903],[9.4480694,50.792062],[9.4485136,50.7922347],[9.4488338,50.7923512],[9.4491421,50.7924489],[9.4494951,50.7925506],[9.4498123,50.7926287],[9.4501157,50.7927007],[9.4504324,50.7927613],[9.4507568,50.7928177],[9.4510937,50.7928669],[9.4514556,50.7929086],[9.4518216,50.7929414],[9.4521454,50.7929599],[9.452581,50.7929745],[9.4529133,50.7929745],[9.4532253,50.7929694],[9.4536334,50.7929474],[9.4539703,50.7929226],[9.4543946,50.7928796],[9.4546474,50.7928446],[9.4548874,50.7928083],[9.4551328,50.792766],[9.4553691,50.7927224],[9.4556142,50.7926685],[9.4558494,50.7926134],[9.4561493,50.7925345],[9.4565033,50.792438],[9.4567641,50.7923636],[9.4570662,50.7922682],[9.457526,50.7921259],[9.458126,50.791932],[9.4592661,50.7915757],[9.4603991,50.7912131],[9.4613595,50.7909127],[9.4624158,50.7905805],[9.4629551,50.7904191],[9.4634913,50.7902696],[9.463807,50.7901913],[9.4641146,50.7901243],[9.4645418,50.7900443],[9.4649148,50.7899887],[9.4652716,50.789947],[9.4657114,50.7899124],[9.4661224,50.7898858],[9.4665474,50.7898762],[9.4671124,50.7898847],[9.4676079,50.7899083],[9.4679293,50.7899357],[9.4684546,50.7900027],[9.4688425,50.7900623],[9.4693291,50.7901569],[9.4696516,50.7902303],[9.4699624,50.7903143],[9.4701961,50.7903837],[9.470437,50.7904581],[9.4708349,50.7905953],[9.471149,50.7907162],[9.4714098,50.7908271],[9.4716505,50.7909343],[9.4719011,50.7910609],[9.4723611,50.7913153],[9.4725993,50.7914587],[9.4728354,50.7916148],[9.47318,50.7918529],[9.4735021,50.7920607],[9.474378,50.7926858],[9.4749972,50.7931156],[9.4753356,50.7933367],[9.4758109,50.7936164],[9.4761809,50.7938146],[9.4766194,50.7940292],[9.4770889,50.7942366],[9.4775853,50.7944395],[9.4780922,50.7946256],[9.4785318,50.7947839],[9.480256,50.7953786],[9.4824427,50.7961318],[9.4831832,50.7963818],[9.4840019,50.7966421],[9.4845357,50.796801],[9.4851746,50.7969588],[9.4859003,50.7971017],[9.4866526,50.7972179],[9.4874534,50.7973141],[9.4889046,50.7974448],[9.4904656,50.7976139],[9.4909725,50.7976979],[9.4915729,50.7978223],[9.4923447,50.7980121],[9.4930108,50.7982269],[9.4938178,50.7985126],[9.4943627,50.7987338],[9.4951108,50.7990507],[9.4955953,50.7992696],[9.4959855,50.7994483],[9.4964133,50.7996449],[9.4967615,50.7998331],[9.4972913,50.8001037],[9.4976137,50.8002948],[9.4980885,50.8006043],[9.498446,50.8008671],[9.4987947,50.8011581],[9.4992445,50.8015729],[9.4997046,50.8020423],[9.5002755,50.8026135],[9.5004147,50.8027906],[9.5006665,50.8030385],[9.5008962,50.803245],[9.501121,50.8034244],[9.5014006,50.8036385],[9.5017207,50.8038648],[9.5020853,50.8040893],[9.5024443,50.8042938],[9.5028774,50.8045183],[9.5039057,50.8050002],[9.5044534,50.8052503],[9.5050137,50.8055044],[9.5059937,50.8059575],[9.5069497,50.8064015],[9.5078137,50.8067899],[9.5079081,50.8068284],[9.5084057,50.8070196],[9.5086739,50.8071082],[9.5092152,50.8072806],[9.5097701,50.8074327],[9.5102464,50.8075457],[9.5106843,50.807635],[9.5112705,50.8077404],[9.5117149,50.807805],[9.5119238,50.807832],[9.5124758,50.8078935],[9.5127435,50.8079165],[9.5131048,50.8079383],[9.5136596,50.8079571],[9.5141025,50.8079596],[9.5145705,50.8079482],[9.51507,50.8079273],[9.5155852,50.8078866],[9.5162321,50.8078152],[9.516832,50.8077284],[9.5176586,50.8075819],[9.5188742,50.807375],[9.5193083,50.8073053],[9.5196676,50.8072597],[9.5200486,50.8072158],[9.5204846,50.8071816],[9.5209331,50.8071556],[9.5214274,50.8071339],[9.5219129,50.8071278],[9.522388,50.8071383],[9.522944,50.8071679],[9.523387,50.8072017],[9.5255711,50.8073657],[9.5276377,50.8075277],[9.5297424,50.8076934],[9.5306588,50.8077652],[9.5316314,50.8078368],[9.5326712,50.8079383],[9.5332805,50.8080293],[9.5338697,50.8081335],[9.5346802,50.8083194],[9.5351248,50.8084377],[9.5356151,50.8085962],[9.5361412,50.8087763],[9.5366125,50.8089605],[9.5371368,50.8091826],[9.5376851,50.8094523],[9.5379334,50.8095823],[9.5383467,50.8098208],[9.53864,50.8100092],[9.5389725,50.8102346],[9.5394991,50.8106373],[9.5400681,50.8110684],[9.5407516,50.8115851],[9.5414027,50.8120827],[9.5422982,50.8127672],[9.542748,50.8131089],[9.5432378,50.8134252]]}},{"type":"Feature","properties":{"direction":"south","length_km":440.4697283998298},"geometry":{"type":"LineString","coordinates":[[9.5428839,50.8134595],[9.5423109,50.8129794],[9.5414009,50.8122603],[9.5410306,50.8119743],[9.5400424,50.811221],[9.5392195,50.8105887],[9.5386186,50.8101527],[9.5382234,50.8099048],[9.5378785,50.8096958],[9.5375003,50.8095007],[9.5371305,50.8093191],[9.5365714,50.8090754],[9.5360973,50.8088937],[9.5356232,50.8087201],[9.5350775,50.8085486],[9.5346406,50.8084291],[9.5338522,50.8082454],[9.533247,50.8081384],[9.5326671,50.8080535],[9.532084,50.8080001],[9.5312977,50.8079482],[9.5296436,50.8078223],[9.5286253,50.807745],[9.5275865,50.8076641],[9.526564,50.8075865],[9.5255412,50.807505],[9.5246167,50.8074348],[9.523696,50.8073621],[9.5229735,50.807309],[9.5224072,50.8072807],[9.5219218,50.807268],[9.5214638,50.8072741],[9.5210179,50.8072885],[9.520667,50.8073071],[9.5201348,50.8073494],[9.5198358,50.8073811],[9.5194296,50.8074314],[9.518918,50.8075101],[9.5179662,50.8076755],[9.517095,50.8078241],[9.5168196,50.807867],[9.5161967,50.8079523],[9.5157367,50.808008],[9.515264,50.8080496],[9.5147322,50.8080756],[9.5141778,50.8080922],[9.5136676,50.8080904],[9.5132074,50.8080776],[9.5125793,50.8080364],[9.5120717,50.8079901],[9.5116126,50.8079345],[9.511119,50.8078603],[9.5106231,50.8077726],[9.5101496,50.8076727],[9.5096949,50.8075668],[9.5091498,50.8074123],[9.5086176,50.8072444],[9.5078026,50.8069402],[9.5077079,50.8069055],[9.5067984,50.8064691],[9.5059051,50.8060547],[9.5054224,50.8058373],[9.5042498,50.8052981],[9.5039499,50.8051644],[9.5032212,50.8048277],[9.5026861,50.804565],[9.5023738,50.8044089],[9.5020827,50.8042419],[9.5016261,50.8039635],[9.5012577,50.8037129],[9.5009718,50.8035011],[9.5003417,50.8029213],[9.4999495,50.8025172],[9.4995545,50.8021033],[9.4991282,50.8016676],[9.4986927,50.8012664],[9.4980271,50.800723],[9.4975165,50.8003821],[9.4972089,50.8002032],[9.4963405,50.7997592],[9.4958423,50.7995131],[9.4954608,50.7993385],[9.4949994,50.7991215],[9.4943459,50.7988466],[9.4938607,50.798653],[9.4930443,50.7983442],[9.4926231,50.7982173],[9.4921717,50.7980821],[9.4915061,50.7979187],[9.4909429,50.7978073],[9.4904197,50.7977228],[9.488848,50.7975485],[9.487417,50.797422],[9.4865988,50.7973253],[9.4859139,50.7972201],[9.4851194,50.7970685],[9.4844856,50.796908],[9.483955,50.7967527],[9.483583,50.7966324],[9.4831114,50.7964798],[9.4823572,50.7962254],[9.4802016,50.7954836],[9.4785827,50.7949129],[9.4782377,50.7948033],[9.4778982,50.7946872],[9.4775644,50.7945646],[9.4772366,50.7944357],[9.4769151,50.7943006],[9.4766003,50.7941593],[9.4762891,50.7940104],[9.4759852,50.7938556],[9.475689,50.7936949],[9.4754008,50.7935286],[9.4751207,50.7933568],[9.4748491,50.7931796],[9.4733755,50.7921559],[9.4728374,50.7917989],[9.4723662,50.791478],[9.4723023,50.7914391],[9.4719396,50.7912314],[9.4715254,50.7910149],[9.4712205,50.7908801],[9.4707132,50.7906778],[9.4704351,50.790579],[9.4700835,50.7904742],[9.4697942,50.7903901],[9.4693247,50.790268],[9.4688802,50.7901816],[9.4684136,50.7901069],[9.4679358,50.790046],[9.4676734,50.79002],[9.4674114,50.7900012],[9.4671236,50.7899887],[9.4668599,50.7899838],[9.4664501,50.7899842],[9.4659841,50.7899996],[9.4654822,50.7900394],[9.4652165,50.7900692],[9.4649403,50.7901031],[9.4645927,50.7901555],[9.4641965,50.7902286],[9.4639224,50.7902871],[9.4636917,50.7903388],[9.4633837,50.7904214],[9.4629854,50.7905369],[9.4624288,50.7907017],[9.4614427,50.7910162],[9.4604452,50.7913321],[9.4590904,50.7917622],[9.4581643,50.7920542],[9.4577157,50.7921954],[9.4572318,50.7923436],[9.4566664,50.7925123],[9.4561967,50.7926433],[9.4557518,50.7927594],[9.4553742,50.7928392],[9.4550496,50.7928999],[9.4547061,50.792955],[9.4543811,50.7929972],[9.4540169,50.7930331],[9.4537018,50.7930601],[9.4533619,50.7930784],[9.4530353,50.7930864],[9.452646,50.7930889],[9.4523366,50.7930839],[9.4519953,50.793065],[9.4516888,50.793044],[9.4512934,50.793006],[9.4509112,50.7929593],[9.4505931,50.7929075],[9.4502678,50.7928479],[9.4499259,50.7927769],[9.4496758,50.7927202],[9.4493534,50.7926345],[9.4489282,50.7925104],[9.4484862,50.7923577],[9.4479914,50.7921669],[9.4476512,50.7920059],[9.4472812,50.7918201],[9.4466641,50.7914665],[9.4463125,50.7912412],[9.4458076,50.7909116],[9.4451223,50.7904548],[9.4443813,50.7899727],[9.4435662,50.7894712],[9.4433124,50.7893298],[9.442664,50.7889986],[9.4420971,50.7887551],[9.4417738,50.7886301],[9.4413909,50.7884875],[9.4409951,50.7883599],[9.440255,50.788145],[9.4398754,50.7880578],[9.4394958,50.7879705],[9.4388626,50.7878345],[9.4383071,50.7877228],[9.4381685,50.7876954],[9.4372077,50.7875053],[9.4352467,50.7871323],[9.4342502,50.7869444],[9.4332317,50.7867396],[9.4323053,50.7865562],[9.4313192,50.7863555],[9.4298195,50.786034],[9.4283951,50.7857106],[9.4268283,50.7853158],[9.4249454,50.7848446],[9.4230571,50.7843679],[9.420446,50.7837349],[9.4191423,50.7834345],[9.4185578,50.7833038],[9.4174569,50.7830569],[9.4172991,50.7830215],[9.414917,50.7825012],[9.4130664,50.7820799],[9.4111551,50.7816654],[9.4091983,50.7812257],[9.408253,50.781007],[9.4070576,50.7807151],[9.4063458,50.7805325],[9.4049692,50.7801912],[9.4037307,50.7798856],[9.4025492,50.7795942],[9.4016166,50.7793562],[9.4010031,50.7791778],[9.400473,50.7790004],[9.3996838,50.7786942],[9.3990391,50.7784238],[9.398181,50.7780031],[9.3974373,50.7775804],[9.3969479,50.777267],[9.3965492,50.7769871],[9.395606,50.7763295],[9.3950516,50.7759354],[9.3944736,50.7755523],[9.3937968,50.7751596],[9.393019,50.7747697],[9.392333,50.7744713],[9.3913284,50.7740536],[9.3901993,50.773596],[9.3889236,50.7730709],[9.3870303,50.7723016],[9.386165,50.7719445],[9.385108,50.7715173],[9.3834325,50.770806],[9.3820224,50.7701995],[9.3806995,50.7696342],[9.3794421,50.7690947],[9.3788344,50.7688282],[9.3782818,50.7685732],[9.3774833,50.7681613],[9.3768757,50.767799],[9.3761822,50.7673459],[9.3755338,50.7668402],[9.3749499,50.7663211],[9.3741291,50.7655042],[9.3732014,50.7646024],[9.3727575,50.7641964],[9.3722307,50.7637906],[9.3717155,50.763437],[9.3710572,50.7630134],[9.370421,50.7626684],[9.3696067,50.7622751],[9.3689861,50.7620166],[9.3682152,50.7617158],[9.3675639,50.7615095],[9.3669392,50.7613364],[9.3663972,50.7611983],[9.3658514,50.7610766],[9.3650406,50.7609271],[9.3640869,50.7607715],[9.363422,50.7606638],[9.3627537,50.7605456],[9.3614834,50.7602606],[9.3607227,50.7600478],[9.3601446,50.7598686],[9.3582909,50.7592814],[9.3569161,50.7588499],[9.3562981,50.7586608],[9.3550018,50.7583356],[9.3548983,50.7583142],[9.3539636,50.7580964],[9.3531675,50.7579202],[9.3521884,50.7576977],[9.3501927,50.7572527],[9.3485871,50.7568812],[9.3476303,50.7566678],[9.3456874,50.7562242],[9.3445308,50.7559684],[9.3425963,50.7555207],[9.3407483,50.7551031],[9.3394579,50.7548139],[9.3387777,50.7546798],[9.3380427,50.7545658],[9.3374879,50.7544875],[9.3371035,50.7544464],[9.3367228,50.7544091],[9.3359701,50.7543566],[9.3354687,50.754337],[9.3349418,50.7543284],[9.3344159,50.7543285],[9.3339299,50.7543417],[9.3334238,50.754367],[9.3329084,50.754403],[9.3325612,50.7544363],[9.3322452,50.7544688],[9.3314988,50.7545708],[9.3310037,50.7546529],[9.3300286,50.7548298],[9.3282422,50.7551662],[9.3265141,50.7554939],[9.3250635,50.7557694],[9.3238724,50.7559937],[9.3231553,50.7561266],[9.3221993,50.756307],[9.3210767,50.7564995],[9.3205184,50.7565835],[9.3200272,50.7566468],[9.3193635,50.7567176],[9.318611,50.7567776],[9.3181162,50.7568084],[9.3175289,50.7568315],[9.3169666,50.7568465],[9.3165339,50.7568468],[9.3155242,50.7568277],[9.31484,50.7567861],[9.3142591,50.7567414],[9.3135723,50.7566802],[9.3128217,50.7565929],[9.312275,50.7565139],[9.3115982,50.7563971],[9.310874,50.7562588],[9.3099239,50.7560519],[9.3091411,50.755851],[9.3085226,50.7556675],[9.3078319,50.7554354],[9.3071083,50.7551708],[9.3065169,50.7549411],[9.305902,50.7546712],[9.3050088,50.7542487],[9.3044274,50.7539399],[9.3038686,50.7536165],[9.3031654,50.7531772],[9.3029029,50.7529937],[9.3024638,50.7526722],[9.3019791,50.7522957],[9.3015259,50.7519045],[9.3009993,50.7514081],[9.3005068,50.7508922],[9.2998294,50.7501222],[9.2995745,50.7498234],[9.29905,50.7492153],[9.2978739,50.7478331],[9.2976908,50.7476312],[9.2971843,50.7470627],[9.2970028,50.7468597],[9.2967676,50.7466254],[9.2963768,50.7462632],[9.2960088,50.7459581],[9.2957482,50.7457551],[9.2951782,50.7453706],[9.2946831,50.7450685],[9.2940559,50.7447205],[9.2935147,50.7444669],[9.2928631,50.7441966],[9.2924466,50.7440263],[9.2917603,50.7438049],[9.2908058,50.7435265],[9.289917,50.7433319],[9.2891939,50.743209],[9.288624,50.7431221],[9.2877165,50.7430306],[9.2872,50.7429973],[9.2863136,50.7429694],[9.2859072,50.7429677],[9.2846029,50.74296],[9.2831439,50.7429567],[9.2818416,50.7429541],[9.2805632,50.7429253],[9.2798448,50.7428889],[9.2791156,50.7428389],[9.2780486,50.7427295],[9.2774857,50.7426583],[9.2768257,50.7425667],[9.2762367,50.7424678],[9.2756585,50.7423535],[9.2746992,50.7421451],[9.2737628,50.7419167],[9.2729325,50.7416982],[9.2724719,50.7415737],[9.2713821,50.7412751],[9.2707118,50.7410962],[9.2693694,50.7407375],[9.2685953,50.7405436],[9.2675074,50.7402494],[9.2667371,50.7400426],[9.263999,50.7393151],[9.2628351,50.7390234],[9.2618203,50.7387877],[9.2605985,50.7385124],[9.2593394,50.7382506],[9.2589021,50.738163],[9.2571237,50.7378211],[9.2563921,50.7376887],[9.2556383,50.7375643],[9.2549082,50.7374459],[9.2539721,50.7373047],[9.2523103,50.7370642],[9.2511002,50.7369029],[9.2501432,50.7367747],[9.2483649,50.7365376],[9.2480148,50.7364954],[9.2476467,50.7364473],[9.2462973,50.7362681],[9.245724,50.7361856],[9.2450781,50.7360853],[9.2443886,50.7359734],[9.2427648,50.7356517],[9.2425589,50.7356062],[9.2418692,50.7354458],[9.2414628,50.735351],[9.2408784,50.7351947],[9.2404487,50.7350757],[9.2396313,50.7348394],[9.2390782,50.734671],[9.2384922,50.7344785],[9.2378511,50.7342473],[9.2374898,50.7341133],[9.2365204,50.7337211],[9.235741,50.7334041],[9.2347757,50.7329574],[9.2338336,50.7324818],[9.2330696,50.7320726],[9.2326377,50.7318292],[9.2320685,50.7315121],[9.2314337,50.7311526],[9.2308686,50.7308241],[9.2300817,50.7303815],[9.2292901,50.729977],[9.2286682,50.7296708],[9.2276805,50.7292298],[9.2266424,50.7287955],[9.2258059,50.7284805],[9.2250407,50.728212],[9.2241612,50.727919],[9.2232805,50.7276194],[9.2224117,50.727329],[9.2213536,50.7269759],[9.2201474,50.7265681],[9.2173976,50.7256312],[9.2164763,50.7253285],[9.2161769,50.7252264],[9.215089,50.7248528],[9.2139591,50.7244714],[9.2133054,50.7242514],[9.2127149,50.7240591],[9.2122509,50.7239002],[9.211065,50.7234883],[9.2100046,50.7230844],[9.2089477,50.7226241],[9.2083758,50.7223356],[9.2077751,50.7220178],[9.2072824,50.7217399],[9.2062834,50.7211488],[9.2048789,50.72031],[9.2033348,50.7193914],[9.2024074,50.7188366],[9.2012823,50.718169],[9.1994438,50.7170792],[9.1976384,50.7159982],[9.1941848,50.7139406],[9.1937357,50.7136812],[9.1930796,50.7133291],[9.1926382,50.7131177],[9.1921631,50.7129202],[9.1916234,50.7127089],[9.1910899,50.7125213],[9.1904614,50.7123298],[9.1899781,50.7122042],[9.1893045,50.7120498],[9.188937,50.7119766],[9.1885662,50.7119107],[9.1881923,50.711852],[9.1878157,50.7118007],[9.1874368,50.7117567],[9.1870417,50.7117189],[9.1866448,50.7116892],[9.1862466,50.7116675],[9.1858476,50.7116539],[9.1854481,50.7116484],[9.1850485,50.7116509],[9.1846492,50.7116616],[9.1842507,50.7116804],[9.1838533,50.7117072],[9.1833625,50.7117519],[9.1829364,50.7118014],[9.1825119,50.7118563],[9.182092,50.7119161],[9.181674,50.7119812],[9.1810813,50.7120776],[9.1805214,50.712166],[9.1797899,50.7122769],[9.1790448,50.7123838],[9.1783031,50.7124679],[9.1777509,50.712516],[9.1770812,50.7125538],[9.1765612,50.7125729],[9.1758001,50.7125728],[9.1748682,50.712544],[9.1742798,50.712516],[9.1732916,50.7124512],[9.1728075,50.7124088],[9.1720592,50.7123598],[9.1706386,50.7122518],[9.1694021,50.7121696],[9.1683679,50.7120956],[9.1665511,50.7119622],[9.1662419,50.711941],[9.165616,50.7118952],[9.1647027,50.7118291],[9.1632133,50.7117156],[9.1624107,50.7116559],[9.1614801,50.7115853],[9.1599174,50.7114822],[9.1592488,50.7114612],[9.1582667,50.7114454],[9.1570202,50.7114603],[9.155959,50.7114984],[9.1552874,50.7115363],[9.1545427,50.7115876],[9.153809,50.7116537],[9.1530004,50.7117341],[9.1520116,50.7118598],[9.151328,50.7119566],[9.15081,50.7120375],[9.1503439,50.7121138],[9.1496038,50.7122539],[9.1489969,50.7123717],[9.1481891,50.7125444],[9.1472526,50.712763],[9.1462265,50.7130372],[9.1457776,50.7131528],[9.144466,50.713467],[9.1430785,50.7138257],[9.1414797,50.7142231],[9.1405246,50.7144469],[9.1397982,50.7145957],[9.139299,50.7146808],[9.1385252,50.7148067],[9.1377497,50.7149162],[9.136965,50.7150035],[9.136208,50.7150672],[9.135276,50.7151318],[9.133471,50.715196],[9.1315892,50.7152569],[9.1288706,50.7153474],[9.126321,50.7154372],[9.1227428,50.7155593],[9.1193165,50.7156673],[9.1183758,50.7156618],[9.117595,50.7156467],[9.1165603,50.7156083],[9.1154991,50.7155501],[9.1153188,50.7155388],[9.1151909,50.7155289],[9.1144447,50.7154607],[9.1136752,50.7153782],[9.1124841,50.7152258],[9.1112406,50.7150703],[9.1106614,50.7149898],[9.1096591,50.7148679],[9.1087234,50.7147512],[9.1079722,50.7146788],[9.107451,50.7146412],[9.106946,50.7146219],[9.1065898,50.7146142],[9.1055926,50.7146163],[9.1048839,50.714651],[9.1043024,50.7146901],[9.103803,50.7147388],[9.1032813,50.7148037],[9.1025416,50.7149131],[9.101133,50.7151384],[9.099879,50.7153377],[9.0976203,50.7156566],[9.0963116,50.7158366],[9.0941626,50.7161394],[9.0939901,50.7161636],[9.0925757,50.7163491],[9.0913535,50.7165211],[9.0905709,50.7166281],[9.0888615,50.7168617],[9.0874416,50.7170285],[9.0866198,50.717102],[9.0856177,50.7171573],[9.084925,50.7171737],[9.0843379,50.7171798],[9.0831551,50.7171607],[9.0823953,50.7171214],[9.0816275,50.717055],[9.0808736,50.716979],[9.0800462,50.7168654],[9.0793109,50.7167466],[9.0784109,50.7165595],[9.0778678,50.7164425],[9.0772412,50.7162801],[9.0765249,50.7160849],[9.0758349,50.7158646],[9.075174,50.7156338],[9.0745282,50.7153778],[9.0734917,50.7149254],[9.0725053,50.7144084],[9.0717866,50.7139987],[9.0710017,50.7135085],[9.0703416,50.7131051],[9.0700512,50.712929],[9.0698516,50.7128033],[9.0679878,50.7117503],[9.0672957,50.7113789],[9.0665335,50.7109859],[9.0660574,50.7107474],[9.0656224,50.710532],[9.0652484,50.710349],[9.0648808,50.7101585],[9.0645984,50.7100022],[9.0643333,50.7098493],[9.0639298,50.7095992],[9.0634518,50.7092839],[9.0631004,50.7090558],[9.0628665,50.7089057],[9.062616,50.7087562],[9.0623736,50.708615],[9.0619798,50.7084042],[9.0615799,50.708203],[9.0609696,50.7079171],[9.0606666,50.7077753],[9.0593758,50.7071999],[9.0579455,50.7065993],[9.0555194,50.7056493],[9.0546127,50.7052919],[9.0543903,50.7052004],[9.0533445,50.7047618],[9.0530595,50.7046341],[9.0527815,50.7045063],[9.0517967,50.7040242],[9.050838,50.7035221],[9.0500188,50.7030506],[9.0493277,50.7026159],[9.0491841,50.7025309],[9.0487295,50.7022243],[9.0482757,50.7019053],[9.0478912,50.7016217],[9.0474333,50.7012771],[9.0469264,50.700862],[9.046471,50.7004715],[9.046038,50.7000841],[9.0454674,50.6995223],[9.0451228,50.699173],[9.0445889,50.6985765],[9.0440855,50.6979488],[9.0434417,50.6971225],[9.042746,50.6962357],[9.0419895,50.6952535],[9.0416708,50.6948097],[9.0413576,50.6943669],[9.0409709,50.6937616],[9.040677,50.6932521],[9.0404316,50.6927777],[9.040165,50.6922238],[9.0398433,50.69145],[9.0395865,50.6907571],[9.0393632,50.6901293],[9.038804,50.6885551],[9.0384708,50.6876132],[9.0381835,50.6868219],[9.0380397,50.6865132],[9.0378755,50.6862073],[9.0375074,50.6856523],[9.037291,50.6853389],[9.0371283,50.685148],[9.0369567,50.6849603],[9.0367764,50.6847759],[9.0365875,50.684595],[9.0363619,50.6843931],[9.0361255,50.6841961],[9.0358788,50.6840044],[9.035622,50.6838181],[9.0330653,50.6820383],[9.0328117,50.6818561],[9.0325652,50.6816701],[9.0323257,50.6814803],[9.0321056,50.6812972],[9.031892,50.6811109],[9.0316853,50.6809216],[9.0314074,50.6806543],[9.0312033,50.6804385],[9.0310076,50.6802197],[9.0308205,50.6799978],[9.0306848,50.6798282],[9.030554,50.679657],[9.0243313,50.671016],[9.0241099,50.6707089],[9.023898,50.6704046],[9.023489,50.6698053],[9.023071,50.6691084],[9.0227217,50.6684897],[9.0222874,50.6676709],[9.0218887,50.6668625],[9.0212919,50.66568],[9.0206837,50.6644521],[9.0204605,50.6639897],[9.0201438,50.6633746],[9.0198295,50.6627527],[9.0194075,50.661918],[9.0190057,50.6612285],[9.0185523,50.6605302],[9.0180276,50.6598234],[9.0174584,50.6591245],[9.0170063,50.6586204],[9.016613,50.6582156],[9.0163008,50.6578986],[9.0161039,50.6577139],[9.0157621,50.6573972],[9.0153525,50.6570456],[9.0150064,50.6567561],[9.0142469,50.6561566],[9.0136948,50.6557616],[9.0131757,50.6554052],[9.0123291,50.6548583],[9.0112368,50.6541926],[9.0108703,50.653975],[9.0077236,50.6520623],[9.0068138,50.6515092],[9.0057188,50.6508497],[9.0044287,50.6500672],[9.0030904,50.6492574],[9.0011215,50.6480502],[9.0008404,50.6478838],[8.9999929,50.6473624],[8.9991184,50.6468343],[8.9981874,50.6462628],[8.9974554,50.6458683],[8.9969678,50.6456253],[8.9963422,50.6453456],[8.9957662,50.6451142],[8.9951329,50.6448937],[8.9946745,50.6447426],[8.9941748,50.6445992],[8.9934697,50.644422],[8.9928163,50.6442746],[8.9924641,50.644205],[8.9915658,50.6440273],[8.9911272,50.6439407],[8.9902743,50.6437729],[8.9896163,50.6436375],[8.9881892,50.6433441],[8.9866315,50.6430282],[8.9861549,50.6429361],[8.9854931,50.6428106],[8.9847437,50.6426947],[8.9838907,50.6425633],[8.9818645,50.6422646],[8.9798086,50.6419691],[8.976975,50.6415589],[8.9766893,50.6415192],[8.973263,50.6410233],[8.9702911,50.6405921],[8.9693099,50.6404726],[8.9680387,50.6403262],[8.9673635,50.6402584],[8.9665973,50.6402015],[8.9658435,50.6401394],[8.9648162,50.6400824],[8.962819,50.6399643],[8.9606542,50.6398305],[8.9583495,50.6397034],[8.9567053,50.6396098],[8.9563578,50.639585],[8.954892,50.6395015],[8.9531254,50.6393921],[8.9505324,50.6392397],[8.9483423,50.6391004],[8.9470246,50.6389801],[8.9461101,50.6388656],[8.9450496,50.6387044],[8.9443118,50.6385778],[8.9438292,50.6384893],[8.9428799,50.6382881],[8.9421669,50.6381229],[8.9415782,50.6379684],[8.9409874,50.6377994],[8.9405541,50.6376755],[8.9387558,50.6371119],[8.9369734,50.6365432],[8.9334601,50.6354154],[8.933129,50.6353089],[8.9313661,50.6347458],[8.928619,50.6338669],[8.92759,50.6335339],[8.9260362,50.6330461],[8.9242426,50.6324688],[8.9238256,50.6323254],[8.9236453,50.6322692],[8.9232178,50.6321293],[8.9215012,50.6315807],[8.9165017,50.6299819],[8.9129211,50.6288274],[8.9102782,50.6279818],[8.9077451,50.6271663],[8.9029597,50.6256349],[8.902392,50.6254471],[8.9022859,50.6254136],[8.9016358,50.625197],[8.9009184,50.6249312],[8.899552,50.624453],[8.8980408,50.623889],[8.8975198,50.6236755],[8.8964875,50.6233002],[8.8951263,50.6227898],[8.8928595,50.621943],[8.8928407,50.6219337],[8.8927496,50.6218997],[8.8923128,50.6217368],[8.8916193,50.6214782],[8.8905896,50.6211],[8.887897,50.6200909],[8.8835255,50.6184609],[8.8759513,50.6156333],[8.8742267,50.6149924],[8.8716647,50.6140219],[8.8707139,50.6136963],[8.8697188,50.6133758],[8.8689314,50.613156],[8.8677585,50.6128797],[8.8665876,50.6126399],[8.8655086,50.612457],[8.8642345,50.6123075],[8.8635387,50.6122411],[8.8628279,50.6121936],[8.8622218,50.6121651],[8.8613539,50.612139],[8.8603282,50.6121338],[8.8591133,50.6121395],[8.8578342,50.6121475],[8.8563045,50.6121627],[8.8542839,50.6121684],[8.8507046,50.6121812],[8.8494398,50.6121748],[8.8478547,50.6121959],[8.8471649,50.612207],[8.846654,50.612218],[8.8455638,50.6122396],[8.8443632,50.6122512],[8.8429163,50.6122613],[8.841795,50.6122532],[8.8406543,50.6122328],[8.8390665,50.6122141],[8.8366593,50.6122196],[8.8363052,50.6122237],[8.8357081,50.6122249],[8.8353028,50.6122222],[8.8348516,50.6122163],[8.8343639,50.6122013],[8.8340226,50.6121844],[8.8336812,50.612162],[8.8332604,50.6121254],[8.8329018,50.612086],[8.8325848,50.612045],[8.8320926,50.6119802],[8.8314044,50.6118666],[8.8306664,50.6117199],[8.8298527,50.6115258],[8.8292216,50.6113459],[8.8289576,50.6112669],[8.8286486,50.611156],[8.8281313,50.6109724],[8.8277557,50.6108249],[8.8274582,50.6107035],[8.8271865,50.6105822],[8.8264611,50.6102517],[8.8261515,50.6100948],[8.8258527,50.6099352],[8.8254578,50.6097005],[8.8250737,50.6094536],[8.8246901,50.6092017],[8.8241816,50.6088237],[8.8236426,50.6083477],[8.8231161,50.6078077],[8.8227254,50.6074094],[8.8221414,50.6067642],[8.8207894,50.6052659],[8.8192788,50.6036054],[8.8190563,50.6033589],[8.8168306,50.6009115],[8.8165094,50.6005416],[8.8161188,50.6000763],[8.8157376,50.5995832],[8.8152928,50.5989273],[8.8150721,50.5985889],[8.8148482,50.598221],[8.814563,50.5976892],[8.8140248,50.5966163],[8.8134657,50.5955012],[8.8133785,50.5953209],[8.8131077,50.5947597],[8.8129903,50.5945218],[8.812611,50.5937539],[8.8121327,50.5927712],[8.8114629,50.5913939],[8.8110369,50.5905168],[8.8102748,50.588966],[8.8097339,50.5878425],[8.8091649,50.5867051],[8.8085883,50.5857028],[8.8082964,50.5852569],[8.8078866,50.5846936],[8.8071893,50.5838309],[8.806316,50.5828025],[8.8062564,50.5827298],[8.8051524,50.5814186],[8.804505,50.580634],[8.8041477,50.5801504],[8.803868,50.5797144],[8.8035503,50.5791161],[8.8032799,50.5784675],[8.8026873,50.5768666],[8.802664,50.5768027],[8.8024132,50.5761139],[8.8021219,50.5753189],[8.8017595,50.5743881],[8.8014154,50.5736718],[8.8010635,50.5730144],[8.800789,50.572567],[8.800429,50.5720203],[8.7997445,50.5711078],[8.7984879,50.5695768],[8.7972843,50.5681408],[8.7971184,50.5679436],[8.7966122,50.5673196],[8.796023,50.5665355],[8.7955234,50.5658594],[8.7951895,50.5653867],[8.794383,50.5641895],[8.7918205,50.5600114],[8.7889104,50.5552695],[8.7888455,50.5551621],[8.7874876,50.5529323],[8.7860511,50.5505953],[8.785671,50.5499909],[8.7853497,50.5495049],[8.7849488,50.5489581],[8.7845276,50.5484055],[8.7843061,50.5481148],[8.7833704,50.5468716],[8.7826037,50.5458661],[8.7822531,50.5454063],[8.7818269,50.5449011],[8.7816475,50.5446898],[8.7812955,50.5443008],[8.7804953,50.5435228],[8.7798704,50.5429242],[8.7795986,50.5426676],[8.7784026,50.5415382],[8.7769625,50.5401782],[8.7739579,50.5373216],[8.7726151,50.5360516],[8.7725161,50.535958],[8.7694611,50.5330686],[8.7649803,50.5288247],[8.7627136,50.5266719],[8.7615883,50.5256081],[8.7604831,50.524561],[8.7600615,50.5241613],[8.7597543,50.52387],[8.7583086,50.5224993],[8.7580784,50.5222726],[8.757654,50.5218548],[8.7566924,50.5208855],[8.7557942,50.5199182],[8.7546742,50.5186569],[8.7544043,50.5183521],[8.7532152,50.5170109],[8.7530866,50.5168658],[8.75189,50.5155161],[8.7510117,50.5145743],[8.7501096,50.5136221],[8.7491688,50.5126972],[8.7487086,50.512253],[8.7482074,50.5117387],[8.7475491,50.5110616],[8.7469628,50.5103481],[8.7462939,50.5094829],[8.7456196,50.5085626],[8.7448649,50.5075497],[8.7447923,50.507442],[8.7438745,50.5061921],[8.7429294,50.5048425],[8.7422665,50.5037684],[8.7414703,50.5022905],[8.7408818,50.5011802],[8.7396382,50.4988156],[8.7377968,50.4953096],[8.7377191,50.4951655],[8.7376334,50.4950068],[8.7372268,50.4942325],[8.7364314,50.4927315],[8.7357506,50.491442],[8.7347964,50.4896252],[8.7347548,50.4895479],[8.7337756,50.4876947],[8.732812,50.4858581],[8.7327484,50.4857376],[8.7310298,50.4824979],[8.7303122,50.481122],[8.7296667,50.4799152],[8.7286745,50.4780211],[8.7273554,50.475524],[8.7269382,50.4747249],[8.7266257,50.4741462],[8.7264607,50.4738225],[8.7255831,50.4721444],[8.7252671,50.4715507],[8.7249448,50.4709468],[8.7247455,50.4705752],[8.7246638,50.4704226],[8.7243337,50.4697668],[8.7242995,50.4696969],[8.7237313,50.4686321],[8.7230099,50.4672495],[8.7225549,50.4663945],[8.7219881,50.4653284],[8.7218514,50.4650606],[8.7213768,50.4641666],[8.7209222,50.4632947],[8.7207463,50.4630043],[8.7206367,50.4628257],[8.720516,50.4625917],[8.7202011,50.4620093],[8.7200311,50.4617121],[8.7198237,50.4613732],[8.7196994,50.4611884],[8.7195262,50.4609159],[8.7191284,50.460359],[8.7188008,50.4599441],[8.7184627,50.4595207],[8.7180898,50.459104],[8.71775,50.4587393],[8.7173756,50.4583602],[8.7169908,50.4579793],[8.7163539,50.4574092],[8.7157309,50.4568921],[8.7151493,50.4564422],[8.714609,50.4560492],[8.7140081,50.4556392],[8.7132945,50.4551865],[8.7123864,50.4546571],[8.7120381,50.4544586],[8.7107867,50.4538166],[8.7102454,50.4535565],[8.7094014,50.4531773],[8.707991,50.4525608],[8.7061951,50.4517865],[8.704028,50.4508338],[8.7028646,50.4503218],[8.7021516,50.4500108],[8.7016016,50.4497695],[8.701122,50.4495666],[8.7007301,50.4493924],[8.7001248,50.4491118],[8.6996845,50.4488998],[8.6991541,50.4486118],[8.6986465,50.4483076],[8.6982249,50.4480305],[8.6978221,50.4477423],[8.6974391,50.4474434],[8.6970764,50.4471344],[8.6967347,50.4468158],[8.6964147,50.4464882],[8.6961169,50.4461523],[8.6958419,50.4458085],[8.6955901,50.4454576],[8.6953621,50.4451001],[8.6951582,50.4447368],[8.6949788,50.4443683],[8.6948242,50.4439953],[8.6946948,50.4436184],[8.6945907,50.4432383],[8.6945122,50.4428557],[8.6944594,50.4424713],[8.6944323,50.4420859],[8.6944311,50.4417],[8.6944557,50.4413145],[8.6945094,50.4408735],[8.6947352,50.4394783],[8.694769,50.4392824],[8.694825,50.4389576],[8.694994,50.4380196],[8.6950544,50.4376848],[8.6952045,50.4368517],[8.695486,50.4352245],[8.6956712,50.4341767],[8.6959905,50.4323473],[8.6962608,50.4307433],[8.6965433,50.4291396],[8.6968486,50.4273878],[8.6972859,50.424898],[8.6977191,50.4224044],[8.6979443,50.4211279],[8.6984134,50.4184285],[8.6986641,50.416991],[8.6989193,50.4155468],[8.6991579,50.4141253],[8.6994572,50.4124225],[8.6994857,50.4122604],[8.7000391,50.4090798],[8.7001991,50.4081605],[8.7003177,50.4075362],[8.7005221,50.4063733],[8.7007991,50.4047613],[8.7010699,50.4031961],[8.7015342,50.4005497],[8.7017506,50.3992968],[8.7020513,50.3975542],[8.702319,50.395992],[8.7023831,50.395607],[8.7025644,50.3946018],[8.7028531,50.3929765],[8.7032125,50.3908843],[8.7036873,50.3882349],[8.7039952,50.3864619],[8.7042362,50.3850106],[8.7045092,50.3834461],[8.704721,50.3822532],[8.7048771,50.3813429],[8.7049358,50.3810007],[8.7050926,50.3800859],[8.7052593,50.3791595],[8.7053552,50.3786297],[8.7054369,50.3781507],[8.7055022,50.3777686],[8.7056108,50.3771259],[8.7057037,50.3763933],[8.7057293,50.3760361],[8.7057388,50.3755329],[8.7057385,50.3752164],[8.7057081,50.3745932],[8.7056445,50.3739203],[8.7054699,50.3729635],[8.7053151,50.3723459],[8.7051625,50.3718305],[8.7050098,50.3713732],[8.7048358,50.3709102],[8.7046681,50.3705463],[8.7044858,50.370154],[8.7043516,50.3698867],[8.7041624,50.3695189],[8.7039915,50.3692077],[8.7035312,50.3684705],[8.70305,50.367775],[8.7025298,50.3671108],[8.7013696,50.3657192],[8.7004694,50.3646234],[8.6998635,50.3638756],[8.6996752,50.3636486],[8.6994139,50.3633413],[8.6979114,50.3615078],[8.6972684,50.3607302],[8.6966555,50.3599803],[8.695922,50.3590952],[8.6956362,50.3587503],[8.6951452,50.3580796],[8.6948547,50.3576347],[8.6944515,50.3569773],[8.6941941,50.3565094],[8.6938952,50.3559143],[8.6934835,50.3549225],[8.6932938,50.3543607],[8.6931225,50.353754],[8.6931055,50.3536824],[8.6930306,50.353375],[8.6929324,50.3528978],[8.6928386,50.352403],[8.6927915,50.3519324],[8.6927612,50.3515912],[8.6927386,50.3510805],[8.6927385,50.3504112],[8.6927591,50.349877],[8.6928,50.3494091],[8.6929048,50.3487186],[8.6930499,50.3480311],[8.6932135,50.3474181],[8.6934127,50.3467993],[8.6938538,50.3456357],[8.6941749,50.3447977],[8.695089,50.3424205],[8.6953622,50.3417111],[8.6956073,50.3410048],[8.6957871,50.3403967],[8.6959249,50.3398081],[8.6960487,50.3391211],[8.696114,50.3385682],[8.6961561,50.337978],[8.6961701,50.3374057],[8.6961447,50.3367647],[8.6960877,50.3360874],[8.6960288,50.3356346],[8.6959231,50.3350806],[8.6957991,50.3345343],[8.6957196,50.3341935],[8.6955111,50.333329],[8.6953519,50.3326386],[8.6951034,50.3315681],[8.694781,50.3302332],[8.6945333,50.329191],[8.694343,50.3283949],[8.6941899,50.3277411],[8.6939951,50.326929],[8.6938042,50.326126],[8.6936158,50.3253287],[8.6934256,50.3245018],[8.6932289,50.3236787],[8.6930395,50.322873],[8.692847,50.322062],[8.6925576,50.3208273],[8.6923026,50.3198022],[8.6921701,50.3192743],[8.6919711,50.3186678],[8.691728,50.3180363],[8.6914449,50.317399],[8.6911381,50.3167916],[8.6908595,50.3162998],[8.6903906,50.3155615],[8.6896191,50.3144975],[8.689143,50.3139273],[8.6887293,50.3134631],[8.6883605,50.3130821],[8.6878598,50.3125898],[8.6867986,50.3116483],[8.6858911,50.3108805],[8.6848433,50.3099738],[8.6830595,50.3084346],[8.6812611,50.3068974],[8.6798351,50.3056764],[8.6788685,50.3048485],[8.678262,50.3043028],[8.6776832,50.3037506],[8.6771288,50.3031852],[8.6766144,50.3026047],[8.6761339,50.3020124],[8.675688,50.3014091],[8.6752773,50.3007958],[8.6749024,50.3001731],[8.6745637,50.299542],[8.6742618,50.2989034],[8.673997,50.2982581],[8.673802,50.2977219],[8.6727878,50.2947365],[8.6727202,50.2945358],[8.6722595,50.2931796],[8.6718363,50.2919447],[8.6713205,50.2904203],[8.6706784,50.2885639],[8.6704782,50.2879461],[8.6702838,50.2873759],[8.6702252,50.2872005],[8.6699194,50.2863072],[8.6696881,50.2856377],[8.6693394,50.2846112],[8.6686499,50.2825713],[8.6683235,50.2816101],[8.6680518,50.2807891],[8.6676266,50.2795574],[8.6672102,50.2783127],[8.6669401,50.2775304],[8.6666692,50.2767243],[8.6663569,50.2758185],[8.6662266,50.2754347],[8.6661182,50.2751257],[8.6660396,50.2748976],[8.6659286,50.2745755],[8.6655978,50.2735737],[8.6652224,50.2724752],[8.6648446,50.2713521],[8.6642223,50.2695336],[8.6636083,50.2677202],[8.6633453,50.2669533],[8.6631681,50.2664301],[8.663104,50.266225],[8.6629221,50.2655457],[8.6628308,50.2651906],[8.6627596,50.2648469],[8.6626691,50.2642315],[8.6626151,50.2637585],[8.6625962,50.2634388],[8.6625823,50.2629597],[8.6625788,50.2622403],[8.6625996,50.2610238],[8.6626224,50.2594056],[8.6626451,50.2576994],[8.6626572,50.2571667],[8.6626645,50.2565557],[8.6626678,50.2562084],[8.6626821,50.2547182],[8.6626889,50.2540908],[8.6627121,50.2527802],[8.6627213,50.2521086],[8.6627477,50.2505145],[8.6627499,50.2501865],[8.6627548,50.2498595],[8.6627685,50.2489551],[8.662771,50.2487933],[8.6627844,50.2479108],[8.6627907,50.2469543],[8.6628197,50.2453439],[8.6628332,50.2441673],[8.6628584,50.2425306],[8.6628791,50.24129],[8.6629118,50.238794],[8.6629162,50.2385846],[8.6629208,50.2383689],[8.662934,50.2375096],[8.6629697,50.2346954],[8.6629928,50.2333753],[8.6630095,50.2320061],[8.663012,50.2317936],[8.6630232,50.2308711],[8.6630713,50.2273711],[8.663112,50.2247547],[8.6631282,50.2234416],[8.663143,50.2225414],[8.6631591,50.2212476],[8.6631626,50.2210168],[8.6631662,50.2206968],[8.6631744,50.219961],[8.6631531,50.2194109],[8.6631424,50.2189215],[8.6631075,50.2184589],[8.663071,50.2180623],[8.663002,50.2175719],[8.6629005,50.2170334],[8.6627851,50.2165407],[8.6626473,50.2160368],[8.6624911,50.2155588],[8.6623573,50.2151836],[8.662204,50.2147972],[8.6620152,50.2143711],[8.6618518,50.2140313],[8.6616801,50.2136942],[8.6614078,50.2132046],[8.6611669,50.2128019],[8.6608759,50.2123448],[8.6604419,50.2117391],[8.6602115,50.2114345],[8.6599998,50.2111634],[8.6596759,50.2107811],[8.6594913,50.2105653],[8.6589678,50.2100011],[8.6584195,50.2094572],[8.6581594,50.2092113],[8.6580309,50.2090962],[8.6579168,50.2089917],[8.6576548,50.2087633],[8.6572958,50.2084583],[8.6568837,50.2081249],[8.6563031,50.2076839],[8.6556749,50.2072356],[8.6549003,50.2067222],[8.6540386,50.2061989],[8.6496065,50.2036382],[8.6492068,50.2033808],[8.6475407,50.2024196],[8.6455475,50.2012678],[8.6453502,50.201153],[8.6448824,50.2008828],[8.644674,50.2007656],[8.6437611,50.2002454],[8.6421386,50.1993088],[8.6413297,50.1988316],[8.6395083,50.1977803],[8.6380411,50.1969334],[8.6369473,50.1962989],[8.6361443,50.1958292],[8.6349557,50.1951437],[8.6341032,50.1946526],[8.6324323,50.193689],[8.6309595,50.1928327],[8.6302579,50.1924293],[8.6293308,50.191894],[8.6284149,50.1913634],[8.6265527,50.1902916],[8.6246856,50.1892053],[8.6236579,50.1886067],[8.6227131,50.1880068],[8.6221576,50.187617],[8.6217188,50.1873029],[8.6213816,50.1870477],[8.6206263,50.1864377],[8.6201857,50.1860579],[8.6197665,50.1856707],[8.6193382,50.1852549],[8.61893,50.1848258],[8.6184327,50.1842891],[8.6179852,50.1837536],[8.6177528,50.1834485],[8.6174414,50.1830276],[8.6171218,50.1825692],[8.6168404,50.1821264],[8.616427,50.1814017],[8.6160781,50.1807817],[8.6155807,50.1798697],[8.6150149,50.1788489],[8.6146456,50.1781795],[8.6140375,50.1770744],[8.6132378,50.1756406],[8.6129416,50.1751034],[8.6125074,50.1743454],[8.6109372,50.1715046],[8.6103495,50.1703866],[8.6094434,50.1687599],[8.608039,50.1662165],[8.6074319,50.1651082],[8.606801,50.1639692],[8.6067641,50.1638918],[8.6063533,50.1631708],[8.6052348,50.1611411],[8.6040544,50.1589768],[8.6039384,50.1587807],[8.6038386,50.1586013],[8.6029076,50.156906],[8.6026482,50.1564337],[8.602141,50.155533],[8.6014915,50.1543437],[8.6003253,50.152262],[8.5998443,50.1513574],[8.5994648,50.1506657],[8.5992135,50.1502075],[8.5984048,50.1487381],[8.5978323,50.1477324],[8.5972706,50.1467198],[8.5964434,50.1451753],[8.5955732,50.1436104],[8.5952784,50.1430664],[8.5945208,50.1416923],[8.593995,50.1407712],[8.5932324,50.1393742],[8.593004,50.1389431],[8.592525,50.1380925],[8.5923509,50.137771],[8.5916933,50.1365597],[8.5911314,50.1355427],[8.5908921,50.1350604],[8.5906432,50.1345085],[8.5904649,50.1340291],[8.5904246,50.1339187],[8.5903516,50.1337186],[8.590184,50.1331013],[8.5901303,50.1328626],[8.5900997,50.1326946],[8.5900671,50.1325021],[8.5899628,50.1319195],[8.5899294,50.1314803],[8.5899186,50.1310262],[8.5899324,50.1306407],[8.5899708,50.1303423],[8.5900282,50.1298875],[8.5901122,50.1293419],[8.5901425,50.1291812],[8.590267,50.128693],[8.590289,50.1286191],[8.5903175,50.128523],[8.5903347,50.1284652],[8.5904083,50.1281527],[8.5905554,50.1277517],[8.5907354,50.1273404],[8.5909067,50.1269666],[8.5912194,50.1263817],[8.5914381,50.1260036],[8.591848,50.1253549],[8.592037,50.1250596],[8.5923328,50.1246115],[8.5925969,50.1242057],[8.5928061,50.1238879],[8.5933351,50.1230648],[8.594015,50.1220311],[8.5943414,50.121549],[8.5946934,50.1209866],[8.5949957,50.1205221],[8.5953997,50.1199113],[8.5956014,50.119601],[8.5959543,50.1190392],[8.5960973,50.1188671],[8.5963918,50.1184208],[8.5967543,50.1178546],[8.5970411,50.1174059],[8.5976246,50.1165278],[8.5981411,50.115718],[8.598204,50.1156415],[8.5984458,50.1152422],[8.5990098,50.114361],[8.5991839,50.1141102],[8.5994118,50.1137549],[8.5997811,50.113185],[8.5999498,50.1129205],[8.6001438,50.1126248],[8.6003656,50.1122884],[8.6005525,50.1120103],[8.6007388,50.1117142],[8.6009195,50.1114388],[8.6017994,50.1100971],[8.6020436,50.1097],[8.6023061,50.1093066],[8.6026937,50.1087039],[8.6029967,50.1082411],[8.6031908,50.1079443],[8.6035024,50.1074677],[8.6038574,50.1069321],[8.6040406,50.1066742],[8.6043692,50.1062444],[8.6045794,50.1059861],[8.6048385,50.1056817],[8.6052181,50.1052491],[8.6059818,50.1044441],[8.6066876,50.1037473],[8.6073962,50.1030963],[8.6082658,50.102302],[8.6094232,50.1013265],[8.6097682,50.1010282],[8.6105361,50.1003854],[8.6110135,50.0999823],[8.6119173,50.0992179],[8.6124936,50.0987077],[8.6127851,50.0984315],[8.6133148,50.097905],[8.6138385,50.0973221],[8.6143295,50.0967086],[8.6145474,50.096447],[8.6148484,50.0960425],[8.6151592,50.0955868],[8.6154464,50.0951361],[8.6158095,50.0944833],[8.6160362,50.0940697],[8.6162257,50.093637],[8.6163315,50.0933454],[8.6164406,50.0931479],[8.6166789,50.0924995],[8.6167152,50.0923814],[8.616862,50.0918929],[8.61695,50.0915685],[8.6169874,50.0914254],[8.6170864,50.0910741],[8.6171937,50.0905612],[8.6177521,50.0877983],[8.6179435,50.0869443],[8.6180635,50.0862653],[8.6181401,50.0857994],[8.6181623,50.0854718],[8.6181845,50.0851737],[8.6182169,50.0845792],[8.6182469,50.0841749],[8.6182339,50.0837029],[8.6182155,50.0833614],[8.6181898,50.0830164],[8.6181313,50.0825493],[8.6180859,50.0823231],[8.6180535,50.0820651],[8.617998,50.0817888],[8.6178797,50.0812877],[8.6176998,50.0806741],[8.6174559,50.0800089],[8.6171151,50.079192],[8.6169922,50.0789437],[8.6163789,50.0777003],[8.6161002,50.0771548],[8.6158231,50.0766066],[8.6156758,50.0763152],[8.6154344,50.0758384],[8.6151826,50.0753347],[8.6148746,50.0747213],[8.614503,50.0739766],[8.6143478,50.0736624],[8.6141938,50.0733599],[8.6139497,50.0728748],[8.6139067,50.0727353],[8.6132849,50.0714826],[8.6128942,50.0707058],[8.6123509,50.0695998],[8.611729,50.0683731],[8.610533,50.065987],[8.6098546,50.0646471],[8.6094095,50.0637269],[8.6088495,50.0626192],[8.6084737,50.0618618],[8.608428,50.0617695],[8.6080261,50.0609737],[8.6078057,50.0605213],[8.6073619,50.0596442],[8.6068768,50.0586763],[8.6062822,50.0574715],[8.606042,50.05701],[8.605814,50.0565616],[8.604764,50.0544465],[8.604337,50.0536152],[8.603624,50.0521846],[8.6033335,50.0516129],[8.6014433,50.0478573],[8.6011083,50.0471917],[8.6000028,50.0449758],[8.5973353,50.0396236],[8.5971036,50.0391707],[8.5964303,50.0378009],[8.5957365,50.0364014],[8.5953917,50.0356705],[8.595056,50.0349413],[8.5949308,50.0346643],[8.5945436,50.0337129],[8.5943142,50.0331564],[8.5941155,50.0326339],[8.5938858,50.0319727],[8.5936576,50.0312672],[8.5935427,50.0308595],[8.5931825,50.0295277],[8.5931299,50.0293311],[8.5930116,50.0287753],[8.5927556,50.0274243],[8.5926843,50.0269174],[8.5926172,50.026408],[8.5925926,50.0262185],[8.5925602,50.0258593],[8.5925038,50.0252354],[8.5924464,50.0242555],[8.5924279,50.0231226],[8.5924335,50.022908],[8.5924637,50.0219568],[8.5925331,50.0209999],[8.5928045,50.0189436],[8.5928756,50.0184696],[8.5930557,50.0174446],[8.5957812,50.00594],[8.5962068,50.0042142],[8.5972452,49.999623],[8.5975467,49.9983629],[8.59982,49.9888616],[8.6002071,49.987246],[8.6021322,49.9791323],[8.6024532,49.9777784],[8.6028323,49.9762103],[8.6028651,49.9760712],[8.6035984,49.9730357],[8.6040053,49.9713015],[8.6059242,49.9632627],[8.6080943,49.9541765],[8.6089418,49.9505089],[8.6092947,49.9490984],[8.6105051,49.9440711],[8.6108699,49.9425097],[8.6113795,49.9404472],[8.6117898,49.9387361],[8.6118983,49.938258],[8.6124544,49.9359071],[8.612673,49.9347682],[8.6128517,49.9336279],[8.6129812,49.9324289],[8.6130125,49.9319003],[8.6130522,49.931229],[8.6130678,49.9305536],[8.6130678,49.9298897],[8.6130193,49.9285901],[8.6129494,49.9278886],[8.6128508,49.9268667],[8.6126738,49.9256608],[8.6122867,49.9238535],[8.6119983,49.9227903],[8.6116688,49.9217276],[8.611297,49.9206629],[8.609903,49.916641],[8.6096751,49.9160061],[8.6089794,49.9137853],[8.6086474,49.9124866],[8.6083572,49.9111794],[8.6080963,49.9098944],[8.6077601,49.9082953],[8.6073414,49.9062013],[8.6071809,49.9054165],[8.6069189,49.9040643],[8.6068693,49.9037836],[8.6066073,49.9024256],[8.6063808,49.9013288],[8.6050513,49.8946833],[8.6047401,49.8931123],[8.6043477,49.8911394],[8.6040249,49.8895235],[8.6037007,49.8878683],[8.6031203,49.8846602],[8.6027129,49.8821088],[8.6022539,49.8793218],[8.6019773,49.8777038],[8.6019426,49.8774667],[8.6018727,49.8769893],[8.6018461,49.8768275],[8.6015381,49.8749091],[8.6012279,49.8729848],[8.6008844,49.8712597],[8.6001808,49.8680408],[8.5997432,49.8660873],[8.5996761,49.8657854],[8.5989908,49.8628247],[8.5987957,49.8619973],[8.598678,49.8615111],[8.5985115,49.8607711],[8.5983659,49.8603938],[8.5983031,49.8601847],[8.5982231,49.8599146],[8.5981348,49.8596699],[8.5980828,49.8595051],[8.5979015,49.8589895],[8.5978582,49.8588852],[8.5977124,49.8585563],[8.5975431,49.85813],[8.5973715,49.8576743],[8.5970861,49.857241],[8.5969439,49.8568882],[8.596952,49.8565078],[8.5970136,49.8562467],[8.5971652,49.8559129],[8.5972215,49.8558213],[8.5972832,49.8557106],[8.5973583,49.855625],[8.5974897,49.8554988],[8.5976024,49.8553959],[8.597715,49.8552939],[8.597899,49.8551683],[8.5981201,49.8550258],[8.5983574,49.8548892],[8.5986391,49.8547725],[8.5988845,49.8546895],[8.5995966,49.8544915],[8.6002618,49.8543843],[8.6008841,49.8542822],[8.6014321,49.8542176],[8.6018407,49.8541297],[8.6021791,49.8540325],[8.6025214,49.8539065],[8.6027725,49.8537932],[8.6029757,49.8536805],[8.6032082,49.8535305],[8.6038755,49.8531039],[8.6042261,49.8528724],[8.6056213,49.8518864],[8.6062375,49.8514747],[8.6071493,49.850894],[8.6078926,49.8504266],[8.6080771,49.8503133],[8.6086187,49.8499828],[8.6088435,49.8498509],[8.6093981,49.8495234],[8.6099544,49.8492039],[8.6104694,49.8489138],[8.6110894,49.8485748],[8.6121012,49.8480385],[8.6130475,49.847557],[8.6138195,49.8471737],[8.6146674,49.8467753],[8.6157022,49.8463019],[8.6166856,49.8458632],[8.617721,49.8454152],[8.6192571,49.8447624],[8.6200166,49.8444405],[8.6212159,49.8439347],[8.6222971,49.8434806],[8.6227555,49.8432908],[8.6232094,49.8430988],[8.6240938,49.8427208],[8.6244573,49.8425617],[8.6248248,49.8423969],[8.6254283,49.84212],[8.6258313,49.8419252],[8.6262243,49.8417278],[8.6264717,49.8416026],[8.6267253,49.841468],[8.6269679,49.8413329],[8.6273179,49.8411372],[8.6275569,49.8409957],[8.6278637,49.840806],[8.6280955,49.8406573],[8.628417,49.8404497],[8.6287328,49.8402304],[8.6290386,49.8400068],[8.6293436,49.8397785],[8.6294845,49.8396708],[8.6296313,49.839554],[8.629909,49.8393211],[8.6301792,49.8390887],[8.630451,49.8388433],[8.6307793,49.83853],[8.6310312,49.8382773],[8.6312661,49.838027],[8.6315179,49.8377466],[8.631755,49.8374669],[8.6319472,49.8372271],[8.6321318,49.8369873],[8.6322585,49.8368178],[8.6324152,49.8365892],[8.6325422,49.8363983],[8.6327362,49.8360964],[8.6329991,49.8356414],[8.6331895,49.8352742],[8.6333093,49.8350286],[8.6334284,49.8347641],[8.6335138,49.8345576],[8.6336187,49.8342932],[8.6337472,49.8339231],[8.6338557,49.8335777],[8.6338759,49.8335014],[8.6339369,49.8332449],[8.6339624,49.8331387],[8.6340348,49.8328115],[8.6340861,49.8325289],[8.6341448,49.8320511],[8.6341651,49.8317757],[8.6341837,49.8315131],[8.6341918,49.8312092],[8.634182,49.8307546],[8.6341582,49.8303828],[8.634128,49.8301082],[8.6340853,49.8297857],[8.6340382,49.8295424],[8.6339988,49.8293245],[8.6339036,49.8289321],[8.6337671,49.8284541],[8.6336761,49.8281838],[8.6335921,49.8279463],[8.6334997,49.8277114],[8.6333645,49.8274012],[8.6332671,49.8271932],[8.6331652,49.8269764],[8.6329021,49.8264648],[8.6326105,49.8259507],[8.6325663,49.8258765],[8.6321653,49.8252124],[8.6318609,49.8247366],[8.6315878,49.8243102],[8.631039,49.8234578],[8.6306706,49.8228576],[8.6303705,49.8223578],[8.6301363,49.8219463],[8.6299806,49.8216463],[8.6297895,49.821266],[8.6296508,49.8209742],[8.6295138,49.8206607],[8.6294053,49.8203983],[8.6292854,49.8200833],[8.6291695,49.8197515],[8.6291036,49.8195595],[8.6290146,49.8192655],[8.6289306,49.8189745],[8.6288784,49.8187557],[8.6287381,49.8181265],[8.6286397,49.8175308],[8.6285797,49.8169981],[8.6285531,49.8166711],[8.6285506,49.8166145],[8.6285283,49.8160251],[8.6285251,49.8154233],[8.628538,49.8152056],[8.6285534,49.8147601],[8.6285734,49.8143924],[8.628597,49.8140028],[8.6286147,49.8136853],[8.6286259,49.8135074],[8.6286597,49.8130673],[8.6286768,49.8127881],[8.6286932,49.8124602],[8.6286995,49.8121101],[8.6287118,49.8114679],[8.6287076,49.8112623],[8.6286932,49.8108942],[8.6286797,49.8106422],[8.6286554,49.810366],[8.6286052,49.8099326],[8.6285739,49.8097246],[8.6285283,49.8094514],[8.628488,49.8092383],[8.6284396,49.8089965],[8.6283281,49.808587],[8.6282849,49.8084282],[8.6282196,49.8081884],[8.6281304,49.807852],[8.6278905,49.8072041],[8.6277746,49.8069094],[8.6276358,49.8065809],[8.6273782,49.8060058],[8.627214,49.8056702],[8.6270866,49.8054383],[8.6270262,49.8053288],[8.6268546,49.805021],[8.6264947,49.8044287],[8.626304,49.8041105],[8.6261035,49.803801],[8.6256429,49.8031147],[8.6251084,49.8023477],[8.6241584,49.8010624],[8.6237371,49.8004894],[8.6235099,49.8001855],[8.6232897,49.7998908],[8.623076,49.7996016],[8.6228312,49.7992628],[8.6225751,49.798907],[8.6223601,49.7985919],[8.6220044,49.798082],[8.6216176,49.7974964],[8.6215048,49.7973181],[8.6210303,49.7965231],[8.6206664,49.7958699],[8.6205004,49.7955507],[8.6203542,49.7952583],[8.6200811,49.7946781],[8.6198212,49.7940867],[8.619648,49.7936875],[8.6194862,49.7932627],[8.6191621,49.7922319],[8.6189917,49.7916501],[8.6188393,49.7910101],[8.6187244,49.790484],[8.6186235,49.7900051],[8.6185357,49.7895232],[8.6184482,49.7890366],[8.6183317,49.7883197],[8.6181921,49.7873797],[8.6181635,49.7871914],[8.6181399,49.7870359],[8.6180784,49.7866301],[8.6179992,49.7861167],[8.6179061,49.7855071],[8.6178034,49.7848698],[8.6177009,49.7842559],[8.6174972,49.7832256],[8.6173951,49.7827613],[8.6172587,49.7822384],[8.6171477,49.7818044],[8.6170231,49.7813936],[8.6169116,49.7810337],[8.6167494,49.7805608],[8.6165916,49.7801399],[8.616475,49.779866],[8.6164126,49.7797212],[8.6162619,49.7793732],[8.6161151,49.779063],[8.6156544,49.7782109],[8.6152475,49.7775563],[8.6149497,49.7771085],[8.6144533,49.7764363],[8.6142376,49.7761692],[8.6140909,49.7759876],[8.613795,49.7756368],[8.6134952,49.7753106],[8.6129034,49.7746939],[8.6119576,49.77382],[8.6113089,49.7732807],[8.6101002,49.7723769],[8.6094317,49.7719064],[8.6081844,49.7710689],[8.6076275,49.7706987],[8.6067245,49.7700936],[8.6061433,49.7696958],[8.6055372,49.7692778],[8.6049227,49.7688246],[8.6043553,49.7683946],[8.6037631,49.7679363],[8.6030748,49.767364],[8.6024704,49.7668507],[8.6018881,49.7663305],[8.6014191,49.765878],[8.6006907,49.7651523],[8.6002115,49.7646546],[8.5996805,49.7640659],[8.5991099,49.7633946],[8.5986487,49.7628169],[8.5982456,49.7622759],[8.5978217,49.7616944],[8.5972978,49.7609145],[8.596759,49.7600388],[8.5962953,49.7592116],[8.5958807,49.7583958],[8.5954861,49.7575414],[8.5951145,49.7566794],[8.5947568,49.7557619],[8.5942641,49.7543702],[8.5940536,49.753706],[8.5937873,49.7528081],[8.5935201,49.7518623],[8.5932676,49.7509173],[8.5931116,49.750282],[8.5929235,49.7494762],[8.5927607,49.7487754],[8.5924247,49.7470575],[8.5922749,49.7461567],[8.5921724,49.7454938],[8.5920331,49.7445299],[8.5919288,49.7436229],[8.5918399,49.7428409],[8.5917493,49.7419135],[8.5916586,49.7405111],[8.5915946,49.7384484],[8.591593,49.7381201],[8.5915879,49.7370694],[8.5916058,49.7362943],[8.5916826,49.7345324],[8.5917304,49.7338221],[8.5918235,49.7327479],[8.5918831,49.7320405],[8.5919575,49.7313954],[8.592042,49.730733],[8.5921206,49.7301511],[8.5922085,49.7295746],[8.5923126,49.728952],[8.592457,49.7281073],[8.5925132,49.7278247],[8.5927143,49.7267958],[8.5931076,49.7250685],[8.5937316,49.7225947],[8.5939308,49.7218255],[8.594266,49.7205567],[8.5946948,49.7190689],[8.5950105,49.7180274],[8.5956712,49.7157817],[8.5960976,49.7145213],[8.5961376,49.7144106],[8.5965671,49.7130784],[8.5974762,49.7105489],[8.5976219,49.7101434],[8.59828,49.7083362],[8.5990611,49.7064393],[8.5996933,49.7048826],[8.60099,49.7019213],[8.6014045,49.7009283],[8.6022799,49.6985729],[8.6024091,49.6981619],[8.6025765,49.6975449],[8.6027484,49.6967644],[8.6028512,49.6961915],[8.6029005,49.6958452],[8.6030077,49.6947774],[8.6030366,49.6940867],[8.6030521,49.693715],[8.6030093,49.6925622],[8.6029589,49.6919841],[8.6028657,49.6913705],[8.6027526,49.6907956],[8.6025962,49.6900658],[8.6024852,49.6896662],[8.6023665,49.689239],[8.6022198,49.6887786],[8.6021436,49.6885393],[8.6014893,49.6867916],[8.6010819,49.6858178],[8.6007092,49.6849177],[8.6003308,49.6839073],[8.6001434,49.6833911],[8.5999304,49.6827365],[8.5997474,49.6820927],[8.5995976,49.6814983],[8.5994578,49.6808093],[8.5993713,49.6802601],[8.5993114,49.6797519],[8.5992515,49.6792136],[8.5992149,49.6786623],[8.5991995,49.6782595],[8.599214,49.6776982],[8.5992213,49.6775561],[8.5992267,49.6770891],[8.5992628,49.676623],[8.5993394,49.6760034],[8.5994388,49.6753374],[8.5995697,49.6745941],[8.5997327,49.673804],[8.5999516,49.67305],[8.6000398,49.6727867],[8.600112,49.6725121],[8.6002767,49.6720052],[8.6006881,49.6708783],[8.6009327,49.6702577],[8.6016898,49.6686562],[8.6020659,49.6679544],[8.6021487,49.6678048],[8.6025686,49.6670563],[8.6030782,49.6662251],[8.6032147,49.6660225],[8.603854,49.6650301],[8.6052294,49.6629926],[8.6060001,49.6618358],[8.6067093,49.6606987],[8.6068319,49.6605056],[8.6072041,49.6598814],[8.607276,49.659748],[8.6073485,49.6596157],[8.6075398,49.6592506],[8.6079418,49.6584793],[8.6081295,49.6580834],[8.6083154,49.6576811],[8.6085131,49.6571883],[8.6086986,49.6566768],[8.6088846,49.6561743],[8.6090454,49.6556529],[8.6093637,49.6543693],[8.6094476,49.6538986],[8.6095244,49.6534207],[8.6095779,49.6530143],[8.6096209,49.6525536],[8.6096409,49.6522873],[8.6096421,49.6522079],[8.6096603,49.6518749],[8.609687,49.6513708],[8.6096891,49.6505647],[8.609686,49.650499],[8.6096817,49.6500916],[8.609624,49.6488142],[8.6095866,49.6482529],[8.6095563,49.6477457],[8.6093639,49.6454235],[8.6092645,49.6430917],[8.6092634,49.643031],[8.6093027,49.6412379],[8.6093634,49.6404768],[8.6094496,49.639727],[8.6096786,49.6383352],[8.6098991,49.6373597],[8.6099305,49.6372184],[8.6101303,49.6364634],[8.6103971,49.6355881],[8.6107124,49.6346752],[8.6107506,49.6345841],[8.6110899,49.6337117],[8.611433,49.632932],[8.6120688,49.6316292],[8.6128621,49.6302172],[8.6136536,49.6289764],[8.614238,49.6281441],[8.6147813,49.6274069],[8.6153654,49.6266712],[8.6157465,49.6262121],[8.6164589,49.6253801],[8.6168762,49.6249054],[8.6172455,49.6245039],[8.6174556,49.624282],[8.6188969,49.6227627],[8.619688,49.6219461],[8.6210894,49.6205008],[8.6213405,49.6202335],[8.6219942,49.619531],[8.6232297,49.6181827],[8.6236056,49.6177559],[8.6243748,49.6168263],[8.625348,49.6155497],[8.6255379,49.6152708],[8.6258481,49.6148152],[8.626136,49.6143896],[8.6262285,49.6142528],[8.6263584,49.6140608],[8.6268163,49.6133301],[8.6272591,49.6125823],[8.6276296,49.6119074],[8.6280245,49.6111298],[8.6283781,49.6103794],[8.6286225,49.609818],[8.6290795,49.6086814],[8.6294946,49.6074888],[8.6298177,49.6063852],[8.6300048,49.6056609],[8.6301565,49.604942],[8.6303412,49.6040214],[8.6304931,49.6028716],[8.6306181,49.6013361],[8.6307141,49.5998749],[8.6307904,49.5982758],[8.6308723,49.5973031],[8.6309457,49.5963592],[8.6311279,49.5951236],[8.6313971,49.5936842],[8.631632,49.5927634],[8.6319912,49.5915138],[8.6321052,49.5911529],[8.632431,49.590163],[8.6326505,49.5895396],[8.6329084,49.5888148],[8.6334461,49.5872307],[8.6337338,49.5863856],[8.6340132,49.5855091],[8.6342864,49.5845975],[8.6345038,49.5837746],[8.6346849,49.582998],[8.6348139,49.5823608],[8.6350298,49.5809662],[8.6351266,49.5800593],[8.6351768,49.5793294],[8.6351952,49.5789553],[8.6352146,49.5781483],[8.6351922,49.5770481],[8.6351588,49.5764084],[8.6350641,49.5754039],[8.6349819,49.5747595],[8.6348494,49.5739202],[8.6347174,49.5732349],[8.6344253,49.5719893],[8.6342361,49.5713028],[8.634082,49.5708125],[8.6338968,49.5702643],[8.6336852,49.5696541],[8.6333647,49.5688314],[8.6327847,49.5674912],[8.6326087,49.5671028],[8.6323755,49.5666186],[8.6320506,49.5659444],[8.6303311,49.5624861],[8.6302669,49.5623569],[8.6295192,49.5607016],[8.6291358,49.5597681],[8.6286399,49.5583894],[8.6282895,49.5572152],[8.6281117,49.556566],[8.6279337,49.5557322],[8.6277738,49.5549089],[8.6276733,49.55425],[8.6276035,49.5537193],[8.6275347,49.5530837],[8.6274846,49.552429],[8.6274334,49.5510508],[8.6274449,49.5501967],[8.6274908,49.5492435],[8.6275169,49.5488941],[8.6276245,49.5479159],[8.6277432,49.5470635],[8.628009,49.5455996],[8.6280885,49.5452706],[8.6282145,49.5446399],[8.6283351,49.5441311],[8.6288096,49.5424807],[8.6291964,49.5413037],[8.6294964,49.540461],[8.6295674,49.540259],[8.6300148,49.5390585],[8.6303174,49.5382711],[8.630455,49.5379315],[8.6304892,49.5378399],[8.6307628,49.537134],[8.6316152,49.5351743],[8.6318359,49.5346755],[8.6332502,49.5314358],[8.6341234,49.5294233],[8.6344322,49.5287004],[8.6352016,49.5268254],[8.6356809,49.5255892],[8.6358074,49.5252562],[8.6363524,49.5237359],[8.6369417,49.5219417],[8.6371919,49.5211019],[8.6377327,49.5191875],[8.6381462,49.5174818],[8.6383817,49.5164455],[8.6385151,49.5157911],[8.6386086,49.5153323],[8.6387241,49.5147257],[8.6387805,49.5143857],[8.6389574,49.5133183],[8.6390395,49.5128624],[8.6392059,49.5116653],[8.6392199,49.5115532],[8.6393094,49.5108825],[8.6393814,49.5101619],[8.6394782,49.5091696],[8.6396234,49.5070509],[8.6397167,49.5042947],[8.6397218,49.503921],[8.6397058,49.5028966],[8.6396028,49.5005565],[8.6393577,49.4974406],[8.6391092,49.4947965],[8.6388692,49.4921496],[8.6387724,49.4908334],[8.6386966,49.4895644],[8.6386577,49.4885774],[8.6386438,49.4876233],[8.6386511,49.4866596],[8.6386817,49.4857218],[8.6387552,49.4845919],[8.6388657,49.4834809],[8.6391039,49.4818702],[8.6394737,49.480055],[8.63967,49.4792528],[8.6399671,49.4782004],[8.6401064,49.4777346],[8.6403235,49.4770282],[8.6405791,49.4761941],[8.6407783,49.4755862],[8.6410755,49.4747095],[8.6412855,49.4741259],[8.6416938,49.4729987],[8.6417349,49.4728944],[8.6420032,49.4721661],[8.6423619,49.4712053],[8.6427957,49.4700474],[8.6433439,49.4685758],[8.6435103,49.4681242],[8.6445025,49.4653393],[8.6450949,49.4635076],[8.6453685,49.462511],[8.6456937,49.4613262],[8.6460487,49.4597557],[8.6463046,49.4584368],[8.6464391,49.4574989],[8.6465678,49.4563823],[8.6466645,49.4551641],[8.6466963,49.4542723],[8.6466798,49.4531432],[8.6466752,49.45299],[8.6465297,49.4507934],[8.6463001,49.4494105],[8.6462484,49.4491126],[8.6462392,49.4490668],[8.6461971,49.4487691],[8.645848,49.4471772],[8.6455581,49.4461928],[8.6452326,49.4451249],[8.6450316,49.4445674],[8.6445138,49.443234],[8.6443523,49.4429339],[8.6437163,49.4414927],[8.6433604,49.4407908],[8.6429109,49.439937],[8.6423732,49.439004],[8.6417392,49.4380056],[8.641682,49.4379214],[8.6408029,49.4366059],[8.6402188,49.4357629],[8.6401332,49.4356378],[8.6393626,49.4345448],[8.6392433,49.434369],[8.6389157,49.4339001],[8.6384338,49.4332104],[8.6377997,49.4322479],[8.6377115,49.432108],[8.6369781,49.4309386],[8.6366757,49.4304136],[8.6364709,49.4300582],[8.6360436,49.4292771],[8.635696,49.4285452],[8.6350494,49.427046],[8.6348782,49.4265784],[8.6345813,49.4256865],[8.6342343,49.4245383],[8.6339569,49.4233662],[8.6337975,49.4225922],[8.6336427,49.4214593],[8.6335592,49.4207219],[8.633499,49.419838],[8.6334842,49.4186372],[8.6335073,49.4179167],[8.6335592,49.4171466],[8.6336674,49.4160235],[8.6338053,49.4152007],[8.6338594,49.4148775],[8.6339196,49.4145736],[8.6340832,49.4138093],[8.6343922,49.4127151],[8.6344788,49.4124592],[8.6346743,49.411835],[8.6351807,49.4103671],[8.6352217,49.4102542],[8.6353555,49.4099374],[8.6354847,49.4096266],[8.6355187,49.4095444],[8.6358048,49.4088533],[8.6361037,49.4080518],[8.6362786,49.407596],[8.6365229,49.4068613],[8.6366535,49.40642],[8.6367641,49.4059881],[8.6368411,49.4055891],[8.6369168,49.4051047],[8.6370354,49.404199],[8.6371966,49.402914],[8.6372965,49.4020824],[8.6373515,49.4017011],[8.6374145,49.4012199],[8.6375158,49.4004452],[8.6377234,49.3988534],[8.6381347,49.3957307],[8.6384017,49.3936662],[8.6384796,49.3930604],[8.6385545,49.3924866],[8.6385933,49.3921799],[8.6386236,49.3919551],[8.6386824,49.3915171],[8.6387349,49.3910823],[8.6387639,49.3907662],[8.6387794,49.3904938],[8.63879,49.3902726],[8.6387986,49.3898781],[8.6387867,49.3894432],[8.6387592,49.3889754],[8.6386933,49.3883256],[8.6386199,49.3878445],[8.6385688,49.3875839],[8.6385122,49.3873083],[8.6384446,49.3870201],[8.6383668,49.3867223],[8.6383149,49.386541],[8.6382583,49.386353],[8.638119,49.385924],[8.6380025,49.3856102],[8.6379132,49.3853681],[8.6377978,49.3850902],[8.6376109,49.3846691],[8.6373993,49.3842335],[8.6372232,49.3839016],[8.6370271,49.3835499],[8.6365993,49.3828026],[8.6363191,49.3823132],[8.635653,49.3811498],[8.6352651,49.3804723],[8.6351158,49.3802115],[8.6347831,49.3796311],[8.6342976,49.3787842],[8.6340721,49.3783847],[8.6340047,49.3782632],[8.6337464,49.3777742],[8.6335178,49.3773018],[8.6332718,49.3767259],[8.6330915,49.3762486],[8.6328458,49.3754905],[8.632732,49.3750636],[8.632632,49.374653],[8.6324993,49.373858],[8.6324374,49.3733499],[8.6324085,49.3730349],[8.6323622,49.3722283],[8.6322942,49.3709751],[8.6322819,49.3707383],[8.6322206,49.3695611],[8.6321468,49.3681858],[8.6320264,49.3658887],[8.6319971,49.3653227],[8.6319352,49.3642385],[8.6319057,49.363642],[8.6318563,49.3627119],[8.6317279,49.3602574],[8.6315804,49.3574384],[8.6315763,49.3573596],[8.6315749,49.3573333],[8.6315712,49.3572619],[8.6315181,49.3562484],[8.6314945,49.355797],[8.6314709,49.355347],[8.6314019,49.3544082],[8.6313617,49.353416],[8.631352,49.3532326],[8.6313312,49.3528443],[8.6313044,49.3523602],[8.631274,49.3517674],[8.6312553,49.3513926],[8.6312277,49.3509105],[8.6311863,49.3501036],[8.6311091,49.3486522],[8.6310247,49.3471607],[8.6309858,49.3464642],[8.6309295,49.3453759],[8.6309237,49.3452568],[8.6309196,49.3451512],[8.6309184,49.3451263],[8.6308745,49.3443092],[8.6308001,49.342924],[8.630716,49.3413483],[8.6306927,49.3409077],[8.6306314,49.3395999],[8.630529,49.3378083],[8.6304779,49.337019],[8.6304031,49.335398],[8.6303649,49.3347315],[8.6301259,49.3301922],[8.6301152,49.3299895],[8.6300784,49.3292809],[8.6300666,49.3290493],[8.6299897,49.3276041],[8.6299777,49.3273792],[8.6299696,49.3272277],[8.6299119,49.326144],[8.6298965,49.3258552],[8.6298932,49.3257941],[8.6298259,49.3245305],[8.6297575,49.3232191],[8.6296999,49.3221993],[8.6296628,49.3215327],[8.6295766,49.3199395],[8.6295672,49.3197795],[8.6294686,49.3177861],[8.6294224,49.3169078],[8.6292899,49.3144745],[8.6291691,49.3132431],[8.6290391,49.3123308],[8.6288891,49.3114166],[8.6286924,49.3104244],[8.6286027,49.30998],[8.628486,49.3095014],[8.6282729,49.3086144],[8.6282513,49.3085242],[8.6279049,49.3070823],[8.627864,49.3069103],[8.6277409,49.3063927],[8.6274808,49.3053158],[8.6271207,49.303803],[8.6270538,49.3035221],[8.6270191,49.3033663],[8.6268175,49.3024613],[8.6266063,49.3016326],[8.6264265,49.300858],[8.6262985,49.3003386],[8.6262387,49.3000763],[8.6261908,49.2998661],[8.626148,49.2996783],[8.6260653,49.2993158],[8.6260463,49.2992323],[8.6260194,49.299121],[8.6257131,49.2978526],[8.6254863,49.2969138],[8.6252128,49.2957533],[8.6250388,49.2950148],[8.6249479,49.2946285],[8.6246552,49.2933851],[8.6246035,49.2931493],[8.6245832,49.2930565],[8.6243908,49.2922475],[8.6242673,49.2917285],[8.6239904,49.2906278],[8.6239442,49.2904418],[8.6237211,49.2895447],[8.6235825,49.2889875],[8.6234974,49.2886711],[8.6234223,49.2883912],[8.6232306,49.287763],[8.6229616,49.2868818],[8.6227081,49.2861059],[8.6224562,49.2854134],[8.6223979,49.2852612],[8.6221888,49.2847153],[8.6217602,49.2836611],[8.62163,49.2833645],[8.6213474,49.2827209],[8.6209167,49.2818001],[8.6207755,49.2815189],[8.6206836,49.2813313],[8.6203452,49.2806604],[8.6201087,49.2802141],[8.6193375,49.2788411],[8.618825,49.2779771],[8.6183325,49.2771989],[8.6178611,49.2764793],[8.6175234,49.2759784],[8.617429,49.2758796],[8.6165515,49.2746457],[8.6154655,49.2732307],[8.6142279,49.2717103],[8.613231,49.2705199],[8.6103937,49.2670691],[8.6102298,49.2668802],[8.6092048,49.2656352],[8.6090926,49.2655005],[8.6072529,49.2632802],[8.6054572,49.2611036],[8.6052409,49.2608493],[8.6050321,49.2605976],[8.6040619,49.2594282],[8.6032417,49.2584219],[8.6025623,49.2575112],[8.6023649,49.25722],[8.6021906,49.2569426],[8.6020202,49.2566483],[8.6018384,49.2563509],[8.6015907,49.2558952],[8.6013423,49.255371],[8.6012482,49.255177],[8.6011355,49.2549186],[8.6008002,49.2540731],[8.6006974,49.2537036],[8.6005403,49.2531491],[8.6004664,49.2528248],[8.6003418,49.2522607],[8.6002786,49.2518705],[8.6002327,49.2514998],[8.6001866,49.2510996],[8.6001642,49.2507378],[8.6001481,49.250203],[8.6001526,49.2496676],[8.6001847,49.2491274],[8.6002683,49.2484218],[8.6005077,49.2465534],[8.6006291,49.2457368],[8.6007297,49.2449617],[8.6010184,49.2427929],[8.6013282,49.240501],[8.6014649,49.2395872],[8.6015544,49.238942],[8.6016736,49.2381925],[8.60174,49.2375908],[8.6018264,49.2368361],[8.6018458,49.236685],[8.6020476,49.2351114],[8.602079,49.2348664],[8.6021735,49.2341297],[8.6021951,49.2339713],[8.6023171,49.2330743],[8.6023828,49.2326446],[8.6024607,49.2320662],[8.6024676,49.2319926],[8.6026002,49.2310382],[8.6026513,49.230639],[8.6027057,49.2302148],[8.6028444,49.2291819],[8.6029345,49.2284956],[8.6029619,49.2283013],[8.6031727,49.2267665],[8.603227,49.2263235],[8.6036,49.2235348],[8.6037453,49.2224433],[8.6037738,49.2221327],[8.6037861,49.2219858],[8.6037956,49.2218985],[8.6038027,49.2218065],[8.6038073,49.2216554],[8.6038168,49.2213442],[8.6037666,49.220024],[8.60369,49.2193502],[8.6036188,49.2189038],[8.6035285,49.2184519],[8.6034322,49.2180702],[8.6033319,49.2177034],[8.6030833,49.2169422],[8.6029613,49.2166006],[8.6027726,49.216163],[8.6025721,49.2157237],[8.6024366,49.2154601],[8.6022598,49.2151117],[8.6020796,49.2147885],[8.6018919,49.2144687],[8.6017045,49.2141743],[8.6009149,49.2129566],[8.6004816,49.2122928],[8.5998708,49.2113408],[8.5994025,49.2106238],[8.5992156,49.2103353],[8.5986766,49.2095011],[8.5984486,49.2091483],[8.5976766,49.2079614],[8.5976046,49.2078505],[8.596132,49.2055828],[8.5959668,49.2053388],[8.5959106,49.2052515],[8.5956571,49.2048377],[8.5949868,49.2038075],[8.594319,49.2027853],[8.593155,49.2010617],[8.5929337,49.2007373],[8.5928012,49.2005438],[8.5919906,49.1993546],[8.5904795,49.1971446],[8.5899881,49.1964338],[8.5892804,49.1953838],[8.5875305,49.192822],[8.5844096,49.1882615],[8.58049,49.1824914],[8.580181,49.1820238],[8.5795866,49.1810837],[8.5792244,49.1805123],[8.5789232,49.1800291],[8.5785268,49.1793667],[8.5783885,49.1791371],[8.5777386,49.1780165],[8.5767446,49.1762118],[8.5765295,49.1758203],[8.5763463,49.1754869],[8.5758606,49.1746114],[8.5750061,49.1730329],[8.5747773,49.1726129],[8.5742028,49.171579],[8.5735218,49.1703078],[8.5730661,49.1694856],[8.5727125,49.1688477],[8.5725984,49.1686403],[8.5721332,49.1677944],[8.5718889,49.1673501],[8.5713425,49.1663565],[8.5709502,49.1656298],[8.5702756,49.1644097],[8.5693042,49.1626863],[8.5686372,49.1615976],[8.5680438,49.1606187],[8.5675312,49.1598064],[8.5669951,49.1589843],[8.5669574,49.1589264],[8.5659242,49.1573318],[8.5658347,49.1571927],[8.5657879,49.1571201],[8.5649671,49.1558596],[8.564747,49.1555217],[8.5644327,49.1550321],[8.5643234,49.1548618],[8.563895,49.1542022],[8.5637976,49.1540521],[8.5633632,49.1533778],[8.5632639,49.1532242],[8.5626774,49.1523179],[8.5625273,49.1520833],[8.561673,49.1507708],[8.5616475,49.1507315],[8.5602333,49.1485457],[8.5595589,49.147494],[8.5589809,49.146551],[8.5585232,49.1458042],[8.55818,49.1452437],[8.5578557,49.1447165],[8.55765,49.1443743],[8.5571341,49.1434956],[8.5569954,49.1432926],[8.5568397,49.1430387],[8.556673,49.1427509],[8.5564114,49.1423208],[8.5561462,49.1418928],[8.5558739,49.1414506],[8.5554725,49.1407992],[8.5554289,49.1407248],[8.5552531,49.1404538],[8.554567,49.1393292],[8.5542982,49.1388905],[8.5541945,49.1387215],[8.5540052,49.1384131],[8.5537613,49.1380158],[8.5536051,49.1377649],[8.5532611,49.1372005],[8.5532219,49.1371303],[8.5529959,49.1367409],[8.5529614,49.1366813],[8.5528938,49.1365644],[8.5527596,49.1363192],[8.5525913,49.1360008],[8.5523191,49.1354499],[8.5521818,49.135166],[8.552055,49.1348777],[8.5517994,49.1342683],[8.5516705,49.1339214],[8.5515562,49.1335873],[8.5514917,49.1334006],[8.5513978,49.13311],[8.5513029,49.1327974],[8.5512274,49.1325068],[8.5511434,49.1321916],[8.55104,49.1317572],[8.5509453,49.1312865],[8.5508865,49.1309392],[8.5508384,49.1306176],[8.5507688,49.1300659],[8.5507199,49.129517],[8.5506918,49.1290201],[8.5506844,49.128527],[8.5506837,49.128117],[8.5506995,49.1276964],[8.5507151,49.1273953],[8.5507399,49.1270748],[8.5508137,49.1264254],[8.5508888,49.1258035],[8.550929,49.1255046],[8.5509617,49.1251984],[8.5512664,49.1228035],[8.5513681,49.1219424],[8.5514262,49.1214552],[8.5514637,49.1210035],[8.5514807,49.1206777],[8.5514871,49.120237],[8.5514847,49.119879],[8.5514618,49.1194372],[8.5514318,49.1190783],[8.5513868,49.1187025],[8.5513289,49.1183142],[8.5512719,49.1179873],[8.5511711,49.117521],[8.5510557,49.1170566],[8.5509773,49.1167912],[8.5509243,49.116618],[8.5507742,49.1161725],[8.550677,49.1159115],[8.5505828,49.1156727],[8.5504672,49.1153875],[8.5503455,49.1151157],[8.5501431,49.1146872],[8.5499016,49.1142186],[8.5496706,49.1138069],[8.5494288,49.1134172],[8.5491912,49.1130429],[8.5489554,49.1127076],[8.5486461,49.1122822],[8.5483887,49.1119438],[8.5470532,49.1102727],[8.5441967,49.1066703],[8.5425658,49.1046227],[8.5419748,49.1038765],[8.5405689,49.1021067],[8.5395199,49.1007806],[8.5380978,49.0989991],[8.536711,49.0972478],[8.5356107,49.0958635],[8.5345607,49.0945403],[8.5333367,49.0930154],[8.5329649,49.0925307],[8.5326218,49.0921049],[8.5321655,49.0915571],[8.5316857,49.0909941],[8.5314586,49.090734],[8.5312142,49.0904586],[8.5308096,49.0900144],[8.5303431,49.0895222],[8.5298853,49.0890484],[8.5293974,49.0885568],[8.5289723,49.0881422],[8.5280825,49.0872978],[8.5276853,49.0869281],[8.5274787,49.0867531],[8.5268415,49.0861865],[8.5260801,49.0855423],[8.525308,49.0849068],[8.5249623,49.0846319],[8.5245102,49.0842808],[8.5237046,49.0836426],[8.522619,49.0827875],[8.5217469,49.082103],[8.5208772,49.0814155],[8.520322,49.0809783],[8.5191242,49.0800416],[8.5172187,49.0785369],[8.5153203,49.0770449],[8.515101,49.0768763],[8.5142516,49.0762033],[8.5133116,49.0754635],[8.512838,49.0750993],[8.5124876,49.0748085],[8.5122237,49.0745793],[8.5120005,49.0743828],[8.5117697,49.0741709],[8.5116304,49.07404],[8.5113415,49.0737592],[8.5109692,49.0733837],[8.5106769,49.0730694],[8.5104474,49.0728152],[8.5102274,49.0725584],[8.5099251,49.0721857],[8.5098023,49.0720376],[8.5096488,49.071842],[8.5092847,49.0713447],[8.5090761,49.0710532],[8.5088811,49.0707805],[8.5084595,49.0701834],[8.5082299,49.069871],[8.5080062,49.0695562],[8.5076539,49.0690648],[8.5074694,49.0688035],[8.5072878,49.0685498],[8.5067674,49.0678247],[8.5062494,49.0670984],[8.5057207,49.0663622],[8.5051313,49.0655367],[8.5042842,49.064345],[8.5037429,49.0635781],[8.503136,49.0627362],[8.5025737,49.0619496],[8.5019916,49.0611319],[8.5010357,49.059791],[8.5001081,49.0584992],[8.4996796,49.0579024],[8.4992596,49.0573167],[8.4983126,49.0559886],[8.4965658,49.0535459],[8.4948152,49.0510933],[8.4928629,49.048384],[8.492135,49.0473765],[8.4914241,49.0463306],[8.4900797,49.0443279],[8.4891208,49.0428835],[8.4885551,49.0420421],[8.4881437,49.0414355],[8.4872909,49.0401563],[8.4866881,49.0392515],[8.486109,49.0383782],[8.4855184,49.0374927],[8.4849316,49.0366098],[8.484404,49.0358198],[8.4840432,49.0352732],[8.4837156,49.0347836],[8.4831637,49.0339553],[8.4827695,49.0333554],[8.4825907,49.0330938],[8.4822318,49.0325503],[8.4815257,49.0315118],[8.4808827,49.0306219],[8.4803881,49.0299585],[8.4796922,49.0290824],[8.4794383,49.0287767],[8.479192,49.0284799],[8.4789153,49.0281562],[8.4781781,49.0273272],[8.4774993,49.0265975],[8.4770652,49.0261466],[8.4765396,49.0255982],[8.4759336,49.025006],[8.4754662,49.0245603],[8.4752594,49.024363],[8.474385,49.0235239],[8.4738814,49.0230439],[8.473101,49.0223047],[8.4724498,49.0216768],[8.4717599,49.021019],[8.4715406,49.0208071],[8.4704548,49.0197675],[8.4702362,49.0195595],[8.4680534,49.0174649],[8.4668332,49.0163025],[8.4661068,49.0156035],[8.4654003,49.0149347],[8.4646341,49.0141971],[8.4639055,49.0135006],[8.462915,49.0125655],[8.462501,49.0121744],[8.4620394,49.0117215],[8.4617412,49.0114401],[8.4610082,49.0107286],[8.460493,49.0102579],[8.4598509,49.0096814],[8.4588446,49.0088404],[8.4586981,49.0087124],[8.4581605,49.0082663],[8.4570815,49.0074393],[8.4567979,49.007224],[8.4565793,49.0070668],[8.4563713,49.0069171],[8.4555731,49.0063439],[8.4553237,49.0061685],[8.4549889,49.0059279],[8.4534478,49.0049097],[8.4527242,49.0044446],[8.4519946,49.0039798],[8.4505399,49.0030474],[8.4482783,49.0016019],[8.4475491,49.001132],[8.4460166,49.0001487],[8.4457637,48.9999847],[8.4454841,48.999807],[8.4432861,48.9984008],[8.4430886,48.9982751],[8.4421026,48.9976474],[8.4405791,48.9966794],[8.4401618,48.9964062],[8.4397664,48.9961542],[8.4392433,48.9957701],[8.4389036,48.9955036],[8.4385307,48.995189],[8.4381845,48.9948607],[8.4378706,48.9945269],[8.43761,48.9942435],[8.4373652,48.9939222],[8.4372336,48.9937479],[8.437018,48.9934189],[8.4368722,48.9931728],[8.4367161,48.992884],[8.4365823,48.9926147],[8.4364342,48.9922918],[8.4363284,48.9920127],[8.4361997,48.991588],[8.4360911,48.9911161],[8.436062,48.9908817],[8.4360387,48.990618],[8.4360213,48.9901955],[8.4360326,48.9896389],[8.43611,48.9888121],[8.4361649,48.988013],[8.4362376,48.987215],[8.4363033,48.9863947],[8.4363506,48.9858035],[8.4363562,48.9857304],[8.4363754,48.985479],[8.4364325,48.9848341],[8.436511,48.9839135],[8.4365794,48.9830579],[8.4366644,48.9820435],[8.4367236,48.981336],[8.436889,48.9792191],[8.4370061,48.9778807],[8.4370525,48.9773089],[8.4371288,48.9762207],[8.4371322,48.9758886],[8.4371179,48.9756387],[8.4370866,48.9753811],[8.4370003,48.9749833],[8.4369461,48.9747551],[8.4368888,48.9745434],[8.4366964,48.9740589],[8.4364984,48.973641],[8.4362152,48.9731903],[8.4360605,48.9729749],[8.435889,48.9727452],[8.4356268,48.9724382],[8.4353538,48.9721464],[8.4352324,48.9720253],[8.4349596,48.9717704],[8.434642,48.9715149],[8.4343245,48.9712704],[8.4340578,48.9710844],[8.4337915,48.9709143],[8.4334719,48.9707208],[8.4331941,48.9705614],[8.4329796,48.9704506],[8.4326646,48.9702969],[8.4322675,48.9701149],[8.431873,48.9699457],[8.4306924,48.9694404],[8.4273422,48.9680066],[8.4246305,48.9668334],[8.4240588,48.9665977],[8.4228791,48.9661294],[8.4213844,48.9655726],[8.4192304,48.9647594],[8.4188515,48.9646212],[8.4135133,48.9625897],[8.4127297,48.962303],[8.4126157,48.9622613],[8.4117316,48.9619669],[8.4109304,48.9617169],[8.410257,48.9615341],[8.4100213,48.9614819],[8.40893,48.9612263],[8.4085009,48.961145],[8.4080162,48.9610566],[8.4074825,48.9609656],[8.4067538,48.9608472],[8.4047034,48.9605102],[8.4032798,48.9602758],[8.3976333,48.9594061],[8.3954018,48.9590597],[8.3925716,48.9586163],[8.3923896,48.9585915],[8.3904827,48.9583018],[8.3897727,48.9581964],[8.3882169,48.9579395],[8.387237,48.9577705],[8.386578,48.9576366],[8.3864949,48.9576197],[8.3856483,48.9574308],[8.3850168,48.9572744],[8.3844799,48.957124],[8.3840233,48.956985],[8.3835727,48.9568428],[8.3830028,48.9566463],[8.3824495,48.9564397],[8.3818296,48.9561963],[8.3811661,48.9559138],[8.3805297,48.9556239],[8.3797178,48.9551881],[8.3790282,48.9548102],[8.3784734,48.9544726],[8.3780234,48.9541799],[8.3774897,48.9538071],[8.3770542,48.9534833],[8.3766319,48.9531562],[8.3762325,48.95282],[8.3758492,48.9524814],[8.3754706,48.9521385],[8.3738574,48.9506022],[8.3724044,48.9492949],[8.3718732,48.9488064],[8.3693176,48.9464693],[8.3672815,48.9446023],[8.3659604,48.9433792],[8.3654272,48.9428536],[8.3650752,48.9424704],[8.3647247,48.9420724],[8.364059,48.941267],[8.3638066,48.9409347],[8.3635711,48.9405918],[8.3633375,48.9402525],[8.3631136,48.9399072],[8.362844,48.9394499],[8.3626019,48.9389924],[8.3623665,48.9385344],[8.362136,48.9380692],[8.3577629,48.9283229],[8.3553493,48.9229597],[8.354194,48.9203476],[8.3539732,48.9198348],[8.353153,48.9180322],[8.3523138,48.9161771],[8.3506383,48.9123847],[8.350082,48.9111811],[8.3495143,48.9099481],[8.349296,48.9094671],[8.3490589,48.9089898],[8.3488023,48.9085215],[8.3485217,48.9080556],[8.3483327,48.9077701],[8.3481288,48.907487],[8.3479144,48.9072131],[8.3476856,48.9069421],[8.3473852,48.9066184],[8.3470716,48.9062938],[8.3467414,48.9059791],[8.3463877,48.9056735],[8.346091,48.905433],[8.3457794,48.9051965],[8.345469,48.9049692],[8.3451464,48.9047426],[8.3448092,48.9045309],[8.3444587,48.9043194],[8.3441024,48.9041138],[8.3437437,48.9039143],[8.3433682,48.90372],[8.3429856,48.9035348],[8.3426053,48.9033639],[8.3422141,48.9031956],[8.3416646,48.9029824],[8.3410992,48.9027752],[8.3399553,48.9024122],[8.3388508,48.9021081],[8.3377356,48.9018134],[8.3341419,48.9008492],[8.327978,48.8991853],[8.3242623,48.8981978],[8.3205593,48.8972054],[8.3182796,48.8965854],[8.3159171,48.8959694],[8.312599,48.8950699],[8.2966369,48.890794],[8.2938949,48.8900765],[8.2925214,48.8897274],[8.2918773,48.8895556],[8.2892751,48.8888603],[8.2865162,48.8880869],[8.2856886,48.8878353],[8.2844817,48.8874495],[8.2826481,48.8868433],[8.2817219,48.8865245],[8.2807608,48.8861899],[8.2787853,48.8854741],[8.2768129,48.8847395],[8.2748152,48.8839875],[8.2728457,48.8832358],[8.2708897,48.8824703],[8.2689512,48.8816978],[8.2668627,48.8808667],[8.2654001,48.8802502],[8.2644332,48.8798499],[8.2636291,48.8794973],[8.2628449,48.8791426],[8.2621136,48.8787838],[8.2613344,48.8783796],[8.260752,48.8780687],[8.2601837,48.8777395],[8.2597408,48.8774658],[8.2593123,48.8771832],[8.2584822,48.8766115],[8.2578837,48.8761569],[8.2574262,48.8757855],[8.256991,48.8754096],[8.2565196,48.8749971],[8.2560636,48.8745635],[8.2553863,48.8738617],[8.2547372,48.8731525],[8.2534699,48.8716646],[8.252872,48.8709567],[8.2519445,48.8698544],[8.251619,48.8694576],[8.2505245,48.8681521],[8.2499651,48.867479],[8.2485732,48.8658222],[8.2469278,48.8638558],[8.2456046,48.8622771],[8.2454888,48.8621388],[8.2454167,48.8620532],[8.2443982,48.860844],[8.2428154,48.858959],[8.2416451,48.8575391],[8.2377429,48.8528939],[8.2360555,48.8508862],[8.2353487,48.8500452],[8.2330343,48.8472718],[8.2323452,48.8464464],[8.2320483,48.8460922],[8.2313917,48.8453167],[8.2294424,48.8429832],[8.2284589,48.8418104],[8.2278987,48.8411637],[8.2266803,48.8396806],[8.2260905,48.8389749],[8.2259193,48.83877],[8.2252312,48.8379465],[8.2243215,48.836877],[8.2241466,48.8366748],[8.2233996,48.8358197],[8.2225751,48.8349165],[8.2221196,48.8344571],[8.2217188,48.8340576],[8.2212624,48.8336169],[8.2208278,48.8332303],[8.2203254,48.8327518],[8.2198046,48.8322916],[8.2192707,48.8318401],[8.2187307,48.8313855],[8.2183456,48.8310783],[8.2179724,48.8307847],[8.2172105,48.8302039],[8.2165396,48.8297185],[8.2161599,48.8294474],[8.2149464,48.828629],[8.2139752,48.8280065],[8.2130626,48.8274466],[8.2117333,48.826673],[8.2108279,48.8261724],[8.2094554,48.8254124],[8.2089609,48.8251455],[8.2084997,48.8249063],[8.2065864,48.8238299],[8.2058374,48.8234297],[8.2056561,48.8233289],[8.2051198,48.8230259],[8.2049825,48.8229485],[8.2044862,48.8226626],[8.2037818,48.8222568],[8.2036585,48.8221826],[8.2030655,48.8218428],[8.2021033,48.8212913],[8.2014036,48.8208775],[8.2005689,48.8203852],[8.1986576,48.8192437],[8.1967599,48.818097],[8.1938528,48.8162624],[8.1912768,48.8146275],[8.1888498,48.8130227],[8.1876538,48.8122256],[8.1874675,48.8121009],[8.1854287,48.8106949],[8.1843271,48.8099281],[8.1817912,48.8080786],[8.179962,48.8067762],[8.1794206,48.8063777],[8.1784924,48.8056868],[8.1771299,48.8046889],[8.1750526,48.8031884],[8.173407,48.8019805],[8.1724067,48.8012453],[8.1713036,48.8004365],[8.1708373,48.8000937],[8.1693599,48.7990075],[8.1680334,48.7980305],[8.1674739,48.7976222],[8.1672551,48.7974604],[8.1662841,48.7967466],[8.1649503,48.7957767],[8.164551,48.7954795],[8.1637312,48.794875],[8.16326,48.7945321],[8.1618095,48.7934421],[8.1604618,48.7924731],[8.1591089,48.7914731],[8.1583649,48.7909269],[8.1577919,48.7905004],[8.1572484,48.7900925],[8.1565876,48.7895849],[8.1559698,48.7891053],[8.1554383,48.7886721],[8.1546166,48.7880097],[8.1545245,48.787932],[8.1544656,48.7878823],[8.1539884,48.7874721],[8.1536956,48.7872123],[8.1533749,48.7869304],[8.1529426,48.7865401],[8.1519589,48.785567],[8.1514619,48.7850625],[8.1509779,48.7845537],[8.1506709,48.7842181],[8.1501984,48.7837018],[8.1494667,48.7828483],[8.1486383,48.7818097],[8.1478848,48.7807749],[8.1475534,48.7802951],[8.1472263,48.7797997],[8.1465474,48.7787617],[8.145885,48.7777488],[8.1452645,48.7767453],[8.1448996,48.7761479],[8.1446523,48.7757431],[8.1437415,48.7742735],[8.1430873,48.7731968],[8.1423678,48.7719737],[8.1421979,48.7717114],[8.1411588,48.7699883],[8.1400818,48.7682669],[8.139322,48.7669985],[8.1392738,48.7669181],[8.1381987,48.7651682],[8.1377437,48.7644055],[8.1371975,48.7635168],[8.1361746,48.7618623],[8.1353332,48.760497],[8.1345086,48.7592447],[8.1337001,48.7580871],[8.1331173,48.7572836],[8.1325154,48.7564754],[8.1319162,48.7557141],[8.13113,48.7547069],[8.1302798,48.7536813],[8.1297128,48.7530511],[8.1285474,48.7517557],[8.1272768,48.7504468],[8.1253023,48.748528],[8.1240618,48.7473646],[8.1232846,48.7466409],[8.1224874,48.7458744],[8.1215467,48.7449953],[8.1208424,48.7443164],[8.1201035,48.7435758],[8.1194919,48.7429634],[8.1185082,48.741871],[8.1173468,48.7406084],[8.1166746,48.7398211],[8.115438,48.7383768],[8.1135651,48.7362418],[8.1125839,48.7352069],[8.1120958,48.7346986],[8.111654,48.7342305],[8.1106929,48.7332869],[8.1101906,48.7328106],[8.1097259,48.7323725],[8.1090745,48.7317571],[8.1078981,48.7307097],[8.1076206,48.730469],[8.1068936,48.7298387],[8.1061055,48.729181],[8.1052009,48.7284417],[8.1041813,48.7276527],[8.1038572,48.7274048],[8.1030244,48.7267858],[8.1018264,48.7259035],[8.1000653,48.7246568],[8.0991518,48.7240313],[8.0985707,48.7236294],[8.0974437,48.7228574],[8.096778,48.7223995],[8.0961438,48.7219497],[8.0959685,48.7218254],[8.0943114,48.7205735],[8.0927202,48.7193648],[8.0914795,48.7183955],[8.0896646,48.7169313],[8.0893309,48.7166647],[8.0881848,48.7156825],[8.0872961,48.7149225],[8.0858046,48.7136041],[8.0842728,48.7122031],[8.0831745,48.7111334],[8.0824345,48.7104079],[8.0810692,48.7090491],[8.0806363,48.7085806],[8.0798757,48.7077887],[8.0791243,48.7069758],[8.0786831,48.7065182],[8.0778125,48.7055004],[8.0770806,48.7046625],[8.0763111,48.7037095],[8.0757039,48.7029122],[8.0753198,48.7024015],[8.0745524,48.7013085],[8.0738713,48.7002666],[8.0732262,48.6991992],[8.0723671,48.6977864],[8.0715915,48.6964437],[8.0708227,48.6951356],[8.0700226,48.6937924],[8.0693384,48.6925914],[8.0685998,48.6913721],[8.0677167,48.6900118],[8.0669605,48.6888661],[8.0663585,48.6880079],[8.0654816,48.6867936],[8.0646901,48.6857615],[8.0641013,48.6849938],[8.0627387,48.6832819],[8.0618761,48.6822382],[8.0608354,48.6810661],[8.0592076,48.679295],[8.0577555,48.6777997],[8.055965,48.6760506],[8.0555229,48.6756244],[8.054524,48.6746854],[8.0540361,48.6742336],[8.0534595,48.6737084],[8.05305,48.6733354],[8.0520519,48.6724475],[8.0510251,48.6715545],[8.049982,48.6706669],[8.0489417,48.6697998],[8.0479019,48.6689375],[8.0473642,48.6684936],[8.0472848,48.6684281],[8.0457768,48.6671834],[8.0447213,48.6663068],[8.0436769,48.6654237],[8.0431619,48.664977],[8.0426523,48.6645266],[8.0421515,48.6640715],[8.0416574,48.6636139],[8.0411726,48.6631476],[8.0406946,48.6626788],[8.0402279,48.6622073],[8.0400239,48.6619956],[8.0397684,48.6617304],[8.0393941,48.6613319],[8.0390204,48.6609238],[8.0386763,48.6605409],[8.0384205,48.6602516],[8.0381571,48.6599456],[8.037629,48.6593177],[8.0372256,48.6588198],[8.03685,48.6583433],[8.0364459,48.657816],[8.0360723,48.6573094],[8.0358324,48.6569786],[8.0357074,48.6568016],[8.0353203,48.6562403],[8.035009,48.6557779],[8.034674,48.6552625],[8.0344279,48.6548705],[8.0343505,48.6547472],[8.0340377,48.6542277],[8.0337332,48.6537061],[8.033433,48.6531736],[8.0331475,48.6526406],[8.0328645,48.6521047],[8.0325946,48.6515685],[8.0323283,48.6510307],[8.032067,48.6504917],[8.0318079,48.6499543],[8.0315503,48.6494131],[8.0309942,48.6482449],[8.0302648,48.6467158],[8.0299474,48.6460492],[8.0295377,48.6451889],[8.0295125,48.6451358],[8.0295094,48.6451293],[8.0292085,48.6444973],[8.0289106,48.6438731],[8.0287892,48.643619],[8.0285484,48.6431139],[8.0284439,48.6428939],[8.0274685,48.640848],[8.0272122,48.640313],[8.0270478,48.6399775],[8.0270138,48.6399079],[8.0266849,48.6392449],[8.026414,48.6387124],[8.0261387,48.6381831],[8.0258569,48.637654],[8.025562,48.6371156],[8.0255238,48.6370477],[8.0252731,48.6366003],[8.0249716,48.6360748],[8.0246622,48.6355502],[8.0243481,48.6350266],[8.0240267,48.6345053],[8.0237019,48.633989],[8.0233694,48.6334722],[8.0230345,48.6329592],[8.0226899,48.6324476],[8.0223396,48.6319365],[8.0219839,48.6314256],[8.021622,48.6309182],[8.0212532,48.6304125],[8.0212107,48.6303553],[8.0208788,48.6299073],[8.0204958,48.629405],[8.0201106,48.6289049],[8.0197176,48.6284058],[8.0193231,48.6279121],[8.0191649,48.6277186],[8.0191191,48.6276626],[8.0189201,48.6274192],[8.0185119,48.6269284],[8.0180973,48.6264404],[8.0176781,48.6259539],[8.0172533,48.6254691],[8.0168224,48.6249872],[8.0163841,48.6245073],[8.0159392,48.6240283],[8.0154891,48.6235508],[8.0150333,48.6230759],[8.0145718,48.6226031],[8.0141053,48.6221327],[8.0136319,48.6216657],[8.0131551,48.6211997],[8.0126712,48.6207374],[8.0121797,48.6202749],[8.011684,48.6198157],[8.0111825,48.6193586],[8.0109773,48.6191745],[8.010675,48.6189034],[8.0101606,48.61845],[8.009641,48.6179997],[8.0091164,48.6175535],[8.008588,48.6171094],[8.0080556,48.6166704],[8.007521,48.6162351],[8.00698,48.615803],[8.0064349,48.6153738],[8.0058861,48.6149477],[8.0053342,48.6145239],[8.0047786,48.614102],[8.0042203,48.6136812],[8.0030961,48.6128406],[8.0014066,48.6115828],[8.0008442,48.6111623],[7.9997222,48.6103129],[7.999621,48.6102363],[7.9994884,48.610135],[7.9986138,48.6094596],[7.9980658,48.6090297],[7.9975225,48.6085988],[7.9964663,48.607743],[7.9953918,48.6068534],[7.9943423,48.6059674],[7.9933042,48.6050814],[7.9922748,48.6041903],[7.9917638,48.6037444],[7.9912528,48.6032965],[7.990222,48.6023801],[7.9892024,48.6014626],[7.9881907,48.6005406],[7.9871895,48.5996157],[7.986208,48.598697],[7.985236,48.5977752],[7.9847551,48.5973137],[7.9837958,48.5963856],[7.9833207,48.5959199],[7.9823718,48.594983],[7.9816508,48.5942583],[7.9809665,48.5935706],[7.9805034,48.5930984],[7.9795837,48.5921512],[7.9787725,48.5913044],[7.9779618,48.5904483],[7.9771641,48.5895967],[7.9763775,48.5887457],[7.9758435,48.5881597],[7.9757543,48.5880612],[7.975206,48.5874558],[7.9745823,48.5867588],[7.9739602,48.5860569],[7.9733424,48.5853545],[7.9727323,48.5846503],[7.9726198,48.5845196],[7.972126,48.5839457],[7.9718673,48.5836415],[7.9715236,48.5832375],[7.970926,48.5825281],[7.9703374,48.5818209],[7.9697555,48.5811116],[7.9693316,48.5805917],[7.9691755,48.5804002],[7.9680297,48.5789714],[7.9674636,48.5782536],[7.9669028,48.5775353],[7.9664232,48.5769134],[7.9663461,48.5768135],[7.9661766,48.5765912],[7.9657961,48.5760922],[7.9652507,48.5753692],[7.9647093,48.5746431],[7.9641718,48.5739151],[7.9636406,48.5731849],[7.9631877,48.572556],[7.9631144,48.5724539],[7.9625919,48.5717213],[7.9620752,48.5709867],[7.961564,48.5702514],[7.9610558,48.5695137],[7.9605567,48.5687752],[7.9603546,48.568474],[7.9600641,48.5680353],[7.959574,48.5672918],[7.959093,48.5665464],[7.9589343,48.5662955],[7.9586186,48.5657956],[7.9581526,48.5650477],[7.9579377,48.5647006],[7.9577965,48.5644684],[7.9577448,48.5643834],[7.9575106,48.5639982],[7.9570901,48.5632956],[7.9566757,48.5625901],[7.9562658,48.561883],[7.9558531,48.5611579],[7.955475,48.5604811],[7.9552851,48.5601372],[7.9550742,48.5597551],[7.9546884,48.5590419],[7.9543554,48.5584137],[7.9540267,48.5577838],[7.9537017,48.5571539],[7.9533819,48.556522],[7.95307,48.555893],[7.9527572,48.5552603],[7.9526819,48.5551025],[7.95262,48.5549763],[7.9521373,48.5539957],[7.9518237,48.5533609],[7.951503,48.5527293],[7.9511752,48.5520977],[7.9509246,48.5516304],[7.9508378,48.5514694],[7.9506649,48.5511567],[7.9504886,48.5508446],[7.9503088,48.5505354],[7.9501231,48.5502243],[7.9499345,48.5499163],[7.9497412,48.5496079],[7.949544,48.5493016],[7.9493411,48.5489969],[7.9491327,48.5486901],[7.9489156,48.5483853],[7.9487772,48.5481945],[7.9487095,48.5481004],[7.9484715,48.5477771],[7.9482625,48.5475023],[7.9480086,48.5471786],[7.9477695,48.5468803],[7.9475228,48.546584],[7.947275,48.5462901],[7.9470199,48.5459976],[7.9467613,48.5457068],[7.9464985,48.5454179],[7.9462317,48.5451317],[7.9459588,48.5448466],[7.9454006,48.5442813],[7.9451151,48.5440012],[7.9447768,48.5436806],[7.9445322,48.543448],[7.9442367,48.5431748],[7.94394,48.5429005],[7.9436401,48.542628],[7.9433377,48.5423562],[7.9430313,48.5420863],[7.9424131,48.5415468],[7.941791,48.5410086],[7.9414496,48.5407155],[7.9407099,48.5400809],[7.9405427,48.5399367],[7.9395366,48.5390739],[7.9389119,48.5385379],[7.9385113,48.5381941],[7.9371458,48.5370234],[7.9365223,48.5364892],[7.9346596,48.5348929],[7.9323754,48.5329334],[7.9321715,48.5327586],[7.9306131,48.5314188],[7.9304467,48.5312751],[7.9300879,48.5309626],[7.9297423,48.5306618],[7.9292307,48.5302063],[7.9282334,48.5293353],[7.9269309,48.5282027],[7.9261308,48.5274853],[7.925202,48.5266152],[7.9236405,48.5251905],[7.9227663,48.5244072],[7.9220003,48.5236654],[7.9211696,48.522874],[7.9204468,48.5221639],[7.9195737,48.5213203],[7.9181334,48.5198784],[7.9170876,48.5187973],[7.9164441,48.5181314],[7.9161311,48.5177996],[7.9154517,48.5170646],[7.9146452,48.5161782],[7.9142823,48.5157779],[7.9135502,48.5149469],[7.9130898,48.5143827],[7.9122833,48.5133621],[7.9118211,48.5127162],[7.911639,48.5124832],[7.9105624,48.5110819],[7.9090054,48.5088189],[7.9084005,48.5078975],[7.9077737,48.5067912],[7.9072712,48.5059583],[7.9068868,48.5053006],[7.906121,48.5038986],[7.905855,48.5033868],[7.9054934,48.5026502],[7.9047745,48.5011617],[7.9042927,48.5000909],[7.9036854,48.4986866],[7.9034344,48.4979804],[7.9031715,48.4972874],[7.9027829,48.4962014],[7.9023401,48.494734],[7.9020412,48.4935015],[7.9019283,48.4930112],[7.9018021,48.4923954],[7.9016846,48.4917639],[7.9015524,48.4909541],[7.9014463,48.4901544],[7.9013805,48.48955],[7.9013303,48.488909],[7.9012867,48.4882661],[7.9012505,48.4874649],[7.9012466,48.4861532],[7.9012627,48.4855044],[7.9012869,48.4848692],[7.9013216,48.4843404],[7.9013619,48.4838467],[7.9014307,48.4832587],[7.9014981,48.4827276],[7.9015834,48.4821308],[7.9016659,48.4816042],[7.9017623,48.4810752],[7.9018689,48.4804836],[7.9020001,48.4798547],[7.9021498,48.4792366],[7.9024293,48.4780718],[7.9027353,48.4768719],[7.9031004,48.4754273],[7.9031303,48.4752971],[7.9032913,48.4746397],[7.9036506,48.4732217],[7.9038183,48.4725257],[7.904,48.47179],[7.9041218,48.4713114],[7.9043043,48.4705051],[7.9043653,48.4702117],[7.9044213,48.4698915],[7.9044921,48.4695509],[7.9045574,48.4691853],[7.9047972,48.467637],[7.9048504,48.4671556],[7.9049189,48.4665373],[7.9049801,48.4654687],[7.9050256,48.4647973],[7.9050365,48.4642576],[7.9050372,48.4637825],[7.9050236,48.4631319],[7.9049957,48.4624017],[7.9049595,48.4618487],[7.9048705,48.4609678],[7.9048447,48.4605436],[7.9047949,48.4601345],[7.9047458,48.4597535],[7.904643,48.459098],[7.9045307,48.458436],[7.9043937,48.4577119],[7.9043309,48.4574441],[7.9041662,48.4567314],[7.9040436,48.4562291],[7.9038776,48.4556409],[7.9036871,48.4549773],[7.9035926,48.4546751],[7.9034931,48.4543569],[7.9034046,48.4540549],[7.9033179,48.4537593],[7.9029678,48.4527508],[7.902614,48.4517479],[7.9025198,48.4514647],[7.9023734,48.4510914],[7.9022168,48.4507206],[7.9021059,48.450437],[7.9019115,48.449923],[7.9016448,48.4491824],[7.9015253,48.4488816],[7.9013409,48.4484293],[7.9011431,48.4479639],[7.9010143,48.4476571],[7.9006945,48.446967],[7.9004383,48.4463824],[7.900148,48.4457606],[7.8995467,48.444534],[7.8993391,48.4441199],[7.8990836,48.4436174],[7.8986029,48.4427021],[7.8982792,48.4421019],[7.8979678,48.4415382],[7.8973444,48.4404378],[7.8966569,48.4392845],[7.8960208,48.4382531],[7.895455,48.4373546],[7.8948469,48.4364297],[7.8942787,48.4355902],[7.8936641,48.4347023],[7.8928382,48.4335484],[7.8923842,48.4329369],[7.891845,48.4322143],[7.8915194,48.4317792],[7.8911853,48.4313499],[7.8905441,48.4305351],[7.8899391,48.4297905],[7.8892304,48.4289445],[7.888276,48.4278242],[7.8873668,48.4268028],[7.8860684,48.4253777],[7.8852352,48.4244901],[7.8838828,48.4231114],[7.8829469,48.4221807],[7.8824812,48.4217329],[7.8816863,48.420965],[7.880985,48.4203105],[7.8806627,48.4200148],[7.8802772,48.4196585],[7.8795566,48.4190175],[7.8789769,48.4184996],[7.878357,48.4179588],[7.8776479,48.4173506],[7.8770085,48.416814],[7.8762978,48.4162247],[7.8754905,48.4155648],[7.8748675,48.4150727],[7.8742497,48.4145801],[7.8735098,48.414002],[7.8728713,48.4135139],[7.872075,48.4129171],[7.8713858,48.4124051],[7.8697672,48.4112395],[7.8684815,48.4103434],[7.8678532,48.4099106],[7.8671708,48.4094474],[7.8664591,48.4089767],[7.8656295,48.4084302],[7.8638131,48.4072796],[7.8624612,48.4064378],[7.8608946,48.4055025],[7.8591992,48.4045167],[7.8575576,48.4036003],[7.8561202,48.4028109],[7.8543811,48.4019172],[7.8539416,48.4016845],[7.8537203,48.4015646],[7.8527236,48.4010344],[7.8525137,48.4009189],[7.8499683,48.3995821],[7.8484217,48.3987558],[7.847286,48.3981572],[7.8457308,48.3973152],[7.8450457,48.3969436],[7.8446933,48.3967524],[7.8444009,48.3965938],[7.8426963,48.395669],[7.8408036,48.3945933],[7.8397992,48.3940173],[7.8382274,48.393101],[7.8337769,48.3903885],[7.8326297,48.3896548],[7.8320853,48.3893067],[7.8292216,48.3874251],[7.827949,48.3865765],[7.8250046,48.3845209],[7.8223708,48.3826265],[7.8202486,48.3810503],[7.8174194,48.3789277],[7.8151903,48.3771972],[7.813513,48.3759028],[7.8122422,48.3748849],[7.8104045,48.3734281],[7.8075676,48.3711262],[7.8049367,48.368958],[7.8043403,48.3684391],[7.8029371,48.367228],[7.8023891,48.366739],[7.801772,48.3661764],[7.801052,48.3655162],[7.8004111,48.3649151],[7.7991667,48.3636627],[7.798933,48.3634133],[7.7986347,48.3630939],[7.7972951,48.3616041],[7.796506,48.360633],[7.796249,48.3603296],[7.7953752,48.3591869],[7.7949041,48.3585017],[7.7943443,48.3577114],[7.7942554,48.3575731],[7.7935216,48.3564159],[7.7930169,48.3555713],[7.7925641,48.3547639],[7.7921561,48.3540086],[7.7918484,48.3533872],[7.7915422,48.3527478],[7.7912148,48.3520211],[7.7909322,48.3513603],[7.7907002,48.3507851],[7.7904269,48.3500701],[7.7903602,48.3498957],[7.7901725,48.3493378],[7.7900785,48.3490578],[7.7899901,48.3487823],[7.7899559,48.3486775],[7.7899036,48.3485173],[7.7898679,48.3484027],[7.7897932,48.3481557],[7.7895684,48.3474079],[7.7893193,48.3464352],[7.7890623,48.345268],[7.7888516,48.3440674],[7.7886996,48.3429531],[7.7885783,48.3417134],[7.7885048,48.3403851],[7.7884808,48.3390959],[7.7885745,48.3368292],[7.7887442,48.3351938],[7.7889047,48.3338215],[7.7891594,48.3318206],[7.7894583,48.3294759],[7.7896203,48.3280497],[7.7899001,48.3254117],[7.7900687,48.3236777],[7.7901413,48.322586],[7.790197,48.321622],[7.7902341,48.3209325],[7.7903668,48.3184658],[7.7904248,48.3161409],[7.7904447,48.3139563],[7.7904354,48.3138411],[7.7904412,48.311313],[7.7903563,48.3092528],[7.7902988,48.3081225],[7.7902103,48.3068204],[7.790158,48.3057974],[7.7900518,48.3045608],[7.7898146,48.3024706],[7.7896458,48.3010112],[7.7894122,48.2996724],[7.7891031,48.2981594],[7.7888711,48.2971508],[7.7882793,48.2947518],[7.7877057,48.2927972],[7.7872069,48.2913223],[7.7865562,48.2894979],[7.7858786,48.2878036],[7.7852347,48.2863194],[7.7843618,48.2844553],[7.7835461,48.2828293],[7.7832282,48.2822394],[7.7823858,48.2807124],[7.781546,48.2792636],[7.7804694,48.2775344],[7.778596,48.2747567],[7.7773749,48.2731114],[7.7762641,48.2716652],[7.7761478,48.2715207],[7.7755219,48.2707523],[7.7753667,48.2705729],[7.774454,48.2694649],[7.7731981,48.2679917],[7.7710906,48.2655865],[7.7701459,48.264479],[7.7691586,48.2632982],[7.7680895,48.2620099],[7.7670592,48.260706],[7.7659721,48.2593065],[7.7648183,48.2577556],[7.7646312,48.2575009],[7.7626147,48.2546424],[7.7624758,48.2544429],[7.7621594,48.2539548],[7.7613917,48.2528295],[7.7609876,48.2522036],[7.7601766,48.250933],[7.7590339,48.2490437],[7.7575351,48.2464504],[7.7566052,48.2447591],[7.7557228,48.2430715],[7.7550521,48.241747],[7.7543953,48.2403852],[7.754024,48.2395898],[7.7532956,48.2379579],[7.7525164,48.2362224],[7.7520871,48.2351708],[7.7516934,48.2342186],[7.7511327,48.2326472],[7.7508702,48.2319288],[7.7504043,48.2306147],[7.7502714,48.2302256],[7.7500883,48.2297668],[7.7495919,48.2281594],[7.7491721,48.2267697],[7.7489658,48.2260576],[7.7483669,48.2238283],[7.7477478,48.2212848],[7.7474096,48.2197538],[7.7473904,48.2196528],[7.747092,48.2181836],[7.7468383,48.2167667],[7.7466057,48.2153412],[7.7463762,48.2137278],[7.7461596,48.2120474],[7.7460639,48.2111927],[7.7460191,48.2106769],[7.7458432,48.2086992],[7.7457047,48.2064895],[7.7456528,48.2052479],[7.7456216,48.2040343],[7.745607,48.2013321],[7.745659,48.1989495],[7.7457937,48.1965273],[7.7460556,48.1935539],[7.7463575,48.1911125],[7.7465393,48.1896838],[7.7467622,48.1882228],[7.7472192,48.1859216],[7.747879,48.1828615],[7.7482445,48.181337],[7.7486405,48.1798104],[7.7494356,48.1770604],[7.7500099,48.1752852],[7.7508106,48.1729371],[7.75147,48.1711164],[7.7516936,48.1705653],[7.7522761,48.1691266],[7.7526197,48.1682958],[7.7533423,48.1666163],[7.7534124,48.1664614],[7.753596,48.1660344],[7.7542928,48.1645054],[7.7553533,48.1623397],[7.7561111,48.1608646],[7.7568773,48.1594252],[7.7580555,48.1573407],[7.7586675,48.1563282],[7.759067,48.1557338],[7.7593565,48.155289],[7.7598951,48.1544901],[7.759932,48.154439],[7.7601516,48.1541366],[7.7603279,48.1538866],[7.7609826,48.1530029],[7.7614199,48.1524322],[7.7620656,48.1516311],[7.762288,48.1513573],[7.7629863,48.1505175],[7.7635942,48.149809],[7.7642605,48.1490768],[7.7643548,48.1489739],[7.7645853,48.1487348],[7.7652518,48.1480215],[7.7666106,48.1465973],[7.7677221,48.1454363],[7.7689061,48.1441806],[7.7700937,48.1428723],[7.7703386,48.1425929],[7.7705711,48.1423387],[7.7713797,48.1414169],[7.7717312,48.1409965],[7.7718595,48.1408392],[7.7722183,48.1404217],[7.7725753,48.1400091],[7.7732779,48.1391594],[7.7743147,48.1378717],[7.7753561,48.1365433],[7.7767504,48.1346799],[7.7771644,48.1340975],[7.7777283,48.1333021],[7.7787346,48.1318424],[7.7793232,48.130973],[7.7800917,48.1297895],[7.7806707,48.1288617],[7.7810945,48.1281821],[7.7817965,48.1270008],[7.7821284,48.1264289],[7.7829017,48.1251026],[7.783748,48.123528],[7.7842816,48.1224921],[7.7849705,48.1211407],[7.7853589,48.1203612],[7.7855901,48.1198624],[7.7863543,48.1181806],[7.7866244,48.1175745],[7.7870319,48.1166179],[7.787536,48.1153775],[7.7878392,48.1146173],[7.7880808,48.1140355],[7.7885014,48.1128786],[7.7888012,48.1120392],[7.7888387,48.1119298],[7.7891391,48.1110678],[7.7892331,48.1107913],[7.7893969,48.1102853],[7.789565,48.109759],[7.7897407,48.1091907],[7.7899201,48.1086066],[7.7901841,48.1077117],[7.7903697,48.1070561],[7.7907807,48.1055278],[7.79094,48.1049295],[7.7910449,48.1045234],[7.7914565,48.1029994],[7.7915358,48.102701],[7.7918915,48.1014648],[7.7920182,48.1010453],[7.7921264,48.1007034],[7.7922938,48.1001847],[7.7923676,48.0999532],[7.7925389,48.0994433],[7.7927641,48.0988152],[7.7930264,48.0980842],[7.7931804,48.0976791],[7.7933878,48.0971541],[7.7936094,48.0966028],[7.7939669,48.0957503],[7.7940729,48.0955033],[7.7945818,48.0943628],[7.7948556,48.0937749],[7.7950402,48.0933946],[7.7952948,48.0928735],[7.7957349,48.0920046],[7.7960909,48.0913271],[7.7962293,48.0910732],[7.7963761,48.090802],[7.7966826,48.0902504],[7.7968397,48.0899716],[7.7969829,48.0897167],[7.7973543,48.0890832],[7.7980326,48.0879654],[7.7984689,48.0872634],[7.7986918,48.0869205],[7.7987844,48.0867772],[7.7997324,48.0853594],[7.7999874,48.0850046],[7.8004967,48.0842825],[7.8010169,48.083573],[7.8013769,48.0830912],[7.8015835,48.0828204],[7.8016243,48.0827707],[7.801813,48.0825137],[7.8022861,48.0819145],[7.8027,48.0813909],[7.8030367,48.0809708],[7.8053933,48.0780709],[7.8058881,48.0774115],[7.806304,48.0768657],[7.8068058,48.0761787],[7.8071618,48.0756798],[7.807649,48.0749312],[7.808205,48.0740578],[7.8083388,48.0738373],[7.8084056,48.0737251],[7.8084063,48.0737243],[7.8084551,48.0736429],[7.8085437,48.073496],[7.8090566,48.0725927],[7.8092729,48.0721769],[7.8094563,48.0718184],[7.8098174,48.0711062],[7.8103235,48.0699851],[7.8107952,48.0688529],[7.8109901,48.0683213],[7.8111996,48.0677087],[7.8114715,48.066858],[7.8116684,48.0661776],[7.8118556,48.0654978],[7.8120485,48.0646734],[7.8121876,48.0640089],[7.8123012,48.0634347],[7.8124227,48.0626978],[7.8124832,48.0621528],[7.8125619,48.0614596],[7.8125791,48.0613081],[7.8126284,48.0607458],[7.8126633,48.0602057],[7.812681,48.0599278],[7.8126895,48.059662],[7.8126974,48.0594264],[7.8127053,48.0589183],[7.812706,48.0585553],[7.8126939,48.0579983],[7.8126784,48.0575806],[7.812661,48.0572451],[7.8126442,48.0569702],[7.8126215,48.0566263],[7.8126088,48.0564412],[7.8125528,48.0558482],[7.8125025,48.0554477],[7.8124626,48.0550924],[7.8122962,48.0540605],[7.8121989,48.0535582],[7.8120855,48.0530087],[7.8118586,48.0520427],[7.8116846,48.0513353],[7.8114399,48.0505281],[7.8110901,48.0494769],[7.8107241,48.0484781],[7.8104706,48.0478577],[7.8100201,48.0468266],[7.809729,48.0462211],[7.8095929,48.0459289],[7.809168,48.0451105],[7.8085745,48.0440421],[7.8075341,48.0423664],[7.8065642,48.0409722],[7.8060797,48.0403182],[7.8055642,48.0396664],[7.8047316,48.0386586],[7.8038171,48.0376168],[7.8029442,48.0367022],[7.8018133,48.0355619],[7.8015744,48.035332],[7.8008755,48.0346734],[7.8005615,48.0344011],[7.7999651,48.0339071],[7.7993808,48.033412],[7.7981314,48.0323932],[7.7968694,48.0314205],[7.7957044,48.0305673],[7.7943459,48.029631],[7.7931201,48.0288107],[7.7918903,48.0280404],[7.7911445,48.027587],[7.7902759,48.0270764],[7.7898793,48.026848],[7.7886374,48.0261457],[7.7873086,48.0254269],[7.7864193,48.024961],[7.7854184,48.0244414],[7.784136,48.0237856],[7.7837658,48.0235918],[7.7826333,48.0230039],[7.7814874,48.0223944],[7.7808709,48.0220524],[7.7800656,48.0215984],[7.7792941,48.0211544],[7.7781219,48.0204404],[7.7768308,48.0196309],[7.776287,48.019273],[7.7750727,48.0184568],[7.7737283,48.0175218],[7.7723048,48.0164735],[7.7711339,48.0155744],[7.7704569,48.0150363],[7.7697955,48.0144849],[7.7686859,48.0135128],[7.7676013,48.0125097],[7.766375,48.0113043],[7.7653746,48.0102557],[7.7652922,48.0101713],[7.7645267,48.0093337],[7.7638654,48.008588],[7.7626376,48.0071279],[7.7602469,48.0042373],[7.7596387,48.003507],[7.7588629,48.0026134],[7.7575285,48.0011102],[7.7559169,47.9993526],[7.7547392,47.9980844],[7.7545944,47.9979323],[7.7526541,47.9959426],[7.7510921,47.9943983],[7.7499532,47.9933197],[7.7493252,47.9927249],[7.7476967,47.9912163],[7.74667,47.9903024],[7.745627,47.9893739],[7.7450002,47.9888473],[7.7431576,47.9872549],[7.7428534,47.9869956],[7.7427303,47.9868924],[7.7417745,47.9860914],[7.7412815,47.9856782],[7.739356,47.9841209],[7.7373517,47.9825732],[7.7362243,47.9817323],[7.7350958,47.9809043],[7.7344918,47.9804633],[7.734329,47.9803469],[7.7341771,47.9802384],[7.7340714,47.9801629],[7.7328933,47.9793223],[7.7314678,47.9783322],[7.7306789,47.977789],[7.7294479,47.9769543],[7.7292512,47.97682],[7.7290618,47.9766942],[7.7288968,47.9765805],[7.7279326,47.9759469],[7.7262623,47.9748622],[7.7255918,47.9744223],[7.7253017,47.974245],[7.724676,47.9738657],[7.723317,47.9730249],[7.7218828,47.9721598],[7.7204106,47.9712861],[7.7192431,47.9706054],[7.7183051,47.9700662],[7.7172987,47.9694927],[7.7169625,47.9693013],[7.7151654,47.9683166],[7.7132599,47.9672851],[7.71125,47.9662372],[7.7092435,47.9652179],[7.7074743,47.9643364],[7.7058477,47.9635494],[7.7043752,47.9628538],[7.70426,47.9628032],[7.7027421,47.9620961],[7.7021737,47.9618347],[7.7007222,47.9611801],[7.6985012,47.9602046],[7.6980567,47.9600093],[7.6955926,47.9589725],[7.695493,47.9589322],[7.6936358,47.958166],[7.6926465,47.9577686],[7.6916505,47.957382],[7.6891472,47.9564481],[7.6881415,47.9560858],[7.6867411,47.955605],[7.6855287,47.9552092],[7.6839459,47.9547191],[7.6827284,47.9543678],[7.6819308,47.9541433],[7.6807133,47.953812],[7.678949,47.9533601],[7.677387,47.95297],[7.6759045,47.9526435],[7.6757774,47.9526163],[7.6747683,47.9524025],[7.6734297,47.9521412],[7.6706773,47.9516408],[7.6702146,47.9515587],[7.6696748,47.9514617],[7.6689377,47.9513423],[7.6685037,47.951271],[7.6672558,47.9510865],[7.6669315,47.9510388],[7.6654543,47.9508216],[7.6651264,47.9507734],[7.6650689,47.950765],[7.6647582,47.9507193],[7.663244,47.9504966],[7.6624625,47.9503817],[7.6611826,47.9502033],[7.6584996,47.9497662],[7.65517,47.9491853],[7.6534246,47.9488508],[7.650655,47.9482882],[7.6494574,47.9480337],[7.6474031,47.9475682],[7.6472926,47.9475396],[7.6455445,47.9471416],[7.642034,47.9462563],[7.6402812,47.9457642],[7.6394872,47.9455368],[7.6385422,47.9452725],[7.6368268,47.9447892],[7.6356612,47.9444394],[7.6353934,47.9443551],[7.6346894,47.9441408],[7.6340841,47.9439484],[7.633393,47.943727],[7.6311973,47.9430149],[7.6301807,47.9426662],[7.629681,47.9424994],[7.6288104,47.9421948],[7.6285133,47.9420867],[7.626631,47.9414048],[7.6246353,47.9406453],[7.6242958,47.9405188],[7.6233023,47.9401473],[7.6221223,47.9396696],[7.620373,47.9389448],[7.6184047,47.9380881],[7.618255,47.9380126],[7.6175684,47.9376936],[7.6163618,47.9371116],[7.6149623,47.9364008],[7.6134772,47.9355937],[7.6118423,47.9346646],[7.6104127,47.9337885],[7.6090488,47.9329115],[7.6078554,47.9321035],[7.6067673,47.9313362],[7.605816,47.9306205],[7.6049314,47.9299201],[7.6040912,47.9292348],[7.6031138,47.9284177],[7.6026911,47.9280408],[7.6022765,47.9276636],[7.6016086,47.9270504],[7.600517,47.9260034],[7.5996349,47.9251084],[7.5991,47.9245572],[7.5987868,47.9242159],[7.5980844,47.9234365],[7.5975612,47.9228072],[7.5970217,47.9221566],[7.596276,47.9212086],[7.5954613,47.9200902],[7.5952232,47.9197828],[7.5951003,47.9196065],[7.5941902,47.9182729],[7.5933995,47.9170436],[7.5926358,47.9157692],[7.5919046,47.9145033],[7.5913893,47.9135302],[7.5907146,47.912232],[7.5900782,47.9109075],[7.5896827,47.9100242],[7.5894987,47.9095729],[7.5886241,47.9074277],[7.5884319,47.9068967],[7.5879881,47.9056151],[7.5873287,47.9035491],[7.5867344,47.9016873],[7.5863142,47.9003773],[7.5858703,47.8991256],[7.5853604,47.8978216],[7.5848416,47.8966198],[7.5841388,47.8951411],[7.5835487,47.893999],[7.5829338,47.8928686],[7.5824007,47.8919568],[7.5818201,47.8910108],[7.5808544,47.889539],[7.5807551,47.8893826],[7.5801423,47.8885135],[7.5793805,47.8874969],[7.5784663,47.8863258],[7.5776487,47.8853244],[7.5764696,47.8839312],[7.5744458,47.8815478],[7.5736107,47.8805031],[7.5733511,47.8801631],[7.5726829,47.8792647],[7.5717287,47.8778299],[7.5706298,47.8761138],[7.5696796,47.8744005],[7.5695191,47.8740635],[7.5688584,47.8726894],[7.5684113,47.8716475],[7.5683269,47.8714509],[7.5678741,47.8702377],[7.5673779,47.868752],[7.566985,47.8674177],[7.5667918,47.8666339],[7.5665668,47.8655935],[7.5663874,47.8645773],[7.5662266,47.863468],[7.5661214,47.8626019],[7.5661048,47.8622341],[7.5660083,47.8610085],[7.5660086,47.860727],[7.5659879,47.8593615],[7.5660375,47.8580758],[7.5661443,47.8565676],[7.5662853,47.8552261],[7.5665227,47.8533727],[7.5667786,47.8513016],[7.5668839,47.8501009],[7.5669645,47.8486646],[7.5669854,47.8471778],[7.5669384,47.845849],[7.5669177,47.8452992],[7.5668303,47.8439913],[7.566625,47.8423483],[7.5663558,47.8406844],[7.5659795,47.8389041],[7.5655279,47.8371541],[7.5650651,47.8355643],[7.5645974,47.8341677],[7.5636706,47.8317204],[7.5633995,47.8311033],[7.5628068,47.8296948],[7.5619131,47.8279109],[7.5613067,47.8266533],[7.5606061,47.8253477],[7.5587955,47.8223448],[7.5580259,47.8211646],[7.5567348,47.8193611],[7.5565369,47.819083],[7.5553376,47.8174357],[7.5542883,47.8160031],[7.5538909,47.8154444],[7.5532787,47.814606],[7.5521401,47.8130491],[7.5510374,47.8115422],[7.5509064,47.8113633],[7.5502635,47.8104675],[7.5490475,47.80879],[7.5482105,47.8075901],[7.5466001,47.805194],[7.5456206,47.8036793],[7.5445016,47.8019057],[7.5438564,47.8008363],[7.5427322,47.7989158],[7.5420747,47.797735],[7.540993,47.7957522],[7.5402267,47.7942679],[7.5395276,47.7928554],[7.5394503,47.792685],[7.5389216,47.791551],[7.5383664,47.7903418],[7.5378056,47.7889709],[7.5374003,47.7878912],[7.5371823,47.7872873],[7.5368056,47.7860832],[7.5367106,47.7856764],[7.5365182,47.7849163],[7.5362386,47.7836458],[7.5360759,47.7828023],[7.5359149,47.7816328],[7.5357748,47.7802351],[7.5357484,47.779868],[7.5357234,47.7793326],[7.5357061,47.7786529],[7.5357055,47.7782906],[7.5357282,47.7772813],[7.5357751,47.776343],[7.5358069,47.7759888],[7.5358638,47.7753445],[7.5359398,47.774682],[7.5360376,47.7740263],[7.5361649,47.7732367],[7.5364485,47.7719137],[7.5367041,47.7708987],[7.5370203,47.7698623],[7.5374148,47.7686414],[7.5377327,47.7678036],[7.5379999,47.7671304],[7.5385474,47.7659201],[7.5390125,47.76489],[7.5393267,47.7642147],[7.5401778,47.7625515],[7.5407122,47.761539],[7.5410828,47.7608595],[7.5414153,47.7602574],[7.5418515,47.7595157],[7.5423484,47.7586887],[7.5439453,47.7561749],[7.5444757,47.7553667],[7.5457289,47.7535267],[7.5471106,47.7516451],[7.5475458,47.751039],[7.5483024,47.7499854],[7.5485349,47.7496447],[7.5489265,47.7490709],[7.5491958,47.7486401],[7.5494448,47.7482418],[7.5500717,47.7472326],[7.5505313,47.7463938],[7.5509028,47.7456117],[7.5512689,47.7447336],[7.5514172,47.7443185],[7.5517058,47.743461],[7.551975,47.7424204],[7.5521474,47.7416002],[7.5522979,47.7405831],[7.5523606,47.7395735],[7.5523755,47.7388558],[7.55236,47.738095],[7.552332,47.7376658],[7.5522839,47.737126],[7.5521417,47.7360768],[7.5519748,47.7352494],[7.5518014,47.734529],[7.5516639,47.7338892],[7.5513162,47.73267],[7.5509565,47.7315871],[7.5506048,47.7305587],[7.5502079,47.7295638],[7.549847,47.7287214],[7.5494798,47.7279338],[7.5490535,47.7270696],[7.5485565,47.7261225],[7.5480858,47.7252858],[7.5476871,47.7246475],[7.5472908,47.7240355],[7.5467612,47.723284],[7.5462278,47.72258],[7.5457043,47.7219148],[7.5449704,47.7210433],[7.544571,47.7205855],[7.5435814,47.7195411],[7.5423452,47.7183431],[7.5417015,47.7177744],[7.5406703,47.7169136],[7.5402694,47.716606],[7.5392501,47.7158308],[7.5379031,47.7148712],[7.536981,47.7142687],[7.5359232,47.7136108],[7.534947,47.7130292],[7.5338376,47.7124185],[7.5325259,47.7117478],[7.5302653,47.7105582],[7.5291688,47.7099631],[7.5283051,47.7094052],[7.5275649,47.7089453],[7.527317,47.7087644],[7.5268198,47.7084016],[7.5264136,47.70807],[7.5258593,47.7076011],[7.5253158,47.7070839],[7.5248872,47.7066486],[7.5245224,47.7062882],[7.5240779,47.7057533],[7.5236666,47.7052038],[7.5230788,47.704328],[7.522865,47.7039554],[7.5226139,47.7034585],[7.5223217,47.7028436],[7.5219821,47.7019985],[7.5217335,47.7013035],[7.5215355,47.700669],[7.5213122,47.6998735],[7.5210734,47.6988786],[7.5209111,47.6981038],[7.5207033,47.6968884],[7.5205876,47.69613],[7.5205134,47.6951665],[7.520472,47.6942113],[7.5204597,47.693442],[7.5204973,47.6924919],[7.5205319,47.6918835],[7.5205438,47.6916736],[7.5206115,47.6908781],[7.5207114,47.6901471],[7.5208718,47.6891257],[7.5209085,47.6889138],[7.521222,47.6874714],[7.5217477,47.6854144],[7.5221961,47.683782],[7.5226075,47.6822394],[7.5228401,47.6812775],[7.5229813,47.6805223],[7.5231895,47.6794793],[7.523261,47.6790219],[7.5233224,47.678562],[7.5234975,47.6763901],[7.5235364,47.6755172],[7.5235574,47.6748274],[7.5235801,47.6740788],[7.5236378,47.6721662],[7.5236792,47.6714827],[7.523788,47.6702288],[7.5239486,47.6692079],[7.5241465,47.6682416],[7.5243027,47.6676348],[7.5243739,47.6673824],[7.5244956,47.6669871],[7.5246973,47.6663929],[7.5249094,47.6658422],[7.5252978,47.6649651],[7.525726,47.6641431],[7.5260359,47.6636044],[7.5263794,47.6630491],[7.5268812,47.6622677],[7.5277224,47.6611099],[7.5280375,47.6607192],[7.5282407,47.6604707],[7.5285299,47.6601151],[7.5293787,47.6591492],[7.529527,47.6589814],[7.5296523,47.6588466],[7.5300145,47.6584571],[7.5310115,47.6574393],[7.5318106,47.656677],[7.5324459,47.6560787],[7.5330534,47.6555349],[7.534305,47.6544798],[7.5352264,47.6537304],[7.5365224,47.6527714],[7.5374416,47.6521126],[7.538264,47.6515525],[7.539433,47.6508053],[7.5396436,47.6506756],[7.5409954,47.6498448],[7.5421236,47.6492092],[7.5434572,47.6484803],[7.5447837,47.6477903],[7.546298,47.6470615],[7.5466804,47.6468776],[7.5479951,47.6462815],[7.5515349,47.6446981],[7.5534114,47.6438636],[7.5553525,47.6429641],[7.5565733,47.6423554],[7.5577851,47.6417182],[7.5588321,47.6411376],[7.5594618,47.640771],[7.5612186,47.6396886],[7.5619609,47.6392023],[7.562164,47.6390644],[7.5630002,47.6384911],[7.564156,47.6376563],[7.5651826,47.6368473],[7.5660592,47.6361442],[7.5669431,47.635363],[7.5678605,47.6345131],[7.5687325,47.6336513],[7.5693113,47.6330574],[7.5700413,47.632254],[7.5708091,47.6313623],[7.5711307,47.6309841],[7.5718203,47.6301298],[7.5725008,47.629254],[7.5731852,47.6283493],[7.5737831,47.627557],[7.5747032,47.6263418],[7.5748728,47.6261216],[7.5752706,47.625602],[7.576099,47.624572],[7.5761704,47.6244893],[7.5767171,47.623825],[7.5775478,47.6228839],[7.5790134,47.6213415],[7.5795115,47.6208777],[7.5801421,47.6202897],[7.5803451,47.6201103],[7.5807888,47.6197213],[7.5811812,47.6193772],[7.5829627,47.6179461],[7.5837293,47.6173777],[7.5846205,47.6167419],[7.5854085,47.6162088],[7.5859322,47.6158665],[7.5861948,47.6156956],[7.5871593,47.6150763],[7.5891155,47.6138863],[7.5901264,47.6132758],[7.5908448,47.6128403],[7.5922481,47.61196],[7.5932023,47.6113368],[7.5941703,47.6106548],[7.5950024,47.6100273],[7.5959241,47.6092783],[7.5966819,47.6086155],[7.5973035,47.6080205],[7.5979091,47.6074031],[7.5981766,47.6071088],[7.5985604,47.6066787],[7.5990762,47.6060698],[7.5994671,47.6055523],[7.5998533,47.6050222],[7.6003477,47.6042935],[7.600485,47.6040748],[7.6010356,47.6031499],[7.6012646,47.6027182],[7.6014979,47.6022469],[7.6017078,47.601776],[7.6017842,47.6016243],[7.601865,47.6014302],[7.60218,47.600619],[7.6024754,47.5997296],[7.6026559,47.5991579],[7.6027982,47.5987036],[7.6029111,47.598352],[7.6030602,47.5978952],[7.6034406,47.5967001],[7.6035053,47.5965091],[7.6035294,47.596432],[7.6035636,47.5963294],[7.6036995,47.5958844],[7.6037961,47.5955804],[7.6038363,47.595398],[7.6039072,47.5949908],[7.6039216,47.5948739],[7.603938,47.5947575],[7.6039659,47.5941761],[7.6039448,47.5936788],[7.6039092,47.5933448],[7.6038587,47.5930245],[7.6036162,47.5920405],[7.6032814,47.5907283],[7.6026094,47.5882886],[7.6022468,47.5868185],[7.6021114,47.586274],[7.6020715,47.5861191]]}}]}