direction,section,site_row,status,review_reason,access_m,return_m,snap_m,power_kw,fast_points,review_detail
north,northern,26834,unconfirmed,route_unconfirmed,,,,66.0,0,
north,northern,26847,unconfirmed,route_unconfirmed,,,,33.0,0,
north,northern,26869,unconfirmed,route_unconfirmed,,,,22.0,0,
north,northern,26955,unconfirmed,route_unconfirmed,,,,44.0,0,
north,northern,26958,unconfirmed,route_unconfirmed,,,,50.0,0,
north,northern,26959,unconfirmed,route_unconfirmed,,,,44.0,0,
north,northern,26960,unconfirmed,route_unconfirmed,,,,44.0,0,
north,northern,26961,unconfirmed,route_unconfirmed,,,,44.0,0,
north,northern,26962,unconfirmed,route_unconfirmed,,,,900.0,6,
north,northern,26963,unconfirmed,route_unconfirmed,,,,300.0,2,
north,northern,26964,unconfirmed,route_unconfirmed,,,,2000.0,8,
north,northern,26965,unconfirmed,route_unconfirmed,,,,44.0,0,
north,northern,26966,unconfirmed,route_unconfirmed,,,,71.0,0,
north,northern,26967,unconfirmed,route_unconfirmed,,,,44.0,0,
north,northern,26968,unconfirmed,route_unconfirmed,,,,150.0,0,
north,northern,26969,unconfirmed,route_unconfirmed,,,,55.0,0,
north,northern,26970,unconfirmed,route_unconfirmed,,,,44.0,0,
north,northern,26971,unconfirmed,route_unconfirmed,,,,93.0,0,
north,northern,26972,unconfirmed,route_unconfirmed,,,,44.0,0,
north,northern,26973,unconfirmed,route_unconfirmed,,,,44.0,0,
north,northern,26974,unconfirmed,route_unconfirmed,,,,1200.0,6,
north,northern,26975,road_route_found_entrance_unverified,,2886.1,2974.1,4.5,176.0,0,
north,northern,26976,road_route_found_entrance_unverified,,2928.8,2932.3,4.0,750.0,10,
north,northern,26977,unconfirmed,route_unconfirmed,,,,220.0,0,
north,northern,26978,road_route_found_entrance_unverified,,2992.4,2926.0,6.9,150.0,2,
north,northern,26979,road_route_found_entrance_unverified,,2928.8,2932.3,4.0,150.0,2,
north,northern,26980,unconfirmed,route_unconfirmed,,,,352.0,0,
north,northern,26981,unconfirmed,route_unconfirmed,,,,1200.0,8,
north,northern,26982,road_route_found_entrance_unverified,,2430.9,2415.9,7.2,44.0,0,
north,northern,26983,unconfirmed,route_unconfirmed,,,,44.0,0,
north,northern,26984,unconfirmed,route_unconfirmed,,,,150.0,2,
north,northern,26985,unconfirmed,route_unconfirmed,,,,400.0,2,
north,northern,26986,unconfirmed,route_unconfirmed,,,,71.0,0,
north,northern,26987,unconfirmed,route_unconfirmed,,,,172.0,2,
north,northern,26988,unconfirmed,route_unconfirmed,,,,44.0,0,
north,northern,26989,unconfirmed,route_unconfirmed,,,,66.0,0,
north,northern,26990,unconfirmed,route_unconfirmed,,,,322.0,4,
north,northern,26991,road_route_found_entrance_unverified,,2633.1,2592.0,38.1,22.0,0,
north,northern,26992,road_route_found_entrance_unverified,,1037.7,873.2,10.9,44.0,0,
north,northern,26993,road_route_found_entrance_unverified,,983.6,1528.4,5.8,100.0,0,
north,northern,26994,road_route_found_entrance_unverified,,766.1,807.0,4.4,150.0,2,
north,northern,26995,unconfirmed,route_unconfirmed,,,,194.0,0,
north,northern,26996,unconfirmed,route_unconfirmed,,,,176.0,0,
north,northern,26997,unconfirmed,route_unconfirmed,,,,44.0,0,
north,northern,26998,road_route_found_entrance_unverified,,2727.1,2744.3,9.3,150.0,2,
north,northern,26999,unconfirmed,route_unconfirmed,,,,132.0,0,
north,northern,27000,unconfirmed,route_unconfirmed,,,,750.0,8,
north,northern,27001,unconfirmed,route_unconfirmed,,,,220.0,0,
north,northern,27002,unconfirmed,route_unconfirmed,,,,440.0,0,
north,northern,27003,unconfirmed,route_unconfirmed,,,,385.0,0,
north,northern,27004,unconfirmed,route_unconfirmed,,,,440.0,0,
north,northern,27005,unconfirmed,route_unconfirmed,,,,352.0,0,
north,northern,27006,unconfirmed,route_unconfirmed,,,,88.0,0,
north,northern,27007,unconfirmed,route_unconfirmed,,,,44.0,0,
north,northern,27008,unconfirmed,route_unconfirmed,,,,44.0,0,
north,northern,27009,unconfirmed,route_unconfirmed,,,,264.0,0,
north,northern,27010,unconfirmed,route_unconfirmed,,,,187.0,0,
north,northern,27011,unconfirmed,route_unconfirmed,,,,528.0,0,
north,northern,27012,unconfirmed,route_unconfirmed,,,,44.0,0,
north,northern,27013,unconfirmed,route_unconfirmed,,,,44.0,0,
north,northern,27014,unconfirmed,route_unconfirmed,,,,164.0,0,
north,northern,27015,unconfirmed,route_unconfirmed,,,,110.0,0,
north,northern,27016,unconfirmed,route_unconfirmed,,,,638.0,0,
north,northern,27017,road_route_found_entrance_unverified,,1706.1,1873.8,30.2,55.0,0,
north,northern,27018,unconfirmed,route_unconfirmed,,,,88.0,0,
north,northern,27021,unconfirmed,route_unconfirmed,,,,300.0,2,
north,northern,27022,unconfirmed,route_unconfirmed,,,,22.0,0,
north,northern,27023,unconfirmed,route_unconfirmed,,,,44.0,0,
north,northern,27028,unconfirmed,route_unconfirmed,,,,44.0,0,
north,northern,27039,unconfirmed,route_unconfirmed,,,,22.0,0,
north,northern,27595,unconfirmed,route_unconfirmed,,,,88.0,0,
north,northern,27597,unconfirmed,route_unconfirmed,,,,88.0,0,
north,northern,27598,unconfirmed,route_unconfirmed,,,,88.0,0,
north,northern,27599,unconfirmed,route_unconfirmed,,,,44.0,0,
north,northern,27601,unconfirmed,route_unconfirmed,,,,88.0,0,
north,northern,27602,unconfirmed,route_unconfirmed,,,,600.0,4,
north,northern,27603,unconfirmed,route_unconfirmed,,,,44.0,0,
north,northern,27604,unconfirmed,route_unconfirmed,,,,44.0,0,
north,northern,27605,unconfirmed,route_unconfirmed,,,,44.0,0,
north,northern,27606,unconfirmed,route_unconfirmed,,,,88.0,0,
north,northern,27607,unconfirmed,route_unconfirmed,,,,88.0,0,
north,northern,27608,unconfirmed,route_unconfirmed,,,,88.0,0,
north,northern,27609,unconfirmed,route_unconfirmed,,,,44.0,0,
north,northern,27610,unconfirmed,route_unconfirmed,,,,44.0,0,
north,northern,27611,unconfirmed,route_unconfirmed,,,,44.0,0,
north,northern,27640,unconfirmed,route_unconfirmed,,,,28.0,0,
north,northern,27641,unconfirmed,route_unconfirmed,,,,44.0,0,
north,northern,27642,unconfirmed,route_unconfirmed,,,,28.0,0,
north,northern,27664,unconfirmed,route_unconfirmed,,,,22.0,0,
north,northern,27669,unconfirmed,route_unconfirmed,,,,88.0,0,
north,northern,27721,unconfirmed,route_unconfirmed,,,,600.0,4,
north,northern,27731,unconfirmed,route_unconfirmed,,,,88.0,0,
north,northern,27739,unconfirmed,route_unconfirmed,,,,44.0,0,
north,northern,27740,unconfirmed,route_unconfirmed,,,,44.0,0,
north,northern,27742,unconfirmed,route_unconfirmed,,,,44.0,0,
north,northern,27744,unconfirmed,route_unconfirmed,,,,44.0,0,
north,northern,27745,unconfirmed,route_unconfirmed,,,,44.0,0,
north,northern,27747,unconfirmed,route_unconfirmed,,,,44.0,0,
north,northern,27749,unconfirmed,route_unconfirmed,,,,11.0,0,
north,northern,27750,unconfirmed,route_unconfirmed,,,,44.0,0,
north,northern,27751,unconfirmed,route_unconfirmed,,,,44.0,0,
north,northern,27752,unconfirmed,route_unconfirmed,,,,44.0,0,
north,northern,27753,unconfirmed,route_unconfirmed,,,,88.0,0,
north,northern,27755,unconfirmed,route_unconfirmed,,,,44.0,0,
north,northern,27756,unconfirmed,route_unconfirmed,,,,44.0,0,
north,northern,27783,unconfirmed,route_unconfirmed,,,,150.0,2,
north,northern,27795,unconfirmed,route_unconfirmed,,,,22.0,0,
north,northern,27796,unconfirmed,route_unconfirmed,,,,22.0,0,
north,northern,27797,unconfirmed,route_unconfirmed,,,,22.0,0,
north,northern,27800,unconfirmed,route_unconfirmed,,,,44.0,0,
north,northern,27801,unconfirmed,route_unconfirmed,,,,44.0,0,
north,northern,27802,unconfirmed,route_unconfirmed,,,,88.0,0,
north,northern,27803,unconfirmed,route_unconfirmed,,,,93.0,0,
north,northern,27804,unconfirmed,route_unconfirmed,,,,22.0,0,
north,northern,27805,unconfirmed,route_unconfirmed,,,,88.0,0,
north,northern,27806,unconfirmed,route_unconfirmed,,,,132.0,0,
north,northern,27807,unconfirmed,route_unconfirmed,,,,44.0,0,
north,northern,27808,unconfirmed,route_unconfirmed,,,,88.0,0,
north,northern,27809,unconfirmed,route_unconfirmed,,,,132.0,0,
north,northern,27810,unconfirmed,route_unconfirmed,,,,88.0,0,
north,northern,27811,unconfirmed,route_unconfirmed,,,,44.0,0,
north,northern,27812,unconfirmed,route_unconfirmed,,,,44.0,0,
north,northern,27813,unconfirmed,route_unconfirmed,,,,44.0,0,
north,northern,27814,unconfirmed,route_unconfirmed,,,,88.0,0,
north,northern,27815,unconfirmed,route_unconfirmed,,,,88.0,0,
north,northern,27816,unconfirmed,route_unconfirmed,,,,22.0,0,
north,northern,27817,unconfirmed,route_unconfirmed,,,,22.0,0,
north,northern,27818,unconfirmed,route_unconfirmed,,,,22.0,0,
north,northern,27819,unconfirmed,route_unconfirmed,,,,71.0,0,
north,northern,27820,unconfirmed,route_unconfirmed,,,,150.0,0,
north,northern,27821,unconfirmed,route_unconfirmed,,,,88.0,0,
north,northern,27822,unconfirmed,route_unconfirmed,,,,22.0,0,
north,northern,27823,unconfirmed,route_unconfirmed,,,,88.0,0,
north,northern,27825,unconfirmed,route_unconfirmed,,,,88.0,0,
north,northern,27826,unconfirmed,route_unconfirmed,,,,44.0,0,
north,northern,27827,unconfirmed,route_unconfirmed,,,,44.0,0,
north,northern,27828,unconfirmed,route_unconfirmed,,,,150.0,2,
north,northern,27829,unconfirmed,route_unconfirmed,,,,44.0,0,
north,northern,27830,unconfirmed,route_unconfirmed,,,,300.0,2,
north,northern,27831,unconfirmed,route_unconfirmed,,,,150.0,2,
north,northern,27832,unconfirmed,route_unconfirmed,,,,88.0,0,
north,northern,27833,unconfirmed,route_unconfirmed,,,,44.0,0,
north,northern,27834,unconfirmed,return_exceeds_pilot_3km,2738.3,3164.7,7.2,300.0,4,
north,northern,27836,unconfirmed,route_unconfirmed,,,,900.0,6,
north,northern,27838,unconfirmed,route_unconfirmed,,,,22.0,0,
north,northern,27839,unconfirmed,route_unconfirmed,,,,93.0,0,
north,northern,27840,unconfirmed,route_unconfirmed,,,,200.0,2,
north,northern,27841,unconfirmed,route_unconfirmed,,,,88.0,0,
north,northern,27842,unconfirmed,route_unconfirmed,,,,44.0,0,
north,northern,27844,unconfirmed,route_unconfirmed,,,,44.0,0,
north,northern,27846,unconfirmed,route_unconfirmed,,,,44.0,0,
north,northern,27847,unconfirmed,route_unconfirmed,,,,88.0,0,
north,northern,27848,unconfirmed,route_unconfirmed,,,,44.0,0,
north,northern,27849,unconfirmed,route_unconfirmed,,,,44.0,0,
north,northern,27850,unconfirmed,route_unconfirmed,,,,88.0,0,
north,northern,27851,unconfirmed,return_exceeds_pilot_3km,2636.0,3226.7,5.1,88.0,0,
north,northern,27852,unconfirmed,route_unconfirmed,,,,350.0,2,
north,northern,27853,unconfirmed,route_unconfirmed,,,,400.0,2,
north,northern,27854,unconfirmed,route_unconfirmed,,,,400.0,2,
north,northern,27855,unconfirmed,route_unconfirmed,,,,55.0,0,
north,northern,27856,unconfirmed,return_exceeds_pilot_3km,2390.4,3001.5,0.0,44.0,0,
north,northern,27857,unconfirmed,route_unconfirmed,,,,44.0,0,
north,northern,27858,unconfirmed,route_unconfirmed,,,,44.0,0,
north,northern,27859,unconfirmed,route_unconfirmed,,,,44.0,0,
north,northern,27860,unconfirmed,route_unconfirmed,,,,88.0,0,
north,northern,27861,unconfirmed,return_exceeds_pilot_3km,2934.1,3499.9,6.5,88.0,0,
north,northern,27862,unconfirmed,route_unconfirmed,,,,88.0,0,
north,northern,27863,unconfirmed,return_exceeds_pilot_3km,2843.4,3388.9,6.9,600.0,4,
north,northern,27864,unconfirmed,route_unconfirmed,,,,98.0,0,
north,northern,27865,road_route_found_entrance_unverified,,1553.1,1753.2,7.6,98.0,0,
north,northern,27866,unconfirmed,route_unconfirmed,,,,3000.0,12,
north,northern,27867,unconfirmed,route_unconfirmed,,,,88.0,0,
north,northern,27947,unconfirmed,route_unconfirmed,,,,300.0,2,
north,northern,27948,unconfirmed,route_unconfirmed,,,,135.0,0,
north,northern,27949,unconfirmed,route_unconfirmed,,,,22.0,0,
north,northern,27953,unconfirmed,route_unconfirmed,,,,44.0,0,
north,northern,27954,unconfirmed,route_unconfirmed,,,,88.0,0,
north,northern,27956,unconfirmed,route_unconfirmed,,,,28.0,0,
north,northern,27957,unconfirmed,route_unconfirmed,,,,28.0,0,
north,northern,27958,unconfirmed,route_unconfirmed,,,,22.0,0,
north,northern,27959,unconfirmed,route_unconfirmed,,,,150.0,2,
north,northern,27960,unconfirmed,route_unconfirmed,,,,150.0,2,
north,northern,27964,unconfirmed,route_unconfirmed,,,,22.0,0,
north,northern,27965,unconfirmed,route_unconfirmed,,,,22.0,0,
north,northern,27966,unconfirmed,route_unconfirmed,,,,320.0,2,
north,northern,27970,unconfirmed,route_unconfirmed,,,,44.0,0,
north,northern,27973,unconfirmed,route_unconfirmed,,,,88.0,0,
north,northern,27974,unconfirmed,route_unconfirmed,,,,88.0,0,
north,northern,27975,unconfirmed,route_unconfirmed,,,,11.0,0,
north,northern,27977,unconfirmed,route_unconfirmed,,,,88.0,0,
north,northern,27979,unconfirmed,route_unconfirmed,,,,44.0,0,
north,northern,27980,unconfirmed,route_unconfirmed,,,,88.0,0,
north,northern,28131,unconfirmed,route_unconfirmed,,,,88.0,0,
north,northern,28132,unconfirmed,route_unconfirmed,,,,93.0,0,
north,northern,28136,unconfirmed,route_unconfirmed,,,,44.0,0,
north,northern,28147,unconfirmed,route_unconfirmed,,,,640.0,4,
north,northern,28148,unconfirmed,route_unconfirmed,,,,2100.0,14,
north,northern,28149,road_route_found_entrance_unverified,,2117.5,1867.8,10.3,300.0,2,
north,northern,28150,road_route_found_entrance_unverified,,2117.5,1867.8,10.3,600.0,4,
north,northern,28151,unconfirmed,route_unconfirmed,,,,22.0,0,
north,northern,28152,unconfirmed,route_unconfirmed,,,,88.0,0,
north,northern,28153,unconfirmed,route_unconfirmed,,,,44.0,0,
north,northern,28154,unconfirmed,route_unconfirmed,,,,22.0,0,
north,northern,28155,unconfirmed,route_unconfirmed,,,,84.0,0,
north,northern,28156,unconfirmed,route_unconfirmed,,,,132.0,0,
north,northern,28157,unconfirmed,route_unconfirmed,,,,22.0,0,
north,northern,28158,road_route_found_entrance_unverified,,1900.6,1829.1,5.4,44.0,0,
north,northern,28159,road_route_found_entrance_unverified,,2425.1,2291.8,5.3,44.0,0,
north,northern,28160,road_route_found_entrance_unverified,,2749.5,2676.4,15.3,22.0,0,
north,northern,28161,unconfirmed,route_unconfirmed,,,,56.0,0,
north,northern,28162,unconfirmed,route_unconfirmed,,,,88.0,0,
north,northern,28163,unconfirmed,route_unconfirmed,,,,600.0,4,
north,northern,28164,road_route_found_entrance_unverified,,2489.8,2641.3,3.5,88.0,0,
north,northern,28165,unconfirmed,route_unconfirmed,,,,88.0,0,
north,northern,28166,unconfirmed,return_exceeds_pilot_3km,1698.6,3312.2,8.8,88.0,0,
north,northern,28167,unconfirmed,return_exceeds_pilot_3km,2683.5,3812.1,12.3,22.0,0,
north,northern,28168,road_route_found_entrance_unverified,,2751.0,2084.7,6.9,44.0,0,
north,northern,28169,unconfirmed,return_exceeds_pilot_3km,1551.5,3390.3,4.5,22.0,0,
north,northern,28170,unconfirmed,route_unconfirmed,,,,44.0,0,
north,northern,28171,unconfirmed,return_exceeds_pilot_3km,2660.6,3329.5,6.6,88.0,0,
north,northern,28172,unconfirmed,return_exceeds_pilot_3km,1873.1,3187.1,4.4,22.0,0,
north,northern,28173,unconfirmed,route_unconfirmed,,,,44.0,0,
north,northern,28174,unconfirmed,route_unconfirmed,,,,11.0,0,
north,northern,28176,unconfirmed,route_unconfirmed,,,,44.0,0,
north,northern,28177,unconfirmed,route_unconfirmed,,,,44.0,0,
north,northern,28178,unconfirmed,route_unconfirmed,,,,22.0,0,
north,northern,28179,unconfirmed,route_unconfirmed,,,,150.0,2,
north,northern,28180,unconfirmed,route_unconfirmed,,,,44.0,0,
north,northern,28181,unconfirmed,route_unconfirmed,,,,88.0,0,
north,northern,28182,unconfirmed,route_unconfirmed,,,,44.0,0,
north,northern,28183,unconfirmed,route_unconfirmed,,,,44.0,0,
north,northern,28184,unconfirmed,route_unconfirmed,,,,350.0,2,
north,northern,28185,unconfirmed,route_unconfirmed,,,,88.0,0,
north,northern,28190,unconfirmed,route_unconfirmed,,,,44.0,0,
north,northern,28191,unconfirmed,route_unconfirmed,,,,88.0,0,
north,northern,28192,unconfirmed,route_unconfirmed,,,,22.0,0,
north,northern,28193,unconfirmed,route_unconfirmed,,,,88.0,0,
north,northern,28194,unconfirmed,route_unconfirmed,,,,44.0,0,
north,northern,28196,unconfirmed,route_unconfirmed,,,,88.0,0,
north,northern,28199,unconfirmed,route_unconfirmed,,,,150.0,2,
north,northern,28200,unconfirmed,route_unconfirmed,,,,150.0,2,
north,northern,28201,unconfirmed,route_unconfirmed,,,,150.0,2,
north,northern,28226,unconfirmed,route_unconfirmed,,,,44.0,0,
north,northern,28227,unconfirmed,route_unconfirmed,,,,44.0,0,
north,northern,28228,unconfirmed,route_unconfirmed,,,,88.0,0,
north,northern,28230,unconfirmed,route_unconfirmed,,,,88.0,0,
north,northern,28231,unconfirmed,route_unconfirmed,,,,22.0,0,
north,northern,28232,unconfirmed,route_unconfirmed,,,,22.0,0,
north,northern,28233,unconfirmed,route_unconfirmed,,,,44.0,0,
north,northern,28240,unconfirmed,route_unconfirmed,,,,22.0,0,
north,northern,28241,unconfirmed,route_unconfirmed,,,,22.0,0,
north,northern,28242,unconfirmed,route_unconfirmed,,,,88.0,0,
north,northern,28548,unconfirmed,route_unconfirmed,,,,44.0,0,
north,northern,28969,road_route_found_entrance_unverified,,2326.9,2085.0,25.9,122.0,0,
north,northern,35892,unconfirmed,route_unconfirmed,,,,3600.0,24,
north,northern,35893,unconfirmed,route_unconfirmed,,,,150.0,0,
north,northern,35894,unconfirmed,route_unconfirmed,,,,11.0,0,
north,northern,35895,unconfirmed,route_unconfirmed,,,,44.0,0,
north,northern,35899,road_route_found_entrance_unverified,,710.7,651.3,9.3,800.0,4,
north,northern,35900,unconfirmed,route_unconfirmed,,,,44.0,0,
north,northern,35915,unconfirmed,route_unconfirmed,,,,84.0,0,
north,northern,35996,unconfirmed,route_unconfirmed,,,,44.0,0,
north,northern,36008,unconfirmed,route_unconfirmed,,,,450.0,4,
north,northern,36013,unconfirmed,route_unconfirmed,,,,88.0,0,
north,northern,36014,unconfirmed,route_unconfirmed,,,,66.0,0,
north,northern,36016,unconfirmed,route_unconfirmed,,,,22.0,0,
north,northern,36854,unconfirmed,route_unconfirmed,,,,11.0,0,
north,northern,36855,unconfirmed,route_unconfirmed,,,,22.0,0,
north,northern,36856,unconfirmed,route_unconfirmed,,,,11.0,0,
north,northern,36857,unconfirmed,route_unconfirmed,,,,22.0,0,
north,northern,36859,road_route_found_entrance_unverified,,2989.2,2793.2,1.1,4200.0,28,
north,northern,36862,unconfirmed,return_exceeds_pilot_3km,2504.7,5096.8,2.3,88.0,0,
north,northern,36863,unconfirmed,return_exceeds_pilot_3km,1428.1,4485.9,6.2,50.0,0,
north,northern,36867,unconfirmed,route_unconfirmed,,,,150.0,2,
north,northern,37081,unconfirmed,return_exceeds_pilot_3km,1616.9,9504.5,45.6,450.0,4,
north,northern,37082,unconfirmed,route_unconfirmed,,,,44.0,0,
north,northern,37083,unconfirmed,route_unconfirmed,,,,28.0,0,
north,northern,37084,road_route_found_entrance_unverified,,1573.0,1180.2,8.6,75.0,0,
north,northern,37085,road_route_found_entrance_unverified,,1526.3,1195.9,1.4,75.0,0,
north,northern,37086,road_route_found_entrance_unverified,,1221.2,1442.7,8.2,3500.0,14,
north,northern,37087,road_route_found_entrance_unverified,,1204.5,1942.4,3.0,600.0,4,
north,northern,37088,unconfirmed,route_unconfirmed,,,,28.0,0,
north,northern,37089,road_route_found_entrance_unverified,,1615.0,1778.2,7.6,120.0,0,
north,northern,37090,unconfirmed,return_exceeds_pilot_3km,820.9,7925.6,16.5,600.0,4,
north,northern,37091,unconfirmed,route_unconfirmed,,,,110.0,0,
north,northern,37092,unconfirmed,return_exceeds_pilot_3km,1391.0,9090.0,0.5,1600.0,9,
north,northern,37093,unconfirmed,route_unconfirmed,,,,33.0,0,
north,northern,37094,unconfirmed,return_exceeds_pilot_3km,2840.5,7533.5,0.4,11.0,0,
north,northern,37096,road_route_found_entrance_unverified,,1982.5,2120.3,5.9,150.0,2,
north,northern,37097,road_route_found_entrance_unverified,,1982.5,2120.3,5.9,150.0,2,
north,northern,37098,road_route_found_entrance_unverified,,1982.5,2120.3,5.9,150.0,2,
north,northern,37099,road_route_found_entrance_unverified,,1982.5,2120.3,5.9,150.0,2,
north,northern,37100,road_route_found_entrance_unverified,,1982.5,2120.3,5.9,150.0,2,
north,northern,37101,unconfirmed,route_unconfirmed,,,,84.0,0,
north,northern,37102,road_route_found_entrance_unverified,,1647.8,1776.9,4.8,44.0,0,
north,northern,37103,road_route_found_entrance_unverified,,1784.9,1882.6,23.4,11.0,0,
north,northern,37104,unconfirmed,route_unconfirmed,,,,44.0,0,
north,northern,37105,unconfirmed,return_exceeds_pilot_3km,1466.1,9629.8,10.0,300.0,2,
north,northern,37106,unconfirmed,return_exceeds_pilot_3km,1498.5,9357.9,6.7,44.0,0,
north,northern,37107,unconfirmed,route_unconfirmed,,,,11.0,0,
north,northern,37108,unconfirmed,route_unconfirmed,,,,28.0,0,
north,northern,37109,unconfirmed,route_unconfirmed,,,,28.0,0,
north,northern,37110,unconfirmed,route_unconfirmed,,,,200.0,0,
north,northern,37111,unconfirmed,route_unconfirmed,,,,11.0,0,
north,northern,37112,unconfirmed,route_unconfirmed,,,,150.0,2,
north,northern,37113,unconfirmed,route_unconfirmed,,,,1800.0,10,
north,northern,37114,unconfirmed,route_unconfirmed,,,,44.0,0,
north,northern,37115,unconfirmed,route_unconfirmed,,,,88.0,0,
north,northern,37116,unconfirmed,route_unconfirmed,,,,88.0,0,
north,northern,37117,unconfirmed,return_exceeds_pilot_3km,1466.1,9629.8,10.0,300.0,2,
north,northern,37130,unconfirmed,route_unconfirmed,,,,28.0,0,
north,northern,37131,unconfirmed,route_unconfirmed,,,,28.0,0,
north,northern,37138,unconfirmed,route_unconfirmed,,,,60.0,0,
north,northern,38363,unconfirmed,route_unconfirmed,,,,22.0,0,
north,northern,38364,unconfirmed,route_unconfirmed,,,,44.0,0,
north,northern,38365,unconfirmed,route_unconfirmed,,,,600.0,4,
north,northern,38366,unconfirmed,route_unconfirmed,,,,22.0,0,
north,northern,38367,unconfirmed,route_unconfirmed,,,,22.0,0,
north,northern,38368,unconfirmed,route_unconfirmed,,,,22.0,0,
north,northern,38369,unconfirmed,route_unconfirmed,,,,22.0,0,
north,northern,38370,unconfirmed,route_unconfirmed,,,,750.0,8,
north,northern,38371,road_route_found_entrance_unverified,,2329.3,2387.5,13.8,44.0,0,
north,northern,38372,road_route_found_entrance_unverified,,1858.9,1851.6,13.5,450.0,4,
north,northern,38373,unconfirmed,route_unconfirmed,,,,44.0,0,
north,northern,38374,unconfirmed,route_unconfirmed,,,,100.0,0,
north,northern,38375,unconfirmed,route_unconfirmed,,,,50.0,0,
north,northern,38376,road_route_found_entrance_unverified,,867.5,868.9,5.8,800.0,4,
north,northern,38377,road_route_found_entrance_unverified,,811.2,694.5,13.6,600.0,4,
north,northern,38378,road_route_found_entrance_unverified,,1251.2,1183.7,6.1,110.0,0,
north,northern,38383,unconfirmed,route_unconfirmed,,,,150.0,2,
north,northern,38384,unconfirmed,route_unconfirmed,,,,600.0,4,
north,northern,38385,unconfirmed,route_unconfirmed,,,,150.0,2,
north,northern,38386,unconfirmed,route_unconfirmed,,,,300.0,2,
north,northern,38390,unconfirmed,route_unconfirmed,,,,44.0,0,
north,northern,38391,road_route_found_entrance_unverified,,1974.4,2153.7,5.2,300.0,4,
north,northern,38392,road_route_found_entrance_unverified,,1993.8,2129.5,4.8,4000.0,16,
north,northern,38393,road_route_found_entrance_unverified,,2025.1,2102.9,0.2,93.0,0,
north,northern,38394,road_route_found_entrance_unverified,,2010.1,2108.2,2.6,22.0,0,
north,northern,38395,unconfirmed,route_unconfirmed,,,,88.0,0,
north,northern,38396,unconfirmed,route_unconfirmed,,,,11.0,0,
north,northern,38401,unconfirmed,route_unconfirmed,,,,22.0,0,
north,northern,38402,unconfirmed,route_unconfirmed,,,,22.0,0,
north,northern,38404,unconfirmed,route_unconfirmed,,,,22.0,0,
north,northern,38419,unconfirmed,route_unconfirmed,,,,11.0,0,
north,northern,38420,road_route_found_entrance_unverified,,1563.9,1847.9,14.9,1000.0,6,
north,northern,38422,unconfirmed,route_unconfirmed,,,,44.0,0,
north,northern,38423,unconfirmed,route_unconfirmed,,,,11.0,0,
north,northern,38429,road_route_found_entrance_unverified,,2624.8,2678.9,9.7,44.0,0,
north,northern,38431,unconfirmed,route_unconfirmed,,,,225.0,2,
north,northern,38432,unconfirmed,route_unconfirmed,,,,22.0,0,
north,northern,38435,unconfirmed,route_unconfirmed,,,,72.0,0,
north,northern,38445,road_route_found_entrance_unverified,,1371.9,1560.5,0.0,44.0,0,
north,northern,38446,road_route_found_entrance_unverified,,1371.9,1560.5,0.0,44.0,0,
north,northern,38464,unconfirmed,route_unconfirmed,,,,98.0,0,
north,northern,38465,road_route_found_entrance_unverified,,1487.7,1583.6,0.1,11.0,0,
north,northern,38466,road_route_found_entrance_unverified,,1548.7,1587.9,1.1,22.0,0,
north,northern,38467,unconfirmed,route_unconfirmed,,,,11.0,0,
north,northern,38514,road_route_found_entrance_unverified,,640.7,679.3,13.5,93.0,0,
north,northern,38515,road_route_found_entrance_unverified,,2539.9,2559.6,5.8,1500.0,6,
north,northern,38524,road_route_found_entrance_unverified,,1583.2,1763.0,14.2,44.0,0,
north,northern,38525,road_route_found_entrance_unverified,,739.4,710.8,3.3,1200.0,6,
north,northern,38528,road_route_found_entrance_unverified,,662.6,657.4,8.6,2000.0,8,
north,northern,39541,road_route_found_entrance_unverified,,1115.6,1077.5,4.0,11.0,0,
north,northern,39566,unconfirmed,route_unconfirmed,,,,22.0,0,
north,northern,39567,unconfirmed,route_unconfirmed,,,,11.0,0,
north,northern,39568,unconfirmed,route_unconfirmed,,,,100.0,0,
north,northern,39569,unconfirmed,route_unconfirmed,,,,50.0,0,
north,northern,39570,road_route_found_entrance_unverified,,2035.6,2037.5,2.5,44.0,0,
north,northern,39571,road_route_found_entrance_unverified,,1899.3,1917.0,5.1,88.0,0,
north,northern,39574,road_route_found_entrance_unverified,,2908.2,2899.6,5.8,100.0,0,
north,northern,39575,unconfirmed,route_unconfirmed,,,,44.0,0,
north,northern,39576,unconfirmed,route_unconfirmed,,,,600.0,4,
north,northern,39577,unconfirmed,route_unconfirmed,,,,50.0,0,
north,northern,39578,unconfirmed,route_unconfirmed,,,,11.0,0,
north,northern,39579,road_route_found_entrance_unverified,,2836.8,2823.1,6.6,11.0,0,
north,northern,39580,unconfirmed,route_unconfirmed,,,,250.0,2,
north,northern,39581,unconfirmed,route_unconfirmed,,,,3.0,0,
north,northern,39582,unconfirmed,route_unconfirmed,,,,3.0,0,
north,northern,39583,unconfirmed,route_unconfirmed,,,,11.0,0,
north,northern,39584,unconfirmed,route_unconfirmed,,,,4.0,0,
north,northern,39585,unconfirmed,route_unconfirmed,,,,150.0,2,
north,northern,39586,unconfirmed,route_unconfirmed,,,,540.0,6,
north,northern,39587,unconfirmed,route_unconfirmed,,,,44.0,0,
north,northern,39594,unconfirmed,route_unconfirmed,,,,11.0,0,
north,northern,39595,road_route_found_entrance_unverified,,1436.5,1640.5,11.3,98.0,0,
north,northern,39596,road_route_found_entrance_unverified,,424.4,349.0,8.4,98.0,0,
north,northern,39597,unconfirmed,route_unconfirmed,,,,44.0,0,
north,northern,39599,road_route_found_entrance_unverified,,1617.0,1557.2,8.0,50.0,0,
north,northern,39600,road_route_found_entrance_unverified,,1563.1,1578.2,5.1,90.0,0,
north,northern,39615,unconfirmed,route_unconfirmed,,,,44.0,0,
north,northern,39616,unconfirmed,route_unconfirmed,,,,950.0,6,
north,northern,39617,unconfirmed,route_unconfirmed,,,,11.0,0,
north,northern,39618,unconfirmed,route_unconfirmed,,,,150.0,0,
north,northern,39619,unconfirmed,route_unconfirmed,,,,50.0,0,
north,northern,39620,road_route_found_entrance_unverified,,1817.7,2426.7,12.6,11.0,0,
north,northern,39621,unconfirmed,route_unconfirmed,,,,44.0,0,
north,northern,39622,road_route_found_entrance_unverified,,1934.8,2613.3,13.1,11.0,0,
north,northern,39623,unconfirmed,route_unconfirmed,,,,22.0,0,
north,northern,39624,road_route_found_entrance_unverified,,1381.7,1963.6,12.7,50.0,0,
north,northern,39625,road_route_found_entrance_unverified,,1437.5,1613.9,6.2,44.0,0,
north,northern,39626,road_route_found_entrance_unverified,,1441.4,1610.0,0.5,44.0,0,
north,northern,39627,unconfirmed,route_unconfirmed,,,,150.0,2,
north,northern,39628,unconfirmed,route_unconfirmed,,,,22.0,0,
north,northern,39629,unconfirmed,route_unconfirmed,,,,44.0,0,
north,northern,39726,unconfirmed,route_unconfirmed,,,,11.0,0,
north,northern,39728,unconfirmed,route_unconfirmed,,,,88.0,0,
north,northern,39729,unconfirmed,route_unconfirmed,,,,11.0,0,
north,northern,39774,unconfirmed,route_unconfirmed,,,,44.0,0,
north,northern,39775,unconfirmed,route_unconfirmed,,,,44.0,0,
north,northern,39777,unconfirmed,route_unconfirmed,,,,44.0,0,
north,northern,39778,road_route_found_entrance_unverified,,457.5,126.3,8.2,1600.0,8,
north,northern,39779,unconfirmed,route_unconfirmed,,,,1600.0,8,
north,northern,39780,road_route_found_entrance_unverified,,2006.2,1964.8,8.3,33.0,0,
north,northern,39782,road_route_found_entrance_unverified,,1212.3,1197.0,30.3,22.0,0,
north,northern,39783,road_route_found_entrance_unverified,,1068.2,883.0,0.1,220.0,0,
north,northern,39786,unconfirmed,route_unconfirmed,,,,44.0,0,
north,northern,39787,unconfirmed,route_unconfirmed,,,,244.0,2,
north,northern,39788,unconfirmed,route_unconfirmed,,,,88.0,0,
north,northern,39790,unconfirmed,route_unconfirmed,,,,360.0,4,
north,northern,39791,unconfirmed,route_unconfirmed,,,,300.0,4,
north,northern,39793,unconfirmed,route_unconfirmed,,,,88.0,0,
north,northern,39794,unconfirmed,route_unconfirmed,,,,150.0,0,
north,northern,39795,unconfirmed,route_unconfirmed,,,,44.0,0,
north,northern,39796,unconfirmed,route_unconfirmed,,,,11.0,0,
north,northern,39797,road_route_found_entrance_unverified,,1845.7,1700.2,18.1,1600.0,8,
north,northern,39843,unconfirmed,route_unconfirmed,,,,44.0,0,
north,northern,39844,road_route_found_entrance_unverified,,2651.6,2589.0,6.3,44.0,0,
north,northern,39846,unconfirmed,route_unconfirmed,,,,22.0,0,
north,northern,39847,road_route_found_entrance_unverified,,2101.9,2158.9,34.1,800.0,4,
north,northern,41290,road_route_found_entrance_unverified,,2420.6,2409.6,17.2,50.0,0,
north,northern,41291,unconfirmed,route_unconfirmed,,,,44.0,0,
north,northern,41292,road_route_found_entrance_unverified,,2650.5,2697.9,9.0,44.0,0,
north,northern,41293,road_route_found_entrance_unverified,,2133.6,2048.0,16.7,5000.0,20,
north,northern,41294,unconfirmed,route_unconfirmed,,,,11.0,0,
north,northern,41295,road_route_found_entrance_unverified,,2355.6,2315.5,9.8,203.0,0,
north,northern,41296,road_route_found_entrance_unverified,,2573.6,2511.7,7.6,600.0,4,
north,northern,41297,road_route_found_entrance_unverified,,2133.6,2048.0,16.5,1750.0,8,
north,northern,41298,road_route_found_entrance_unverified,,2234.8,2205.1,27.4,3000.0,20,
north,northern,41299,unconfirmed,route_unconfirmed,,,,44.0,0,
north,northern,41300,unconfirmed,route_unconfirmed,,,,220.0,0,
north,northern,41301,road_route_found_entrance_unverified,,1960.7,2003.3,7.9,22.0,0,
north,northern,41302,unconfirmed,route_unconfirmed,,,,22.0,0,
north,northern,41303,road_route_found_entrance_unverified,,2611.4,2569.1,7.3,71.0,0,
north,northern,41304,road_route_found_entrance_unverified,,2651.1,2650.1,7.8,150.0,2,
north,northern,41305,unconfirmed,route_unconfirmed,,,,98.0,0,
north,northern,41306,road_route_found_entrance_unverified,,427.0,845.1,6.2,98.0,0,
north,northern,41307,unconfirmed,route_unconfirmed,,,,44.0,0,
north,northern,41334,road_route_found_entrance_unverified,,2140.5,2236.0,8.3,44.0,0,
north,northern,41335,road_route_found_entrance_unverified,,540.0,454.5,4.9,225.0,2,
north,northern,41336,road_route_found_entrance_unverified,,547.2,461.9,10.7,300.0,2,
north,northern,41337,road_route_found_entrance_unverified,,501.2,479.0,7.5,2400.0,16,
north,northern,41338,road_route_found_entrance_unverified,,671.6,665.5,3.6,1600.0,8,
north,northern,41339,road_route_found_entrance_unverified,,480.3,490.1,0.9,1200.0,8,
north,northern,41372,unconfirmed,route_unconfirmed,,,,11.0,0,
north,northern,41373,road_route_found_entrance_unverified,,1036.9,1133.7,4.0,100.0,0,
north,northern,41374,road_route_found_entrance_unverified,,873.5,967.5,27.8,1200.0,8,
north,northern,41375,road_route_found_entrance_unverified,,817.7,918.5,5.2,600.0,4,
north,northern,41376,road_route_found_entrance_unverified,,863.4,872.8,5.6,2000.0,8,
north,northern,41377,road_route_found_entrance_unverified,,859.0,813.7,1.1,1800.0,12,
north,northern,41378,road_route_found_entrance_unverified,,791.8,787.2,2.2,1200.0,8,
north,northern,41379,unconfirmed,route_unconfirmed,,,,11.0,0,
north,northern,41380,road_route_found_entrance_unverified,,558.5,333.1,8.9,700.0,2,
north,northern,41381,unconfirmed,route_unconfirmed,,,,700.0,2,
north,northern,41382,unconfirmed,route_unconfirmed,,,,1400.0,4,
north,northern,41383,road_route_found_entrance_unverified,,558.5,333.1,8.9,1400.0,4,
north,northern,41384,unconfirmed,route_unconfirmed,,,,98.0,0,
north,northern,41385,road_route_found_entrance_unverified,,552.8,338.8,7.0,98.0,0,
north,northern,41789,unconfirmed,route_unconfirmed,,,,22.0,0,
north,northern,41795,unconfirmed,route_unconfirmed,,,,44.0,0,
north,northern,41815,road_route_found_entrance_unverified,,2301.9,2276.7,4.1,11.0,0,
north,northern,41823,road_route_found_entrance_unverified,,795.2,762.0,3.4,360.0,2,
north,northern,41824,road_route_found_entrance_unverified,,872.6,845.2,3.9,93.0,0,
north,northern,41825,road_route_found_entrance_unverified,,868.5,848.8,6.5,5000.0,20,
north,northern,41848,unconfirmed,route_unconfirmed,,,,44.0,0,
north,northern,41849,unconfirmed,route_unconfirmed,,,,11.0,0,
north,northern,41850,unconfirmed,route_unconfirmed,,,,11.0,0,
north,northern,41851,unconfirmed,route_unconfirmed,,,,44.0,0,
north,northern,41852,unconfirmed,route_unconfirmed,,,,44.0,0,
north,northern,41853,unconfirmed,route_unconfirmed,,,,33.0,0,
north,northern,41854,unconfirmed,route_unconfirmed,,,,22.0,0,
north,northern,41862,unconfirmed,route_unconfirmed,,,,11.0,0,
north,northern,41875,unconfirmed,route_unconfirmed,,,,22.0,0,
north,northern,41876,road_route_found_entrance_unverified,,2595.5,2572.7,9.5,11.0,0,
north,northern,41877,road_route_found_entrance_unverified,,2831.9,2781.8,9.2,22.0,0,
north,northern,41878,road_route_found_entrance_unverified,,2392.4,2293.5,12.9,22.0,0,
north,northern,41879,road_route_found_entrance_unverified,,1453.8,1451.1,20.1,44.0,0,
north,northern,41880,road_route_found_entrance_unverified,,1518.7,1595.6,16.3,44.0,0,
north,northern,41881,road_route_found_entrance_unverified,,850.0,967.6,4.4,1200.0,8,
north,northern,41882,road_route_found_entrance_unverified,,2716.1,2663.6,5.9,44.0,0,
north,northern,41883,road_route_found_entrance_unverified,,2379.6,2360.4,5.4,22.0,0,
north,northern,41884,road_route_found_entrance_unverified,,2642.6,2667.3,13.1,44.0,0,
north,northern,41891,unconfirmed,route_unconfirmed,,,,11.0,0,
north,northern,41892,unconfirmed,route_unconfirmed,,,,22.0,0,
north,northern,41893,unconfirmed,route_unconfirmed,,,,1400.0,4,
north,northern,41894,unconfirmed,route_unconfirmed,,,,1400.0,4,
north,northern,41895,road_route_found_entrance_unverified,,2584.4,2650.9,7.9,22.0,0,
north,northern,41896,road_route_found_entrance_unverified,,2584.3,2635.9,1.4,44.0,0,
north,northern,41897,road_route_found_entrance_unverified,,2612.6,2540.5,1.1,200.0,0,
north,northern,41898,road_route_found_entrance_unverified,,2153.5,2164.2,16.4,22.0,0,
north,northern,41899,road_route_found_entrance_unverified,,628.7,734.8,9.0,98.0,0,
north,northern,41900,unconfirmed,route_unconfirmed,,,,98.0,0,
north,northern,41901,road_route_found_entrance_unverified,,570.3,793.2,3.2,700.0,2,
north,northern,41902,unconfirmed,route_unconfirmed,,,,350.0,1,
north,northern,41903,road_route_found_entrance_unverified,,766.1,714.3,8.3,3000.0,12,
north,northern,41904,road_route_found_entrance_unverified,,733.8,641.1,0.2,2100.0,14,
north,northern,41905,road_route_found_entrance_unverified,,675.5,575.9,0.6,300.0,4,
north,northern,41906,unconfirmed,route_unconfirmed,,,,150.0,2,
north,northern,41907,road_route_found_entrance_unverified,,2561.0,2622.9,7.0,44.0,0,
north,northern,41908,road_route_found_entrance_unverified,,678.7,724.7,9.2,720.0,4,
north,northern,41909,road_route_found_entrance_unverified,,656.8,688.9,4.6,350.0,2,
north,northern,41910,road_route_found_entrance_unverified,,1299.6,1323.3,1.5,22.0,0,
north,northern,41911,road_route_found_entrance_unverified,,2813.7,2924.4,15.7,11.0,0,
north,northern,41912,unconfirmed,route_unconfirmed,,,,170.0,0,
north,northern,41913,unconfirmed,route_unconfirmed,,,,33.0,0,
north,northern,41979,unconfirmed,route_unconfirmed,,,,33.0,0,
north,northern,41980,unconfirmed,route_unconfirmed,,,,22.0,0,
north,northern,41983,unconfirmed,route_unconfirmed,,,,22.0,0,
north,northern,41984,unconfirmed,route_unconfirmed,,,,44.0,0,
north,northern,41997,unconfirmed,route_unconfirmed,,,,100.0,0,
north,northern,41998,unconfirmed,route_unconfirmed,,,,50.0,0,
north,northern,41999,road_route_found_entrance_unverified,,880.9,926.0,12.3,44.0,0,
north,northern,42001,unconfirmed,route_unconfirmed,,,,44.0,0,
north,northern,42002,unconfirmed,route_unconfirmed,,,,44.0,0,
north,northern,42005,unconfirmed,route_unconfirmed,,,,772.0,6,
north,northern,42006,unconfirmed,route_unconfirmed,,,,2500.0,20,
north,northern,42007,unconfirmed,route_unconfirmed,,,,44.0,0,
north,northern,42008,unconfirmed,route_unconfirmed,,,,3000.0,12,
north,northern,42009,unconfirmed,route_unconfirmed,,,,1200.0,6,
north,northern,42010,road_route_found_entrance_unverified,,2964.4,2982.5,0.2,150.0,2,
north,northern,42011,road_route_found_entrance_unverified,,787.1,902.3,2.6,480.0,4,
north,northern,42012,road_route_found_entrance_unverified,,2977.3,2976.8,43.3,66.0,0,
north,northern,42013,road_route_found_entrance_unverified,,2141.9,2306.0,0.9,44.0,0,
north,northern,42014,road_route_found_entrance_unverified,,1690.0,1769.9,2.0,33.0,0,
north,northern,42015,road_route_found_entrance_unverified,,1914.2,2038.5,4.8,150.0,2,
north,northern,42016,road_route_found_entrance_unverified,,1804.4,1889.5,4.1,450.0,4,
north,northern,42017,unconfirmed,route_unconfirmed,,,,600.0,4,
north,northern,42018,road_route_found_entrance_unverified,,671.2,761.8,2.1,22.0,0,
north,northern,42019,unconfirmed,route_unconfirmed,,,,44.0,0,
north,northern,42020,unconfirmed,route_unconfirmed,,,,250.0,2,
north,northern,42853,unconfirmed,route_unconfirmed,,,,44.0,0,
north,northern,42854,road_route_found_entrance_unverified,,2473.3,2572.1,5.2,44.0,0,
north,northern,42855,unconfirmed,route_unconfirmed,,,,44.0,0,
north,northern,42856,unconfirmed,route_unconfirmed,,,,44.0,0,
north,northern,42857,road_route_found_entrance_unverified,,2614.3,2683.2,9.0,22.0,0,
north,northern,42858,unconfirmed,route_unconfirmed,,,,160.0,1,
north,northern,42859,road_route_found_entrance_unverified,,2556.2,2596.4,7.0,44.0,0,
north,northern,42860,unconfirmed,route_unconfirmed,,,,11.0,0,
north,northern,42861,unconfirmed,route_unconfirmed,,,,44.0,0,
north,northern,42862,road_route_found_entrance_unverified,,217.7,310.3,25.2,160.0,1,
north,northern,42863,road_route_found_entrance_unverified,,2804.2,2831.4,5.6,44.0,0,
north,northern,42864,unconfirmed,route_unconfirmed,,,,33.0,0,
north,northern,42865,unconfirmed,route_unconfirmed,,,,50.0,0,
north,northern,42866,unconfirmed,route_unconfirmed,,,,44.0,0,
north,northern,43167,road_route_found_entrance_unverified,,2195.7,1960.4,0.3,44.0,0,
north,northern,43170,unconfirmed,route_unconfirmed,,,,44.0,0,
north,northern,43171,unconfirmed,route_unconfirmed,,,,44.0,0,
north,northern,43173,unconfirmed,route_unconfirmed,,,,44.0,0,
north,northern,43174,unconfirmed,route_unconfirmed,,,,66.0,0,
north,northern,43175,unconfirmed,route_unconfirmed,,,,44.0,0,
north,northern,43176,unconfirmed,route_unconfirmed,,,,150.0,2,
north,northern,43179,unconfirmed,route_unconfirmed,,,,160.0,2,
north,northern,43185,unconfirmed,route_unconfirmed,,,,60.0,0,
north,northern,43188,road_route_found_entrance_unverified,,1815.5,1793.0,8.1,44.0,0,
north,northern,43189,unconfirmed,route_unconfirmed,,,,132.0,0,
north,northern,43190,unconfirmed,route_unconfirmed,,,,2400.0,12,
north,northern,43191,unconfirmed,route_unconfirmed,,,,44.0,0,
north,northern,43192,unconfirmed,route_unconfirmed,,,,44.0,0,
north,northern,43193,unconfirmed,route_unconfirmed,,,,44.0,0,
north,northern,43194,unconfirmed,route_unconfirmed,,,,71.0,0,
north,northern,43195,unconfirmed,route_unconfirmed,,,,44.0,0,
north,northern,43196,unconfirmed,route_unconfirmed,,,,150.0,2,
north,northern,43197,road_route_found_entrance_unverified,,2399.8,2378.9,5.4,144.0,0,
north,northern,43198,unconfirmed,route_unconfirmed,,,,44.0,0,
north,northern,43199,unconfirmed,route_unconfirmed,,,,44.0,0,
north,northern,43200,unconfirmed,route_unconfirmed,,,,44.0,0,
north,northern,43202,unconfirmed,route_unconfirmed,,,,22.0,0,
north,northern,43203,unconfirmed,route_unconfirmed,,,,1200.0,8,
north,northern,43204,unconfirmed,route_unconfirmed,,,,44.0,0,
north,northern,43205,unconfirmed,route_unconfirmed,,,,44.0,0,
north,northern,43206,unconfirmed,return_exceeds_pilot_3km,2947.3,3136.3,6.4,44.0,0,
north,northern,43207,unconfirmed,route_unconfirmed,,,,11.0,0,
north,northern,43208,unconfirmed,route_unconfirmed,,,,44.0,0,
north,northern,43209,road_route_found_entrance_unverified,,1980.4,2217.5,5.9,44.0,0,
north,northern,43210,unconfirmed,route_unconfirmed,,,,44.0,0,
north,northern,43211,unconfirmed,route_unconfirmed,,,,44.0,0,
north,northern,43212,unconfirmed,route_unconfirmed,,,,22.0,0,
north,northern,43213,unconfirmed,route_unconfirmed,,,,44.0,0,
north,northern,43214,unconfirmed,route_unconfirmed,,,,22.0,0,
north,northern,43215,unconfirmed,route_unconfirmed,,,,72.0,0,
north,northern,43216,road_route_found_entrance_unverified,,2652.1,2511.9,8.3,44.0,0,
north,northern,43217,road_route_found_entrance_unverified,,2652.1,2511.9,8.3,44.0,0,
north,northern,43218,unconfirmed,route_unconfirmed,,,,44.0,0,
north,northern,43219,unconfirmed,route_unconfirmed,,,,22.0,0,
north,northern,43220,unconfirmed,route_unconfirmed,,,,44.0,0,
north,northern,43221,unconfirmed,route_unconfirmed,,,,50.0,0,
north,northern,43222,unconfirmed,route_unconfirmed,,,,44.0,0,
north,northern,43223,unconfirmed,route_unconfirmed,,,,50.0,0,
north,northern,43224,unconfirmed,route_unconfirmed,,,,44.0,0,
north,northern,43225,unconfirmed,route_unconfirmed,,,,44.0,0,
north,northern,43226,unconfirmed,route_unconfirmed,,,,44.0,0,
north,northern,43227,unconfirmed,route_unconfirmed,,,,88.0,0,
north,northern,43228,unconfirmed,route_unconfirmed,,,,44.0,0,
north,northern,43229,unconfirmed,route_unconfirmed,,,,400.0,4,
north,northern,43230,unconfirmed,route_unconfirmed,,,,11.0,0,
north,northern,43231,unconfirmed,route_unconfirmed,,,,44.0,0,
north,northern,43232,unconfirmed,route_unconfirmed,,,,188.0,0,
north,northern,43233,unconfirmed,route_unconfirmed,,,,44.0,0,
north,northern,43234,unconfirmed,route_unconfirmed,,,,132.0,0,
north,northern,43235,unconfirmed,route_unconfirmed,,,,44.0,0,
north,northern,43236,unconfirmed,route_unconfirmed,,,,75.0,0,
north,northern,43358,unconfirmed,route_unconfirmed,,,,44.0,0,
north,northern,43361,unconfirmed,route_unconfirmed,,,,11.0,0,
north,northern,43362,unconfirmed,route_unconfirmed,,,,200.0,2,
north,northern,43364,unconfirmed,route_unconfirmed,,,,150.0,2,
north,northern,43365,unconfirmed,route_unconfirmed,,,,44.0,0,
north,northern,43366,unconfirmed,route_unconfirmed,,,,44.0,0,
north,northern,43369,unconfirmed,route_unconfirmed,,,,80.0,0,
north,northern,43372,unconfirmed,route_unconfirmed,,,,200.0,2,
north,northern,43393,unconfirmed,route_unconfirmed,,,,44.0,0,
north,northern,43395,road_route_found_entrance_unverified,,313.2,240.9,10.9,800.0,3,
north,northern,43396,unconfirmed,route_unconfirmed,,,,400.0,2,
north,northern,43397,unconfirmed,route_unconfirmed,,,,400.0,2,
north,northern,43399,unconfirmed,route_unconfirmed,,,,44.0,0,
north,northern,43400,unconfirmed,route_unconfirmed,,,,44.0,0,
north,northern,43401,unconfirmed,route_unconfirmed,,,,22.0,0,
north,northern,43402,unconfirmed,route_unconfirmed,,,,44.0,0,
north,northern,43404,unconfirmed,route_unconfirmed,,,,150.0,2,
north,northern,43405,unconfirmed,route_unconfirmed,,,,44.0,0,
north,northern,43406,unconfirmed,route_unconfirmed,,,,33.0,0,
north,northern,43415,unconfirmed,route_unconfirmed,,,,44.0,0,
north,northern,43416,unconfirmed,route_unconfirmed,,,,44.0,0,
north,northern,43443,unconfirmed,route_unconfirmed,,,,97.0,0,
north,northern,43445,unconfirmed,route_unconfirmed,,,,132.0,0,
north,northern,43446,unconfirmed,route_unconfirmed,,,,450.0,4,
north,northern,43447,unconfirmed,route_unconfirmed,,,,600.0,4,
north,northern,43448,unconfirmed,route_unconfirmed,,,,600.0,4,
north,northern,43449,road_route_found_entrance_unverified,,2710.7,2703.7,5.5,44.0,0,
north,northern,43478,unconfirmed,route_unconfirmed,,,,33.0,0,
north,northern,43481,unconfirmed,route_unconfirmed,,,,800.0,4,
north,northern,43482,unconfirmed,route_unconfirmed,,,,400.0,4,
north,northern,43483,unconfirmed,route_unconfirmed,,,,44.0,0,
north,northern,43484,unconfirmed,route_unconfirmed,,,,44.0,0,
north,northern,43485,unconfirmed,route_unconfirmed,,,,300.0,4,
north,northern,43486,unconfirmed,route_unconfirmed,,,,30.0,0,
north,northern,43487,unconfirmed,route_unconfirmed,,,,600.0,4,
north,northern,43488,unconfirmed,route_unconfirmed,,,,30.0,0,
north,northern,47040,road_route_found_entrance_unverified,,1983.1,2067.7,1.6,44.0,0,
north,northern,47041,unconfirmed,route_unconfirmed,,,,75.0,0,
north,northern,47042,unconfirmed,return_exceeds_pilot_3km,2971.4,3122.0,8.6,44.0,0,
north,northern,47044,unconfirmed,route_unconfirmed,,,,44.0,0,
north,northern,47096,unconfirmed,route_unconfirmed,,,,44.0,0,
north,northern,47097,unconfirmed,route_unconfirmed,,,,44.0,0,
north,northern,47098,unconfirmed,return_exceeds_pilot_3km,2988.4,3621.6,20.2,238.0,0,
north,northern,47099,unconfirmed,return_exceeds_pilot_3km,2999.5,3313.9,7.3,44.0,0,
north,northern,47100,unconfirmed,return_exceeds_pilot_3km,2675.5,3110.8,3.4,600.0,4,
north,northern,47101,unconfirmed,route_unconfirmed,,,,44.0,0,
north,northern,47102,unconfirmed,route_unconfirmed,,,,22.0,0,
north,northern,47103,unconfirmed,route_unconfirmed,,,,44.0,0,
north,northern,47104,unconfirmed,route_unconfirmed,,,,44.0,0,
north,northern,47105,unconfirmed,route_unconfirmed,,,,44.0,0,
north,northern,47106,road_route_found_entrance_unverified,,1817.6,2991.5,7.4,150.0,0,
north,northern,47107,road_route_found_entrance_unverified,,1763.8,2999.5,5.0,1800.0,12,
north,northern,47108,unconfirmed,route_unconfirmed,,,,66.0,0,
north,northern,47109,unconfirmed,route_unconfirmed,,,,400.0,4,
north,northern,47110,road_route_found_entrance_unverified,,2088.6,2884.6,5.3,900.0,8,
north,northern,47111,unconfirmed,return_exceeds_pilot_3km,2831.5,3736.9,7.0,100.0,0,
north,northern,47112,unconfirmed,route_unconfirmed,,,,450.0,4,
north,northern,47113,unconfirmed,return_exceeds_pilot_3km,2053.9,3042.9,8.0,600.0,4,
north,northern,47114,unconfirmed,route_unconfirmed,,,,450.0,4,
north,northern,47115,road_route_found_entrance_unverified,,1855.5,2745.1,2.7,4000.0,16,
north,northern,47116,unconfirmed,route_unconfirmed,,,,44.0,0,
north,northern,47118,unconfirmed,route_unconfirmed,,,,22.0,0,
north,northern,47119,unconfirmed,route_unconfirmed,,,,44.0,0,
north,northern,47120,unconfirmed,route_unconfirmed,,,,44.0,0,
north,northern,47123,road_route_found_entrance_unverified,,1765.6,2229.0,12.0,99.0,0,
north,northern,47124,unconfirmed,route_unconfirmed,,,,22.0,0,
north,northern,47128,unconfirmed,route_unconfirmed,,,,97.0,0,
north,northern,47131,unconfirmed,route_unconfirmed,,,,44.0,0,
north,northern,47132,unconfirmed,route_unconfirmed,,,,44.0,0,
north,northern,47136,unconfirmed,route_unconfirmed,,,,22.0,0,
north,northern,47137,unconfirmed,route_unconfirmed,,,,11.0,0,
north,northern,47138,unconfirmed,route_unconfirmed,,,,160.0,0,
north,northern,47152,unconfirmed,route_unconfirmed,,,,900.0,6,
north,northern,47153,unconfirmed,route_unconfirmed,,,,88.0,0,
north,northern,47182,unconfirmed,route_unconfirmed,,,,22.0,0,
north,northern,47183,unconfirmed,route_unconfirmed,,,,22.0,0,
north,northern,47184,road_route_found_entrance_unverified,,2394.2,2546.5,9.6,22.0,0,
north,northern,47191,unconfirmed,route_unconfirmed,,,,110.0,0,
north,northern,47193,unconfirmed,route_unconfirmed,,,,110.0,0,
north,northern,47194,unconfirmed,route_unconfirmed,,,,750.0,8,
north,northern,47196,unconfirmed,route_unconfirmed,,,,22.0,0,
north,northern,47197,unconfirmed,route_unconfirmed,,,,22.0,0,
north,northern,47203,road_route_found_entrance_unverified,,317.0,255.0,4.7,160.0,2,
north,northern,47204,unconfirmed,route_unconfirmed,,,,160.0,2,
north,northern,47208,road_route_found_entrance_unverified,,2322.1,2349.3,6.4,22.0,0,
north,northern,47211,unconfirmed,route_unconfirmed,,,,22.0,0,
north,northern,47212,road_route_found_entrance_unverified,,2177.7,2181.5,14.0,22.0,0,
north,northern,47213,unconfirmed,route_unconfirmed,,,,44.0,0,
north,northern,47216,unconfirmed,route_unconfirmed,,,,22.0,0,
north,northern,47217,unconfirmed,route_unconfirmed,,,,50.0,0,
north,northern,47218,unconfirmed,route_unconfirmed,,,,7000.0,28,
north,northern,47219,unconfirmed,route_unconfirmed,,,,44.0,0,
north,northern,47220,unconfirmed,route_unconfirmed,,,,400.0,4,
north,northern,47221,road_route_found_entrance_unverified,,2384.9,2499.7,19.2,11.0,0,
north,northern,47222,unconfirmed,route_unconfirmed,,,,200.0,2,
north,northern,47223,unconfirmed,route_unconfirmed,,,,44.0,0,
north,northern,47224,unconfirmed,route_unconfirmed,,,,11.0,0,
north,northern,47225,unconfirmed,route_unconfirmed,,,,143.0,0,
north,northern,47226,unconfirmed,route_unconfirmed,,,,66.0,0,
north,northern,47227,unconfirmed,route_unconfirmed,,,,71.0,0,
north,northern,47228,unconfirmed,route_unconfirmed,,,,44.0,0,
north,northern,47229,unconfirmed,route_unconfirmed,,,,11.0,0,
north,northern,47230,unconfirmed,route_unconfirmed,,,,450.0,4,
north,northern,47231,unconfirmed,route_unconfirmed,,,,44.0,0,
north,northern,47232,unconfirmed,route_unconfirmed,,,,300.0,2,
north,northern,47233,unconfirmed,route_unconfirmed,,,,150.0,2,
north,northern,47234,unconfirmed,route_unconfirmed,,,,11.0,0,
north,northern,47235,unconfirmed,route_unconfirmed,,,,150.0,2,
north,northern,47236,unconfirmed,route_unconfirmed,,,,450.0,4,
north,northern,47237,unconfirmed,route_unconfirmed,,,,44.0,0,
north,northern,47238,unconfirmed,route_unconfirmed,,,,1244.0,8,
north,northern,48012,unconfirmed,route_unconfirmed,,,,150.0,2,
north,northern,48016,unconfirmed,route_unconfirmed,,,,72.0,0,
north,northern,48018,unconfirmed,route_unconfirmed,,,,11.0,0,
north,northern,48021,unconfirmed,route_unconfirmed,,,,72.0,0,
north,northern,48022,road_route_found_entrance_unverified,,226.0,237.5,8.2,1400.0,4,
north,northern,48023,road_route_found_entrance_unverified,,1978.7,2045.9,7.9,44.0,0,
north,northern,48024,unconfirmed,route_unconfirmed,,,,44.0,0,
north,northern,48025,road_route_found_entrance_unverified,,999.5,1020.0,1.5,150.0,2,
north,northern,48026,unconfirmed,route_unconfirmed,,,,44.0,0,
north,northern,48027,road_route_found_entrance_unverified,,773.1,752.8,7.3,772.0,6,
north,northern,48028,road_route_found_entrance_unverified,,2378.1,2438.1,6.0,644.0,4,
north,northern,48030,road_route_found_entrance_unverified,,1650.2,1780.3,4.0,600.0,4,
north,northern,48031,road_route_found_entrance_unverified,,2469.4,2536.5,8.0,44.0,0,
north,northern,48032,unconfirmed,route_unconfirmed,,,,44.0,0,
north,northern,48033,unconfirmed,route_unconfirmed,,,,44.0,0,
north,northern,48034,road_route_found_entrance_unverified,,2720.3,2888.3,6.5,22.0,0,
north,northern,48036,unconfirmed,route_unconfirmed,,,,11.0,0,
north,northern,48037,unconfirmed,route_unconfirmed,,,,22.0,0,
north,northern,48039,road_route_found_entrance_unverified,,2965.9,2668.0,8.8,44.0,0,
north,northern,48040,road_route_found_entrance_unverified,,1767.8,1723.8,4.9,44.0,0,
north,northern,48041,road_route_found_entrance_unverified,,2390.6,2377.6,20.1,44.0,0,
north,northern,48042,road_route_found_entrance_unverified,,2416.4,2281.4,6.1,44.0,0,
north,northern,48043,unconfirmed,route_unconfirmed,,,,400.0,4,
north,northern,48044,unconfirmed,route_unconfirmed,,,,44.0,0,
north,northern,48045,unconfirmed,route_unconfirmed,,,,33.0,0,
north,northern,48046,unconfirmed,route_unconfirmed,,,,44.0,0,
north,northern,48047,road_route_found_entrance_unverified,,598.0,618.6,7.6,1600.0,8,
north,northern,48048,unconfirmed,route_unconfirmed,,,,44.0,0,
north,northern,48225,unconfirmed,route_unconfirmed,,,,11.0,0,
north,northern,48654,road_route_found_entrance_unverified,,2476.1,2401.1,4.7,1600.0,8,
north,northern,48655,unconfirmed,route_unconfirmed,,,,11.0,0,
north,northern,48656,unconfirmed,route_unconfirmed,,,,66.0,0,
north,northern,48657,unconfirmed,route_unconfirmed,,,,600.0,4,
north,northern,48658,road_route_found_entrance_unverified,,2236.6,2220.8,0.6,132.0,0,
north,northern,48660,unconfirmed,route_unconfirmed,,,,22.0,0,
north,northern,48662,unconfirmed,route_unconfirmed,,,,72.0,0,
north,northern,48663,unconfirmed,route_unconfirmed,,,,44.0,0,
north,northern,48664,road_route_found_entrance_unverified,,2671.6,2642.0,6.2,22.0,0,
north,northern,48665,road_route_found_entrance_unverified,,2790.3,2900.7,18.9,11.0,0,
north,northern,48667,unconfirmed,route_unconfirmed,,,,44.0,0,
north,northern,48668,road_route_found_entrance_unverified,,2470.8,2619.5,9.3,85.0,0,
north,northern,48669,unconfirmed,route_unconfirmed,,,,88.0,0,
north,northern,48670,unconfirmed,route_unconfirmed,,,,150.0,2,
north,northern,48671,unconfirmed,route_unconfirmed,,,,60.0,0,
north,northern,48672,unconfirmed,route_unconfirmed,,,,44.0,0,
north,northern,48923,unconfirmed,route_unconfirmed,,,,44.0,0,
north,northern,48937,unconfirmed,route_unconfirmed,,,,44.0,0,
north,northern,48938,unconfirmed,route_unconfirmed,,,,99.0,0,
north,northern,48939,unconfirmed,route_unconfirmed,,,,44.0,0,
north,northern,48940,unconfirmed,route_unconfirmed,,,,44.0,0,
north,northern,48941,road_route_found_entrance_unverified,,2893.8,2747.7,15.0,11.0,0,
north,northern,48942,road_route_found_entrance_unverified,,2991.1,2951.3,24.8,11.0,0,
north,northern,48943,road_route_found_entrance_unverified,,2020.0,2012.0,6.1,1800.0,12,
north,northern,48944,unconfirmed,route_unconfirmed,,,,44.0,0,
north,northern,48945,unconfirmed,route_unconfirmed,,,,11.0,0,
north,northern,48946,road_route_found_entrance_unverified,,2540.9,2480.4,5.0,44.0,0,
north,northern,48955,unconfirmed,route_unconfirmed,,,,44.0,0,
north,northern,48956,unconfirmed,route_unconfirmed,,,,44.0,0,
north,northern,48961,unconfirmed,route_unconfirmed,,,,44.0,0,
north,northern,48963,unconfirmed,route_unconfirmed,,,,44.0,0,
north,northern,48964,unconfirmed,route_unconfirmed,,,,44.0,0,
north,northern,48965,unconfirmed,route_unconfirmed,,,,61.0,0,
north,northern,48966,road_route_found_entrance_unverified,,434.0,416.6,7.0,600.0,4,
north,northern,48967,unconfirmed,route_unconfirmed,,,,44.0,0,
north,northern,48968,unconfirmed,route_unconfirmed,,,,450.0,4,
north,northern,48969,unconfirmed,route_unconfirmed,,,,44.0,0,
north,northern,48971,unconfirmed,route_unconfirmed,,,,46.0,0,
north,northern,48974,unconfirmed,route_unconfirmed,,,,22.0,0,
north,northern,48975,unconfirmed,route_unconfirmed,,,,46.0,0,
north,northern,48976,unconfirmed,route_unconfirmed,,,,44.0,0,
north,northern,48977,unconfirmed,route_unconfirmed,,,,44.0,0,
north,northern,48978,road_route_found_entrance_unverified,,223.7,379.5,11.3,300.0,2,
north,northern,48979,road_route_found_entrance_unverified,,223.7,379.5,11.3,100.0,0,
north,northern,48980,unconfirmed,route_unconfirmed,,,,300.0,2,
north,northern,48981,unconfirmed,route_unconfirmed,,,,100.0,0,
north,northern,48984,unconfirmed,route_unconfirmed,,,,44.0,0,
north,northern,48985,road_route_found_entrance_unverified,,1956.3,2064.2,8.2,44.0,0,
north,northern,48986,road_route_found_entrance_unverified,,920.3,797.7,19.4,1200.0,8,
north,northern,48987,road_route_found_entrance_unverified,,998.4,1043.8,6.4,300.0,2,
north,northern,48988,road_route_found_entrance_unverified,,1705.3,1793.6,11.4,22.0,0,
north,northern,49534,road_route_found_entrance_unverified,,1397.1,1564.2,8.0,11.0,0,
north,northern,49535,unconfirmed,route_unconfirmed,,,,44.0,0,
north,northern,49536,road_route_found_entrance_unverified,,2436.7,2715.8,12.0,44.0,0,
north,northern,49537,unconfirmed,route_unconfirmed,,,,44.0,0,
north,northern,49538,unconfirmed,route_unconfirmed,,,,44.0,0,
north,northern,49541,road_route_found_entrance_unverified,,2706.2,2604.7,0.6,44.0,0,
north,northern,49542,unconfirmed,route_unconfirmed,,,,44.0,0,
north,northern,49543,unconfirmed,route_unconfirmed,,,,44.0,0,
north,northern,49544,unconfirmed,route_unconfirmed,,,,50.0,0,
north,northern,49546,road_route_found_entrance_unverified,,2030.3,2078.3,4.0,44.0,0,
north,northern,49547,road_route_found_entrance_unverified,,2224.3,2202.7,0.0,88.0,0,
north,northern,49548,road_route_found_entrance_unverified,,2075.0,2071.0,3.5,44.0,0,
north,northern,49549,road_route_found_entrance_unverified,,1371.5,2187.8,2.4,44.0,0,
north,northern,49550,unconfirmed,route_unconfirmed,,,,55.0,0,
north,northern,49551,unconfirmed,route_unconfirmed,,,,44.0,0,
north,northern,49552,unconfirmed,route_unconfirmed,,,,88.0,0,
north,northern,49554,unconfirmed,route_unconfirmed,,,,88.0,0,
north,northern,49555,unconfirmed,route_unconfirmed,,,,44.0,0,
north,northern,49556,unconfirmed,route_unconfirmed,,,,44.0,0,
north,northern,49557,unconfirmed,route_unconfirmed,,,,44.0,0,
north,northern,49558,road_route_found_entrance_unverified,,1840.0,1845.2,4.8,44.0,0,
north,northern,49560,unconfirmed,route_unconfirmed,,,,44.0,0,
north,northern,49561,unconfirmed,route_unconfirmed,,,,44.0,0,
north,northern,49562,unconfirmed,route_unconfirmed,,,,100.0,0,
north,northern,49563,unconfirmed,route_unconfirmed,,,,44.0,0,
north,northern,49564,unconfirmed,route_unconfirmed,,,,44.0,0,
north,northern,49565,road_route_found_entrance_unverified,,2560.1,2588.4,8.1,600.0,6,
north,northern,49566,road_route_found_entrance_unverified,,2199.6,2481.1,1.7,44.0,0,
north,northern,49567,road_route_found_entrance_unverified,,1477.4,1485.6,2.8,44.0,0,
north,northern,49568,road_route_found_entrance_unverified,,1868.9,1962.0,2.4,44.0,0,
north,northern,49569,road_route_found_entrance_unverified,,2012.4,2323.1,6.7,44.0,0,
north,northern,49570,unconfirmed,route_unconfirmed,,,,132.0,0,
north,northern,49571,unconfirmed,route_unconfirmed,,,,44.0,0,
north,northern,49572,unconfirmed,route_unconfirmed,,,,44.0,0,
north,northern,49573,road_route_found_entrance_unverified,,1892.3,2361.4,2.5,300.0,2,
north,northern,49574,road_route_found_entrance_unverified,,1389.7,2868.5,0.2,800.0,4,
north,northern,49575,road_route_found_entrance_unverified,,824.1,843.2,10.2,44.0,0,
north,northern,49576,road_route_found_entrance_unverified,,1095.3,1062.0,10.3,44.0,0,
north,northern,49577,unconfirmed,route_unconfirmed,,,,44.0,0,
north,northern,49578,unconfirmed,route_unconfirmed,,,,22.0,0,
north,northern,49579,unconfirmed,route_unconfirmed,,,,22.0,0,
north,northern,49580,road_route_found_entrance_unverified,,2675.9,2620.5,0.1,88.0,0,
north,northern,49582,unconfirmed,route_unconfirmed,,,,44.0,0,
north,northern,49583,unconfirmed,route_unconfirmed,,,,44.0,0,
north,northern,49584,unconfirmed,route_unconfirmed,,,,44.0,0,
north,northern,49585,road_route_found_entrance_unverified,,1750.7,1830.1,14.7,11.0,0,
north,northern,49586,road_route_found_entrance_unverified,,1721.2,1730.9,4.2,44.0,0,
north,northern,49587,unconfirmed,route_unconfirmed,,,,22.0,0,
north,northern,49588,road_route_found_entrance_unverified,,182.1,427.5,1.9,1400.0,4,
north,northern,49589,road_route_found_entrance_unverified,,377.2,265.3,6.3,700.0,2,
north,northern,49590,road_route_found_entrance_unverified,,2057.8,2212.4,5.0,44.0,0,
north,northern,49591,road_route_found_entrance_unverified,,2501.8,2656.9,24.4,88.0,0,
north,northern,49592,unconfirmed,return_exceeds_pilot_3km,2972.7,3210.0,6.4,264.0,0,
north,northern,49593,road_route_found_entrance_unverified,,2740.9,2674.7,1.0,220.0,0,
north,northern,49594,road_route_found_entrance_unverified,,1968.1,1938.6,5.0,44.0,0,
north,northern,49595,unconfirmed,route_unconfirmed,,,,44.0,0,
north,northern,49596,road_route_found_entrance_unverified,,1999.5,2047.2,4.6,44.0,0,
north,northern,49597,road_route_found_entrance_unverified,,2040.6,2003.4,9.6,44.0,0,
north,northern,49598,unconfirmed,route_unconfirmed,,,,44.0,0,
north,northern,49599,road_route_found_entrance_unverified,,2362.7,2318.2,7.5,44.0,0,
north,northern,49600,unconfirmed,route_unconfirmed,,,,44.0,0,
north,northern,49601,road_route_found_entrance_unverified,,372.2,270.3,10.0,98.0,0,
north,northern,49602,road_route_found_entrance_unverified,,1841.5,1841.1,5.0,44.0,0,
north,northern,49603,unconfirmed,route_unconfirmed,,,,44.0,0,
north,northern,49605,road_route_found_entrance_unverified,,2811.2,2787.4,9.2,88.0,0,
north,northern,49606,unconfirmed,route_unconfirmed,,,,1600.0,10,
north,northern,49607,road_route_found_entrance_unverified,,2646.0,2390.2,5.6,44.0,0,
north,northern,49608,road_route_found_entrance_unverified,,1096.2,1612.8,4.0,44.0,0,
north,northern,49610,road_route_found_entrance_unverified,,2858.6,2862.2,18.2,11.0,0,
north,northern,49611,road_route_found_entrance_unverified,,2948.5,2877.6,18.8,44.0,0,
north,northern,49612,unconfirmed,route_unconfirmed,,,,88.0,0,
north,northern,49613,road_route_found_entrance_unverified,,2402.6,2287.1,9.0,44.0,0,
north,northern,49614,unconfirmed,route_unconfirmed,,,,44.0,0,
north,northern,49615,unconfirmed,route_unconfirmed,,,,44.0,0,
north,northern,49616,unconfirmed,route_unconfirmed,,,,44.0,0,
north,northern,49617,road_route_found_entrance_unverified,,1612.6,2010.4,4.6,44.0,0,
north,northern,49618,unconfirmed,route_unconfirmed,,,,44.0,0,
north,northern,49619,unconfirmed,route_unconfirmed,,,,22.0,0,
north,northern,49620,unconfirmed,route_unconfirmed,,,,11.0,0,
north,northern,49621,road_route_found_entrance_unverified,,2421.9,2276.8,10.3,44.0,0,
north,northern,49622,road_route_found_entrance_unverified,,2197.1,2412.7,6.8,44.0,0,
north,northern,49623,road_route_found_entrance_unverified,,2075.2,2077.5,5.8,300.0,2,
north,northern,49624,road_route_found_entrance_unverified,,2067.1,2066.5,8.1,344.0,2,
north,northern,49625,unconfirmed,route_unconfirmed,,,,44.0,0,
north,northern,49626,unconfirmed,route_unconfirmed,,,,44.0,0,
north,northern,49627,unconfirmed,route_unconfirmed,,,,44.0,0,
north,northern,49628,unconfirmed,route_unconfirmed,,,,44.0,0,
north,northern,49629,unconfirmed,route_unconfirmed,,,,300.0,2,
north,northern,49649,unconfirmed,route_unconfirmed,,,,132.0,0,
north,northern,49650,unconfirmed,route_unconfirmed,,,,44.0,0,
north,northern,49651,road_route_found_entrance_unverified,,2837.2,2663.3,7.2,22.0,0,
north,northern,49652,unconfirmed,route_unconfirmed,,,,11.0,0,
north,northern,49653,unconfirmed,route_unconfirmed,,,,1600.0,8,
north,northern,49655,unconfirmed,route_unconfirmed,,,,84.0,0,
north,northern,49656,road_route_found_entrance_unverified,,1195.3,1110.6,5.8,300.0,2,
north,northern,49657,unconfirmed,route_unconfirmed,,,,1500.0,10,
north,northern,49658,road_route_found_entrance_unverified,,1193.9,1547.2,2.7,200.0,2,
north,northern,49659,road_route_found_entrance_unverified,,1121.6,1058.3,8.7,1200.0,6,
north,northern,49660,road_route_found_entrance_unverified,,1227.3,1268.8,7.1,7800.0,52,
north,northern,49661,unconfirmed,route_unconfirmed,,,,50.0,0,
north,northern,49662,unconfirmed,return_exceeds_pilot_3km,2970.2,3363.1,3.8,22.0,0,
north,northern,49663,unconfirmed,route_unconfirmed,,,,22.0,0,
north,northern,49664,road_route_found_entrance_unverified,,1058.8,974.4,6.0,3000.0,12,
north,northern,49665,unconfirmed,route_unconfirmed,,,,11.0,0,
north,northern,49666,road_route_found_entrance_unverified,,1179.3,1379.8,4.5,3500.0,12,
north,northern,49667,unconfirmed,route_unconfirmed,,,,772.0,6,
north,northern,49668,unconfirmed,route_unconfirmed,,,,11.0,0,
north,northern,49669,unconfirmed,route_unconfirmed,,,,400.0,4,
north,northern,49670,unconfirmed,route_unconfirmed,,,,100.0,0,
north,northern,49671,unconfirmed,route_unconfirmed,,,,72.0,0,
north,northern,49672,unconfirmed,route_unconfirmed,,,,33.0,0,
north,northern,49675,unconfirmed,route_unconfirmed,,,,600.0,4,
north,northern,49676,unconfirmed,route_unconfirmed,,,,900.0,6,
north,northern,49678,unconfirmed,route_unconfirmed,,,,240.0,2,
north,northern,49680,unconfirmed,route_unconfirmed,,,,450.0,4,
north,northern,49684,unconfirmed,route_unconfirmed,,,,50.0,0,
north,northern,49685,unconfirmed,route_unconfirmed,,,,3000.0,12,
north,northern,49686,unconfirmed,route_unconfirmed,,,,300.0,2,
north,northern,49687,unconfirmed,route_unconfirmed,,,,72.0,0,
north,northern,49692,unconfirmed,route_unconfirmed,,,,22.0,0,
north,northern,49693,unconfirmed,route_unconfirmed,,,,66.0,0,
north,northern,49694,unconfirmed,route_unconfirmed,,,,44.0,0,
north,northern,49695,unconfirmed,route_unconfirmed,,,,115.0,0,
north,northern,49696,unconfirmed,route_unconfirmed,,,,150.0,2,
north,northern,49697,road_route_found_entrance_unverified,,271.6,269.0,2.0,22.0,0,
north,northern,49698,unconfirmed,route_unconfirmed,,,,24.0,0,
north,northern,49699,unconfirmed,route_unconfirmed,,,,44.0,0,
north,northern,49701,road_route_found_entrance_unverified,,743.3,772.0,10.7,600.0,4,
north,northern,49702,unconfirmed,route_unconfirmed,,,,1600.0,8,
north,northern,49703,unconfirmed,route_unconfirmed,,,,44.0,0,
north,northern,49705,unconfirmed,route_unconfirmed,,,,88.0,0,
north,northern,49706,unconfirmed,route_unconfirmed,,,,11.0,0,
north,northern,49707,unconfirmed,route_unconfirmed,,,,44.0,0,
north,northern,49733,unconfirmed,route_unconfirmed,,,,44.0,0,
north,northern,49734,unconfirmed,route_unconfirmed,,,,88.0,0,
north,northern,49735,unconfirmed,route_unconfirmed,,,,44.0,0,
north,northern,49736,unconfirmed,route_unconfirmed,,,,300.0,2,
north,northern,49737,unconfirmed,route_unconfirmed,,,,44.0,0,
north,northern,49739,unconfirmed,route_unconfirmed,,,,11.0,0,
north,northern,49741,unconfirmed,route_unconfirmed,,,,450.0,4,
north,northern,49742,unconfirmed,route_unconfirmed,,,,300.0,4,
north,northern,49743,unconfirmed,route_unconfirmed,,,,44.0,0,
north,northern,49744,unconfirmed,route_unconfirmed,,,,600.0,4,
north,northern,49746,unconfirmed,route_unconfirmed,,,,44.0,0,
north,northern,49747,unconfirmed,route_unconfirmed,,,,11.0,0,
north,northern,49748,unconfirmed,route_unconfirmed,,,,72.0,0,
north,northern,49749,unconfirmed,route_unconfirmed,,,,22.0,0,
north,northern,49750,unconfirmed,return_exceeds_pilot_3km,2726.6,3036.7,12.7,10.0,0,
north,northern,49751,unconfirmed,route_unconfirmed,,,,44.0,0,
north,northern,49752,unconfirmed,route_unconfirmed,,,,44.0,0,
north,northern,49753,unconfirmed,route_unconfirmed,,,,44.0,0,
north,northern,49754,unconfirmed,route_unconfirmed,,,,44.0,0,
north,northern,49755,unconfirmed,route_unconfirmed,,,,75.0,0,
north,northern,49756,road_route_found_entrance_unverified,,2328.9,2331.4,10.8,144.0,0,
north,northern,49757,unconfirmed,route_unconfirmed,,,,44.0,0,
north,northern,49758,unconfirmed,route_unconfirmed,,,,44.0,0,
north,northern,49759,unconfirmed,route_unconfirmed,,,,44.0,0,
north,northern,49760,unconfirmed,route_unconfirmed,,,,11.0,0,
north,northern,49761,unconfirmed,route_unconfirmed,,,,50.0,0,
north,northern,49762,unconfirmed,route_unconfirmed,,,,11.0,0,
north,northern,49763,unconfirmed,route_unconfirmed,,,,88.0,0,
north,northern,49764,unconfirmed,route_unconfirmed,,,,44.0,0,
north,northern,49765,unconfirmed,route_unconfirmed,,,,44.0,0,
north,northern,49766,unconfirmed,route_unconfirmed,,,,44.0,0,
north,northern,49767,unconfirmed,route_unconfirmed,,,,350.0,4,
north,northern,49768,unconfirmed,route_unconfirmed,,,,176.0,0,
north,northern,49769,unconfirmed,route_unconfirmed,,,,388.0,2,
north,northern,49770,unconfirmed,route_unconfirmed,,,,44.0,0,
north,northern,49771,unconfirmed,route_unconfirmed,,,,44.0,0,
north,northern,49772,unconfirmed,route_unconfirmed,,,,72.0,0,
north,northern,49773,unconfirmed,route_unconfirmed,,,,44.0,0,
north,northern,49774,unconfirmed,route_unconfirmed,,,,800.0,4,
north,northern,49775,unconfirmed,route_unconfirmed,,,,150.0,2,
north,northern,49776,unconfirmed,route_unconfirmed,,,,44.0,0,
north,northern,49777,unconfirmed,route_unconfirmed,,,,44.0,0,
north,northern,49778,unconfirmed,route_unconfirmed,,,,900.0,6,
north,northern,49779,unconfirmed,route_unconfirmed,,,,150.0,2,
north,northern,52059,unconfirmed,route_unconfirmed,,,,94.0,0,
north,northern,52060,unconfirmed,route_unconfirmed,,,,22.0,0,
north,northern,52061,unconfirmed,route_unconfirmed,,,,66.0,0,
north,northern,52063,unconfirmed,route_unconfirmed,,,,44.0,0,
north,northern,52064,unconfirmed,route_unconfirmed,,,,176.0,0,
north,northern,52065,unconfirmed,route_unconfirmed,,,,88.0,0,
north,northern,52067,unconfirmed,route_unconfirmed,,,,50.0,0,
north,northern,52068,unconfirmed,route_unconfirmed,,,,50.0,0,
north,northern,52071,unconfirmed,route_unconfirmed,,,,11.0,0,
north,northern,52072,unconfirmed,route_unconfirmed,,,,22.0,0,
north,northern,52073,unconfirmed,route_unconfirmed,,,,11.0,0,
north,northern,52074,unconfirmed,route_unconfirmed,,,,11.0,0,
north,northern,52075,unconfirmed,route_unconfirmed,,,,44.0,0,
north,northern,52076,unconfirmed,route_unconfirmed,,,,50.0,0,
north,northern,52077,unconfirmed,route_unconfirmed,,,,44.0,0,
north,northern,52080,unconfirmed,route_unconfirmed,,,,50.0,0,
north,northern,52087,unconfirmed,route_unconfirmed,,,,11.0,0,
north,northern,52088,unconfirmed,route_unconfirmed,,,,11.0,0,
north,northern,52104,unconfirmed,route_unconfirmed,,,,11.0,0,
north,northern,52105,unconfirmed,route_unconfirmed,,,,11.0,0,
north,northern,52113,unconfirmed,route_unconfirmed,,,,11.0,0,
north,northern,52114,unconfirmed,route_unconfirmed,,,,322.0,0,
north,northern,52115,unconfirmed,route_unconfirmed,,,,11.0,0,
north,northern,52116,unconfirmed,route_unconfirmed,,,,11.0,0,
north,northern,52117,unconfirmed,route_unconfirmed,,,,600.0,4,
north,northern,52118,unconfirmed,route_unconfirmed,,,,11.0,0,
north,northern,52119,unconfirmed,route_unconfirmed,,,,1400.0,4,
north,northern,52120,road_route_found_entrance_unverified,,2768.4,2874.1,8.1,72.0,0,
north,northern,52121,unconfirmed,route_unconfirmed,,,,98.0,0,
north,northern,52122,unconfirmed,route_unconfirmed,,,,11.0,0,
north,northern,52123,unconfirmed,route_unconfirmed,,,,11.0,0,
north,northern,52124,unconfirmed,route_unconfirmed,,,,350.0,1,
north,northern,52125,unconfirmed,route_unconfirmed,,,,350.0,1,
north,northern,52127,unconfirmed,route_unconfirmed,,,,72.0,0,
north,northern,52145,unconfirmed,route_unconfirmed,,,,44.0,0,
north,northern,52149,unconfirmed,route_unconfirmed,,,,11.0,0,
north,northern,52150,unconfirmed,route_unconfirmed,,,,22.0,0,
north,northern,54024,unconfirmed,route_unconfirmed,,,,44.0,0,
north,northern,54025,road_route_found_entrance_unverified,,907.8,981.6,6.7,320.0,4,
north,northern,54026,road_route_found_entrance_unverified,,2036.9,2105.4,12.4,75.0,0,
north,northern,54027,unconfirmed,route_unconfirmed,,,,11.0,0,
north,northern,54028,road_route_found_entrance_unverified,,2865.9,2937.3,7.5,450.0,4,
north,northern,54029,road_route_found_entrance_unverified,,1586.3,1431.2,6.7,44.0,0,
north,northern,54030,unconfirmed,route_unconfirmed,,,,44.0,0,
north,northern,54031,unconfirmed,route_unconfirmed,,,,44.0,0,
north,northern,54032,road_route_found_entrance_unverified,,704.0,658.4,15.9,50.0,0,
north,northern,54033,unconfirmed,route_unconfirmed,,,,44.0,0,
north,northern,54034,unconfirmed,route_unconfirmed,,,,44.0,0,
north,northern,54035,unconfirmed,route_unconfirmed,,,,44.0,0,
north,northern,54036,unconfirmed,route_unconfirmed,,,,44.0,0,
north,northern,54037,road_route_found_entrance_unverified,,1275.0,1202.8,7.3,44.0,0,
north,northern,54038,road_route_found_entrance_unverified,,521.9,636.0,15.8,600.0,4,
north,northern,54039,unconfirmed,route_unconfirmed,,,,33.0,0,
north,northern,54040,unconfirmed,route_unconfirmed,,,,44.0,0,
north,northern,54047,unconfirmed,route_unconfirmed,,,,33.0,0,
north,northern,54054,unconfirmed,route_unconfirmed,,,,22.0,0,
north,northern,54055,unconfirmed,route_unconfirmed,,,,22.0,0,
north,northern,54056,unconfirmed,route_unconfirmed,,,,44.0,0,
north,northern,54057,unconfirmed,route_unconfirmed,,,,22.0,0,
north,northern,54058,unconfirmed,route_unconfirmed,,,,22.0,0,
north,northern,54064,unconfirmed,route_unconfirmed,,,,44.0,0,
north,northern,54065,unconfirmed,route_unconfirmed,,,,44.0,0,
north,northern,54068,unconfirmed,route_unconfirmed,,,,44.0,0,
north,northern,54072,unconfirmed,route_unconfirmed,,,,44.0,0,
north,northern,54074,unconfirmed,route_unconfirmed,,,,44.0,0,
north,northern,54075,unconfirmed,route_unconfirmed,,,,44.0,0,
north,northern,54076,unconfirmed,route_unconfirmed,,,,44.0,0,
north,northern,54077,unconfirmed,route_unconfirmed,,,,22.0,0,
north,northern,54079,road_route_found_entrance_unverified,,2834.3,2813.8,3.9,450.0,6,
north,northern,54080,road_route_found_entrance_unverified,,2834.3,2813.8,3.9,300.0,2,
north,northern,54081,unconfirmed,route_unconfirmed,,,,44.0,0,
north,northern,54082,road_route_found_entrance_unverified,,2721.7,2887.8,6.7,44.0,0,
north,northern,54085,unconfirmed,route_unconfirmed,,,,44.0,0,
north,northern,54086,unconfirmed,route_unconfirmed,,,,44.0,0,
north,northern,54088,unconfirmed,route_unconfirmed,,,,11.0,0,
north,northern,54089,unconfirmed,route_unconfirmed,,,,22.0,0,
north,northern,54090,unconfirmed,route_unconfirmed,,,,22.0,0,
north,northern,54091,unconfirmed,route_unconfirmed,,,,22.0,0,
north,northern,54092,unconfirmed,route_unconfirmed,,,,22.0,0,
north,northern,54093,unconfirmed,route_unconfirmed,,,,22.0,0,
north,northern,54097,unconfirmed,route_unconfirmed,,,,44.0,0,
north,northern,54098,road_route_found_entrance_unverified,,1553.8,1744.7,2.5,44.0,0,
north,northern,54099,road_route_found_entrance_unverified,,1169.8,1215.5,12.5,44.0,0,
north,northern,54100,road_route_found_entrance_unverified,,2452.6,2478.5,6.8,44.0,0,
north,northern,54101,road_route_found_entrance_unverified,,2722.4,2666.6,6.2,150.0,2,
north,northern,54102,unconfirmed,route_unconfirmed,,,,98.0,0,
north,northern,54103,unconfirmed,route_unconfirmed,,,,11.0,0,
north,northern,54104,road_route_found_entrance_unverified,,1861.5,1886.8,6.8,450.0,4,
north,northern,54105,unconfirmed,route_unconfirmed,,,,500.0,4,
north,northern,54106,road_route_found_entrance_unverified,,1583.4,1683.1,22.3,900.0,8,
north,northern,54107,road_route_found_entrance_unverified,,1846.7,1829.2,25.3,450.0,4,
north,northern,54108,road_route_found_entrance_unverified,,1087.6,1165.7,7.8,88.0,0,
north,northern,54109,road_route_found_entrance_unverified,,1330.4,1368.9,7.1,44.0,0,
north,northern,54110,road_route_found_entrance_unverified,,1136.6,1288.0,21.5,243.0,0,
north,northern,54128,unconfirmed,route_unconfirmed,,,,44.0,0,
north,northern,54129,unconfirmed,route_unconfirmed,,,,600.0,4,
north,northern,54130,unconfirmed,route_unconfirmed,,,,44.0,0,
north,northern,54131,unconfirmed,return_exceeds_pilot_3km,2902.4,3179.2,7.5,44.0,0,
north,northern,54132,unconfirmed,route_unconfirmed,,,,600.0,8,
north,northern,54133,unconfirmed,route_unconfirmed,,,,600.0,4,
north,northern,54134,unconfirmed,route_unconfirmed,,,,33.0,0,
north,northern,54135,unconfirmed,route_unconfirmed,,,,44.0,0,
north,northern,54136,unconfirmed,route_unconfirmed,,,,11.0,0,
north,northern,54137,unconfirmed,route_unconfirmed,,,,44.0,0,
north,northern,54138,unconfirmed,route_unconfirmed,,,,600.0,4,
north,northern,54306,unconfirmed,route_unconfirmed,,,,22.0,0,
north,northern,54308,unconfirmed,route_unconfirmed,,,,22.0,0,
north,northern,54481,unconfirmed,route_unconfirmed,,,,22.0,0,
north,northern,54568,unconfirmed,route_unconfirmed,,,,44.0,0,
north,northern,54610,unconfirmed,route_unconfirmed,,,,44.0,0,
north,northern,54620,unconfirmed,route_unconfirmed,,,,44.0,0,
north,northern,54621,unconfirmed,route_unconfirmed,,,,44.0,0,
north,northern,54624,unconfirmed,route_unconfirmed,,,,44.0,0,
north,northern,54625,unconfirmed,route_unconfirmed,,,,44.0,0,
north,northern,54626,unconfirmed,route_unconfirmed,,,,44.0,0,
north,northern,54627,unconfirmed,route_unconfirmed,,,,44.0,0,
north,northern,54628,unconfirmed,route_unconfirmed,,,,88.0,0,
north,northern,54629,unconfirmed,route_unconfirmed,,,,88.0,0,
north,northern,54632,unconfirmed,route_unconfirmed,,,,100.0,0,
north,northern,54634,unconfirmed,route_unconfirmed,,,,44.0,0,
north,northern,54635,unconfirmed,return_exceeds_pilot_3km,2938.5,3429.0,2.7,44.0,0,
north,northern,54637,unconfirmed,route_unconfirmed,,,,144.0,0,
north,northern,54638,unconfirmed,route_unconfirmed,,,,50.0,0,
north,northern,54642,unconfirmed,route_unconfirmed,,,,44.0,0,
north,northern,54643,unconfirmed,route_unconfirmed,,,,75.0,0,
north,northern,54644,unconfirmed,route_unconfirmed,,,,150.0,2,
north,northern,54645,unconfirmed,route_unconfirmed,,,,50.0,0,
north,northern,54646,unconfirmed,route_unconfirmed,,,,66.0,0,
north,northern,54647,unconfirmed,route_unconfirmed,,,,22.0,0,
north,northern,54648,unconfirmed,route_unconfirmed,,,,22.0,0,
north,northern,54656,unconfirmed,route_unconfirmed,,,,44.0,0,
north,northern,54657,unconfirmed,route_unconfirmed,,,,300.0,2,
north,northern,54659,unconfirmed,route_unconfirmed,,,,71.0,0,
north,northern,54660,unconfirmed,route_unconfirmed,,,,100.0,0,
north,northern,54661,unconfirmed,route_unconfirmed,,,,72.0,0,
north,northern,54663,unconfirmed,route_unconfirmed,,,,44.0,0,
north,northern,54664,unconfirmed,route_unconfirmed,,,,100.0,0,
north,northern,54665,unconfirmed,route_unconfirmed,,,,100.0,0,
north,northern,54666,unconfirmed,route_unconfirmed,,,,44.0,0,
north,northern,54667,unconfirmed,route_unconfirmed,,,,350.0,4,
north,northern,54668,unconfirmed,route_unconfirmed,,,,44.0,0,
north,northern,54669,unconfirmed,route_unconfirmed,,,,44.0,0,
north,northern,54670,unconfirmed,route_unconfirmed,,,,44.0,0,
north,northern,54671,unconfirmed,route_unconfirmed,,,,11.0,0,
north,northern,54672,unconfirmed,route_unconfirmed,,,,600.0,4,
north,northern,54673,unconfirmed,route_unconfirmed,,,,72.0,0,
north,northern,54674,unconfirmed,route_unconfirmed,,,,150.0,2,
north,northern,54675,unconfirmed,route_unconfirmed,,,,150.0,2,
north,northern,54676,unconfirmed,route_unconfirmed,,,,1800.0,16,
north,northern,54677,unconfirmed,route_unconfirmed,,,,44.0,0,
north,northern,54678,unconfirmed,route_unconfirmed,,,,44.0,0,
north,northern,54679,unconfirmed,route_unconfirmed,,,,44.0,0,
north,northern,54680,unconfirmed,route_unconfirmed,,,,44.0,0,
north,northern,54681,unconfirmed,route_unconfirmed,,,,11.0,0,
north,northern,54682,unconfirmed,route_unconfirmed,,,,44.0,0,
north,northern,54686,road_route_found_entrance_unverified,,2367.9,1927.7,4.3,44.0,0,
north,northern,54687,unconfirmed,route_unconfirmed,,,,44.0,0,
north,northern,54688,unconfirmed,route_unconfirmed,,,,808.0,4,
north,northern,54689,unconfirmed,route_unconfirmed,,,,44.0,0,
north,northern,54690,unconfirmed,route_unconfirmed,,,,44.0,0,
north,northern,54691,unconfirmed,route_unconfirmed,,,,11.0,0,
north,northern,54692,unconfirmed,route_unconfirmed,,,,600.0,4,
north,northern,54693,unconfirmed,route_unconfirmed,,,,44.0,0,
north,northern,54696,unconfirmed,route_unconfirmed,,,,44.0,0,
north,northern,54697,unconfirmed,route_unconfirmed,,,,44.0,0,
north,northern,54717,unconfirmed,route_unconfirmed,,,,44.0,0,
north,northern,54730,unconfirmed,route_unconfirmed,,,,33.0,0,
north,northern,54739,unconfirmed,route_unconfirmed,,,,132.0,0,
north,northern,54740,unconfirmed,route_unconfirmed,,,,132.0,0,
north,northern,54743,unconfirmed,route_unconfirmed,,,,44.0,0,
north,northern,54744,unconfirmed,route_unconfirmed,,,,88.0,0,
north,northern,54745,unconfirmed,route_unconfirmed,,,,44.0,0,
north,northern,54746,unconfirmed,route_unconfirmed,,,,44.0,0,
north,northern,54747,unconfirmed,route_unconfirmed,,,,44.0,0,
north,northern,54748,unconfirmed,route_unconfirmed,,,,44.0,0,
north,northern,54749,unconfirmed,route_unconfirmed,,,,44.0,0,
north,northern,54752,unconfirmed,route_unconfirmed,,,,44.0,0,
north,northern,54753,unconfirmed,route_unconfirmed,,,,44.0,0,
north,northern,54755,road_route_found_entrance_unverified,,2833.5,2909.5,7.8,100.0,0,
north,northern,54757,unconfirmed,route_unconfirmed,,,,150.0,0,
north,northern,54758,unconfirmed,route_unconfirmed,,,,72.0,0,
north,northern,54759,unconfirmed,route_unconfirmed,,,,22.0,0,
north,northern,54760,unconfirmed,route_unconfirmed,,,,44.0,0,
north,northern,54761,unconfirmed,route_unconfirmed,,,,300.0,2,
north,northern,54766,unconfirmed,route_unconfirmed,,,,44.0,0,
north,northern,54767,unconfirmed,route_unconfirmed,,,,814.0,0,
north,northern,54768,unconfirmed,route_unconfirmed,,,,100.0,0,
north,northern,54769,unconfirmed,route_unconfirmed,,,,84.0,0,
north,northern,54770,unconfirmed,route_unconfirmed,,,,264.0,0,
north,northern,54771,unconfirmed,route_unconfirmed,,,,188.0,0,
north,northern,54772,unconfirmed,route_unconfirmed,,,,150.0,2,
north,northern,54773,unconfirmed,route_unconfirmed,,,,750.0,6,
north,northern,54775,unconfirmed,route_unconfirmed,,,,1200.0,6,
north,northern,54776,unconfirmed,route_unconfirmed,,,,44.0,0,
north,northern,54777,unconfirmed,route_unconfirmed,,,,44.0,0,
north,northern,54778,unconfirmed,route_unconfirmed,,,,350.0,2,
north,northern,54779,road_route_found_entrance_unverified,,1927.7,1976.0,0.5,44.0,0,
north,northern,54780,unconfirmed,route_unconfirmed,,,,150.0,2,
north,northern,54781,road_route_found_entrance_unverified,,2857.4,2870.0,5.4,44.0,0,
north,northern,54782,unconfirmed,route_unconfirmed,,,,100.0,0,
north,northern,54783,unconfirmed,route_unconfirmed,,,,2508.0,0,
north,northern,54784,unconfirmed,route_unconfirmed,,,,44.0,0,
north,northern,54785,road_route_found_entrance_unverified,,2920.9,2938.7,6.5,44.0,0,
north,northern,54786,unconfirmed,route_unconfirmed,,,,144.0,0,
north,northern,54787,unconfirmed,route_unconfirmed,,,,72.0,0,
north,northern,54788,unconfirmed,route_unconfirmed,,,,172.0,2,
north,northern,54789,unconfirmed,route_unconfirmed,,,,100.0,0,
north,northern,54790,unconfirmed,route_unconfirmed,,,,660.0,0,
north,northern,54791,unconfirmed,route_unconfirmed,,,,44.0,0,
north,northern,54792,road_route_found_entrance_unverified,,2408.3,2410.4,5.6,44.0,0,
north,northern,54793,unconfirmed,route_unconfirmed,,,,44.0,0,
north,northern,54794,road_route_found_entrance_unverified,,748.8,832.6,2.1,225.0,2,
north,northern,54795,road_route_found_entrance_unverified,,1107.5,1151.6,3.4,600.0,4,
north,northern,54796,road_route_found_entrance_unverified,,2414.2,2459.5,0.9,11.0,0,
north,northern,54797,road_route_found_entrance_unverified,,2319.7,2248.8,1.2,244.0,0,
north,northern,54798,road_route_found_entrance_unverified,,2319.7,2248.8,1.2,244.0,0,
north,northern,54799,unconfirmed,route_unconfirmed,,,,44.0,0,
north,northern,54800,unconfirmed,return_exceeds_pilot_3km,2997.6,4072.1,6.0,44.0,0,
north,northern,54801,road_route_found_entrance_unverified,,1271.3,827.4,2.1,44.0,0,
north,northern,54802,road_route_found_entrance_unverified,,423.7,1032.1,2.7,450.0,6,
north,northern,54803,road_route_found_entrance_unverified,,2760.3,997.8,3.7,1050.0,12,
north,northern,54804,road_route_found_entrance_unverified,,2029.1,1816.4,14.2,450.0,0,
north,northern,54805,unconfirmed,route_unconfirmed,,,,43.0,0,
north,northern,54806,road_route_found_entrance_unverified,,1547.3,1698.9,8.6,72.0,0,
north,northern,54807,unconfirmed,route_unconfirmed,,,,44.0,0,
north,northern,54808,unconfirmed,route_unconfirmed,,,,264.0,0,
north,northern,54809,unconfirmed,route_unconfirmed,,,,75.0,0,
north,northern,54810,road_route_found_entrance_unverified,,1202.3,1273.5,2.6,44.0,0,
north,northern,54811,road_route_found_entrance_unverified,,1065.6,1621.2,7.2,900.0,8,
north,northern,54812,road_route_found_entrance_unverified,,1046.8,1568.5,0.7,150.0,2,
north,northern,54813,road_route_found_entrance_unverified,,2624.8,2937.5,10.4,100.0,0,
north,northern,54814,road_route_found_entrance_unverified,,1409.5,1568.2,4.8,88.0,0,
north,northern,54815,unconfirmed,route_unconfirmed,,,,66.0,0,
north,northern,54816,road_route_found_entrance_unverified,,1679.2,1728.1,0.9,88.0,0,
north,northern,54817,road_route_found_entrance_unverified,,837.3,1829.0,12.4,88.0,0,
north,northern,54818,unconfirmed,route_unconfirmed,,,,100.0,0,
north,northern,54819,road_route_found_entrance_unverified,,1215.5,2221.4,0.1,88.0,0,
north,northern,54820,road_route_found_entrance_unverified,,980.8,1456.0,5.0,100.0,0,
north,northern,54821,road_route_found_entrance_unverified,,1453.8,1723.3,4.2,22.0,0,
north,northern,54822,road_route_found_entrance_unverified,,1466.5,1870.3,12.4,22.0,0,
north,northern,54823,road_route_found_entrance_unverified,,1499.6,1920.2,5.5,44.0,0,
north,northern,54824,road_route_found_entrance_unverified,,1791.1,1757.0,5.2,44.0,0,
north,northern,54825,road_route_found_entrance_unverified,,2253.5,2772.9,9.0,22.0,0,
north,northern,54826,road_route_found_entrance_unverified,,2255.4,2770.9,9.5,22.0,0,
north,northern,54827,road_route_found_entrance_unverified,,1839.7,2313.8,4.2,66.0,0,
north,northern,54828,unconfirmed,route_unconfirmed,,,,132.0,0,
north,northern,54829,unconfirmed,route_unconfirmed,,,,21.0,0,
north,northern,54830,unconfirmed,route_unconfirmed,,,,88.0,0,
north,northern,54831,unconfirmed,route_unconfirmed,,,,44.0,0,
north,northern,54832,road_route_found_entrance_unverified,,2490.6,2711.1,4.1,44.0,0,
north,northern,54833,road_route_found_entrance_unverified,,2417.1,2554.7,5.6,131.0,0,
north,northern,54834,unconfirmed,route_unconfirmed,,,,11.0,0,
north,northern,54835,road_route_found_entrance_unverified,,2746.1,2871.9,3.3,44.0,0,
north,northern,54836,unconfirmed,route_unconfirmed,,,,11.0,0,
north,northern,54837,unconfirmed,route_unconfirmed,,,,33.1,0,
north,northern,54838,road_route_found_entrance_unverified,,2183.8,2295.7,7.7,44.0,0,
north,northern,54839,road_route_found_entrance_unverified,,1976.3,2029.6,16.4,150.0,2,
north,northern,54840,road_route_found_entrance_unverified,,2843.0,2986.8,2.7,44.0,0,
north,northern,54841,road_route_found_entrance_unverified,,2612.8,2713.6,5.0,44.0,0,
north,northern,54842,unconfirmed,route_unconfirmed,,,,11.0,0,
north,northern,54843,unconfirmed,route_unconfirmed,,,,11.0,0,
north,northern,54844,road_route_found_entrance_unverified,,2528.5,2596.7,7.9,44.0,0,
north,northern,54845,road_route_found_entrance_unverified,,2092.9,2259.1,8.0,44.0,0,
north,northern,54862,road_route_found_entrance_unverified,,2270.8,2398.8,3.2,150.0,2,
north,northern,54863,unconfirmed,route_unconfirmed,,,,220.0,0,
north,northern,54864,road_route_found_entrance_unverified,,2573.8,2154.3,4.9,44.0,0,
north,northern,54866,unconfirmed,route_unconfirmed,,,,44.0,0,
north,northern,54867,unconfirmed,route_unconfirmed,,,,44.0,0,
north,northern,54868,unconfirmed,route_unconfirmed,,,,44.0,0,
north,northern,54869,road_route_found_entrance_unverified,,2872.2,2859.4,5.3,22.0,0,
north,northern,54872,unconfirmed,route_unconfirmed,,,,44.0,0,
north,northern,54873,unconfirmed,route_unconfirmed,,,,150.0,2,
north,northern,54875,unconfirmed,route_unconfirmed,,,,44.0,0,
north,northern,54876,unconfirmed,route_unconfirmed,,,,11.0,0,
north,northern,54877,unconfirmed,route_unconfirmed,,,,198.0,0,
north,northern,54878,unconfirmed,route_unconfirmed,,,,44.0,0,
north,northern,54879,unconfirmed,route_unconfirmed,,,,44.0,0,
north,northern,54880,unconfirmed,route_unconfirmed,,,,44.0,0,
north,northern,54881,unconfirmed,route_unconfirmed,,,,44.0,0,
north,northern,54882,unconfirmed,route_unconfirmed,,,,66.0,0,
north,northern,54883,unconfirmed,route_unconfirmed,,,,431.0,2,
north,northern,54884,unconfirmed,route_unconfirmed,,,,600.0,4,
north,northern,54885,unconfirmed,route_unconfirmed,,,,44.0,0,
north,northern,54887,unconfirmed,route_unconfirmed,,,,44.0,0,
north,northern,54895,unconfirmed,route_unconfirmed,,,,100.0,0,
north,northern,54896,unconfirmed,route_unconfirmed,,,,44.0,0,
north,northern,55006,unconfirmed,route_unconfirmed,,,,44.0,0,
north,northern,55223,unconfirmed,route_unconfirmed,,,,44.0,0,
north,northern,55224,unconfirmed,route_unconfirmed,,,,22.0,0,
north,northern,55225,unconfirmed,route_unconfirmed,,,,44.0,0,
north,northern,55227,unconfirmed,route_unconfirmed,,,,22.0,0,
north,northern,55229,unconfirmed,route_unconfirmed,,,,44.0,0,
north,northern,55230,unconfirmed,route_unconfirmed,,,,44.0,0,
north,northern,55232,unconfirmed,route_unconfirmed,,,,44.0,0,
north,northern,55233,unconfirmed,route_unconfirmed,,,,44.0,0,
north,northern,55234,unconfirmed,route_unconfirmed,,,,44.0,0,
north,northern,55235,unconfirmed,route_unconfirmed,,,,44.0,0,
north,northern,55236,unconfirmed,route_unconfirmed,,,,44.0,0,
north,northern,55237,unconfirmed,route_unconfirmed,,,,75.0,0,
north,northern,55238,unconfirmed,route_unconfirmed,,,,44.0,0,
north,northern,55239,unconfirmed,route_unconfirmed,,,,66.0,0,
north,northern,55243,unconfirmed,route_unconfirmed,,,,22.0,0,
north,northern,55244,unconfirmed,route_unconfirmed,,,,150.0,2,
north,northern,55245,unconfirmed,route_unconfirmed,,,,22.0,0,
north,northern,55246,unconfirmed,route_unconfirmed,,,,22.0,0,
north,northern,55247,unconfirmed,route_unconfirmed,,,,50.0,0,
north,northern,55248,unconfirmed,route_unconfirmed,,,,22.0,0,
north,northern,55249,unconfirmed,route_unconfirmed,,,,44.0,0,
north,northern,55250,unconfirmed,route_unconfirmed,,,,44.0,0,
north,northern,55251,unconfirmed,route_unconfirmed,,,,88.0,0,
north,northern,55252,unconfirmed,route_unconfirmed,,,,22.0,0,
north,northern,55253,unconfirmed,route_unconfirmed,,,,22.0,0,
north,northern,55254,unconfirmed,route_unconfirmed,,,,22.0,0,
north,northern,55255,unconfirmed,route_unconfirmed,,,,22.0,0,
north,northern,55256,unconfirmed,route_unconfirmed,,,,44.0,0,
north,northern,55257,unconfirmed,route_unconfirmed,,,,22.0,0,
north,northern,55258,unconfirmed,route_unconfirmed,,,,44.0,0,
north,northern,55259,unconfirmed,route_unconfirmed,,,,30.0,0,
north,northern,55260,unconfirmed,route_unconfirmed,,,,44.0,0,
north,northern,55261,unconfirmed,route_unconfirmed,,,,22.0,0,
north,northern,55262,unconfirmed,route_unconfirmed,,,,44.0,0,
north,northern,55263,unconfirmed,route_unconfirmed,,,,44.0,0,
north,northern,55264,unconfirmed,route_unconfirmed,,,,44.0,0,
north,northern,55265,unconfirmed,route_unconfirmed,,,,44.0,0,
north,northern,55266,unconfirmed,route_unconfirmed,,,,44.0,0,
north,northern,55267,unconfirmed,route_unconfirmed,,,,44.0,0,
north,northern,55268,unconfirmed,route_unconfirmed,,,,88.0,0,
north,northern,55269,unconfirmed,route_unconfirmed,,,,22.0,0,
north,northern,55270,unconfirmed,route_unconfirmed,,,,44.0,0,
north,northern,55271,unconfirmed,route_unconfirmed,,,,44.0,0,
north,northern,55272,unconfirmed,route_unconfirmed,,,,44.0,0,
north,northern,55273,unconfirmed,route_unconfirmed,,,,44.0,0,
north,northern,55274,unconfirmed,route_unconfirmed,,,,22.0,0,
north,northern,55275,unconfirmed,route_unconfirmed,,,,22.0,0,
north,northern,55276,unconfirmed,route_unconfirmed,,,,22.0,0,
north,northern,55277,unconfirmed,route_unconfirmed,,,,50.0,0,
north,northern,55278,unconfirmed,route_unconfirmed,,,,22.0,0,
north,northern,55279,unconfirmed,route_unconfirmed,,,,44.0,0,
north,northern,55280,unconfirmed,route_unconfirmed,,,,44.0,0,
north,northern,55281,unconfirmed,route_unconfirmed,,,,44.0,0,
north,northern,55282,unconfirmed,route_unconfirmed,,,,308.0,0,
north,northern,55283,unconfirmed,route_unconfirmed,,,,44.0,0,
north,northern,55284,unconfirmed,route_unconfirmed,,,,44.0,0,
north,northern,55285,unconfirmed,route_unconfirmed,,,,44.0,0,
north,northern,55286,unconfirmed,route_unconfirmed,,,,44.0,0,
north,northern,55287,unconfirmed,route_unconfirmed,,,,44.0,0,
north,northern,55288,unconfirmed,route_unconfirmed,,,,22.0,0,
north,northern,55289,unconfirmed,route_unconfirmed,,,,11.0,0,
north,northern,55290,unconfirmed,route_unconfirmed,,,,11.0,0,
north,northern,55291,unconfirmed,route_unconfirmed,,,,44.0,0,
north,northern,55292,unconfirmed,route_unconfirmed,,,,22.0,0,
north,northern,55293,unconfirmed,route_unconfirmed,,,,44.0,0,
north,northern,55294,unconfirmed,route_unconfirmed,,,,44.0,0,
north,northern,55295,unconfirmed,route_unconfirmed,,,,22.0,0,
north,northern,55296,unconfirmed,route_unconfirmed,,,,22.0,0,
north,northern,55297,unconfirmed,route_unconfirmed,,,,22.0,0,
north,northern,55298,unconfirmed,route_unconfirmed,,,,44.0,0,
north,northern,55299,unconfirmed,route_unconfirmed,,,,44.0,0,
north,northern,55300,unconfirmed,route_unconfirmed,,,,22.0,0,
north,northern,55301,unconfirmed,route_unconfirmed,,,,144.0,0,
north,northern,55302,unconfirmed,route_unconfirmed,,,,44.0,0,
north,northern,55303,unconfirmed,route_unconfirmed,,,,22.0,0,
north,northern,55304,unconfirmed,route_unconfirmed,,,,11.0,0,
north,northern,55305,unconfirmed,route_unconfirmed,,,,10.0,0,
north,northern,55306,unconfirmed,route_unconfirmed,,,,22.0,0,
north,northern,55307,unconfirmed,route_unconfirmed,,,,22.0,0,
north,northern,55308,unconfirmed,route_unconfirmed,,,,110.0,0,
north,northern,55309,unconfirmed,route_unconfirmed,,,,11.0,0,
north,northern,55310,unconfirmed,route_unconfirmed,,,,22.0,0,
north,northern,55311,unconfirmed,route_unconfirmed,,,,44.0,0,
north,northern,55312,unconfirmed,route_unconfirmed,,,,22.0,0,
north,northern,55313,unconfirmed,route_unconfirmed,,,,11.0,0,
north,northern,55314,unconfirmed,route_unconfirmed,,,,22.0,0,
north,northern,55315,unconfirmed,route_unconfirmed,,,,22.0,0,
north,northern,55316,unconfirmed,route_unconfirmed,,,,22.0,0,
north,northern,55317,unconfirmed,route_unconfirmed,,,,44.0,0,
north,northern,55318,unconfirmed,route_unconfirmed,,,,22.0,0,
north,northern,55319,unconfirmed,route_unconfirmed,,,,22.0,0,
north,northern,55320,unconfirmed,route_unconfirmed,,,,1600.0,8,
north,northern,55321,unconfirmed,route_unconfirmed,,,,150.0,2,
north,northern,55322,unconfirmed,route_unconfirmed,,,,50.0,0,
north,northern,55323,unconfirmed,route_unconfirmed,,,,150.0,2,
north,northern,55324,unconfirmed,route_unconfirmed,,,,900.0,8,
north,northern,55325,unconfirmed,route_unconfirmed,,,,22.0,0,
north,northern,55326,unconfirmed,route_unconfirmed,,,,44.0,0,
north,northern,55327,unconfirmed,route_unconfirmed,,,,22.0,0,
north,northern,55328,unconfirmed,route_unconfirmed,,,,22.0,0,
north,northern,55329,unconfirmed,route_unconfirmed,,,,44.0,0,
north,northern,55330,unconfirmed,route_unconfirmed,,,,150.0,2,
north,northern,55331,unconfirmed,route_unconfirmed,,,,44.0,0,
north,northern,55332,unconfirmed,route_unconfirmed,,,,150.0,2,
north,northern,55333,unconfirmed,route_unconfirmed,,,,44.0,0,
north,northern,55334,unconfirmed,route_unconfirmed,,,,44.0,0,
north,northern,55335,unconfirmed,route_unconfirmed,,,,44.0,0,
north,northern,55336,unconfirmed,route_unconfirmed,,,,22.0,0,
north,northern,55337,unconfirmed,route_unconfirmed,,,,22.0,0,
north,northern,55338,unconfirmed,route_unconfirmed,,,,22.0,0,
north,northern,55339,unconfirmed,route_unconfirmed,,,,44.0,0,
north,northern,55341,unconfirmed,route_unconfirmed,,,,22.0,0,
north,northern,55342,unconfirmed,route_unconfirmed,,,,22.0,0,
north,northern,55343,unconfirmed,route_unconfirmed,,,,320.0,2,
north,northern,55344,unconfirmed,route_unconfirmed,,,,44.0,0,
north,northern,55345,unconfirmed,route_unconfirmed,,,,144.0,0,
north,northern,55346,unconfirmed,route_unconfirmed,,,,22.0,0,
north,northern,55347,unconfirmed,route_unconfirmed,,,,22.0,0,
north,northern,55348,unconfirmed,route_unconfirmed,,,,88.0,0,
north,northern,55349,unconfirmed,route_unconfirmed,,,,44.0,0,
north,northern,55350,unconfirmed,route_unconfirmed,,,,44.0,0,
north,northern,55351,unconfirmed,route_unconfirmed,,,,44.0,0,
north,northern,55352,unconfirmed,route_unconfirmed,,,,44.0,0,
north,northern,55353,unconfirmed,route_unconfirmed,,,,22.0,0,
north,northern,55354,unconfirmed,route_unconfirmed,,,,150.0,2,
north,northern,55355,unconfirmed,route_unconfirmed,,,,44.0,0,
north,northern,55356,unconfirmed,route_unconfirmed,,,,11.0,0,
north,northern,55357,unconfirmed,route_unconfirmed,,,,44.0,0,
north,northern,55358,unconfirmed,route_unconfirmed,,,,44.0,0,
north,northern,55359,unconfirmed,route_unconfirmed,,,,44.0,0,
north,northern,55360,unconfirmed,route_unconfirmed,,,,22.0,0,
north,northern,55361,unconfirmed,route_unconfirmed,,,,44.0,0,
north,northern,55362,unconfirmed,route_unconfirmed,,,,44.0,0,
north,northern,55363,unconfirmed,route_unconfirmed,,,,22.0,0,
north,northern,55364,unconfirmed,route_unconfirmed,,,,200.0,2,
north,northern,55365,unconfirmed,route_unconfirmed,,,,200.0,2,
north,northern,55366,unconfirmed,route_unconfirmed,,,,44.0,0,
north,northern,55367,unconfirmed,route_unconfirmed,,,,22.0,0,
north,northern,55368,unconfirmed,route_unconfirmed,,,,150.0,2,
north,northern,55838,unconfirmed,route_unconfirmed,,,,22.0,0,
north,northern,55846,unconfirmed,route_unconfirmed,,,,44.0,0,
north,northern,55848,unconfirmed,route_unconfirmed,,,,308.0,0,
north,northern,55849,unconfirmed,route_unconfirmed,,,,22.0,0,
north,northern,55851,unconfirmed,route_unconfirmed,,,,88.0,0,
north,northern,55855,unconfirmed,route_unconfirmed,,,,88.0,0,
north,northern,55857,unconfirmed,route_unconfirmed,,,,44.0,0,
north,northern,55859,unconfirmed,route_unconfirmed,,,,44.0,0,
north,northern,55956,unconfirmed,route_unconfirmed,,,,1800.0,12,
north,northern,55957,road_route_found_entrance_unverified,,2973.9,2681.3,5.8,2000.0,8,
north,northern,55958,unconfirmed,route_unconfirmed,,,,110.0,0,
north,northern,55959,unconfirmed,route_unconfirmed,,,,44.0,0,
north,northern,55960,unconfirmed,route_unconfirmed,,,,97.0,0,
north,northern,55961,unconfirmed,route_unconfirmed,,,,44.0,0,
north,northern,55962,unconfirmed,route_unconfirmed,,,,450.0,4,
north,northern,55963,unconfirmed,route_unconfirmed,,,,22.0,0,
north,northern,55964,unconfirmed,route_unconfirmed,,,,22.0,0,
north,northern,55965,unconfirmed,route_unconfirmed,,,,22.0,0,
north,northern,55966,unconfirmed,route_unconfirmed,,,,22.0,0,
north,northern,55967,unconfirmed,route_unconfirmed,,,,22.0,0,
north,northern,55968,unconfirmed,route_unconfirmed,,,,44.0,0,
north,northern,55969,unconfirmed,route_unconfirmed,,,,33.0,0,
north,northern,55970,unconfirmed,route_unconfirmed,,,,44.0,0,
north,northern,55971,road_route_found_entrance_unverified,,434.7,205.7,2.9,160.0,2,
north,northern,55972,unconfirmed,route_unconfirmed,,,,160.0,2,
north,northern,55973,unconfirmed,route_unconfirmed,,,,22.0,0,
north,northern,55974,unconfirmed,route_unconfirmed,,,,22.0,0,
north,northern,55975,unconfirmed,route_unconfirmed,,,,44.0,0,
north,northern,55976,unconfirmed,route_unconfirmed,,,,66.0,0,
north,northern,55977,unconfirmed,route_unconfirmed,,,,88.0,0,
north,northern,55978,unconfirmed,route_unconfirmed,,,,66.0,0,
north,northern,55979,unconfirmed,route_unconfirmed,,,,44.0,0,
north,northern,55980,unconfirmed,route_unconfirmed,,,,44.0,0,
north,northern,55981,unconfirmed,route_unconfirmed,,,,44.0,0,
north,northern,55982,unconfirmed,route_unconfirmed,,,,44.0,0,
north,northern,55984,unconfirmed,route_unconfirmed,,,,11.0,0,
north,northern,55985,unconfirmed,route_unconfirmed,,,,44.0,0,
north,northern,55986,unconfirmed,route_unconfirmed,,,,22.0,0,
north,northern,55987,unconfirmed,route_unconfirmed,,,,22.0,0,
north,northern,55988,road_route_found_entrance_unverified,,2683.4,2727.4,1.0,150.0,0,
north,northern,55989,road_route_found_entrance_unverified,,2782.4,2864.7,10.7,150.0,0,
north,northern,55990,road_route_found_entrance_unverified,,2645.6,2765.3,3.1,150.0,0,
north,northern,55991,road_route_found_entrance_unverified,,2782.4,2864.7,10.7,150.0,0,
north,northern,55992,road_route_found_entrance_unverified,,2645.1,2765.7,2.2,150.0,0,
north,northern,55993,road_route_found_entrance_unverified,,2782.4,2864.7,10.7,150.0,0,
north,northern,55994,road_route_found_entrance_unverified,,1176.3,1170.4,11.0,450.0,4,
north,northern,55995,road_route_found_entrance_unverified,,821.5,909.5,12.8,150.0,0,
north,northern,55996,road_route_found_entrance_unverified,,821.5,909.5,12.8,75.0,0,
north,northern,55997,unconfirmed,route_unconfirmed,,,,22.0,0,
north,northern,55998,unconfirmed,route_unconfirmed,,,,44.0,0,
north,northern,55999,unconfirmed,route_unconfirmed,,,,150.0,2,
north,northern,56000,unconfirmed,route_unconfirmed,,,,150.0,2,
north,northern,56001,unconfirmed,route_unconfirmed,,,,640.0,2,
north,northern,56002,unconfirmed,route_unconfirmed,,,,44.0,0,
north,northern,56003,unconfirmed,route_unconfirmed,,,,75.0,0,
north,northern,56004,unconfirmed,route_unconfirmed,,,,75.0,0,
north,northern,56005,unconfirmed,route_unconfirmed,,,,300.0,0,
north,northern,56006,unconfirmed,route_unconfirmed,,,,47.0,0,
north,northern,56007,unconfirmed,route_unconfirmed,,,,4.1,0,
north,northern,56293,unconfirmed,route_unconfirmed,,,,300.0,2,
north,northern,56297,unconfirmed,route_unconfirmed,,,,308.0,0,
north,northern,56298,unconfirmed,route_unconfirmed,,,,220.0,0,
north,northern,56299,unconfirmed,route_unconfirmed,,,,132.0,0,
north,northern,56300,unconfirmed,route_unconfirmed,,,,400.0,4,
north,northern,56301,unconfirmed,route_unconfirmed,,,,44.0,0,
north,northern,56302,road_route_found_entrance_unverified,,1209.1,1359.2,4.4,2000.0,10,
north,northern,56304,road_route_found_entrance_unverified,,1175.4,1179.7,8.1,44.0,0,
north,northern,56305,unconfirmed,route_unconfirmed,,,,88.0,0,
north,northern,56306,unconfirmed,route_unconfirmed,,,,600.0,6,
north,northern,56307,unconfirmed,route_unconfirmed,,,,60.0,0,
north,northern,56308,unconfirmed,route_unconfirmed,,,,150.0,2,
north,northern,56309,unconfirmed,route_unconfirmed,,,,88.0,0,
north,northern,56311,road_route_found_entrance_unverified,,1466.4,1614.7,21.5,176.0,0,
north,northern,56316,unconfirmed,route_unconfirmed,,,,11.0,0,
north,northern,56317,unconfirmed,route_unconfirmed,,,,88.0,0,
north,northern,56321,unconfirmed,route_unconfirmed,,,,200.0,0,
north,northern,56322,unconfirmed,route_unconfirmed,,,,11.0,0,
north,northern,56323,road_route_found_entrance_unverified,,601.6,572.3,8.6,98.0,0,
north,northern,56324,unconfirmed,route_unconfirmed,,,,100.0,0,
north,northern,56325,road_route_found_entrance_unverified,,643.8,530.0,4.6,350.0,1,
north,northern,56326,road_route_found_entrance_unverified,,643.8,530.0,4.6,350.0,1,
north,northern,56327,unconfirmed,route_unconfirmed,,,,450.0,4,
north,northern,56328,road_route_found_entrance_unverified,,2015.1,2021.9,0.8,88.0,0,
north,northern,56329,road_route_found_entrance_unverified,,2190.9,2229.9,17.8,44.0,0,
north,northern,56330,unconfirmed,route_unconfirmed,,,,66.0,0,
north,northern,56331,unconfirmed,route_unconfirmed,,,,88.0,0,
north,northern,56332,unconfirmed,route_unconfirmed,,,,22.0,0,
north,northern,56333,road_route_found_entrance_unverified,,2678.2,2658.4,9.8,300.0,2,
north,northern,56334,road_route_found_entrance_unverified,,2051.8,2052.0,7.0,6.0,0,
north,northern,56336,road_route_found_entrance_unverified,,894.6,893.7,2.9,22.0,0,
north,northern,56337,road_route_found_entrance_unverified,,2511.8,2380.4,16.5,110.0,0,
north,northern,56338,road_route_found_entrance_unverified,,1985.2,2087.3,7.7,88.0,0,
north,northern,56339,road_route_found_entrance_unverified,,2004.6,2110.5,5.8,1200.0,8,
north,northern,56340,road_route_found_entrance_unverified,,2591.1,2242.7,11.6,22.0,0,
north,northern,56341,unconfirmed,route_unconfirmed,,,,11.0,0,
north,northern,56342,road_route_found_entrance_unverified,,2490.5,1940.1,5.4,88.0,0,
north,northern,56343,road_route_found_entrance_unverified,,800.2,759.4,11.3,44.0,0,
north,northern,56344,unconfirmed,route_unconfirmed,,,,22.0,0,
north,northern,56345,unconfirmed,route_unconfirmed,,,,44.0,0,
north,northern,56346,unconfirmed,route_unconfirmed,,,,88.0,0,
north,northern,56418,unconfirmed,route_unconfirmed,,,,44.0,0,
north,northern,56544,unconfirmed,route_unconfirmed,,,,44.0,0,
north,northern,56545,unconfirmed,route_unconfirmed,,,,44.0,0,
north,northern,56546,unconfirmed,route_unconfirmed,,,,44.0,0,
north,northern,56547,unconfirmed,route_unconfirmed,,,,44.0,0,
north,northern,56548,unconfirmed,route_unconfirmed,,,,88.0,0,
north,northern,56549,unconfirmed,route_unconfirmed,,,,44.0,0,
north,northern,56550,unconfirmed,route_unconfirmed,,,,71.0,0,
north,northern,56551,unconfirmed,route_unconfirmed,,,,44.0,0,
north,northern,56552,unconfirmed,route_unconfirmed,,,,44.0,0,
north,northern,56553,unconfirmed,route_unconfirmed,,,,44.0,0,
north,northern,56554,unconfirmed,route_unconfirmed,,,,44.0,0,
north,northern,56555,unconfirmed,route_unconfirmed,,,,44.0,0,
north,northern,56556,unconfirmed,route_unconfirmed,,,,44.0,0,
north,northern,56557,unconfirmed,route_unconfirmed,,,,44.0,0,
north,northern,56559,unconfirmed,route_unconfirmed,,,,100.0,0,
north,northern,56560,unconfirmed,route_unconfirmed,,,,44.0,0,
north,northern,56561,unconfirmed,route_unconfirmed,,,,11.0,0,
north,northern,56562,unconfirmed,route_unconfirmed,,,,44.0,0,
north,northern,56563,unconfirmed,route_unconfirmed,,,,94.0,0,
north,northern,56564,unconfirmed,route_unconfirmed,,,,600.0,4,
north,northern,56565,unconfirmed,route_unconfirmed,,,,44.0,0,
north,northern,56566,unconfirmed,route_unconfirmed,,,,84.0,0,
north,northern,56567,unconfirmed,route_unconfirmed,,,,600.0,4,
north,northern,56570,unconfirmed,route_unconfirmed,,,,44.0,0,
north,northern,56575,unconfirmed,route_unconfirmed,,,,44.0,0,
north,northern,56577,unconfirmed,route_unconfirmed,,,,44.0,0,
north,northern,56578,unconfirmed,route_unconfirmed,,,,22.0,0,
north,northern,56580,unconfirmed,route_unconfirmed,,,,44.0,0,
north,northern,56582,unconfirmed,route_unconfirmed,,,,88.0,0,
north,northern,56583,unconfirmed,route_unconfirmed,,,,44.0,0,
north,northern,56584,unconfirmed,route_unconfirmed,,,,88.0,0,
north,northern,56585,unconfirmed,route_unconfirmed,,,,172.0,2,
north,northern,56586,unconfirmed,route_unconfirmed,,,,450.0,4,
north,northern,56588,unconfirmed,route_unconfirmed,,,,22.0,0,
north,northern,56589,unconfirmed,route_unconfirmed,,,,22.0,0,
north,northern,56590,road_route_found_entrance_unverified,,1664.2,1587.0,12.0,44.0,0,
north,northern,56591,unconfirmed,route_unconfirmed,,,,300.0,2,
north,northern,56592,unconfirmed,route_unconfirmed,,,,72.0,0,
north,northern,56593,unconfirmed,route_unconfirmed,,,,44.0,0,
north,northern,56594,unconfirmed,route_unconfirmed,,,,300.0,2,
north,northern,56596,unconfirmed,route_unconfirmed,,,,44.0,0,
north,northern,56597,unconfirmed,route_unconfirmed,,,,150.0,2,
north,northern,56598,unconfirmed,route_unconfirmed,,,,44.0,0,
north,northern,56599,unconfirmed,route_unconfirmed,,,,300.0,2,
north,northern,56600,unconfirmed,route_unconfirmed,,,,150.0,2,
north,northern,56628,unconfirmed,route_unconfirmed,,,,44.0,0,
north,northern,56629,unconfirmed,route_unconfirmed,,,,44.0,0,
north,northern,56630,unconfirmed,route_unconfirmed,,,,150.0,2,
north,northern,56631,unconfirmed,route_unconfirmed,,,,400.0,4,
north,northern,56632,unconfirmed,route_unconfirmed,,,,44.0,0,
north,northern,56633,unconfirmed,route_unconfirmed,,,,44.0,0,
north,northern,56634,unconfirmed,route_unconfirmed,,,,44.0,0,
north,northern,56635,unconfirmed,route_unconfirmed,,,,243.0,2,
north,northern,56636,unconfirmed,route_unconfirmed,,,,315.0,2,
north,northern,56637,road_route_found_entrance_unverified,,1296.2,1181.8,9.8,5000.0,20,
north,northern,56638,unconfirmed,route_unconfirmed,,,,11.0,0,
north,northern,56639,road_route_found_entrance_unverified,,2660.1,2582.4,7.5,44.0,0,
north,northern,56640,road_route_found_entrance_unverified,,208.6,184.9,9.1,98.0,0,
north,northern,56643,unconfirmed,route_unconfirmed,,,,11.0,0,
north,northern,64274,road_route_found_entrance_unverified,,2336.3,2875.2,9.1,44.0,0,
north,northern,64275,road_route_found_entrance_unverified,,1835.2,1790.2,7.5,50.0,0,
north,northern,64276,road_route_found_entrance_unverified,,1835.2,1790.2,7.5,50.0,0,
north,northern,64277,unconfirmed,route_unconfirmed,,,,44.0,0,
north,northern,64278,unconfirmed,route_unconfirmed,,,,577.0,2,
north,northern,64279,unconfirmed,route_unconfirmed,,,,176.0,0,
north,northern,64280,road_route_found_entrance_unverified,,2067.4,2099.0,6.5,22.0,0,
north,northern,64281,road_route_found_entrance_unverified,,1870.2,1791.3,8.2,22.0,0,
north,northern,64282,unconfirmed,route_unconfirmed,,,,1200.0,6,
north,northern,64283,road_route_found_entrance_unverified,,1976.9,1967.6,4.2,137.0,0,
north,northern,64284,road_route_found_entrance_unverified,,1871.2,1790.3,11.3,44.0,0,
north,northern,64285,unconfirmed,route_unconfirmed,,,,11.0,0,
north,northern,64286,unconfirmed,route_unconfirmed,,,,44.0,0,
north,northern,64287,unconfirmed,route_unconfirmed,,,,44.0,0,
north,northern,64288,unconfirmed,route_unconfirmed,,,,720.0,4,
north,northern,64290,unconfirmed,route_unconfirmed,,,,308.0,0,
north,northern,64291,unconfirmed,route_unconfirmed,,,,22.0,0,
north,northern,64292,road_route_found_entrance_unverified,,1633.6,2101.8,19.0,44.0,0,
north,northern,64293,road_route_found_entrance_unverified,,1603.9,2075.4,14.6,200.0,2,
north,northern,64297,road_route_found_entrance_unverified,,1274.5,1199.5,17.7,44.0,0,
north,northern,64298,road_route_found_entrance_unverified,,1274.5,1199.5,17.0,44.0,0,
north,northern,64299,road_route_found_entrance_unverified,,1495.1,1431.7,7.4,150.0,2,
north,northern,64302,unconfirmed,route_unconfirmed,,,,22.0,0,
north,northern,64305,unconfirmed,route_unconfirmed,,,,44.0,0,
north,northern,64306,unconfirmed,route_unconfirmed,,,,44.0,0,
north,northern,64307,unconfirmed,route_unconfirmed,,,,44.0,0,
north,northern,64308,unconfirmed,route_unconfirmed,,,,44.0,0,
north,northern,64309,unconfirmed,route_unconfirmed,,,,88.0,0,
north,northern,64311,unconfirmed,route_unconfirmed,,,,44.0,0,
north,northern,64312,unconfirmed,route_unconfirmed,,,,44.0,0,
north,northern,64313,unconfirmed,route_unconfirmed,,,,44.0,0,
north,northern,64314,unconfirmed,route_unconfirmed,,,,11.0,0,
north,northern,64315,unconfirmed,route_unconfirmed,,,,11.0,0,
north,northern,64316,unconfirmed,route_unconfirmed,,,,22.0,0,
north,northern,64317,unconfirmed,route_unconfirmed,,,,44.0,0,
north,northern,64320,unconfirmed,route_unconfirmed,,,,44.0,0,
north,northern,64321,unconfirmed,route_unconfirmed,,,,44.0,0,
north,northern,64322,unconfirmed,route_unconfirmed,,,,44.0,0,
north,northern,64323,unconfirmed,route_unconfirmed,,,,44.0,0,
north,northern,64327,unconfirmed,route_unconfirmed,,,,11.0,0,
north,northern,64328,unconfirmed,route_unconfirmed,,,,50.0,0,
north,northern,64331,unconfirmed,route_unconfirmed,,,,88.0,0,
north,northern,64332,road_route_found_entrance_unverified,,659.7,641.6,7.1,44.0,0,
north,northern,64333,road_route_found_entrance_unverified,,1149.4,1148.3,7.6,1300.0,8,
north,northern,64334,road_route_found_entrance_unverified,,1165.9,1219.3,13.3,22.0,0,
north,northern,64335,unconfirmed,route_unconfirmed,,,,44.0,0,
north,northern,64336,unconfirmed,route_unconfirmed,,,,44.0,0,
north,northern,64337,unconfirmed,route_unconfirmed,,,,44.0,0,
north,northern,64338,unconfirmed,route_unconfirmed,,,,88.0,0,
north,northern,64339,unconfirmed,route_unconfirmed,,,,44.0,0,
north,northern,64340,road_route_found_entrance_unverified,,1605.3,1625.7,8.7,88.0,0,
north,northern,64341,road_route_found_entrance_unverified,,2952.7,2983.0,14.6,200.0,2,
north,northern,64342,unconfirmed,return_exceeds_pilot_3km,2918.2,3885.6,13.6,44.0,0,
north,northern,64343,unconfirmed,route_unconfirmed,,,,44.0,0,
north,northern,64344,road_route_found_entrance_unverified,,1574.8,1578.5,25.2,44.0,0,
north,northern,64345,road_route_found_entrance_unverified,,2708.0,2519.3,9.5,11.0,0,
north,northern,64346,road_route_found_entrance_unverified,,1966.7,2142.4,6.3,44.0,0,
north,northern,64347,road_route_found_entrance_unverified,,2554.1,2339.4,9.5,44.0,0,
north,northern,64348,road_route_found_entrance_unverified,,2264.9,2302.5,15.1,44.0,0,
north,northern,64349,road_route_found_entrance_unverified,,2411.3,2378.2,8.3,44.0,0,
north,northern,64350,road_route_found_entrance_unverified,,1314.7,1290.7,9.7,44.0,0,
north,northern,64351,unconfirmed,route_unconfirmed,,,,44.0,0,
north,northern,64352,unconfirmed,route_unconfirmed,,,,44.0,0,
north,northern,64353,unconfirmed,route_unconfirmed,,,,88.0,0,
north,northern,64356,unconfirmed,route_unconfirmed,,,,44.0,0,
north,northern,64357,unconfirmed,route_unconfirmed,,,,22.0,0,
north,northern,64383,unconfirmed,route_unconfirmed,,,,44.0,0,
north,northern,64400,unconfirmed,route_unconfirmed,,,,22.0,0,
north,northern,64401,road_route_found_entrance_unverified,,2959.7,2847.1,3.4,22.0,0,
north,northern,64402,unconfirmed,route_unconfirmed,,,,344.0,0,
north,northern,64403,unconfirmed,route_unconfirmed,,,,44.0,0,
north,northern,64404,unconfirmed,route_unconfirmed,,,,44.0,0,
north,northern,64405,unconfirmed,route_unconfirmed,,,,44.0,0,
north,northern,64406,unconfirmed,route_unconfirmed,,,,374.0,0,
north,northern,64407,unconfirmed,route_unconfirmed,,,,242.0,0,
north,northern,64411,road_route_found_entrance_unverified,,1764.3,1710.2,17.2,75.0,0,
north,northern,64412,road_route_found_entrance_unverified,,2191.2,2101.0,3.6,72.0,0,
north,northern,64413,unconfirmed,route_unconfirmed,,,,44.0,0,
north,northern,64414,unconfirmed,route_unconfirmed,,,,22.0,0,
north,northern,64415,unconfirmed,route_unconfirmed,,,,22.0,0,
north,northern,64416,unconfirmed,route_unconfirmed,,,,50.0,0,
north,northern,64417,unconfirmed,route_unconfirmed,,,,22.0,0,
north,northern,64418,road_route_found_entrance_unverified,,218.1,365.7,9.4,93.0,0,
north,northern,64419,unconfirmed,route_unconfirmed,,,,93.0,0,
north,northern,64420,road_route_found_entrance_unverified,,2851.6,2769.6,4.9,50.0,0,
north,northern,64421,unconfirmed,route_unconfirmed,,,,150.0,2,
north,northern,64423,road_route_found_entrance_unverified,,1590.3,1494.7,5.9,150.0,2,
north,northern,64424,road_route_found_entrance_unverified,,1336.1,1291.2,30.6,44.0,0,
north,northern,64425,road_route_found_entrance_unverified,,1507.4,1489.7,1.7,1200.0,6,
north,northern,64427,unconfirmed,return_exceeds_pilot_3km,2777.4,3048.0,16.1,22.0,0,
north,northern,64429,road_route_found_entrance_unverified,,1762.3,1657.0,7.0,150.0,2,
north,northern,64433,unconfirmed,route_unconfirmed,,,,44.0,0,
north,northern,64434,unconfirmed,route_unconfirmed,,,,22.0,0,
north,northern,64435,road_route_found_entrance_unverified,,275.7,336.2,11.6,98.0,0,
north,northern,64436,unconfirmed,route_unconfirmed,,,,98.0,0,
north,northern,64437,road_route_found_entrance_unverified,,1495.1,1515.6,28.7,154.0,0,
north,northern,64438,unconfirmed,route_unconfirmed,,,,22.0,0,
north,northern,64439,unconfirmed,route_unconfirmed,,,,100.0,0,
north,northern,64440,unconfirmed,route_unconfirmed,,,,72.0,0,
north,northern,64441,unconfirmed,route_unconfirmed,,,,93.0,0,
north,northern,64442,unconfirmed,route_unconfirmed,,,,44.0,0,
north,northern,64443,unconfirmed,route_unconfirmed,,,,44.0,0,
north,northern,64444,unconfirmed,route_unconfirmed,,,,44.0,0,
north,northern,64445,unconfirmed,route_unconfirmed,,,,44.0,0,
north,northern,64446,unconfirmed,route_unconfirmed,,,,66.0,0,
north,northern,64481,road_route_found_entrance_unverified,,344.6,371.0,2.9,300.0,2,
north,northern,64482,road_route_found_entrance_unverified,,2794.7,2817.9,8.9,22.0,0,
north,northern,64483,unconfirmed,route_unconfirmed,,,,44.0,0,
north,northern,64484,road_route_found_entrance_unverified,,2830.5,2886.6,4.8,150.0,2,
north,northern,64485,road_route_found_entrance_unverified,,2841.1,2878.0,9.9,150.0,2,
north,northern,64486,road_route_found_entrance_unverified,,735.1,884.8,5.8,150.0,2,
north,northern,64487,road_route_found_entrance_unverified,,1298.8,1341.4,5.4,90.0,0,
north,northern,64488,road_route_found_entrance_unverified,,1807.0,1483.4,5.5,44.0,0,
north,northern,64489,road_route_found_entrance_unverified,,2347.9,2382.4,0.7,44.0,0,
north,northern,64490,road_route_found_entrance_unverified,,341.3,404.3,2.9,2000.0,8,
north,northern,64491,road_route_found_entrance_unverified,,538.8,636.1,14.6,33.0,0,
north,northern,64513,road_route_found_entrance_unverified,,2664.3,2711.9,34.2,1350.0,12,
north,northern,64514,road_route_found_entrance_unverified,,2858.7,2715.7,18.5,88.0,0,
north,northern,64515,road_route_found_entrance_unverified,,293.1,111.4,2.2,300.0,2,
north,northern,64516,road_route_found_entrance_unverified,,293.1,111.4,2.2,300.0,2,
north,northern,64517,road_route_found_entrance_unverified,,921.4,885.7,5.3,150.0,2,
north,northern,64518,road_route_found_entrance_unverified,,1032.5,961.1,0.5,1200.0,8,
north,northern,64519,unconfirmed,return_exceeds_pilot_3km,1038.0,7743.2,6.1,2400.0,8,
north,northern,64520,unconfirmed,route_unconfirmed,,,,22.0,0,
north,northern,64521,unconfirmed,route_unconfirmed,,,,88.0,0,
north,northern,64522,unconfirmed,return_exceeds_pilot_3km,822.2,7617.8,3.7,72.0,0,
north,northern,64523,road_route_found_entrance_unverified,,2262.3,2140.1,11.0,33.0,0,
north,northern,65701,unconfirmed,route_unconfirmed,,,,44.0,0,
north,northern,65702,unconfirmed,route_unconfirmed,,,,44.0,0,
north,northern,65703,unconfirmed,route_unconfirmed,,,,44.0,0,
north,northern,65704,unconfirmed,route_unconfirmed,,,,44.0,0,
north,northern,65705,unconfirmed,route_unconfirmed,,,,44.0,0,
north,northern,65710,unconfirmed,route_unconfirmed,,,,44.0,0,
north,northern,65721,unconfirmed,route_unconfirmed,,,,100.0,0,
north,northern,65722,unconfirmed,route_unconfirmed,,,,44.0,0,
north,northern,65723,unconfirmed,route_unconfirmed,,,,44.0,0,
north,northern,65724,unconfirmed,route_unconfirmed,,,,150.0,0,
north,northern,65725,unconfirmed,route_unconfirmed,,,,44.0,0,
north,northern,65728,unconfirmed,route_unconfirmed,,,,44.0,0,
north,northern,65731,unconfirmed,route_unconfirmed,,,,44.0,0,
north,northern,65732,unconfirmed,return_exceeds_pilot_3km,2107.3,4996.2,2.7,44.0,0,
north,northern,65733,unconfirmed,return_exceeds_pilot_3km,1564.1,5085.6,2.7,44.0,0,
north,northern,65734,unconfirmed,route_unconfirmed,,,,11.0,0,
north,northern,65735,unconfirmed,return_exceeds_pilot_3km,1067.1,4648.8,2.0,44.0,0,
north,northern,65736,unconfirmed,return_exceeds_pilot_3km,1770.6,4256.6,20.4,44.0,0,
north,northern,65737,unconfirmed,return_exceeds_pilot_3km,2219.8,4853.8,4.1,44.0,0,
north,northern,65738,unconfirmed,return_exceeds_pilot_3km,1504.1,3190.0,6.4,44.0,0,
north,northern,65739,unconfirmed,return_exceeds_pilot_3km,1361.1,4969.2,12.0,44.0,0,
north,northern,65740,unconfirmed,return_exceeds_pilot_3km,1470.4,5054.3,8.3,44.0,0,
north,northern,65741,unconfirmed,return_exceeds_pilot_3km,1335.0,3589.6,1.8,350.0,2,
north,northern,65742,unconfirmed,return_exceeds_pilot_3km,1302.7,3363.3,1.9,172.0,2,
north,northern,65743,unconfirmed,return_exceeds_pilot_3km,2381.4,4574.9,6.3,22.0,0,
north,northern,65744,road_route_found_entrance_unverified,,979.5,889.9,5.4,3000.0,12,
north,northern,65745,road_route_found_entrance_unverified,,2876.6,2918.1,5.4,44.0,0,
north,northern,65746,road_route_found_entrance_unverified,,2533.8,2663.1,2.0,44.0,0,
north,northern,65747,unconfirmed,route_unconfirmed,,,,600.0,4,
north,northern,65748,unconfirmed,route_unconfirmed,,,,44.0,0,
north,northern,65749,road_route_found_entrance_unverified,,2491.7,2517.1,7.6,44.0,0,
north,northern,65750,road_route_found_entrance_unverified,,2885.3,2919.9,2.6,44.0,0,
north,northern,65751,unconfirmed,route_unconfirmed,,,,44.0,0,
north,northern,65752,unconfirmed,route_unconfirmed,,,,44.0,0,
north,northern,65753,unconfirmed,route_unconfirmed,,,,150.0,2,
north,northern,65754,unconfirmed,route_unconfirmed,,,,150.0,2,
north,northern,65755,unconfirmed,route_unconfirmed,,,,150.0,2,
north,northern,65756,unconfirmed,route_unconfirmed,,,,50.0,0,
north,northern,65757,unconfirmed,route_unconfirmed,,,,44.0,0,
north,northern,65758,unconfirmed,route_unconfirmed,,,,44.0,0,
north,northern,65759,unconfirmed,route_unconfirmed,,,,22.0,0,
north,northern,65760,unconfirmed,route_unconfirmed,,,,44.0,0,
north,northern,65761,road_route_found_entrance_unverified,,977.2,1631.0,5.3,2000.0,8,
north,northern,65762,road_route_found_entrance_unverified,,1479.0,828.8,5.3,900.0,8,
north,northern,65763,unconfirmed,route_unconfirmed,,,,1800.0,12,
north,northern,65764,unconfirmed,route_unconfirmed,,,,44.0,0,
north,northern,65765,unconfirmed,route_unconfirmed,,,,44.0,0,
north,northern,65766,unconfirmed,route_unconfirmed,,,,44.0,0,
north,northern,65767,road_route_found_entrance_unverified,,2164.5,2185.4,1.8,44.0,0,
north,northern,65768,road_route_found_entrance_unverified,,2912.7,2976.0,40.8,44.0,0,
north,northern,65769,unconfirmed,route_unconfirmed,,,,44.0,0,
north,northern,65774,unconfirmed,route_unconfirmed,,,,22.0,0,
north,northern,65777,unconfirmed,route_unconfirmed,,,,72.0,0,
north,northern,65778,unconfirmed,route_unconfirmed,,,,150.0,2,
north,northern,65780,unconfirmed,route_unconfirmed,,,,850.0,4,
north,northern,65782,unconfirmed,route_unconfirmed,,,,88.0,0,
north,northern,65791,unconfirmed,route_unconfirmed,,,,154.0,0,
north,northern,65792,unconfirmed,route_unconfirmed,,,,44.0,0,
north,northern,65794,unconfirmed,route_unconfirmed,,,,150.0,2,
north,northern,65795,unconfirmed,route_unconfirmed,,,,194.0,2,
north,northern,65807,unconfirmed,route_unconfirmed,,,,11.0,0,
north,northern,65808,unconfirmed,route_unconfirmed,,,,11.0,0,
north,northern,65809,unconfirmed,route_unconfirmed,,,,150.0,2,
north,northern,65810,unconfirmed,route_unconfirmed,,,,11.0,0,
north,northern,65811,unconfirmed,route_unconfirmed,,,,88.0,0,
north,northern,65812,unconfirmed,route_unconfirmed,,,,88.0,0,
north,northern,65813,road_route_found_entrance_unverified,,2885.5,2968.3,8.0,22.0,0,
north,northern,65814,unconfirmed,route_unconfirmed,,,,200.0,2,
north,northern,65815,unconfirmed,route_unconfirmed,,,,44.0,0,
north,northern,65816,unconfirmed,route_unconfirmed,,,,110.0,0,
north,northern,65817,road_route_found_entrance_unverified,,953.9,1093.5,1.7,300.0,2,
north,northern,65818,road_route_found_entrance_unverified,,2519.8,2620.7,9.1,44.0,0,
north,northern,65819,road_route_found_entrance_unverified,,2409.9,2492.8,12.8,44.0,0,
north,northern,65852,unconfirmed,route_unconfirmed,,,,11.0,0,
north,northern,65854,unconfirmed,route_unconfirmed,,,,11.0,0,
north,northern,65855,unconfirmed,route_unconfirmed,,,,11.0,0,
north,northern,65856,road_route_found_entrance_unverified,,2409.0,2060.3,2.6,11.0,0,
north,northern,65857,road_route_found_entrance_unverified,,502.9,283.9,6.6,1400.0,4,
north,northern,65858,road_route_found_entrance_unverified,,208.6,343.4,0.8,43.0,0,
north,northern,65859,unconfirmed,route_unconfirmed,,,,1400.0,4,
north,northern,65864,unconfirmed,route_unconfirmed,,,,11.0,0,
north,northern,65865,unconfirmed,route_unconfirmed,,,,150.0,1,
north,northern,65866,road_route_found_entrance_unverified,,2967.9,2994.5,15.3,150.0,2,
north,northern,65867,road_route_found_entrance_unverified,,2863.1,2821.8,7.7,44.0,0,
north,northern,65868,road_route_found_entrance_unverified,,2598.1,2654.9,3.6,150.0,2,
north,northern,65871,unconfirmed,route_unconfirmed,,,,55.0,0,
north,northern,65872,unconfirmed,route_unconfirmed,,,,180.0,2,
north,northern,65873,unconfirmed,route_unconfirmed,,,,11.0,0,
north,northern,65878,unconfirmed,route_unconfirmed,,,,150.0,2,
north,northern,65879,unconfirmed,route_unconfirmed,,,,22.0,0,
north,northern,65880,unconfirmed,route_unconfirmed,,,,22.0,0,
north,northern,65881,unconfirmed,route_unconfirmed,,,,11.0,0,
north,northern,65882,road_route_found_entrance_unverified,,962.7,923.0,5.4,900.0,6,
north,northern,65883,road_route_found_entrance_unverified,,1102.2,1044.6,8.3,600.0,4,
north,northern,65884,road_route_found_entrance_unverified,,1077.1,1180.9,6.7,86.0,0,
north,northern,65885,unconfirmed,route_unconfirmed,,,,44.0,0,
north,northern,65886,unconfirmed,route_unconfirmed,,,,150.0,2,
north,northern,65887,road_route_found_entrance_unverified,,943.5,954.4,6.7,3000.0,12,
north,northern,65888,road_route_found_entrance_unverified,,2739.2,2761.6,9.3,44.0,0,
north,northern,65889,unconfirmed,route_unconfirmed,,,,93.0,0,
north,northern,65890,road_route_found_entrance_unverified,,1052.3,1105.6,10.9,600.0,4,
north,northern,65891,unconfirmed,route_unconfirmed,,,,100.0,0,
north,northern,66101,unconfirmed,route_unconfirmed,,,,150.0,2,
north,northern,66102,unconfirmed,route_unconfirmed,,,,100.0,0,
north,northern,66103,unconfirmed,route_unconfirmed,,,,88.0,0,
north,northern,66104,unconfirmed,route_unconfirmed,,,,132.0,0,
north,northern,66105,unconfirmed,route_unconfirmed,,,,264.0,0,
north,northern,66106,unconfirmed,route_unconfirmed,,,,22.0,0,
north,northern,66107,unconfirmed,route_unconfirmed,,,,132.0,0,
north,northern,66108,unconfirmed,route_unconfirmed,,,,22.0,0,
north,northern,66109,unconfirmed,return_exceeds_pilot_3km,2972.0,3038.3,8.8,132.0,0,
north,northern,66110,road_route_found_entrance_unverified,,2970.5,2942.4,7.9,22.0,0,
north,northern,66111,road_route_found_entrance_unverified,,830.3,954.5,7.9,33.0,0,
north,northern,66112,unconfirmed,route_unconfirmed,,,,900.0,8,
north,northern,66113,road_route_found_entrance_unverified,,1033.2,934.2,5.4,944.0,6,
north,northern,66114,road_route_found_entrance_unverified,,1395.6,1305.5,10.4,300.0,2,
north,northern,66115,road_route_found_entrance_unverified,,1188.6,1092.5,11.4,22.0,0,
north,northern,66116,unconfirmed,return_exceeds_pilot_3km,2689.4,3214.0,4.8,44.0,0,
north,northern,66117,road_route_found_entrance_unverified,,2077.0,1706.9,26.0,600.0,4,
north,northern,66118,unconfirmed,route_unconfirmed,,,,600.0,4,
north,northern,66119,road_route_found_entrance_unverified,,1325.2,1303.6,10.6,55.0,0,
north,northern,66120,road_route_found_entrance_unverified,,1314.0,1369.2,4.1,154.0,0,
north,northern,66121,road_route_found_entrance_unverified,,968.8,1194.5,13.7,22.0,0,
north,northern,66122,road_route_found_entrance_unverified,,1012.8,1211.9,5.5,88.0,0,
north,northern,66123,road_route_found_entrance_unverified,,2031.1,1947.4,7.5,88.0,0,
north,northern,66124,road_route_found_entrance_unverified,,2519.7,2445.4,10.3,94.0,0,
north,northern,66125,road_route_found_entrance_unverified,,1840.1,1889.6,6.2,132.0,0,
north,northern,66126,road_route_found_entrance_unverified,,2625.1,2663.6,8.3,88.0,0,
north,northern,66127,road_route_found_entrance_unverified,,2355.3,2239.7,4.0,150.0,0,
north,northern,66128,road_route_found_entrance_unverified,,2238.1,2785.9,9.5,88.0,0,
north,northern,66129,unconfirmed,route_unconfirmed,,,,75.0,0,
north,northern,66130,unconfirmed,route_unconfirmed,,,,30.0,0,
north,northern,66131,road_route_found_entrance_unverified,,1031.5,791.4,9.9,2000.0,8,
north,northern,66132,road_route_found_entrance_unverified,,2539.2,2482.1,10.8,44.0,0,
north,northern,66133,road_route_found_entrance_unverified,,2673.6,2631.8,10.8,22.0,0,
north,northern,66134,road_route_found_entrance_unverified,,2472.2,2261.4,6.9,44.0,0,
north,northern,66135,road_route_found_entrance_unverified,,2595.2,2494.5,6.6,176.0,0,
north,northern,66136,unconfirmed,route_unconfirmed,,,,66.0,0,
north,northern,66137,road_route_found_entrance_unverified,,1389.3,1530.7,6.3,44.0,0,
north,northern,66138,unconfirmed,route_unconfirmed,,,,22.0,0,
north,northern,66139,road_route_found_entrance_unverified,,2317.5,2416.3,8.1,44.0,0,
north,northern,66140,road_route_found_entrance_unverified,,2167.3,2262.0,8.0,30.0,0,
north,northern,66141,road_route_found_entrance_unverified,,1589.1,1401.4,8.1,30.0,0,
north,northern,66142,road_route_found_entrance_unverified,,1134.8,1104.3,6.8,33.0,0,
north,northern,66143,road_route_found_entrance_unverified,,1311.5,1246.7,13.5,22.0,0,
north,northern,66144,road_route_found_entrance_unverified,,951.9,979.9,6.5,787.0,6,
north,northern,66145,road_route_found_entrance_unverified,,970.0,753.5,1.6,1600.0,8,
north,northern,66146,road_route_found_entrance_unverified,,774.6,797.2,6.8,622.0,4,
north,northern,66147,road_route_found_entrance_unverified,,763.8,734.1,15.9,900.0,8,
north,northern,66148,road_route_found_entrance_unverified,,1402.1,1404.9,21.8,600.0,4,
north,northern,66149,road_route_found_entrance_unverified,,1862.1,2012.6,8.3,88.0,0,
north,northern,66150,road_route_found_entrance_unverified,,1266.4,1084.5,1.0,66.0,0,
north,northern,66151,road_route_found_entrance_unverified,,2091.9,2046.0,18.6,22.0,0,
north,northern,66152,road_route_found_entrance_unverified,,1233.4,1384.2,28.5,44.0,0,
north,northern,66153,road_route_found_entrance_unverified,,2683.9,2928.6,9.2,130.0,0,
north,northern,66154,road_route_found_entrance_unverified,,1792.8,1734.2,11.8,88.0,0,
north,northern,66155,road_route_found_entrance_unverified,,1815.5,1970.1,6.6,1200.0,6,
north,northern,66156,road_route_found_entrance_unverified,,2262.2,2383.8,6.8,130.0,0,
north,northern,66157,road_route_found_entrance_unverified,,2960.2,2906.0,10.0,30.0,0,
north,northern,66158,unconfirmed,route_unconfirmed,,,,30.0,0,
north,northern,66159,unconfirmed,route_unconfirmed,,,,100.0,0,
north,northern,66160,unconfirmed,route_unconfirmed,,,,30.0,0,
north,northern,66161,road_route_found_entrance_unverified,,2457.8,2567.8,4.5,88.0,0,
north,northern,66162,unconfirmed,route_unconfirmed,,,,22.0,0,
north,northern,66163,unconfirmed,route_unconfirmed,,,,88.0,0,
north,northern,66164,unconfirmed,route_unconfirmed,,,,22.0,0,
north,northern,66165,road_route_found_entrance_unverified,,2088.3,2149.3,3.8,88.0,0,
north,northern,66166,road_route_found_entrance_unverified,,2720.7,2683.9,9.0,60.0,0,
north,northern,66167,unconfirmed,route_unconfirmed,,,,94.0,0,
north,northern,66168,unconfirmed,route_unconfirmed,,,,94.0,0,
north,northern,66169,road_route_found_entrance_unverified,,2758.8,2918.0,7.9,88.0,0,
north,northern,66170,unconfirmed,route_unconfirmed,,,,88.0,0,
north,northern,66171,road_route_found_entrance_unverified,,2313.5,2458.3,6.1,94.0,0,
north,northern,66172,unconfirmed,route_unconfirmed,,,,88.0,0,
north,northern,66173,unconfirmed,route_unconfirmed,,,,88.0,0,
north,northern,66174,unconfirmed,route_unconfirmed,,,,50.0,0,
north,northern,66175,unconfirmed,route_unconfirmed,,,,22.0,0,
north,northern,66176,unconfirmed,route_unconfirmed,,,,22.0,0,
north,northern,66177,unconfirmed,route_unconfirmed,,,,800.0,10,
north,northern,66178,unconfirmed,route_unconfirmed,,,,150.0,2,
north,northern,66179,unconfirmed,route_unconfirmed,,,,138.0,0,
north,northern,66180,unconfirmed,route_unconfirmed,,,,138.0,0,
north,northern,66181,unconfirmed,route_unconfirmed,,,,300.0,2,
north,northern,66182,unconfirmed,route_unconfirmed,,,,22.0,0,
north,northern,66183,unconfirmed,route_unconfirmed,,,,194.0,2,
north,northern,66184,unconfirmed,route_unconfirmed,,,,22.0,0,
north,northern,66185,unconfirmed,route_unconfirmed,,,,30.0,0,
north,northern,66188,unconfirmed,route_unconfirmed,,,,93.0,0,
north,northern,66190,unconfirmed,route_unconfirmed,,,,22.0,0,
north,northern,66191,unconfirmed,route_unconfirmed,,,,50.0,0,
north,northern,66192,unconfirmed,route_unconfirmed,,,,66.0,0,
north,northern,66210,unconfirmed,route_unconfirmed,,,,100.0,0,
north,northern,66213,unconfirmed,route_unconfirmed,,,,242.0,0,
north,northern,66216,unconfirmed,route_unconfirmed,,,,88.0,0,
north,northern,66217,unconfirmed,route_unconfirmed,,,,100.0,0,
north,northern,66218,unconfirmed,route_unconfirmed,,,,88.0,0,
north,northern,66219,unconfirmed,route_unconfirmed,,,,88.0,0,
north,northern,66223,unconfirmed,route_unconfirmed,,,,132.0,0,
north,northern,66234,unconfirmed,route_unconfirmed,,,,44.0,0,
north,northern,66235,unconfirmed,route_unconfirmed,,,,44.0,0,
north,northern,66240,unconfirmed,route_unconfirmed,,,,88.0,0,
north,northern,66242,unconfirmed,route_unconfirmed,,,,16.0,0,
north,northern,66243,unconfirmed,route_unconfirmed,,,,88.0,0,
north,northern,66244,unconfirmed,route_unconfirmed,,,,44.0,0,
north,northern,66245,unconfirmed,route_unconfirmed,,,,88.0,0,
north,northern,66246,unconfirmed,route_unconfirmed,,,,44.0,0,
north,northern,66247,unconfirmed,route_unconfirmed,,,,22.0,0,
north,northern,66249,unconfirmed,route_unconfirmed,,,,3000.0,12,
north,northern,66250,unconfirmed,route_unconfirmed,,,,400.0,2,
north,northern,66251,unconfirmed,route_unconfirmed,,,,84.0,0,
north,northern,66252,unconfirmed,route_unconfirmed,,,,3000.0,20,
north,northern,66253,unconfirmed,route_unconfirmed,,,,922.0,6,
south,northern,26834,unconfirmed,route_unconfirmed,,,,66.0,0,
south,northern,26847,unconfirmed,route_unconfirmed,,,,33.0,0,
south,northern,26848,unconfirmed,route_unconfirmed,,,,44.0,0,
south,northern,26869,unconfirmed,route_unconfirmed,,,,22.0,0,
south,northern,26955,unconfirmed,route_unconfirmed,,,,44.0,0,
south,northern,26958,unconfirmed,route_unconfirmed,,,,50.0,0,
south,northern,26959,unconfirmed,route_unconfirmed,,,,44.0,0,
south,northern,26960,unconfirmed,route_unconfirmed,,,,44.0,0,
south,northern,26961,unconfirmed,route_unconfirmed,,,,44.0,0,
south,northern,26962,unconfirmed,route_unconfirmed,,,,900.0,6,
south,northern,26963,unconfirmed,route_unconfirmed,,,,300.0,2,
south,northern,26964,unconfirmed,route_unconfirmed,,,,2000.0,8,
south,northern,26965,unconfirmed,route_unconfirmed,,,,44.0,0,
south,northern,26966,unconfirmed,route_unconfirmed,,,,71.0,0,
south,northern,26967,unconfirmed,route_unconfirmed,,,,44.0,0,
south,northern,26968,unconfirmed,route_unconfirmed,,,,150.0,0,
south,northern,26969,unconfirmed,route_unconfirmed,,,,55.0,0,
south,northern,26970,unconfirmed,route_unconfirmed,,,,44.0,0,
south,northern,26971,unconfirmed,route_unconfirmed,,,,93.0,0,
south,northern,26972,unconfirmed,return_exceeds_pilot_3km,2910.6,3046.7,8.5,44.0,0,
south,northern,26973,unconfirmed,route_unconfirmed,,,,44.0,0,
south,northern,26974,road_route_found_entrance_unverified,,312.1,179.8,8.9,1200.0,6,
south,northern,26975,road_route_found_entrance_unverified,,2626.9,2723.6,4.5,176.0,0,
south,northern,26976,road_route_found_entrance_unverified,,2669.7,2681.9,4.0,750.0,10,
south,northern,26977,unconfirmed,route_unconfirmed,,,,220.0,0,
south,northern,26978,road_route_found_entrance_unverified,,2733.2,2675.5,6.9,150.0,2,
south,northern,26979,road_route_found_entrance_unverified,,2669.7,2681.9,4.0,150.0,2,
south,northern,26980,unconfirmed,route_unconfirmed,,,,352.0,0,
south,northern,26981,unconfirmed,route_unconfirmed,,,,1200.0,8,
south,northern,26982,road_route_found_entrance_unverified,,2171.7,2165.5,7.2,44.0,0,
south,northern,26983,unconfirmed,route_unconfirmed,,,,44.0,0,
south,northern,26984,unconfirmed,route_unconfirmed,,,,150.0,2,
south,northern,26985,unconfirmed,route_unconfirmed,,,,400.0,2,
south,northern,26986,unconfirmed,route_unconfirmed,,,,71.0,0,
south,northern,26987,unconfirmed,route_unconfirmed,,,,172.0,2,
south,northern,26988,unconfirmed,route_unconfirmed,,,,44.0,0,
south,northern,26989,road_route_found_entrance_unverified,,2865.6,2867.6,29.0,66.0,0,
south,northern,26990,unconfirmed,route_unconfirmed,,,,322.0,4,
south,northern,26991,road_route_found_entrance_unverified,,2373.9,2341.6,38.1,22.0,0,
south,northern,26992,road_route_found_entrance_unverified,,1585.2,1722.3,10.9,44.0,0,
south,northern,26993,road_route_found_entrance_unverified,,1531.0,2377.4,5.8,100.0,0,
south,northern,26994,road_route_found_entrance_unverified,,1313.5,1656.0,4.4,150.0,2,
south,northern,26995,unconfirmed,route_unconfirmed,,,,194.0,0,
south,northern,26996,unconfirmed,route_unconfirmed,,,,176.0,0,
south,northern,26997,unconfirmed,return_exceeds_pilot_3km,2999.4,3202.8,7.7,44.0,0,
south,northern,26998,road_route_found_entrance_unverified,,2197.6,2432.4,9.3,150.0,2,
south,northern,26999,unconfirmed,return_exceeds_pilot_3km,2769.4,3102.3,1.1,132.0,0,
south,northern,27000,unconfirmed,return_exceeds_pilot_3km,2906.5,3118.7,20.7,750.0,8,
south,northern,27001,unconfirmed,route_unconfirmed,,,,220.0,0,
south,northern,27002,unconfirmed,route_unconfirmed,,,,440.0,0,
south,northern,27003,unconfirmed,route_unconfirmed,,,,385.0,0,
south,northern,27004,unconfirmed,route_unconfirmed,,,,440.0,0,
south,northern,27005,unconfirmed,route_unconfirmed,,,,352.0,0,
south,northern,27006,unconfirmed,route_unconfirmed,,,,88.0,0,
south,northern,27007,unconfirmed,route_unconfirmed,,,,44.0,0,
south,northern,27008,unconfirmed,route_unconfirmed,,,,44.0,0,
south,northern,27009,unconfirmed,route_unconfirmed,,,,264.0,0,
south,northern,27010,unconfirmed,route_unconfirmed,,,,187.0,0,
south,northern,27011,unconfirmed,route_unconfirmed,,,,528.0,0,
south,northern,27012,unconfirmed,route_unconfirmed,,,,44.0,0,
south,northern,27013,unconfirmed,route_unconfirmed,,,,44.0,0,
south,northern,27014,unconfirmed,route_unconfirmed,,,,164.0,0,
south,northern,27015,unconfirmed,route_unconfirmed,,,,110.0,0,
south,northern,27016,unconfirmed,route_unconfirmed,,,,638.0,0,
south,northern,27017,road_route_found_entrance_unverified,,2253.5,2722.9,30.2,55.0,0,
south,northern,27018,unconfirmed,route_unconfirmed,,,,88.0,0,
south,northern,27021,unconfirmed,route_unconfirmed,,,,300.0,2,
south,northern,27022,unconfirmed,route_unconfirmed,,,,22.0,0,
south,northern,27023,unconfirmed,route_unconfirmed,,,,44.0,0,
south,northern,27028,unconfirmed,route_unconfirmed,,,,44.0,0,
south,northern,27039,unconfirmed,route_unconfirmed,,,,22.0,0,
south,northern,27519,unconfirmed,route_unconfirmed,,,,44.0,0,
south,northern,27595,unconfirmed,route_unconfirmed,,,,88.0,0,
south,northern,27597,unconfirmed,route_unconfirmed,,,,88.0,0,
south,northern,27598,unconfirmed,route_unconfirmed,,,,88.0,0,
south,northern,27599,unconfirmed,route_unconfirmed,,,,44.0,0,
south,northern,27600,unconfirmed,route_unconfirmed,,,,220.0,0,
south,northern,27601,unconfirmed,route_unconfirmed,,,,88.0,0,
south,northern,27602,unconfirmed,route_unconfirmed,,,,600.0,4,
south,northern,27603,unconfirmed,route_unconfirmed,,,,44.0,0,
south,northern,27604,unconfirmed,route_unconfirmed,,,,44.0,0,
south,northern,27605,unconfirmed,route_unconfirmed,,,,44.0,0,
south,northern,27606,unconfirmed,route_unconfirmed,,,,88.0,0,
south,northern,27607,unconfirmed,route_unconfirmed,,,,88.0,0,
south,northern,27608,unconfirmed,route_unconfirmed,,,,88.0,0,
south,northern,27609,unconfirmed,route_unconfirmed,,,,44.0,0,
south,northern,27610,unconfirmed,route_unconfirmed,,,,44.0,0,
south,northern,27611,unconfirmed,route_unconfirmed,,,,44.0,0,
south,northern,27640,unconfirmed,route_unconfirmed,,,,28.0,0,
south,northern,27641,unconfirmed,route_unconfirmed,,,,44.0,0,
south,northern,27642,unconfirmed,route_unconfirmed,,,,28.0,0,
south,northern,27664,unconfirmed,route_unconfirmed,,,,22.0,0,
south,northern,27669,unconfirmed,route_unconfirmed,,,,88.0,0,
south,northern,27721,unconfirmed,route_unconfirmed,,,,600.0,4,
south,northern,27731,unconfirmed,route_unconfirmed,,,,88.0,0,
south,northern,27739,unconfirmed,route_unconfirmed,,,,44.0,0,
south,northern,27740,unconfirmed,route_unconfirmed,,,,44.0,0,
south,northern,27742,unconfirmed,route_unconfirmed,,,,44.0,0,
south,northern,27744,unconfirmed,route_unconfirmed,,,,44.0,0,
south,northern,27745,unconfirmed,route_unconfirmed,,,,44.0,0,
south,northern,27747,unconfirmed,route_unconfirmed,,,,44.0,0,
south,northern,27749,unconfirmed,route_unconfirmed,,,,11.0,0,
south,northern,27750,unconfirmed,route_unconfirmed,,,,44.0,0,
south,northern,27751,unconfirmed,route_unconfirmed,,,,44.0,0,
south,northern,27752,unconfirmed,route_unconfirmed,,,,44.0,0,
south,northern,27753,unconfirmed,route_unconfirmed,,,,88.0,0,
south,northern,27755,unconfirmed,route_unconfirmed,,,,44.0,0,
south,northern,27756,unconfirmed,route_unconfirmed,,,,44.0,0,
south,northern,27783,unconfirmed,route_unconfirmed,,,,150.0,2,
south,northern,27795,unconfirmed,route_unconfirmed,,,,22.0,0,
south,northern,27796,unconfirmed,route_unconfirmed,,,,22.0,0,
south,northern,27797,unconfirmed,route_unconfirmed,,,,22.0,0,
south,northern,27800,unconfirmed,route_unconfirmed,,,,44.0,0,
south,northern,27801,unconfirmed,route_unconfirmed,,,,44.0,0,
south,northern,27802,unconfirmed,route_unconfirmed,,,,88.0,0,
south,northern,27803,unconfirmed,route_unconfirmed,,,,93.0,0,
south,northern,27804,unconfirmed,route_unconfirmed,,,,22.0,0,
south,northern,27805,unconfirmed,route_unconfirmed,,,,88.0,0,
south,northern,27806,unconfirmed,route_unconfirmed,,,,132.0,0,
south,northern,27807,unconfirmed,route_unconfirmed,,,,44.0,0,
south,northern,27808,unconfirmed,route_unconfirmed,,,,88.0,0,
south,northern,27809,unconfirmed,route_unconfirmed,,,,132.0,0,
south,northern,27810,unconfirmed,route_unconfirmed,,,,88.0,0,
south,northern,27811,unconfirmed,route_unconfirmed,,,,44.0,0,
south,northern,27812,unconfirmed,route_unconfirmed,,,,44.0,0,
south,northern,27813,unconfirmed,route_unconfirmed,,,,44.0,0,
south,northern,27814,unconfirmed,route_unconfirmed,,,,88.0,0,
south,northern,27815,unconfirmed,route_unconfirmed,,,,88.0,0,
south,northern,27816,unconfirmed,route_unconfirmed,,,,22.0,0,
south,northern,27817,unconfirmed,route_unconfirmed,,,,22.0,0,
south,northern,27818,unconfirmed,route_unconfirmed,,,,22.0,0,
south,northern,27819,unconfirmed,route_unconfirmed,,,,71.0,0,
south,northern,27820,unconfirmed,route_unconfirmed,,,,150.0,0,
south,northern,27821,unconfirmed,route_unconfirmed,,,,88.0,0,
south,northern,27822,unconfirmed,route_unconfirmed,,,,22.0,0,
south,northern,27823,unconfirmed,route_unconfirmed,,,,88.0,0,
south,northern,27825,unconfirmed,route_unconfirmed,,,,88.0,0,
south,northern,27826,unconfirmed,route_unconfirmed,,,,44.0,0,
south,northern,27827,unconfirmed,route_unconfirmed,,,,44.0,0,
south,northern,27828,unconfirmed,route_unconfirmed,,,,150.0,2,
south,northern,27829,unconfirmed,route_unconfirmed,,,,44.0,0,
south,northern,27830,unconfirmed,route_unconfirmed,,,,300.0,2,
south,northern,27831,unconfirmed,route_unconfirmed,,,,150.0,2,
south,northern,27832,unconfirmed,route_unconfirmed,,,,88.0,0,
south,northern,27833,unconfirmed,route_unconfirmed,,,,44.0,0,
south,northern,27834,unconfirmed,route_unconfirmed,,,,300.0,4,
south,northern,27835,unconfirmed,route_unconfirmed,,,,44.0,0,
south,northern,27836,unconfirmed,route_unconfirmed,,,,900.0,6,
south,northern,27837,unconfirmed,route_unconfirmed,,,,88.0,0,
south,northern,27838,unconfirmed,route_unconfirmed,,,,22.0,0,
south,northern,27839,unconfirmed,route_unconfirmed,,,,93.0,0,
south,northern,27840,unconfirmed,route_unconfirmed,,,,200.0,2,
south,northern,27841,unconfirmed,route_unconfirmed,,,,88.0,0,
south,northern,27842,unconfirmed,route_unconfirmed,,,,44.0,0,
south,northern,27843,unconfirmed,route_unconfirmed,,,,88.0,0,
south,northern,27844,unconfirmed,route_unconfirmed,,,,44.0,0,
south,northern,27845,unconfirmed,route_unconfirmed,,,,88.0,0,
south,northern,27846,unconfirmed,route_unconfirmed,,,,44.0,0,
south,northern,27847,unconfirmed,route_unconfirmed,,,,88.0,0,
south,northern,27848,unconfirmed,route_unconfirmed,,,,44.0,0,
south,northern,27849,unconfirmed,route_unconfirmed,,,,44.0,0,
south,northern,27850,unconfirmed,route_unconfirmed,,,,88.0,0,
south,northern,27851,unconfirmed,route_unconfirmed,,,,88.0,0,
south,northern,27852,unconfirmed,route_unconfirmed,,,,350.0,2,
south,northern,27853,unconfirmed,route_unconfirmed,,,,400.0,2,
south,northern,27854,unconfirmed,route_unconfirmed,,,,400.0,2,
south,northern,27855,unconfirmed,route_unconfirmed,,,,55.0,0,
south,northern,27856,road_route_found_entrance_unverified,,2848.4,2183.6,0.0,44.0,0,
south,northern,27857,unconfirmed,route_unconfirmed,,,,44.0,0,
south,northern,27858,unconfirmed,route_unconfirmed,,,,44.0,0,
south,northern,27859,unconfirmed,route_unconfirmed,,,,44.0,0,
south,northern,27860,unconfirmed,route_unconfirmed,,,,88.0,0,
south,northern,27861,unconfirmed,route_unconfirmed,,,,88.0,0,
south,northern,27862,unconfirmed,route_unconfirmed,,,,88.0,0,
south,northern,27863,unconfirmed,route_unconfirmed,,,,600.0,4,
south,northern,27864,unconfirmed,route_unconfirmed,,,,98.0,0,
south,northern,27865,road_route_found_entrance_unverified,,561.3,585.5,7.6,98.0,0,
south,northern,27866,unconfirmed,route_unconfirmed,,,,3000.0,12,
south,northern,27867,unconfirmed,route_unconfirmed,,,,88.0,0,
south,northern,27947,unconfirmed,route_unconfirmed,,,,300.0,2,
south,northern,27948,unconfirmed,route_unconfirmed,,,,135.0,0,
south,northern,27949,unconfirmed,route_unconfirmed,,,,22.0,0,
south,northern,27953,unconfirmed,route_unconfirmed,,,,44.0,0,
south,northern,27954,unconfirmed,route_unconfirmed,,,,88.0,0,
south,northern,27956,unconfirmed,route_unconfirmed,,,,28.0,0,
south,northern,27957,unconfirmed,route_unconfirmed,,,,28.0,0,
south,northern,27958,unconfirmed,route_unconfirmed,,,,22.0,0,
south,northern,27959,unconfirmed,route_unconfirmed,,,,150.0,2,
south,northern,27960,unconfirmed,route_unconfirmed,,,,150.0,2,
south,northern,27964,unconfirmed,route_unconfirmed,,,,22.0,0,
south,northern,27965,unconfirmed,route_unconfirmed,,,,22.0,0,
south,northern,27966,unconfirmed,route_unconfirmed,,,,320.0,2,
south,northern,27970,unconfirmed,route_unconfirmed,,,,44.0,0,
south,northern,27973,unconfirmed,route_unconfirmed,,,,88.0,0,
south,northern,27974,unconfirmed,route_unconfirmed,,,,88.0,0,
south,northern,27975,unconfirmed,route_unconfirmed,,,,11.0,0,
south,northern,27977,unconfirmed,route_unconfirmed,,,,88.0,0,
south,northern,27979,unconfirmed,route_unconfirmed,,,,44.0,0,
south,northern,27980,unconfirmed,route_unconfirmed,,,,88.0,0,
south,northern,28131,unconfirmed,route_unconfirmed,,,,88.0,0,
south,northern,28132,unconfirmed,route_unconfirmed,,,,93.0,0,
south,northern,28136,unconfirmed,route_unconfirmed,,,,44.0,0,
south,northern,28147,unconfirmed,route_unconfirmed,,,,640.0,4,
south,northern,28148,unconfirmed,route_unconfirmed,,,,2100.0,14,
south,northern,28149,road_route_found_entrance_unverified,,1256.7,1675.3,10.3,300.0,2,
south,northern,28150,road_route_found_entrance_unverified,,1256.7,1675.3,10.3,600.0,4,
south,northern,28151,unconfirmed,route_unconfirmed,,,,22.0,0,
south,northern,28152,unconfirmed,route_unconfirmed,,,,88.0,0,
south,northern,28153,unconfirmed,route_unconfirmed,,,,44.0,0,
south,northern,28154,unconfirmed,route_unconfirmed,,,,22.0,0,
south,northern,28155,unconfirmed,route_unconfirmed,,,,84.0,0,
south,northern,28156,unconfirmed,route_unconfirmed,,,,132.0,0,
south,northern,28157,unconfirmed,route_unconfirmed,,,,22.0,0,
south,northern,28158,road_route_found_entrance_unverified,,2108.4,2087.4,5.4,44.0,0,
south,northern,28159,road_route_found_entrance_unverified,,2632.9,2550.1,5.3,44.0,0,
south,northern,28160,road_route_found_entrance_unverified,,2957.3,2934.7,15.3,22.0,0,
south,northern,28161,unconfirmed,route_unconfirmed,,,,56.0,0,
south,northern,28162,unconfirmed,route_unconfirmed,,,,88.0,0,
south,northern,28163,unconfirmed,route_unconfirmed,,,,600.0,4,
south,northern,28164,road_route_found_entrance_unverified,,2357.7,2369.1,3.5,88.0,0,
south,northern,28165,road_route_found_entrance_unverified,,2374.1,2738.7,30.6,88.0,0,
south,northern,28166,unconfirmed,return_exceeds_pilot_3km,2985.7,3038.1,8.8,88.0,0,
south,northern,28167,unconfirmed,route_unconfirmed,,,,22.0,0,
south,northern,28168,road_route_found_entrance_unverified,,1801.0,1821.4,6.9,44.0,0,
south,northern,28169,unconfirmed,route_unconfirmed,,,,22.0,0,
south,northern,28170,unconfirmed,route_unconfirmed,,,,44.0,0,
south,northern,28171,unconfirmed,return_exceeds_pilot_3km,2853.8,3055.3,6.6,88.0,0,
south,northern,28172,unconfirmed,route_unconfirmed,,,,22.0,0,
south,northern,28173,unconfirmed,route_unconfirmed,,,,44.0,0,
south,northern,28174,unconfirmed,route_unconfirmed,,,,11.0,0,
south,northern,28176,unconfirmed,route_unconfirmed,,,,44.0,0,
south,northern,28177,unconfirmed,route_unconfirmed,,,,44.0,0,
south,northern,28178,unconfirmed,route_unconfirmed,,,,22.0,0,
south,northern,28179,unconfirmed,route_unconfirmed,,,,150.0,2,
south,northern,28180,road_route_found_entrance_unverified,,2711.4,2739.3,5.0,44.0,0,
south,northern,28181,road_route_found_entrance_unverified,,2423.7,2480.0,6.1,88.0,0,
south,northern,28182,unconfirmed,route_unconfirmed,,,,44.0,0,
south,northern,28183,unconfirmed,route_unconfirmed,,,,44.0,0,
south,northern,28184,unconfirmed,route_unconfirmed,,,,350.0,2,
south,northern,28185,unconfirmed,route_unconfirmed,,,,88.0,0,
south,northern,28190,unconfirmed,route_unconfirmed,,,,44.0,0,
south,northern,28191,unconfirmed,route_unconfirmed,,,,88.0,0,
south,northern,28192,unconfirmed,route_unconfirmed,,,,22.0,0,
south,northern,28193,unconfirmed,route_unconfirmed,,,,88.0,0,
south,northern,28194,unconfirmed,route_unconfirmed,,,,44.0,0,
south,northern,28196,unconfirmed,route_unconfirmed,,,,88.0,0,
south,northern,28199,unconfirmed,route_unconfirmed,,,,150.0,2,
south,northern,28200,unconfirmed,route_unconfirmed,,,,150.0,2,
south,northern,28201,unconfirmed,route_unconfirmed,,,,150.0,2,
south,northern,28226,unconfirmed,route_unconfirmed,,,,44.0,0,
south,northern,28227,unconfirmed,route_unconfirmed,,,,44.0,0,
south,northern,28228,unconfirmed,route_unconfirmed,,,,88.0,0,
south,northern,28230,unconfirmed,route_unconfirmed,,,,88.0,0,
south,northern,28231,unconfirmed,route_unconfirmed,,,,22.0,0,
south,northern,28232,unconfirmed,route_unconfirmed,,,,22.0,0,
south,northern,28233,unconfirmed,route_unconfirmed,,,,44.0,0,
south,northern,28240,unconfirmed,route_unconfirmed,,,,22.0,0,
south,northern,28241,unconfirmed,route_unconfirmed,,,,22.0,0,
south,northern,28242,unconfirmed,route_unconfirmed,,,,88.0,0,
south,northern,28548,unconfirmed,route_unconfirmed,,,,44.0,0,
south,northern,28969,road_route_found_entrance_unverified,,1466.0,1892.5,25.9,122.0,0,
south,northern,35892,unconfirmed,route_unconfirmed,,,,3600.0,24,
south,northern,35893,unconfirmed,route_unconfirmed,,,,150.0,0,
south,northern,35894,unconfirmed,route_unconfirmed,,,,11.0,0,
south,northern,35895,unconfirmed,route_unconfirmed,,,,44.0,0,
south,northern,35899,road_route_found_entrance_unverified,,1015.4,1014.2,9.3,800.0,4,
south,northern,35900,unconfirmed,route_unconfirmed,,,,44.0,0,
south,northern,35915,unconfirmed,route_unconfirmed,,,,84.0,0,
south,northern,35996,unconfirmed,route_unconfirmed,,,,44.0,0,
south,northern,36008,unconfirmed,route_unconfirmed,,,,450.0,4,
south,northern,36013,unconfirmed,route_unconfirmed,,,,88.0,0,
south,northern,36014,unconfirmed,route_unconfirmed,,,,66.0,0,
south,northern,36016,unconfirmed,route_unconfirmed,,,,22.0,0,
south,northern,36854,unconfirmed,route_unconfirmed,,,,11.0,0,
south,northern,36855,unconfirmed,route_unconfirmed,,,,22.0,0,
south,northern,36856,unconfirmed,route_unconfirmed,,,,11.0,0,
south,northern,36857,unconfirmed,route_unconfirmed,,,,22.0,0,
south,northern,36859,road_route_found_entrance_unverified,,2700.3,2341.2,1.1,4200.0,28,
south,northern,36862,unconfirmed,return_exceeds_pilot_3km,2714.9,5425.3,2.3,88.0,0,
south,northern,36863,unconfirmed,return_exceeds_pilot_3km,1638.2,4118.4,6.2,50.0,0,
south,northern,36867,unconfirmed,route_unconfirmed,,,,150.0,2,
south,northern,37081,unconfirmed,route_unconfirmed,,,,450.0,4,
south,northern,37082,unconfirmed,route_unconfirmed,,,,44.0,0,
south,northern,37083,unconfirmed,route_unconfirmed,,,,28.0,0,
south,northern,37084,road_route_found_entrance_unverified,,1343.4,886.0,8.6,75.0,0,
south,northern,37085,road_route_found_entrance_unverified,,1296.7,901.7,1.4,75.0,0,
south,northern,37086,road_route_found_entrance_unverified,,991.6,1148.5,8.2,3500.0,14,
south,northern,37087,road_route_found_entrance_unverified,,975.0,1648.2,3.0,600.0,4,
south,northern,37088,unconfirmed,route_unconfirmed,,,,28.0,0,
south,northern,37089,road_route_found_entrance_unverified,,1385.5,1484.0,7.6,120.0,0,
south,northern,37090,unconfirmed,route_unconfirmed,,,,600.0,4,
south,northern,37091,unconfirmed,route_unconfirmed,,,,110.0,0,
south,northern,37092,unconfirmed,route_unconfirmed,,,,1600.0,9,
south,northern,37093,unconfirmed,route_unconfirmed,,,,33.0,0,
south,northern,37094,unconfirmed,route_unconfirmed,,,,11.0,0,
south,northern,37096,road_route_found_entrance_unverified,,1752.9,1826.1,5.9,150.0,2,
south,northern,37097,road_route_found_entrance_unverified,,1752.9,1826.1,5.9,150.0,2,
south,northern,37098,road_route_found_entrance_unverified,,1752.9,1826.1,5.9,150.0,2,
south,northern,37099,road_route_found_entrance_unverified,,1752.9,1826.1,5.9,150.0,2,
south,northern,37100,road_route_found_entrance_unverified,,1752.9,1826.1,5.9,150.0,2,
south,northern,37101,unconfirmed,route_unconfirmed,,,,84.0,0,
south,northern,37102,road_route_found_entrance_unverified,,1418.3,1482.6,4.8,44.0,0,
south,northern,37103,road_route_found_entrance_unverified,,1555.4,1588.4,23.4,11.0,0,
south,northern,37104,unconfirmed,route_unconfirmed,,,,44.0,0,
south,northern,37105,unconfirmed,route_unconfirmed,,,,300.0,2,
south,northern,37106,unconfirmed,route_unconfirmed,,,,44.0,0,
south,northern,37107,unconfirmed,route_unconfirmed,,,,11.0,0,
south,northern,37108,unconfirmed,route_unconfirmed,,,,28.0,0,
south,northern,37109,unconfirmed,route_unconfirmed,,,,28.0,0,
south,northern,37110,unconfirmed,route_unconfirmed,,,,200.0,0,
south,northern,37111,unconfirmed,route_unconfirmed,,,,11.0,0,
south,northern,37112,unconfirmed,route_unconfirmed,,,,150.0,2,
south,northern,37113,unconfirmed,route_unconfirmed,,,,1800.0,10,
south,northern,37114,unconfirmed,route_unconfirmed,,,,44.0,0,
south,northern,37115,unconfirmed,route_unconfirmed,,,,88.0,0,
south,northern,37116,unconfirmed,route_unconfirmed,,,,88.0,0,
south,northern,37117,unconfirmed,route_unconfirmed,,,,300.0,2,
south,northern,37130,unconfirmed,route_unconfirmed,,,,28.0,0,
south,northern,37131,unconfirmed,route_unconfirmed,,,,28.0,0,
south,northern,37138,unconfirmed,route_unconfirmed,,,,60.0,0,
south,northern,38363,unconfirmed,route_unconfirmed,,,,22.0,0,
south,northern,38364,unconfirmed,route_unconfirmed,,,,44.0,0,
south,northern,38365,unconfirmed,route_unconfirmed,,,,600.0,4,
south,northern,38366,unconfirmed,route_unconfirmed,,,,22.0,0,
south,northern,38367,unconfirmed,route_unconfirmed,,,,22.0,0,
south,northern,38368,unconfirmed,route_unconfirmed,,,,22.0,0,
south,northern,38369,unconfirmed,route_unconfirmed,,,,22.0,0,
south,northern,38370,unconfirmed,route_unconfirmed,,,,750.0,8,
south,northern,38371,road_route_found_entrance_unverified,,2192.3,2316.7,13.8,44.0,0,
south,northern,38372,road_route_found_entrance_unverified,,1530.3,1572.8,13.5,450.0,4,
south,northern,38373,unconfirmed,route_unconfirmed,,,,44.0,0,
south,northern,38374,unconfirmed,route_unconfirmed,,,,100.0,0,
south,northern,38375,unconfirmed,route_unconfirmed,,,,50.0,0,
south,northern,38376,road_route_found_entrance_unverified,,538.8,590.1,5.8,800.0,4,
south,northern,38377,road_route_found_entrance_unverified,,482.6,415.7,13.6,600.0,4,
south,northern,38378,road_route_found_entrance_unverified,,922.5,904.8,6.1,110.0,0,
south,northern,38383,unconfirmed,route_unconfirmed,,,,150.0,2,
south,northern,38384,unconfirmed,route_unconfirmed,,,,600.0,4,
south,northern,38385,unconfirmed,route_unconfirmed,,,,150.0,2,
south,northern,38386,unconfirmed,route_unconfirmed,,,,300.0,2,
south,northern,38390,unconfirmed,route_unconfirmed,,,,44.0,0,
south,northern,38391,road_route_found_entrance_unverified,,1662.8,1734.4,5.2,300.0,4,
south,northern,38392,road_route_found_entrance_unverified,,1682.2,1710.3,4.8,4000.0,16,
south,northern,38393,road_route_found_entrance_unverified,,1713.5,1683.7,0.2,93.0,0,
south,northern,38394,road_route_found_entrance_unverified,,1698.6,1689.0,2.6,22.0,0,
south,northern,38395,unconfirmed,route_unconfirmed,,,,88.0,0,
south,northern,38396,unconfirmed,route_unconfirmed,,,,11.0,0,
south,northern,38401,unconfirmed,route_unconfirmed,,,,22.0,0,
south,northern,38402,unconfirmed,route_unconfirmed,,,,22.0,0,
south,northern,38404,unconfirmed,route_unconfirmed,,,,22.0,0,
south,northern,38419,unconfirmed,route_unconfirmed,,,,11.0,0,
south,northern,38420,road_route_found_entrance_unverified,,2034.4,1980.5,14.9,1000.0,6,
south,northern,38422,unconfirmed,route_unconfirmed,,,,44.0,0,
south,northern,38429,unconfirmed,return_exceeds_pilot_3km,2975.6,3060.4,9.7,44.0,0,
south,northern,38431,unconfirmed,route_unconfirmed,,,,225.0,2,
south,northern,38432,unconfirmed,route_unconfirmed,,,,22.0,0,
south,northern,38435,unconfirmed,route_unconfirmed,,,,72.0,0,
south,northern,38445,road_route_found_entrance_unverified,,1616.6,1909.7,0.0,44.0,0,
south,northern,38446,road_route_found_entrance_unverified,,1616.6,1909.7,0.0,44.0,0,
south,northern,38464,unconfirmed,route_unconfirmed,,,,98.0,0,
south,northern,38465,road_route_found_entrance_unverified,,1225.2,1246.8,0.1,11.0,0,
south,northern,38466,road_route_found_entrance_unverified,,1286.2,1251.1,1.1,22.0,0,
south,northern,38467,unconfirmed,route_unconfirmed,,,,11.0,0,
south,northern,38514,road_route_found_entrance_unverified,,886.3,876.2,13.5,93.0,0,
south,northern,38515,road_route_found_entrance_unverified,,2240.7,2201.6,5.8,1500.0,6,
south,northern,38524,road_route_found_entrance_unverified,,1828.8,1959.9,14.2,44.0,0,
south,northern,38525,road_route_found_entrance_unverified,,985.0,907.8,3.3,1200.0,6,
south,northern,38528,road_route_found_entrance_unverified,,908.2,854.3,8.6,2000.0,8,
south,northern,39541,road_route_found_entrance_unverified,,1317.8,1351.7,4.0,11.0,0,
south,northern,39566,unconfirmed,route_unconfirmed,,,,22.0,0,
south,northern,39567,unconfirmed,route_unconfirmed,,,,11.0,0,
south,northern,39568,unconfirmed,route_unconfirmed,,,,100.0,0,
south,northern,39569,unconfirmed,route_unconfirmed,,,,50.0,0,
south,northern,39570,road_route_found_entrance_unverified,,2300.6,2317.8,2.5,44.0,0,
south,northern,39571,road_route_found_entrance_unverified,,2164.4,2197.2,5.1,88.0,0,
south,northern,39574,unconfirmed,route_unconfirmed,,,,100.0,0,
south,northern,39575,unconfirmed,route_unconfirmed,,,,44.0,0,
south,northern,39576,unconfirmed,route_unconfirmed,,,,600.0,4,
south,northern,39577,unconfirmed,route_unconfirmed,,,,50.0,0,
south,northern,39578,unconfirmed,route_unconfirmed,,,,11.0,0,
south,northern,39579,unconfirmed,route_unconfirmed,,,,11.0,0,
south,northern,39580,unconfirmed,route_unconfirmed,,,,250.0,2,
south,northern,39581,unconfirmed,route_unconfirmed,,,,3.0,0,
south,northern,39582,unconfirmed,route_unconfirmed,,,,3.0,0,
south,northern,39583,unconfirmed,route_unconfirmed,,,,11.0,0,
south,northern,39584,unconfirmed,route_unconfirmed,,,,4.0,0,
south,northern,39585,unconfirmed,route_unconfirmed,,,,150.0,2,
south,northern,39586,unconfirmed,route_unconfirmed,,,,540.0,6,
south,northern,39587,unconfirmed,route_unconfirmed,,,,44.0,0,
south,northern,39594,unconfirmed,route_unconfirmed,,,,11.0,0,
south,northern,39595,road_route_found_entrance_unverified,,383.1,418.4,11.3,98.0,0,
south,northern,39596,unconfirmed,route_unconfirmed,,,,98.0,0,
south,northern,39597,unconfirmed,route_unconfirmed,,,,44.0,0,
south,northern,39599,road_route_found_entrance_unverified,,1882.0,1837.5,8.0,50.0,0,
south,northern,39600,road_route_found_entrance_unverified,,1828.1,1858.4,5.1,90.0,0,
south,northern,39615,road_route_found_entrance_unverified,,1987.4,1951.6,12.0,44.0,0,
south,northern,39616,unconfirmed,route_unconfirmed,,,,950.0,6,
south,northern,39617,unconfirmed,route_unconfirmed,,,,11.0,0,
south,northern,39618,unconfirmed,route_unconfirmed,,,,150.0,0,
south,northern,39619,unconfirmed,route_unconfirmed,,,,50.0,0,
south,northern,39620,unconfirmed,route_unconfirmed,,,,11.0,0,
south,northern,39621,unconfirmed,route_unconfirmed,,,,44.0,0,
south,northern,39622,unconfirmed,route_unconfirmed,,,,11.0,0,
south,northern,39623,road_route_found_entrance_unverified,,2196.0,2597.0,7.9,22.0,0,
south,northern,39624,unconfirmed,route_unconfirmed,,,,50.0,0,
south,northern,39625,unconfirmed,route_unconfirmed,,,,44.0,0,
south,northern,39626,unconfirmed,route_unconfirmed,,,,44.0,0,
south,northern,39627,unconfirmed,route_unconfirmed,,,,150.0,2,
south,northern,39628,unconfirmed,route_unconfirmed,,,,22.0,0,
south,northern,39629,unconfirmed,route_unconfirmed,,,,44.0,0,
south,northern,39726,unconfirmed,route_unconfirmed,,,,11.0,0,
south,northern,39728,unconfirmed,route_unconfirmed,,,,88.0,0,
south,northern,39729,unconfirmed,route_unconfirmed,,,,11.0,0,
south,northern,39774,unconfirmed,route_unconfirmed,,,,44.0,0,
south,northern,39775,unconfirmed,route_unconfirmed,,,,44.0,0,
south,northern,39777,unconfirmed,route_unconfirmed,,,,44.0,0,
south,northern,39778,unconfirmed,route_unconfirmed,,,,1600.0,8,
south,northern,39779,road_route_found_entrance_unverified,,415.2,265.0,10.4,1600.0,8,
south,northern,39780,road_route_found_entrance_unverified,,2395.2,2312.4,8.3,33.0,0,
south,northern,39782,road_route_found_entrance_unverified,,811.2,861.7,30.3,22.0,0,
south,northern,39783,road_route_found_entrance_unverified,,667.1,547.6,0.1,220.0,0,
south,northern,39786,unconfirmed,route_unconfirmed,,,,44.0,0,
south,northern,39787,unconfirmed,route_unconfirmed,,,,244.0,2,
south,northern,39788,unconfirmed,route_unconfirmed,,,,88.0,0,
south,northern,39790,unconfirmed,route_unconfirmed,,,,360.0,4,
south,northern,39791,unconfirmed,route_unconfirmed,,,,300.0,4,
south,northern,39793,unconfirmed,route_unconfirmed,,,,88.0,0,
south,northern,39794,unconfirmed,route_unconfirmed,,,,150.0,0,
south,northern,39795,unconfirmed,route_unconfirmed,,,,44.0,0,
south,northern,39796,unconfirmed,route_unconfirmed,,,,11.0,0,
south,northern,39797,road_route_found_entrance_unverified,,1444.7,1364.9,18.1,1600.0,8,
south,northern,39843,unconfirmed,route_unconfirmed,,,,44.0,0,
south,northern,39844,road_route_found_entrance_unverified,,2331.8,2233.3,6.3,44.0,0,
south,northern,39846,unconfirmed,route_unconfirmed,,,,22.0,0,
south,northern,39847,road_route_found_entrance_unverified,,1674.7,1876.1,34.1,800.0,4,
south,northern,41290,road_route_found_entrance_unverified,,2640.6,2598.2,17.2,50.0,0,
south,northern,41291,unconfirmed,route_unconfirmed,,,,44.0,0,
south,northern,41292,road_route_found_entrance_unverified,,2870.5,2886.5,9.0,44.0,0,
south,northern,41293,road_route_found_entrance_unverified,,1910.9,1880.8,16.7,5000.0,20,
south,northern,41294,unconfirmed,route_unconfirmed,,,,11.0,0,
south,northern,41295,road_route_found_entrance_unverified,,2575.7,2504.2,9.8,203.0,0,
south,northern,41296,road_route_found_entrance_unverified,,2793.6,2700.3,7.6,600.0,4,
south,northern,41297,road_route_found_entrance_unverified,,1910.9,1880.8,16.5,1750.0,8,
south,northern,41298,road_route_found_entrance_unverified,,2012.1,2037.9,27.4,3000.0,20,
south,northern,41299,unconfirmed,route_unconfirmed,,,,44.0,0,
south,northern,41300,unconfirmed,route_unconfirmed,,,,220.0,0,
south,northern,41301,road_route_found_entrance_unverified,,2159.5,2107.2,7.9,22.0,0,
south,northern,41302,unconfirmed,route_unconfirmed,,,,22.0,0,
south,northern,41303,road_route_found_entrance_unverified,,2831.4,2757.8,7.3,71.0,0,
south,northern,41304,road_route_found_entrance_unverified,,2871.1,2838.8,7.8,150.0,2,
south,northern,41305,road_route_found_entrance_unverified,,569.6,337.1,3.2,98.0,0,
south,northern,41306,unconfirmed,route_unconfirmed,,,,98.0,0,
south,northern,41307,unconfirmed,route_unconfirmed,,,,44.0,0,
south,northern,41334,road_route_found_entrance_unverified,,1896.0,1995.8,8.3,44.0,0,
south,northern,41335,road_route_found_entrance_unverified,,1050.0,932.5,4.9,225.0,2,
south,northern,41336,road_route_found_entrance_unverified,,1057.2,939.9,10.7,300.0,2,
south,northern,41337,road_route_found_entrance_unverified,,1036.3,1143.6,7.5,2400.0,16,
south,northern,41338,road_route_found_entrance_unverified,,1206.8,1330.1,3.6,1600.0,8,
south,northern,41339,road_route_found_entrance_unverified,,1015.5,1154.7,0.9,1200.0,8,
south,northern,41372,unconfirmed,route_unconfirmed,,,,11.0,0,
south,northern,41373,road_route_found_entrance_unverified,,1241.2,1233.4,4.0,100.0,0,
south,northern,41374,road_route_found_entrance_unverified,,565.5,551.5,27.8,1200.0,8,
south,northern,41375,road_route_found_entrance_unverified,,1021.9,1018.2,5.2,600.0,4,
south,northern,41376,road_route_found_entrance_unverified,,1067.6,972.5,5.6,2000.0,8,
south,northern,41377,road_route_found_entrance_unverified,,1063.2,913.4,1.1,1800.0,12,
south,northern,41378,road_route_found_entrance_unverified,,996.0,886.9,2.2,1200.0,8,
south,northern,41379,unconfirmed,route_unconfirmed,,,,11.0,0,
south,northern,41380,unconfirmed,route_unconfirmed,,,,700.0,2,
south,northern,41381,road_route_found_entrance_unverified,,367.9,255.3,5.9,700.0,2,
south,northern,41382,road_route_found_entrance_unverified,,367.9,255.3,5.9,1400.0,4,
south,northern,41383,unconfirmed,route_unconfirmed,,,,1400.0,4,
south,northern,41384,road_route_found_entrance_unverified,,411.6,211.7,7.1,98.0,0,
south,northern,41385,unconfirmed,route_unconfirmed,,,,98.0,0,
south,northern,41789,unconfirmed,route_unconfirmed,,,,22.0,0,
south,northern,41815,road_route_found_entrance_unverified,,2523.2,2469.4,4.1,11.0,0,
south,northern,41823,road_route_found_entrance_unverified,,1016.5,954.6,3.4,360.0,2,
south,northern,41824,road_route_found_entrance_unverified,,1094.0,1037.9,3.9,93.0,0,
south,northern,41825,road_route_found_entrance_unverified,,1089.9,1041.5,6.5,5000.0,20,
south,northern,41848,unconfirmed,route_unconfirmed,,,,44.0,0,
south,northern,41849,unconfirmed,route_unconfirmed,,,,11.0,0,
south,northern,41850,unconfirmed,route_unconfirmed,,,,11.0,0,
south,northern,41851,unconfirmed,route_unconfirmed,,,,44.0,0,
south,northern,41852,unconfirmed,route_unconfirmed,,,,44.0,0,
south,northern,41853,unconfirmed,route_unconfirmed,,,,33.0,0,
south,northern,41854,unconfirmed,route_unconfirmed,,,,22.0,0,
south,northern,41862,unconfirmed,route_unconfirmed,,,,11.0,0,
south,northern,41875,unconfirmed,route_unconfirmed,,,,22.0,0,
south,northern,41876,road_route_found_entrance_unverified,,2275.6,2217.0,9.5,11.0,0,
south,northern,41877,road_route_found_entrance_unverified,,2512.1,2426.1,9.2,22.0,0,
south,northern,41878,road_route_found_entrance_unverified,,2072.6,1937.9,12.9,22.0,0,
south,northern,41879,road_route_found_entrance_unverified,,1133.9,1095.4,20.1,44.0,0,
south,northern,41880,road_route_found_entrance_unverified,,1198.8,1239.9,16.3,44.0,0,
south,northern,41881,road_route_found_entrance_unverified,,1205.0,1205.4,4.4,1200.0,8,
south,northern,41882,road_route_found_entrance_unverified,,2396.3,2308.0,5.9,44.0,0,
south,northern,41883,road_route_found_entrance_unverified,,2734.5,2598.1,5.4,22.0,0,
south,northern,41884,road_route_found_entrance_unverified,,2997.6,2905.0,13.1,44.0,0,
south,northern,41891,unconfirmed,route_unconfirmed,,,,11.0,0,
south,northern,41892,unconfirmed,route_unconfirmed,,,,22.0,0,
south,northern,41893,unconfirmed,route_unconfirmed,,,,1400.0,4,
south,northern,41894,unconfirmed,route_unconfirmed,,,,1400.0,4,
south,northern,41895,road_route_found_entrance_unverified,,2826.4,2856.9,7.9,22.0,0,
south,northern,41896,road_route_found_entrance_unverified,,2826.3,2841.9,1.4,44.0,0,
south,northern,41897,road_route_found_entrance_unverified,,2854.6,2746.5,1.1,200.0,0,
south,northern,41898,road_route_found_entrance_unverified,,2395.5,2370.2,16.4,22.0,0,
south,northern,41899,unconfirmed,route_unconfirmed,,,,98.0,0,
south,northern,41900,road_route_found_entrance_unverified,,494.4,447.8,9.1,98.0,0,
south,northern,41901,unconfirmed,route_unconfirmed,,,,700.0,2,
south,northern,41902,road_route_found_entrance_unverified,,628.5,728.4,5.8,350.0,1,
south,northern,41903,road_route_found_entrance_unverified,,1008.1,920.3,8.3,3000.0,12,
south,northern,41904,road_route_found_entrance_unverified,,975.8,847.0,0.2,2100.0,14,
south,northern,41905,road_route_found_entrance_unverified,,917.5,781.9,0.6,300.0,4,
south,northern,41906,unconfirmed,route_unconfirmed,,,,150.0,2,
south,northern,41907,road_route_found_entrance_unverified,,2858.7,2796.1,7.0,44.0,0,
south,northern,41908,road_route_found_entrance_unverified,,976.4,897.9,9.2,720.0,4,
south,northern,41909,road_route_found_entrance_unverified,,954.5,862.1,4.6,350.0,2,
south,northern,41910,road_route_found_entrance_unverified,,1597.3,1496.5,1.5,22.0,0,
south,northern,41911,road_route_found_entrance_unverified,,2582.1,2674.1,15.7,11.0,0,
south,northern,41912,unconfirmed,route_unconfirmed,,,,170.0,0,
south,northern,41913,unconfirmed,route_unconfirmed,,,,33.0,0,
south,northern,41979,unconfirmed,route_unconfirmed,,,,33.0,0,
south,northern,41980,unconfirmed,route_unconfirmed,,,,22.0,0,
south,northern,41983,unconfirmed,route_unconfirmed,,,,22.0,0,
south,northern,41984,unconfirmed,route_unconfirmed,,,,44.0,0,
south,northern,41997,unconfirmed,route_unconfirmed,,,,100.0,0,
south,northern,41998,unconfirmed,route_unconfirmed,,,,50.0,0,
south,northern,41999,road_route_found_entrance_unverified,,1210.0,1215.1,12.3,44.0,0,
south,northern,42001,unconfirmed,route_unconfirmed,,,,44.0,0,
south,northern,42002,unconfirmed,route_unconfirmed,,,,44.0,0,
south,northern,42005,unconfirmed,route_unconfirmed,,,,772.0,6,
south,northern,42006,unconfirmed,route_unconfirmed,,,,2500.0,20,
south,northern,42007,unconfirmed,route_unconfirmed,,,,44.0,0,
south,northern,42008,unconfirmed,route_unconfirmed,,,,3000.0,12,
south,northern,42009,unconfirmed,route_unconfirmed,,,,1200.0,6,
south,northern,42010,unconfirmed,route_unconfirmed,,,,150.0,2,
south,northern,42011,road_route_found_entrance_unverified,,511.3,559.0,2.6,480.0,4,
south,northern,42012,unconfirmed,route_unconfirmed,,,,66.0,0,
south,northern,42013,road_route_found_entrance_unverified,,1850.2,1949.5,0.9,44.0,0,
south,northern,42014,road_route_found_entrance_unverified,,1398.3,1413.4,2.0,33.0,0,
south,northern,42015,road_route_found_entrance_unverified,,1622.6,1682.1,4.8,150.0,2,
south,northern,42016,road_route_found_entrance_unverified,,1512.7,1533.0,4.1,450.0,4,
south,northern,42017,unconfirmed,route_unconfirmed,,,,600.0,4,
south,northern,42018,road_route_found_entrance_unverified,,395.4,418.5,2.1,22.0,0,
south,northern,42019,road_route_found_entrance_unverified,,2815.0,2969.4,26.5,44.0,0,
south,northern,42020,unconfirmed,route_unconfirmed,,,,250.0,2,
south,northern,42853,unconfirmed,route_unconfirmed,,,,44.0,0,
south,northern,42854,road_route_found_entrance_unverified,,2251.4,2298.4,5.2,44.0,0,
south,northern,42855,unconfirmed,route_unconfirmed,,,,44.0,0,
south,northern,42856,unconfirmed,route_unconfirmed,,,,44.0,0,
south,northern,42857,road_route_found_entrance_unverified,,2392.4,2409.5,9.0,22.0,0,
south,northern,42858,road_route_found_entrance_unverified,,170.0,314.0,6.3,160.0,1,
south,northern,42859,road_route_found_entrance_unverified,,2334.4,2322.7,7.0,44.0,0,
south,northern,42860,unconfirmed,route_unconfirmed,,,,11.0,0,
south,northern,42861,road_route_found_entrance_unverified,,2900.3,2891.7,5.6,44.0,0,
south,northern,42862,unconfirmed,route_unconfirmed,,,,160.0,1,
south,northern,42863,road_route_found_entrance_unverified,,2582.4,2557.7,5.6,44.0,0,
south,northern,42864,unconfirmed,route_unconfirmed,,,,33.0,0,
south,northern,42865,unconfirmed,route_unconfirmed,,,,50.0,0,
south,northern,42866,unconfirmed,route_unconfirmed,,,,44.0,0,
south,northern,43167,road_route_found_entrance_unverified,,2551.5,2050.7,0.3,44.0,0,
south,northern,43170,unconfirmed,route_unconfirmed,,,,44.0,0,
south,northern,43171,unconfirmed,route_unconfirmed,,,,44.0,0,
south,northern,43173,unconfirmed,route_unconfirmed,,,,44.0,0,
south,northern,43174,unconfirmed,route_unconfirmed,,,,66.0,0,
south,northern,43175,unconfirmed,route_unconfirmed,,,,44.0,0,
south,northern,43176,unconfirmed,route_unconfirmed,,,,150.0,2,
south,northern,43179,unconfirmed,route_unconfirmed,,,,160.0,2,
south,northern,43185,unconfirmed,route_unconfirmed,,,,60.0,0,
south,northern,43188,road_route_found_entrance_unverified,,1553.0,1570.3,8.1,44.0,0,
south,northern,43189,unconfirmed,route_unconfirmed,,,,132.0,0,
south,northern,43190,unconfirmed,route_unconfirmed,,,,2400.0,12,
south,northern,43191,unconfirmed,route_unconfirmed,,,,44.0,0,
south,northern,43192,unconfirmed,route_unconfirmed,,,,44.0,0,
south,northern,43193,unconfirmed,route_unconfirmed,,,,44.0,0,
south,northern,43194,unconfirmed,route_unconfirmed,,,,71.0,0,
south,northern,43195,unconfirmed,route_unconfirmed,,,,44.0,0,
south,northern,43196,unconfirmed,route_unconfirmed,,,,150.0,2,
south,northern,43197,road_route_found_entrance_unverified,,2656.7,2598.5,5.4,144.0,0,
south,northern,43198,unconfirmed,route_unconfirmed,,,,44.0,0,
south,northern,43199,unconfirmed,route_unconfirmed,,,,44.0,0,
south,northern,43200,unconfirmed,route_unconfirmed,,,,44.0,0,
south,northern,43202,unconfirmed,route_unconfirmed,,,,22.0,0,
south,northern,43203,unconfirmed,route_unconfirmed,,,,1200.0,8,
south,northern,43204,unconfirmed,route_unconfirmed,,,,44.0,0,
south,northern,43205,unconfirmed,route_unconfirmed,,,,44.0,0,
south,northern,43206,road_route_found_entrance_unverified,,2923.9,2915.1,6.4,44.0,0,
south,northern,43207,unconfirmed,route_unconfirmed,,,,11.0,0,
south,northern,43208,unconfirmed,route_unconfirmed,,,,44.0,0,
south,northern,43209,road_route_found_entrance_unverified,,2113.2,1884.6,5.9,44.0,0,
south,northern,43210,unconfirmed,route_unconfirmed,,,,44.0,0,
south,northern,43211,unconfirmed,route_unconfirmed,,,,44.0,0,
south,northern,43212,unconfirmed,route_unconfirmed,,,,22.0,0,
south,northern,43213,unconfirmed,route_unconfirmed,,,,44.0,0,
south,northern,43214,unconfirmed,route_unconfirmed,,,,22.0,0,
south,northern,43215,unconfirmed,route_unconfirmed,,,,72.0,0,
south,northern,43216,road_route_found_entrance_unverified,,2885.3,2808.4,8.3,44.0,0,
south,northern,43217,road_route_found_entrance_unverified,,2885.3,2808.4,8.3,44.0,0,
south,northern,43218,unconfirmed,route_unconfirmed,,,,44.0,0,
south,northern,43219,unconfirmed,route_unconfirmed,,,,22.0,0,
south,northern,43220,unconfirmed,route_unconfirmed,,,,44.0,0,
south,northern,43221,unconfirmed,route_unconfirmed,,,,50.0,0,
south,northern,43222,unconfirmed,route_unconfirmed,,,,44.0,0,
south,northern,43223,unconfirmed,route_unconfirmed,,,,50.0,0,
south,northern,43224,unconfirmed,route_unconfirmed,,,,44.0,0,
south,northern,43225,unconfirmed,route_unconfirmed,,,,44.0,0,
south,northern,43226,unconfirmed,route_unconfirmed,,,,44.0,0,
south,northern,43227,unconfirmed,route_unconfirmed,,,,88.0,0,
south,northern,43228,unconfirmed,route_unconfirmed,,,,44.0,0,
south,northern,43229,unconfirmed,route_unconfirmed,,,,400.0,4,
south,northern,43230,unconfirmed,route_unconfirmed,,,,11.0,0,
south,northern,43231,unconfirmed,route_unconfirmed,,,,44.0,0,
south,northern,43232,unconfirmed,route_unconfirmed,,,,188.0,0,
south,northern,43233,unconfirmed,route_unconfirmed,,,,44.0,0,
south,northern,43234,unconfirmed,route_unconfirmed,,,,132.0,0,
south,northern,43235,unconfirmed,route_unconfirmed,,,,44.0,0,
south,northern,43236,unconfirmed,route_unconfirmed,,,,75.0,0,
south,northern,43358,unconfirmed,route_unconfirmed,,,,44.0,0,
south,northern,43361,unconfirmed,route_unconfirmed,,,,11.0,0,
south,northern,43362,unconfirmed,route_unconfirmed,,,,200.0,2,
south,northern,43364,unconfirmed,route_unconfirmed,,,,150.0,2,
south,northern,43365,unconfirmed,route_unconfirmed,,,,44.0,0,
south,northern,43366,unconfirmed,route_unconfirmed,,,,44.0,0,
south,northern,43369,unconfirmed,route_unconfirmed,,,,80.0,0,
south,northern,43372,unconfirmed,route_unconfirmed,,,,200.0,2,
south,northern,43393,unconfirmed,route_unconfirmed,,,,44.0,0,
south,northern,43395,unconfirmed,route_unconfirmed,,,,800.0,3,
south,northern,43396,road_route_found_entrance_unverified,,339.2,222.5,10.0,400.0,2,
south,northern,43397,road_route_found_entrance_unverified,,332.9,228.7,10.4,400.0,2,
south,northern,43399,unconfirmed,route_unconfirmed,,,,44.0,0,
south,northern,43400,unconfirmed,route_unconfirmed,,,,44.0,0,
south,northern,43401,unconfirmed,route_unconfirmed,,,,22.0,0,
south,northern,43402,unconfirmed,route_unconfirmed,,,,44.0,0,
south,northern,43404,unconfirmed,route_unconfirmed,,,,150.0,2,
south,northern,43405,unconfirmed,return_exceeds_pilot_3km,2985.6,3131.8,8.1,44.0,0,
south,northern,43406,unconfirmed,route_unconfirmed,,,,33.0,0,
south,northern,43415,unconfirmed,route_unconfirmed,,,,44.0,0,
south,northern,43416,unconfirmed,route_unconfirmed,,,,44.0,0,
south,northern,43443,unconfirmed,route_unconfirmed,,,,97.0,0,
south,northern,43445,unconfirmed,route_unconfirmed,,,,132.0,0,
south,northern,43446,unconfirmed,route_unconfirmed,,,,450.0,4,
south,northern,43447,unconfirmed,route_unconfirmed,,,,600.0,4,
south,northern,43448,unconfirmed,route_unconfirmed,,,,600.0,4,
south,northern,43449,road_route_found_entrance_unverified,,2900.8,2980.4,5.5,44.0,0,
south,northern,43478,unconfirmed,route_unconfirmed,,,,33.0,0,
south,northern,43481,unconfirmed,route_unconfirmed,,,,800.0,4,
south,northern,43482,unconfirmed,route_unconfirmed,,,,400.0,4,
south,northern,43483,unconfirmed,route_unconfirmed,,,,44.0,0,
south,northern,43484,unconfirmed,route_unconfirmed,,,,44.0,0,
south,northern,43485,unconfirmed,route_unconfirmed,,,,300.0,4,
south,northern,43486,unconfirmed,route_unconfirmed,,,,30.0,0,
south,northern,43487,unconfirmed,route_unconfirmed,,,,600.0,4,
south,northern,43488,unconfirmed,route_unconfirmed,,,,30.0,0,
south,northern,47040,road_route_found_entrance_unverified,,1658.0,1770.3,1.6,44.0,0,
south,northern,47041,unconfirmed,route_unconfirmed,,,,75.0,0,
south,northern,47042,road_route_found_entrance_unverified,,2646.3,2824.6,8.6,44.0,0,
south,northern,47044,unconfirmed,route_unconfirmed,,,,44.0,0,
south,northern,47096,unconfirmed,route_unconfirmed,,,,44.0,0,
south,northern,47097,unconfirmed,route_unconfirmed,,,,44.0,0,
south,northern,47098,road_route_found_entrance_unverified,,2962.0,2847.0,20.2,238.0,0,
south,northern,47099,road_route_found_entrance_unverified,,2973.0,2539.3,7.3,44.0,0,
south,northern,47100,road_route_found_entrance_unverified,,2649.1,2336.1,3.4,600.0,4,
south,northern,47101,unconfirmed,route_unconfirmed,,,,44.0,0,
south,northern,47102,unconfirmed,route_unconfirmed,,,,22.0,0,
south,northern,47103,unconfirmed,route_unconfirmed,,,,44.0,0,
south,northern,47104,unconfirmed,route_unconfirmed,,,,44.0,0,
south,northern,47105,unconfirmed,route_unconfirmed,,,,44.0,0,
south,northern,47106,road_route_found_entrance_unverified,,1791.1,2216.8,7.4,150.0,0,
south,northern,47107,road_route_found_entrance_unverified,,1737.4,2224.9,5.0,1800.0,12,
south,northern,47108,unconfirmed,route_unconfirmed,,,,66.0,0,
south,northern,47109,unconfirmed,route_unconfirmed,,,,400.0,4,
south,northern,47110,road_route_found_entrance_unverified,,2062.2,2110.0,5.3,900.0,8,
south,northern,47111,road_route_found_entrance_unverified,,2805.1,2962.3,7.0,100.0,0,
south,northern,47112,unconfirmed,route_unconfirmed,,,,450.0,4,
south,northern,47113,road_route_found_entrance_unverified,,2027.4,2268.2,8.0,600.0,4,
south,northern,47114,unconfirmed,route_unconfirmed,,,,450.0,4,
south,northern,47115,road_route_found_entrance_unverified,,1829.1,1970.5,2.7,4000.0,16,
south,northern,47116,unconfirmed,route_unconfirmed,,,,44.0,0,
south,northern,47118,unconfirmed,route_unconfirmed,,,,22.0,0,
south,northern,47119,unconfirmed,route_unconfirmed,,,,44.0,0,
south,northern,47120,unconfirmed,route_unconfirmed,,,,44.0,0,
south,northern,47123,road_route_found_entrance_unverified,,1739.2,1454.4,12.0,99.0,0,
south,northern,47124,unconfirmed,route_unconfirmed,,,,22.0,0,
south,northern,47128,unconfirmed,route_unconfirmed,,,,97.0,0,
south,northern,47131,unconfirmed,route_unconfirmed,,,,44.0,0,
south,northern,47132,unconfirmed,route_unconfirmed,,,,44.0,0,
south,northern,47136,unconfirmed,route_unconfirmed,,,,22.0,0,
south,northern,47137,unconfirmed,route_unconfirmed,,,,11.0,0,
south,northern,47138,unconfirmed,route_unconfirmed,,,,160.0,0,
south,northern,47151,unconfirmed,route_unconfirmed,,,,300.0,2,
south,northern,47152,unconfirmed,route_unconfirmed,,,,900.0,6,
south,northern,47153,unconfirmed,route_unconfirmed,,,,88.0,0,
south,northern,47182,unconfirmed,route_unconfirmed,,,,22.0,0,
south,northern,47183,unconfirmed,route_unconfirmed,,,,22.0,0,
south,northern,47184,unconfirmed,return_exceeds_pilot_3km,2930.7,3079.7,9.6,22.0,0,
south,northern,47191,unconfirmed,route_unconfirmed,,,,110.0,0,
south,northern,47193,unconfirmed,route_unconfirmed,,,,110.0,0,
south,northern,47194,unconfirmed,route_unconfirmed,,,,750.0,8,
south,northern,47196,unconfirmed,route_unconfirmed,,,,22.0,0,
south,northern,47197,unconfirmed,route_unconfirmed,,,,22.0,0,
south,northern,47203,unconfirmed,route_unconfirmed,,,,160.0,2,
south,northern,47204,road_route_found_entrance_unverified,,330.3,201.0,3.0,160.0,2,
south,northern,47208,road_route_found_entrance_unverified,,2676.0,2619.5,6.4,22.0,0,
south,northern,47211,unconfirmed,route_unconfirmed,,,,22.0,0,
south,northern,47212,road_route_found_entrance_unverified,,2531.6,2451.7,14.0,22.0,0,
south,northern,47213,unconfirmed,route_unconfirmed,,,,44.0,0,
south,northern,47216,unconfirmed,route_unconfirmed,,,,22.0,0,
south,northern,47217,unconfirmed,route_unconfirmed,,,,50.0,0,
south,northern,47218,unconfirmed,route_unconfirmed,,,,7000.0,28,
south,northern,47219,unconfirmed,route_unconfirmed,,,,44.0,0,
south,northern,47220,unconfirmed,route_unconfirmed,,,,400.0,4,
south,northern,47221,road_route_found_entrance_unverified,,2059.8,2202.3,19.2,11.0,0,
south,northern,47222,unconfirmed,route_unconfirmed,,,,200.0,2,
south,northern,47223,unconfirmed,route_unconfirmed,,,,44.0,0,
south,northern,47224,unconfirmed,route_unconfirmed,,,,11.0,0,
south,northern,47225,unconfirmed,route_unconfirmed,,,,143.0,0,
south,northern,47226,unconfirmed,route_unconfirmed,,,,66.0,0,
south,northern,47227,unconfirmed,route_unconfirmed,,,,71.0,0,
south,northern,47228,unconfirmed,route_unconfirmed,,,,44.0,0,
south,northern,47229,unconfirmed,route_unconfirmed,,,,11.0,0,
south,northern,47230,unconfirmed,route_unconfirmed,,,,450.0,4,
south,northern,47231,unconfirmed,route_unconfirmed,,,,44.0,0,
south,northern,47232,unconfirmed,route_unconfirmed,,,,300.0,2,
south,northern,47233,unconfirmed,route_unconfirmed,,,,150.0,2,
south,northern,47234,unconfirmed,route_unconfirmed,,,,11.0,0,
south,northern,47235,unconfirmed,route_unconfirmed,,,,150.0,2,
south,northern,47236,unconfirmed,route_unconfirmed,,,,450.0,4,
south,northern,47237,unconfirmed,route_unconfirmed,,,,44.0,0,
south,northern,47238,unconfirmed,route_unconfirmed,,,,1244.0,8,
south,northern,48012,unconfirmed,route_unconfirmed,,,,150.0,2,
south,northern,48016,unconfirmed,route_unconfirmed,,,,72.0,0,
south,northern,48018,unconfirmed,route_unconfirmed,,,,11.0,0,
south,northern,48021,unconfirmed,route_unconfirmed,,,,72.0,0,
south,northern,48022,unconfirmed,route_unconfirmed,,,,1400.0,4,
south,northern,48023,road_route_found_entrance_unverified,,2290.2,2585.3,7.9,44.0,0,
south,northern,48024,unconfirmed,route_unconfirmed,,,,44.0,0,
south,northern,48025,road_route_found_entrance_unverified,,1311.1,1428.4,1.5,150.0,2,
south,northern,48026,unconfirmed,route_unconfirmed,,,,44.0,0,
south,northern,48027,road_route_found_entrance_unverified,,1485.0,1626.3,7.3,772.0,6,
south,northern,48028,road_route_found_entrance_unverified,,2689.6,2977.6,6.0,644.0,4,
south,northern,48030,road_route_found_entrance_unverified,,638.4,574.4,4.0,600.0,4,
south,northern,48031,unconfirmed,return_exceeds_pilot_3km,2780.9,3076.0,8.0,44.0,0,
south,northern,48032,unconfirmed,route_unconfirmed,,,,44.0,0,
south,northern,48033,unconfirmed,route_unconfirmed,,,,44.0,0,
south,northern,48034,unconfirmed,route_unconfirmed,,,,22.0,0,
south,northern,48036,unconfirmed,route_unconfirmed,,,,11.0,0,
south,northern,48037,unconfirmed,route_unconfirmed,,,,22.0,0,
south,northern,48039,road_route_found_entrance_unverified,,2663.8,2618.7,8.8,44.0,0,
south,northern,48040,road_route_found_entrance_unverified,,2298.2,2213.4,4.9,44.0,0,
south,northern,48041,road_route_found_entrance_unverified,,2520.4,2435.8,20.1,44.0,0,
south,northern,48042,road_route_found_entrance_unverified,,2546.2,2339.6,6.1,44.0,0,
south,northern,48043,unconfirmed,route_unconfirmed,,,,400.0,4,
south,northern,48044,unconfirmed,route_unconfirmed,,,,44.0,0,
south,northern,48045,unconfirmed,route_unconfirmed,,,,33.0,0,
south,northern,48046,unconfirmed,route_unconfirmed,,,,44.0,0,
south,northern,48047,road_route_found_entrance_unverified,,423.1,356.1,7.6,1600.0,8,
south,northern,48048,unconfirmed,route_unconfirmed,,,,44.0,0,
south,northern,48225,unconfirmed,route_unconfirmed,,,,11.0,0,
south,northern,48654,road_route_found_entrance_unverified,,2190.2,2227.3,4.7,1600.0,8,
south,northern,48655,unconfirmed,route_unconfirmed,,,,11.0,0,
south,northern,48656,unconfirmed,route_unconfirmed,,,,66.0,0,
south,northern,48657,unconfirmed,route_unconfirmed,,,,600.0,4,
south,northern,48658,road_route_found_entrance_unverified,,1950.6,2047.0,0.6,132.0,0,
south,northern,48660,unconfirmed,route_unconfirmed,,,,22.0,0,
south,northern,48662,unconfirmed,route_unconfirmed,,,,72.0,0,
south,northern,48663,unconfirmed,route_unconfirmed,,,,44.0,0,
south,northern,48664,road_route_found_entrance_unverified,,2461.2,2433.1,6.2,22.0,0,
south,northern,48665,road_route_found_entrance_unverified,,2579.9,2691.9,18.9,11.0,0,
south,northern,48667,unconfirmed,route_unconfirmed,,,,44.0,0,
south,northern,48668,road_route_found_entrance_unverified,,2260.4,2410.6,9.3,85.0,0,
south,northern,48669,unconfirmed,route_unconfirmed,,,,88.0,0,
south,northern,48670,unconfirmed,route_unconfirmed,,,,150.0,2,
south,northern,48671,unconfirmed,route_unconfirmed,,,,60.0,0,
south,northern,48672,unconfirmed,route_unconfirmed,,,,44.0,0,
south,northern,48923,unconfirmed,route_unconfirmed,,,,44.0,0,
south,northern,48937,unconfirmed,route_unconfirmed,,,,44.0,0,
south,northern,48938,unconfirmed,route_unconfirmed,,,,99.0,0,
south,northern,48939,unconfirmed,route_unconfirmed,,,,44.0,0,
south,northern,48940,unconfirmed,route_unconfirmed,,,,44.0,0,
south,northern,48941,unconfirmed,route_unconfirmed,,,,11.0,0,
south,northern,48942,road_route_found_entrance_unverified,,2591.6,2563.4,24.8,11.0,0,
south,northern,48943,road_route_found_entrance_unverified,,2324.6,2397.7,6.1,1800.0,12,
south,northern,48944,unconfirmed,route_unconfirmed,,,,44.0,0,
south,northern,48945,unconfirmed,route_unconfirmed,,,,11.0,0,
south,northern,48946,road_route_found_entrance_unverified,,2160.2,2135.3,5.0,44.0,0,
south,northern,48955,unconfirmed,route_unconfirmed,,,,44.0,0,
south,northern,48956,unconfirmed,route_unconfirmed,,,,44.0,0,
south,northern,48961,unconfirmed,route_unconfirmed,,,,44.0,0,
south,northern,48963,unconfirmed,route_unconfirmed,,,,44.0,0,
south,northern,48964,unconfirmed,route_unconfirmed,,,,44.0,0,
south,northern,48965,unconfirmed,route_unconfirmed,,,,61.0,0,
south,northern,48966,road_route_found_entrance_unverified,,612.2,698.3,7.0,600.0,4,
south,northern,48967,unconfirmed,route_unconfirmed,,,,44.0,0,
south,northern,48968,unconfirmed,route_unconfirmed,,,,450.0,4,
south,northern,48969,unconfirmed,route_unconfirmed,,,,44.0,0,
south,northern,48971,unconfirmed,route_unconfirmed,,,,46.0,0,
south,northern,48974,unconfirmed,route_unconfirmed,,,,22.0,0,
south,northern,48975,unconfirmed,route_unconfirmed,,,,46.0,0,
south,northern,48976,unconfirmed,route_unconfirmed,,,,44.0,0,
south,northern,48977,unconfirmed,route_unconfirmed,,,,44.0,0,
south,northern,48978,unconfirmed,route_unconfirmed,,,,300.0,2,
south,northern,48979,unconfirmed,route_unconfirmed,,,,100.0,0,
south,northern,48980,road_route_found_entrance_unverified,,402.5,184.4,8.0,300.0,2,
south,northern,48981,road_route_found_entrance_unverified,,402.5,184.4,8.0,100.0,0,
south,northern,48984,unconfirmed,return_exceeds_pilot_3km,2914.0,3274.7,28.0,44.0,0,
south,northern,48985,road_route_found_entrance_unverified,,2138.1,2189.4,8.2,44.0,0,
south,northern,48986,road_route_found_entrance_unverified,,1102.1,922.9,19.4,1200.0,8,
south,northern,48987,road_route_found_entrance_unverified,,1180.1,1169.0,6.4,300.0,2,
south,northern,48988,road_route_found_entrance_unverified,,1887.0,1918.7,11.4,22.0,0,
south,northern,49534,road_route_found_entrance_unverified,,1101.5,981.9,8.0,11.0,0,
south,northern,49535,unconfirmed,route_unconfirmed,,,,44.0,0,
south,northern,49536,unconfirmed,return_exceeds_pilot_3km,2766.4,3042.2,12.0,44.0,0,
south,northern,49537,unconfirmed,route_unconfirmed,,,,44.0,0,
south,northern,49538,unconfirmed,route_unconfirmed,,,,44.0,0,
south,northern,49541,unconfirmed,route_unconfirmed,,,,44.0,0,
south,northern,49542,unconfirmed,route_unconfirmed,,,,44.0,0,
south,northern,49543,unconfirmed,route_unconfirmed,,,,44.0,0,
south,northern,49544,unconfirmed,route_unconfirmed,,,,50.0,0,
south,northern,49546,unconfirmed,route_unconfirmed,,,,44.0,0,
south,northern,49547,unconfirmed,route_unconfirmed,,,,88.0,0,
south,northern,49548,unconfirmed,route_unconfirmed,,,,44.0,0,
south,northern,49549,road_route_found_entrance_unverified,,1075.9,1077.7,2.4,44.0,0,
south,northern,49550,unconfirmed,route_unconfirmed,,,,55.0,0,
south,northern,49551,unconfirmed,route_unconfirmed,,,,44.0,0,
south,northern,49552,road_route_found_entrance_unverified,,2626.5,2722.5,10.9,88.0,0,
south,northern,49554,unconfirmed,route_unconfirmed,,,,88.0,0,
south,northern,49555,unconfirmed,route_unconfirmed,,,,44.0,0,
south,northern,49556,unconfirmed,route_unconfirmed,,,,44.0,0,
south,northern,49557,unconfirmed,route_unconfirmed,,,,44.0,0,
south,northern,49558,unconfirmed,route_unconfirmed,,,,44.0,0,
south,northern,49560,unconfirmed,route_unconfirmed,,,,44.0,0,
south,northern,49561,unconfirmed,route_unconfirmed,,,,44.0,0,
south,northern,49562,unconfirmed,route_unconfirmed,,,,100.0,0,
south,northern,49563,unconfirmed,route_unconfirmed,,,,44.0,0,
south,northern,49564,unconfirmed,route_unconfirmed,,,,44.0,0,
south,northern,49565,unconfirmed,route_unconfirmed,,,,600.0,6,
south,northern,49566,unconfirmed,route_unconfirmed,,,,44.0,0,
south,northern,49567,road_route_found_entrance_unverified,,1293.1,1368.1,2.8,44.0,0,
south,northern,49568,road_route_found_entrance_unverified,,1443.8,1533.6,2.4,44.0,0,
south,northern,49569,road_route_found_entrance_unverified,,1716.8,1817.6,6.7,44.0,0,
south,northern,49570,unconfirmed,route_unconfirmed,,,,132.0,0,
south,northern,49571,unconfirmed,route_unconfirmed,,,,44.0,0,
south,northern,49572,unconfirmed,route_unconfirmed,,,,44.0,0,
south,northern,49573,road_route_found_entrance_unverified,,1596.7,1251.4,2.5,300.0,2,
south,northern,49574,road_route_found_entrance_unverified,,1094.1,1758.4,0.2,800.0,4,
south,northern,49575,road_route_found_entrance_unverified,,2007.2,1226.3,10.2,44.0,0,
south,northern,49576,road_route_found_entrance_unverified,,2278.4,1445.1,10.3,44.0,0,
south,northern,49577,unconfirmed,route_unconfirmed,,,,44.0,0,
south,northern,49578,unconfirmed,route_unconfirmed,,,,22.0,0,
south,northern,49579,unconfirmed,route_unconfirmed,,,,22.0,0,
south,northern,49580,unconfirmed,route_unconfirmed,,,,88.0,0,
south,northern,49582,unconfirmed,route_unconfirmed,,,,44.0,0,
south,northern,49583,unconfirmed,route_unconfirmed,,,,44.0,0,
south,northern,49584,unconfirmed,route_unconfirmed,,,,44.0,0,
south,northern,49585,road_route_found_entrance_unverified,,2794.9,2094.4,14.7,11.0,0,
south,northern,49586,road_route_found_entrance_unverified,,2904.3,2114.0,4.2,44.0,0,
south,northern,49587,unconfirmed,route_unconfirmed,,,,22.0,0,
south,northern,49588,unconfirmed,route_unconfirmed,,,,1400.0,4,
south,northern,49589,unconfirmed,route_unconfirmed,,,,700.0,2,
south,northern,49590,road_route_found_entrance_unverified,,2387.5,2538.7,5.0,44.0,0,
south,northern,49591,road_route_found_entrance_unverified,,2831.5,2983.3,24.4,88.0,0,
south,northern,49592,unconfirmed,route_unconfirmed,,,,264.0,0,
south,northern,49593,unconfirmed,route_unconfirmed,,,,220.0,0,
south,northern,49594,road_route_found_entrance_unverified,,2237.4,2274.7,5.0,44.0,0,
south,northern,49595,unconfirmed,route_unconfirmed,,,,44.0,0,
south,northern,49596,road_route_found_entrance_unverified,,2519.3,2343.1,4.6,44.0,0,
south,northern,49597,unconfirmed,route_unconfirmed,,,,44.0,0,
south,northern,49598,unconfirmed,route_unconfirmed,,,,44.0,0,
south,northern,49599,unconfirmed,route_unconfirmed,,,,44.0,0,
south,northern,49600,unconfirmed,route_unconfirmed,,,,44.0,0,
south,northern,49601,unconfirmed,route_unconfirmed,,,,98.0,0,
south,northern,49602,unconfirmed,route_unconfirmed,,,,44.0,0,
south,northern,49603,unconfirmed,route_unconfirmed,,,,44.0,0,
south,northern,49605,unconfirmed,route_unconfirmed,,,,88.0,0,
south,northern,49606,unconfirmed,route_unconfirmed,,,,1600.0,10,
south,northern,49607,unconfirmed,route_unconfirmed,,,,44.0,0,
south,northern,49608,road_route_found_entrance_unverified,,800.6,951.6,4.0,44.0,0,
south,northern,49610,unconfirmed,route_unconfirmed,,,,11.0,0,
south,northern,49611,unconfirmed,route_unconfirmed,,,,44.0,0,
south,northern,49612,unconfirmed,route_unconfirmed,,,,88.0,0,
south,northern,49613,unconfirmed,route_unconfirmed,,,,44.0,0,
south,northern,49614,unconfirmed,route_unconfirmed,,,,44.0,0,
south,northern,49615,unconfirmed,route_unconfirmed,,,,44.0,0,
south,northern,49616,unconfirmed,route_unconfirmed,,,,44.0,0,
south,northern,49617,road_route_found_entrance_unverified,,2795.7,2393.5,4.6,44.0,0,
south,northern,49618,unconfirmed,route_unconfirmed,,,,44.0,0,
south,northern,49619,unconfirmed,route_unconfirmed,,,,22.0,0,
south,northern,49620,unconfirmed,route_unconfirmed,,,,11.0,0,
south,northern,49621,unconfirmed,route_unconfirmed,,,,44.0,0,
south,northern,49622,unconfirmed,route_unconfirmed,,,,44.0,0,
south,northern,49623,unconfirmed,route_unconfirmed,,,,300.0,2,
south,northern,49624,unconfirmed,route_unconfirmed,,,,344.0,2,
south,northern,49625,unconfirmed,route_unconfirmed,,,,44.0,0,
south,northern,49626,unconfirmed,route_unconfirmed,,,,44.0,0,
south,northern,49627,unconfirmed,route_unconfirmed,,,,44.0,0,
south,northern,49628,unconfirmed,route_unconfirmed,,,,44.0,0,
south,northern,49629,unconfirmed,return_exceeds_pilot_3km,2340.2,4921.7,9.7,300.0,2,
south,northern,49649,unconfirmed,route_unconfirmed,,,,132.0,0,
south,northern,49650,unconfirmed,route_unconfirmed,,,,44.0,0,
south,northern,49651,road_route_found_entrance_unverified,,2604.0,2575.9,7.2,22.0,0,
south,northern,49652,unconfirmed,route_unconfirmed,,,,11.0,0,
south,northern,49653,unconfirmed,route_unconfirmed,,,,1600.0,8,
south,northern,49655,unconfirmed,route_unconfirmed,,,,84.0,0,
south,northern,49656,road_route_found_entrance_unverified,,2089.3,2145.5,5.8,300.0,2,
south,northern,49657,unconfirmed,route_unconfirmed,,,,1500.0,10,
south,northern,49658,road_route_found_entrance_unverified,,2087.9,2582.1,2.7,200.0,2,
south,northern,49659,road_route_found_entrance_unverified,,2015.6,2093.2,8.7,1200.0,6,
south,northern,49660,road_route_found_entrance_unverified,,2121.2,2303.7,7.1,7800.0,52,
south,northern,49661,unconfirmed,route_unconfirmed,,,,50.0,0,
south,northern,49662,unconfirmed,return_exceeds_pilot_3km,2737.0,3275.8,3.8,22.0,0,
south,northern,49663,unconfirmed,route_unconfirmed,,,,22.0,0,
south,northern,49664,road_route_found_entrance_unverified,,1952.8,2009.3,6.0,3000.0,12,
south,northern,49665,road_route_found_entrance_unverified,,2837.5,2342.4,20.7,11.0,0,
south,northern,49666,road_route_found_entrance_unverified,,962.8,1303.5,4.5,3500.0,12,
south,northern,49667,unconfirmed,route_unconfirmed,,,,772.0,6,
south,northern,49668,unconfirmed,route_unconfirmed,,,,11.0,0,
south,northern,49669,unconfirmed,route_unconfirmed,,,,400.0,4,
south,northern,49670,road_route_found_entrance_unverified,,955.1,989.4,7.4,100.0,0,
south,northern,49671,unconfirmed,route_unconfirmed,,,,72.0,0,
south,northern,49672,unconfirmed,route_unconfirmed,,,,33.0,0,
south,northern,49675,unconfirmed,route_unconfirmed,,,,600.0,4,
south,northern,49676,road_route_found_entrance_unverified,,1930.5,1864.5,17.4,900.0,6,
south,northern,49678,road_route_found_entrance_unverified,,2274.3,2572.6,7.6,240.0,2,
south,northern,49679,unconfirmed,route_unconfirmed,,,,44.0,0,
south,northern,49680,unconfirmed,route_unconfirmed,,,,450.0,4,
south,northern,49684,road_route_found_entrance_unverified,,1479.4,1374.9,14.7,50.0,0,
south,northern,49685,road_route_found_entrance_unverified,,1454.0,1312.8,6.5,3000.0,12,
south,northern,49686,unconfirmed,route_unconfirmed,,,,300.0,2,
south,northern,49687,unconfirmed,route_unconfirmed,,,,72.0,0,
south,northern,49692,unconfirmed,route_unconfirmed,,,,22.0,0,
south,northern,49693,unconfirmed,route_unconfirmed,,,,66.0,0,
south,northern,49694,unconfirmed,route_unconfirmed,,,,44.0,0,
south,northern,49695,unconfirmed,route_unconfirmed,,,,115.0,0,
south,northern,49696,unconfirmed,route_unconfirmed,,,,150.0,2,
south,northern,49697,unconfirmed,route_unconfirmed,,,,22.0,0,
south,northern,49698,unconfirmed,route_unconfirmed,,,,24.0,0,
south,northern,49699,unconfirmed,route_unconfirmed,,,,44.0,0,
south,northern,49701,road_route_found_entrance_unverified,,1022.2,1095.6,10.7,600.0,4,
south,northern,49702,unconfirmed,route_unconfirmed,,,,1600.0,8,
south,northern,49703,unconfirmed,route_unconfirmed,,,,44.0,0,
south,northern,49705,unconfirmed,route_unconfirmed,,,,88.0,0,
south,northern,49706,unconfirmed,route_unconfirmed,,,,11.0,0,
south,northern,49707,unconfirmed,route_unconfirmed,,,,44.0,0,
south,northern,49733,unconfirmed,route_unconfirmed,,,,44.0,0,
south,northern,49734,unconfirmed,route_unconfirmed,,,,88.0,0,
south,northern,49735,unconfirmed,route_unconfirmed,,,,44.0,0,
south,northern,49736,unconfirmed,return_exceeds_pilot_3km,2340.2,4921.7,9.7,300.0,2,
south,northern,49737,unconfirmed,return_exceeds_pilot_3km,2694.9,5106.8,6.8,44.0,0,
south,northern,49739,unconfirmed,route_unconfirmed,,,,11.0,0,
south,northern,49741,unconfirmed,return_exceeds_pilot_3km,2752.7,4977.0,3.2,450.0,4,
south,northern,49742,unconfirmed,return_exceeds_pilot_3km,2916.0,4480.9,25.5,300.0,4,
south,northern,49743,unconfirmed,route_unconfirmed,,,,44.0,0,
south,northern,49744,unconfirmed,route_unconfirmed,,,,600.0,4,
south,northern,49746,unconfirmed,route_unconfirmed,,,,44.0,0,
south,northern,49747,unconfirmed,route_unconfirmed,,,,11.0,0,
south,northern,49748,unconfirmed,route_unconfirmed,,,,72.0,0,
south,northern,49749,unconfirmed,route_unconfirmed,,,,22.0,0,
south,northern,49750,unconfirmed,route_unconfirmed,,,,10.0,0,
south,northern,49751,unconfirmed,route_unconfirmed,,,,44.0,0,
south,northern,49752,unconfirmed,route_unconfirmed,,,,44.0,0,
south,northern,49753,unconfirmed,route_unconfirmed,,,,44.0,0,
south,northern,49754,unconfirmed,route_unconfirmed,,,,44.0,0,
south,northern,49755,unconfirmed,route_unconfirmed,,,,75.0,0,
south,northern,49756,unconfirmed,route_unconfirmed,,,,144.0,0,
south,northern,49757,unconfirmed,route_unconfirmed,,,,44.0,0,
south,northern,49758,unconfirmed,route_unconfirmed,,,,44.0,0,
south,northern,49759,unconfirmed,route_unconfirmed,,,,44.0,0,
south,northern,49760,unconfirmed,route_unconfirmed,,,,11.0,0,
south,northern,49761,unconfirmed,route_unconfirmed,,,,50.0,0,
south,northern,49762,unconfirmed,route_unconfirmed,,,,11.0,0,
south,northern,49763,unconfirmed,route_unconfirmed,,,,88.0,0,
south,northern,49764,unconfirmed,route_unconfirmed,,,,44.0,0,
south,northern,49765,unconfirmed,route_unconfirmed,,,,44.0,0,
south,northern,49766,unconfirmed,route_unconfirmed,,,,44.0,0,
south,northern,49767,unconfirmed,route_unconfirmed,,,,350.0,4,
south,northern,49768,unconfirmed,route_unconfirmed,,,,176.0,0,
south,northern,49769,unconfirmed,route_unconfirmed,,,,388.0,2,
south,northern,49770,unconfirmed,route_unconfirmed,,,,44.0,0,
south,northern,49771,unconfirmed,route_unconfirmed,,,,44.0,0,
south,northern,49772,unconfirmed,route_unconfirmed,,,,72.0,0,
south,northern,49773,unconfirmed,route_unconfirmed,,,,44.0,0,
south,northern,49774,unconfirmed,route_unconfirmed,,,,800.0,4,
south,northern,49775,unconfirmed,route_unconfirmed,,,,150.0,2,
south,northern,49776,unconfirmed,route_unconfirmed,,,,44.0,0,
south,northern,49777,unconfirmed,route_unconfirmed,,,,44.0,0,
south,northern,49778,unconfirmed,route_unconfirmed,,,,900.0,6,
south,northern,49779,unconfirmed,route_unconfirmed,,,,150.0,2,
south,northern,52059,unconfirmed,route_unconfirmed,,,,94.0,0,
south,northern,52060,unconfirmed,route_unconfirmed,,,,22.0,0,
south,northern,52061,unconfirmed,route_unconfirmed,,,,66.0,0,
south,northern,52063,unconfirmed,route_unconfirmed,,,,44.0,0,
south,northern,52064,unconfirmed,route_unconfirmed,,,,176.0,0,
south,northern,52065,unconfirmed,route_unconfirmed,,,,88.0,0,
south,northern,52067,unconfirmed,route_unconfirmed,,,,50.0,0,
south,northern,52068,unconfirmed,route_unconfirmed,,,,50.0,0,
south,northern,52071,unconfirmed,route_unconfirmed,,,,11.0,0,
south,northern,52072,unconfirmed,route_unconfirmed,,,,22.0,0,
south,northern,52073,unconfirmed,route_unconfirmed,,,,11.0,0,
south,northern,52074,unconfirmed,route_unconfirmed,,,,11.0,0,
south,northern,52075,unconfirmed,route_unconfirmed,,,,44.0,0,
south,northern,52076,unconfirmed,route_unconfirmed,,,,50.0,0,
south,northern,52077,unconfirmed,route_unconfirmed,,,,44.0,0,
south,northern,52080,unconfirmed,route_unconfirmed,,,,50.0,0,
south,northern,52087,unconfirmed,route_unconfirmed,,,,11.0,0,
south,northern,52088,unconfirmed,route_unconfirmed,,,,11.0,0,
south,northern,52090,unconfirmed,route_unconfirmed,,,,66.0,0,
south,northern,52104,unconfirmed,route_unconfirmed,,,,11.0,0,
south,northern,52105,unconfirmed,route_unconfirmed,,,,11.0,0,
south,northern,52113,unconfirmed,route_unconfirmed,,,,11.0,0,
south,northern,52114,unconfirmed,route_unconfirmed,,,,322.0,0,
south,northern,52115,unconfirmed,route_unconfirmed,,,,11.0,0,
south,northern,52116,unconfirmed,route_unconfirmed,,,,11.0,0,
south,northern,52117,unconfirmed,route_unconfirmed,,,,600.0,4,
south,northern,52118,unconfirmed,route_unconfirmed,,,,11.0,0,
south,northern,52119,road_route_found_entrance_unverified,,200.4,365.5,10.0,1400.0,4,
south,northern,52120,road_route_found_entrance_unverified,,1830.0,1932.4,8.1,72.0,0,
south,northern,52121,road_route_found_entrance_unverified,,317.7,255.3,9.6,98.0,0,
south,northern,52122,unconfirmed,route_unconfirmed,,,,11.0,0,
south,northern,52123,unconfirmed,route_unconfirmed,,,,11.0,0,
south,northern,52124,road_route_found_entrance_unverified,,322.7,250.3,5.8,350.0,1,
south,northern,52125,road_route_found_entrance_unverified,,322.7,250.3,5.8,350.0,1,
south,northern,52127,unconfirmed,route_unconfirmed,,,,72.0,0,
south,northern,52145,unconfirmed,route_unconfirmed,,,,44.0,0,
south,northern,52149,unconfirmed,route_unconfirmed,,,,11.0,0,
south,northern,52150,unconfirmed,route_unconfirmed,,,,22.0,0,
south,northern,54024,unconfirmed,route_unconfirmed,,,,44.0,0,
south,northern,54025,road_route_found_entrance_unverified,,1141.0,1278.1,6.7,320.0,4,
south,northern,54026,road_route_found_entrance_unverified,,2270.1,2401.9,12.4,75.0,0,
south,northern,54027,unconfirmed,route_unconfirmed,,,,11.0,0,
south,northern,54028,unconfirmed,route_unconfirmed,,,,450.0,4,
south,northern,54029,road_route_found_entrance_unverified,,1058.0,960.2,6.7,44.0,0,
south,northern,54030,unconfirmed,route_unconfirmed,,,,44.0,0,
south,northern,54031,unconfirmed,route_unconfirmed,,,,44.0,0,
south,northern,54032,road_route_found_entrance_unverified,,559.4,582.6,15.9,50.0,0,
south,northern,54033,unconfirmed,route_unconfirmed,,,,44.0,0,
south,northern,54034,unconfirmed,route_unconfirmed,,,,44.0,0,
south,northern,54035,unconfirmed,route_unconfirmed,,,,44.0,0,
south,northern,54036,unconfirmed,route_unconfirmed,,,,44.0,0,
south,northern,54037,road_route_found_entrance_unverified,,777.2,779.8,7.3,44.0,0,
south,northern,54038,road_route_found_entrance_unverified,,536.2,516.3,15.8,600.0,4,
south,northern,54039,unconfirmed,route_unconfirmed,,,,33.0,0,
south,northern,54040,unconfirmed,route_unconfirmed,,,,44.0,0,
south,northern,54047,unconfirmed,route_unconfirmed,,,,33.0,0,
south,northern,54054,unconfirmed,route_unconfirmed,,,,22.0,0,
south,northern,54055,unconfirmed,route_unconfirmed,,,,22.0,0,
south,northern,54056,unconfirmed,route_unconfirmed,,,,44.0,0,
south,northern,54057,unconfirmed,route_unconfirmed,,,,22.0,0,
south,northern,54058,unconfirmed,route_unconfirmed,,,,22.0,0,
south,northern,54064,unconfirmed,route_unconfirmed,,,,44.0,0,
south,northern,54065,unconfirmed,route_unconfirmed,,,,44.0,0,
south,northern,54068,unconfirmed,route_unconfirmed,,,,44.0,0,
south,northern,54072,unconfirmed,route_unconfirmed,,,,44.0,0,
south,northern,54074,unconfirmed,route_unconfirmed,,,,44.0,0,
south,northern,54075,unconfirmed,route_unconfirmed,,,,44.0,0,
south,northern,54076,unconfirmed,route_unconfirmed,,,,44.0,0,
south,northern,54077,unconfirmed,route_unconfirmed,,,,22.0,0,
south,northern,54079,unconfirmed,route_unconfirmed,,,,450.0,6,
south,northern,54080,unconfirmed,route_unconfirmed,,,,300.0,2,
south,northern,54081,unconfirmed,route_unconfirmed,,,,44.0,0,
south,northern,54082,unconfirmed,return_exceeds_pilot_3km,2954.9,3184.4,6.7,44.0,0,
south,northern,54085,unconfirmed,route_unconfirmed,,,,44.0,0,
south,northern,54086,unconfirmed,route_unconfirmed,,,,44.0,0,
south,northern,54088,unconfirmed,route_unconfirmed,,,,11.0,0,
south,northern,54089,unconfirmed,route_unconfirmed,,,,22.0,0,
south,northern,54090,unconfirmed,route_unconfirmed,,,,22.0,0,
south,northern,54091,unconfirmed,route_unconfirmed,,,,22.0,0,
south,northern,54092,unconfirmed,route_unconfirmed,,,,22.0,0,
south,northern,54093,unconfirmed,route_unconfirmed,,,,22.0,0,
south,northern,54098,road_route_found_entrance_unverified,,1457.2,1576.5,2.5,44.0,0,
south,northern,54099,road_route_found_entrance_unverified,,1418.6,1482.4,12.5,44.0,0,
south,northern,54100,road_route_found_entrance_unverified,,2685.8,2775.0,6.8,44.0,0,
south,northern,54101,road_route_found_entrance_unverified,,2971.2,2933.5,6.2,150.0,2,
south,northern,54102,road_route_found_entrance_unverified,,265.3,199.2,11.3,98.0,0,
south,northern,54103,unconfirmed,route_unconfirmed,,,,11.0,0,
south,northern,54104,road_route_found_entrance_unverified,,2110.3,2153.7,6.8,450.0,4,
south,northern,54105,unconfirmed,route_unconfirmed,,,,500.0,4,
south,northern,54106,road_route_found_entrance_unverified,,1832.2,1950.0,22.3,900.0,8,
south,northern,54107,road_route_found_entrance_unverified,,2095.5,2096.1,25.3,450.0,4,
south,northern,54108,road_route_found_entrance_unverified,,1336.3,1432.6,7.8,88.0,0,
south,northern,54109,road_route_found_entrance_unverified,,1579.2,1635.8,7.1,44.0,0,
south,northern,54110,road_route_found_entrance_unverified,,1040.0,1119.7,21.5,243.0,0,
south,northern,54128,unconfirmed,route_unconfirmed,,,,44.0,0,
south,northern,54129,unconfirmed,route_unconfirmed,,,,600.0,4,
south,northern,54130,unconfirmed,route_unconfirmed,,,,44.0,0,
south,northern,54131,unconfirmed,route_unconfirmed,,,,44.0,0,
south,northern,54132,unconfirmed,route_unconfirmed,,,,600.0,8,
south,northern,54133,unconfirmed,route_unconfirmed,,,,600.0,4,
south,northern,54134,unconfirmed,route_unconfirmed,,,,33.0,0,
south,northern,54135,unconfirmed,route_unconfirmed,,,,44.0,0,
south,northern,54136,unconfirmed,route_unconfirmed,,,,11.0,0,
south,northern,54137,unconfirmed,route_unconfirmed,,,,44.0,0,
south,northern,54138,unconfirmed,route_unconfirmed,,,,600.0,4,
south,northern,54306,unconfirmed,route_unconfirmed,,,,22.0,0,
south,northern,54308,unconfirmed,route_unconfirmed,,,,22.0,0,
south,northern,54481,unconfirmed,route_unconfirmed,,,,22.0,0,
south,northern,54568,unconfirmed,route_unconfirmed,,,,44.0,0,
south,northern,54610,unconfirmed,route_unconfirmed,,,,44.0,0,
south,northern,54620,unconfirmed,route_unconfirmed,,,,44.0,0,
south,northern,54621,unconfirmed,route_unconfirmed,,,,44.0,0,
south,northern,54624,unconfirmed,route_unconfirmed,,,,44.0,0,
south,northern,54625,unconfirmed,route_unconfirmed,,,,44.0,0,
south,northern,54626,unconfirmed,route_unconfirmed,,,,44.0,0,
south,northern,54627,unconfirmed,route_unconfirmed,,,,44.0,0,
south,northern,54628,unconfirmed,route_unconfirmed,,,,88.0,0,
south,northern,54629,unconfirmed,route_unconfirmed,,,,88.0,0,
south,northern,54632,unconfirmed,route_unconfirmed,,,,100.0,0,
south,northern,54634,unconfirmed,route_unconfirmed,,,,44.0,0,
south,northern,54635,unconfirmed,route_unconfirmed,,,,44.0,0,
south,northern,54637,unconfirmed,route_unconfirmed,,,,144.0,0,
south,northern,54638,unconfirmed,route_unconfirmed,,,,50.0,0,
south,northern,54642,unconfirmed,route_unconfirmed,,,,44.0,0,
south,northern,54643,unconfirmed,route_unconfirmed,,,,75.0,0,
south,northern,54644,unconfirmed,route_unconfirmed,,,,150.0,2,
south,northern,54645,unconfirmed,route_unconfirmed,,,,50.0,0,
south,northern,54646,unconfirmed,route_unconfirmed,,,,66.0,0,
south,northern,54647,unconfirmed,route_unconfirmed,,,,22.0,0,
south,northern,54648,unconfirmed,route_unconfirmed,,,,22.0,0,
south,northern,54656,unconfirmed,route_unconfirmed,,,,44.0,0,
south,northern,54657,unconfirmed,route_unconfirmed,,,,300.0,2,
south,northern,54659,unconfirmed,route_unconfirmed,,,,71.0,0,
south,northern,54660,unconfirmed,route_unconfirmed,,,,100.0,0,
south,northern,54661,unconfirmed,route_unconfirmed,,,,72.0,0,
south,northern,54663,unconfirmed,route_unconfirmed,,,,44.0,0,
south,northern,54664,unconfirmed,route_unconfirmed,,,,100.0,0,
south,northern,54665,unconfirmed,route_unconfirmed,,,,100.0,0,
south,northern,54666,unconfirmed,route_unconfirmed,,,,44.0,0,
south,northern,54667,unconfirmed,route_unconfirmed,,,,350.0,4,
south,northern,54668,unconfirmed,route_unconfirmed,,,,44.0,0,
south,northern,54669,unconfirmed,route_unconfirmed,,,,44.0,0,
south,northern,54670,unconfirmed,route_unconfirmed,,,,44.0,0,
south,northern,54671,unconfirmed,route_unconfirmed,,,,11.0,0,
south,northern,54672,unconfirmed,route_unconfirmed,,,,600.0,4,
south,northern,54673,unconfirmed,route_unconfirmed,,,,72.0,0,
south,northern,54674,unconfirmed,route_unconfirmed,,,,150.0,2,
south,northern,54675,unconfirmed,route_unconfirmed,,,,150.0,2,
south,northern,54676,unconfirmed,route_unconfirmed,,,,1800.0,16,
south,northern,54677,unconfirmed,route_unconfirmed,,,,44.0,0,
south,northern,54678,unconfirmed,route_unconfirmed,,,,44.0,0,
south,northern,54679,unconfirmed,route_unconfirmed,,,,44.0,0,
south,northern,54680,unconfirmed,route_unconfirmed,,,,44.0,0,
south,northern,54681,unconfirmed,route_unconfirmed,,,,11.0,0,
south,northern,54682,unconfirmed,route_unconfirmed,,,,44.0,0,
south,northern,54686,road_route_found_entrance_unverified,,2861.6,2329.3,4.3,44.0,0,
south,northern,54687,unconfirmed,route_unconfirmed,,,,44.0,0,
south,northern,54688,unconfirmed,route_unconfirmed,,,,808.0,4,
south,northern,54689,unconfirmed,route_unconfirmed,,,,44.0,0,
south,northern,54690,unconfirmed,route_unconfirmed,,,,44.0,0,
south,northern,54691,unconfirmed,route_unconfirmed,,,,11.0,0,
south,northern,54692,road_route_found_entrance_unverified,,2675.2,2719.2,14.0,600.0,4,
south,northern,54693,road_route_found_entrance_unverified,,2845.8,2811.0,7.0,44.0,0,
south,northern,54696,road_route_found_entrance_unverified,,2608.2,2747.2,9.4,44.0,0,
south,northern,54697,unconfirmed,route_unconfirmed,,,,44.0,0,
south,northern,54717,unconfirmed,route_unconfirmed,,,,44.0,0,
south,northern,54730,unconfirmed,route_unconfirmed,,,,33.0,0,
south,northern,54739,unconfirmed,route_unconfirmed,,,,132.0,0,
south,northern,54740,unconfirmed,route_unconfirmed,,,,132.0,0,
south,northern,54743,unconfirmed,route_unconfirmed,,,,44.0,0,
south,northern,54744,unconfirmed,route_unconfirmed,,,,88.0,0,
south,northern,54745,unconfirmed,route_unconfirmed,,,,44.0,0,
south,northern,54746,unconfirmed,route_unconfirmed,,,,44.0,0,
south,northern,54747,unconfirmed,route_unconfirmed,,,,44.0,0,
south,northern,54748,unconfirmed,route_unconfirmed,,,,44.0,0,
south,northern,54749,unconfirmed,route_unconfirmed,,,,44.0,0,
south,northern,54752,unconfirmed,route_unconfirmed,,,,44.0,0,
south,northern,54753,unconfirmed,route_unconfirmed,,,,44.0,0,
south,northern,54755,unconfirmed,route_unconfirmed,,,,100.0,0,
south,northern,54757,unconfirmed,route_unconfirmed,,,,150.0,0,
south,northern,54758,unconfirmed,route_unconfirmed,,,,72.0,0,
south,northern,54759,unconfirmed,route_unconfirmed,,,,22.0,0,
south,northern,54760,unconfirmed,route_unconfirmed,,,,44.0,0,
south,northern,54761,unconfirmed,route_unconfirmed,,,,300.0,2,
south,northern,54766,unconfirmed,route_unconfirmed,,,,44.0,0,
south,northern,54767,unconfirmed,route_unconfirmed,,,,814.0,0,
south,northern,54768,unconfirmed,route_unconfirmed,,,,100.0,0,
south,northern,54769,unconfirmed,route_unconfirmed,,,,84.0,0,
south,northern,54770,unconfirmed,route_unconfirmed,,,,264.0,0,
south,northern,54771,unconfirmed,route_unconfirmed,,,,188.0,0,
south,northern,54772,unconfirmed,route_unconfirmed,,,,150.0,2,
south,northern,54773,unconfirmed,route_unconfirmed,,,,750.0,6,
south,northern,54775,unconfirmed,route_unconfirmed,,,,1200.0,6,
south,northern,54776,unconfirmed,route_unconfirmed,,,,44.0,0,
south,northern,54777,unconfirmed,route_unconfirmed,,,,44.0,0,
south,northern,54778,unconfirmed,route_unconfirmed,,,,350.0,2,
south,northern,54779,road_route_found_entrance_unverified,,2101.0,2159.0,0.5,44.0,0,
south,northern,54780,unconfirmed,route_unconfirmed,,,,150.0,2,
south,northern,54781,unconfirmed,route_unconfirmed,,,,44.0,0,
south,northern,54782,unconfirmed,route_unconfirmed,,,,100.0,0,
south,northern,54783,unconfirmed,route_unconfirmed,,,,2508.0,0,
south,northern,54784,unconfirmed,route_unconfirmed,,,,44.0,0,
south,northern,54785,unconfirmed,route_unconfirmed,,,,44.0,0,
south,northern,54786,unconfirmed,route_unconfirmed,,,,144.0,0,
south,northern,54787,unconfirmed,route_unconfirmed,,,,72.0,0,
south,northern,54788,unconfirmed,route_unconfirmed,,,,172.0,2,
south,northern,54789,unconfirmed,route_unconfirmed,,,,100.0,0,
south,northern,54790,unconfirmed,route_unconfirmed,,,,660.0,0,
south,northern,54791,unconfirmed,route_unconfirmed,,,,44.0,0,
south,northern,54792,road_route_found_entrance_unverified,,2581.7,2593.4,5.6,44.0,0,
south,northern,54793,unconfirmed,route_unconfirmed,,,,44.0,0,
south,northern,54794,road_route_found_entrance_unverified,,595.5,632.6,2.1,225.0,2,
south,northern,54795,road_route_found_entrance_unverified,,954.2,951.5,3.4,600.0,4,
south,northern,54796,road_route_found_entrance_unverified,,2587.6,2642.5,0.9,11.0,0,
south,northern,54797,road_route_found_entrance_unverified,,2493.0,2431.8,1.2,244.0,0,
south,northern,54798,road_route_found_entrance_unverified,,2493.0,2431.8,1.2,244.0,0,
south,northern,54799,unconfirmed,route_unconfirmed,,,,44.0,0,
south,northern,54800,unconfirmed,route_unconfirmed,,,,44.0,0,
south,northern,54801,road_route_found_entrance_unverified,,1727.6,1230.0,2.1,44.0,0,
south,northern,54802,road_route_found_entrance_unverified,,1224.1,655.7,2.7,450.0,6,
south,northern,54803,road_route_found_entrance_unverified,,2653.0,761.2,3.7,1050.0,12,
south,northern,54804,road_route_found_entrance_unverified,,1921.8,1579.8,14.2,450.0,0,
south,northern,54805,unconfirmed,route_unconfirmed,,,,43.0,0,
south,northern,54806,road_route_found_entrance_unverified,,2003.7,2101.5,8.6,72.0,0,
south,northern,54807,unconfirmed,route_unconfirmed,,,,44.0,0,
south,northern,54808,unconfirmed,route_unconfirmed,,,,264.0,0,
south,northern,54809,unconfirmed,route_unconfirmed,,,,75.0,0,
south,northern,54810,road_route_found_entrance_unverified,,1095.0,1036.9,2.6,44.0,0,
south,northern,54811,road_route_found_entrance_unverified,,1939.9,1789.5,7.2,900.0,8,
south,northern,54812,road_route_found_entrance_unverified,,1921.0,1736.8,0.7,150.0,2,
south,northern,54813,unconfirmed,route_unconfirmed,,,,100.0,0,
south,northern,54814,road_route_found_entrance_unverified,,1865.8,1970.8,4.8,88.0,0,
south,northern,54815,unconfirmed,route_unconfirmed,,,,66.0,0,
south,northern,54816,road_route_found_entrance_unverified,,2135.5,2130.7,0.9,88.0,0,
south,northern,54817,road_route_found_entrance_unverified,,730.0,1643.1,12.4,88.0,0,
south,northern,54818,unconfirmed,route_unconfirmed,,,,100.0,0,
south,northern,54819,road_route_found_entrance_unverified,,2089.8,2389.7,0.1,88.0,0,
south,northern,54820,road_route_found_entrance_unverified,,1838.8,1624.3,5.0,100.0,0,
south,northern,54821,road_route_found_entrance_unverified,,2311.8,1891.6,4.2,22.0,0,
south,northern,54822,road_route_found_entrance_unverified,,2324.5,2038.5,12.4,22.0,0,
south,northern,54823,road_route_found_entrance_unverified,,2357.5,2088.4,5.5,44.0,0,
south,northern,54824,road_route_found_entrance_unverified,,1683.8,1520.3,5.2,44.0,0,
south,northern,54825,unconfirmed,route_unconfirmed,,,,22.0,0,
south,northern,54826,unconfirmed,route_unconfirmed,,,,22.0,0,
south,northern,54827,road_route_found_entrance_unverified,,2713.9,2482.0,4.2,66.0,0,
south,northern,54828,unconfirmed,return_exceeds_pilot_3km,2969.8,3110.6,7.5,132.0,0,
south,northern,54829,unconfirmed,route_unconfirmed,,,,21.0,0,
south,northern,54830,unconfirmed,route_unconfirmed,,,,88.0,0,
south,northern,54831,unconfirmed,route_unconfirmed,,,,44.0,0,
south,northern,54832,road_route_found_entrance_unverified,,2383.3,2474.5,4.1,44.0,0,
south,northern,54833,road_route_found_entrance_unverified,,2530.7,2611.9,5.6,131.0,0,
south,northern,54834,unconfirmed,route_unconfirmed,,,,11.0,0,
south,northern,54835,road_route_found_entrance_unverified,,2638.8,2635.3,3.3,44.0,0,
south,northern,54836,unconfirmed,route_unconfirmed,,,,11.0,0,
south,northern,54837,unconfirmed,route_unconfirmed,,,,33.1,0,
south,northern,54838,road_route_found_entrance_unverified,,2076.5,2059.1,7.7,44.0,0,
south,northern,54839,road_route_found_entrance_unverified,,2432.6,2432.2,16.4,150.0,2,
south,northern,54840,unconfirmed,route_unconfirmed,,,,44.0,0,
south,northern,54841,road_route_found_entrance_unverified,,2732.4,2776.7,5.0,44.0,0,
south,northern,54842,unconfirmed,route_unconfirmed,,,,11.0,0,
south,northern,54843,unconfirmed,route_unconfirmed,,,,11.0,0,
south,northern,54844,road_route_found_entrance_unverified,,2421.2,2360.1,7.9,44.0,0,
south,northern,54845,road_route_found_entrance_unverified,,1985.6,2022.4,8.0,44.0,0,
south,northern,54862,road_route_found_entrance_unverified,,2727.1,2801.3,3.2,150.0,2,
south,northern,54863,unconfirmed,route_unconfirmed,,,,220.0,0,
south,northern,54864,unconfirmed,route_unconfirmed,,,,44.0,0,
south,northern,54866,unconfirmed,route_unconfirmed,,,,44.0,0,
south,northern,54867,unconfirmed,route_unconfirmed,,,,44.0,0,
south,northern,54868,unconfirmed,route_unconfirmed,,,,44.0,0,
south,northern,54869,unconfirmed,route_unconfirmed,,,,22.0,0,
south,northern,54872,unconfirmed,route_unconfirmed,,,,44.0,0,
south,northern,54873,unconfirmed,route_unconfirmed,,,,150.0,2,
south,northern,54875,unconfirmed,route_unconfirmed,,,,44.0,0,
south,northern,54876,unconfirmed,route_unconfirmed,,,,11.0,0,
south,northern,54877,unconfirmed,route_unconfirmed,,,,198.0,0,
south,northern,54878,unconfirmed,route_unconfirmed,,,,44.0,0,
south,northern,54879,unconfirmed,route_unconfirmed,,,,44.0,0,
south,northern,54880,unconfirmed,route_unconfirmed,,,,44.0,0,
south,northern,54881,unconfirmed,route_unconfirmed,,,,44.0,0,
south,northern,54882,unconfirmed,route_unconfirmed,,,,66.0,0,
south,northern,54883,unconfirmed,route_unconfirmed,,,,431.0,2,
south,northern,54884,unconfirmed,route_unconfirmed,,,,600.0,4,
south,northern,54885,unconfirmed,route_unconfirmed,,,,44.0,0,
south,northern,54887,unconfirmed,route_unconfirmed,,,,44.0,0,
south,northern,54895,unconfirmed,route_unconfirmed,,,,100.0,0,
south,northern,54896,unconfirmed,route_unconfirmed,,,,44.0,0,
south,northern,55006,unconfirmed,route_unconfirmed,,,,44.0,0,
south,northern,55223,unconfirmed,route_unconfirmed,,,,44.0,0,
south,northern,55224,unconfirmed,route_unconfirmed,,,,22.0,0,
south,northern,55225,unconfirmed,route_unconfirmed,,,,44.0,0,
south,northern,55227,unconfirmed,route_unconfirmed,,,,22.0,0,
south,northern,55229,unconfirmed,route_unconfirmed,,,,44.0,0,
south,northern,55230,unconfirmed,route_unconfirmed,,,,44.0,0,
south,northern,55232,unconfirmed,route_unconfirmed,,,,44.0,0,
south,northern,55233,unconfirmed,route_unconfirmed,,,,44.0,0,
south,northern,55234,unconfirmed,route_unconfirmed,,,,44.0,0,
south,northern,55235,unconfirmed,route_unconfirmed,,,,44.0,0,
south,northern,55236,unconfirmed,route_unconfirmed,,,,44.0,0,
south,northern,55237,unconfirmed,route_unconfirmed,,,,75.0,0,
south,northern,55238,unconfirmed,route_unconfirmed,,,,44.0,0,
south,northern,55239,unconfirmed,route_unconfirmed,,,,66.0,0,
south,northern,55243,unconfirmed,route_unconfirmed,,,,22.0,0,
south,northern,55244,unconfirmed,route_unconfirmed,,,,150.0,2,
south,northern,55245,unconfirmed,route_unconfirmed,,,,22.0,0,
south,northern,55246,unconfirmed,route_unconfirmed,,,,22.0,0,
south,northern,55247,unconfirmed,route_unconfirmed,,,,50.0,0,
south,northern,55248,unconfirmed,route_unconfirmed,,,,22.0,0,
south,northern,55249,unconfirmed,route_unconfirmed,,,,44.0,0,
south,northern,55250,unconfirmed,route_unconfirmed,,,,44.0,0,
south,northern,55251,unconfirmed,route_unconfirmed,,,,88.0,0,
south,northern,55252,unconfirmed,route_unconfirmed,,,,22.0,0,
south,northern,55253,unconfirmed,route_unconfirmed,,,,22.0,0,
south,northern,55254,unconfirmed,route_unconfirmed,,,,22.0,0,
south,northern,55255,unconfirmed,route_unconfirmed,,,,22.0,0,
south,northern,55256,unconfirmed,route_unconfirmed,,,,44.0,0,
south,northern,55257,unconfirmed,route_unconfirmed,,,,22.0,0,
south,northern,55258,unconfirmed,route_unconfirmed,,,,44.0,0,
south,northern,55259,unconfirmed,route_unconfirmed,,,,30.0,0,
south,northern,55260,unconfirmed,route_unconfirmed,,,,44.0,0,
south,northern,55261,unconfirmed,route_unconfirmed,,,,22.0,0,
south,northern,55262,unconfirmed,route_unconfirmed,,,,44.0,0,
south,northern,55263,unconfirmed,route_unconfirmed,,,,44.0,0,
south,northern,55264,unconfirmed,route_unconfirmed,,,,44.0,0,
south,northern,55265,unconfirmed,route_unconfirmed,,,,44.0,0,
south,northern,55266,unconfirmed,route_unconfirmed,,,,44.0,0,
south,northern,55267,unconfirmed,route_unconfirmed,,,,44.0,0,
south,northern,55268,unconfirmed,route_unconfirmed,,,,88.0,0,
south,northern,55269,unconfirmed,route_unconfirmed,,,,22.0,0,
south,northern,55270,unconfirmed,route_unconfirmed,,,,44.0,0,
south,northern,55271,unconfirmed,route_unconfirmed,,,,44.0,0,
south,northern,55272,unconfirmed,route_unconfirmed,,,,44.0,0,
south,northern,55273,unconfirmed,route_unconfirmed,,,,44.0,0,
south,northern,55274,unconfirmed,route_unconfirmed,,,,22.0,0,
south,northern,55275,unconfirmed,route_unconfirmed,,,,22.0,0,
south,northern,55276,unconfirmed,route_unconfirmed,,,,22.0,0,
south,northern,55277,unconfirmed,route_unconfirmed,,,,50.0,0,
south,northern,55278,unconfirmed,route_unconfirmed,,,,22.0,0,
south,northern,55279,unconfirmed,route_unconfirmed,,,,44.0,0,
south,northern,55280,unconfirmed,route_unconfirmed,,,,44.0,0,
south,northern,55281,unconfirmed,route_unconfirmed,,,,44.0,0,
south,northern,55282,unconfirmed,route_unconfirmed,,,,308.0,0,
south,northern,55283,unconfirmed,route_unconfirmed,,,,44.0,0,
south,northern,55284,unconfirmed,route_unconfirmed,,,,44.0,0,
south,northern,55285,unconfirmed,route_unconfirmed,,,,44.0,0,
south,northern,55286,unconfirmed,route_unconfirmed,,,,44.0,0,
south,northern,55287,unconfirmed,route_unconfirmed,,,,44.0,0,
south,northern,55288,unconfirmed,route_unconfirmed,,,,22.0,0,
south,northern,55289,unconfirmed,route_unconfirmed,,,,11.0,0,
south,northern,55290,unconfirmed,route_unconfirmed,,,,11.0,0,
south,northern,55291,unconfirmed,route_unconfirmed,,,,44.0,0,
south,northern,55292,unconfirmed,route_unconfirmed,,,,22.0,0,
south,northern,55293,unconfirmed,route_unconfirmed,,,,44.0,0,
south,northern,55294,unconfirmed,route_unconfirmed,,,,44.0,0,
south,northern,55295,unconfirmed,route_unconfirmed,,,,22.0,0,
south,northern,55296,unconfirmed,route_unconfirmed,,,,22.0,0,
south,northern,55297,unconfirmed,route_unconfirmed,,,,22.0,0,
south,northern,55298,unconfirmed,route_unconfirmed,,,,44.0,0,
south,northern,55299,unconfirmed,route_unconfirmed,,,,44.0,0,
south,northern,55300,unconfirmed,route_unconfirmed,,,,22.0,0,
south,northern,55301,unconfirmed,route_unconfirmed,,,,144.0,0,
south,northern,55302,unconfirmed,route_unconfirmed,,,,44.0,0,
south,northern,55303,unconfirmed,route_unconfirmed,,,,22.0,0,
south,northern,55304,unconfirmed,route_unconfirmed,,,,11.0,0,
south,northern,55305,unconfirmed,route_unconfirmed,,,,10.0,0,
south,northern,55306,unconfirmed,route_unconfirmed,,,,22.0,0,
south,northern,55307,unconfirmed,route_unconfirmed,,,,22.0,0,
south,northern,55308,unconfirmed,route_unconfirmed,,,,110.0,0,
south,northern,55309,unconfirmed,route_unconfirmed,,,,11.0,0,
south,northern,55310,unconfirmed,route_unconfirmed,,,,22.0,0,
south,northern,55311,unconfirmed,route_unconfirmed,,,,44.0,0,
south,northern,55312,unconfirmed,route_unconfirmed,,,,22.0,0,
south,northern,55313,unconfirmed,route_unconfirmed,,,,11.0,0,
south,northern,55314,unconfirmed,route_unconfirmed,,,,22.0,0,
south,northern,55315,unconfirmed,route_unconfirmed,,,,22.0,0,
south,northern,55316,unconfirmed,route_unconfirmed,,,,22.0,0,
south,northern,55317,unconfirmed,route_unconfirmed,,,,44.0,0,
south,northern,55318,unconfirmed,route_unconfirmed,,,,22.0,0,
south,northern,55319,unconfirmed,route_unconfirmed,,,,22.0,0,
south,northern,55320,unconfirmed,route_unconfirmed,,,,1600.0,8,
south,northern,55321,unconfirmed,route_unconfirmed,,,,150.0,2,
south,northern,55322,unconfirmed,route_unconfirmed,,,,50.0,0,
south,northern,55323,unconfirmed,route_unconfirmed,,,,150.0,2,
south,northern,55324,unconfirmed,route_unconfirmed,,,,900.0,8,
south,northern,55325,unconfirmed,route_unconfirmed,,,,22.0,0,
south,northern,55326,unconfirmed,route_unconfirmed,,,,44.0,0,
south,northern,55327,unconfirmed,route_unconfirmed,,,,22.0,0,
south,northern,55328,unconfirmed,route_unconfirmed,,,,22.0,0,
south,northern,55329,unconfirmed,route_unconfirmed,,,,44.0,0,
south,northern,55330,unconfirmed,route_unconfirmed,,,,150.0,2,
south,northern,55331,unconfirmed,route_unconfirmed,,,,44.0,0,
south,northern,55332,unconfirmed,route_unconfirmed,,,,150.0,2,
south,northern,55333,unconfirmed,route_unconfirmed,,,,44.0,0,
south,northern,55334,unconfirmed,route_unconfirmed,,,,44.0,0,
south,northern,55335,unconfirmed,route_unconfirmed,,,,44.0,0,
south,northern,55336,unconfirmed,route_unconfirmed,,,,22.0,0,
south,northern,55337,unconfirmed,route_unconfirmed,,,,22.0,0,
south,northern,55338,unconfirmed,route_unconfirmed,,,,22.0,0,
south,northern,55339,unconfirmed,route_unconfirmed,,,,44.0,0,
south,northern,55341,unconfirmed,route_unconfirmed,,,,22.0,0,
south,northern,55342,unconfirmed,route_unconfirmed,,,,22.0,0,
south,northern,55343,unconfirmed,route_unconfirmed,,,,320.0,2,
south,northern,55344,unconfirmed,route_unconfirmed,,,,44.0,0,
south,northern,55345,unconfirmed,route_unconfirmed,,,,144.0,0,
south,northern,55346,unconfirmed,route_unconfirmed,,,,22.0,0,
south,northern,55347,unconfirmed,route_unconfirmed,,,,22.0,0,
south,northern,55348,unconfirmed,route_unconfirmed,,,,88.0,0,
south,northern,55349,unconfirmed,route_unconfirmed,,,,44.0,0,
south,northern,55350,unconfirmed,route_unconfirmed,,,,44.0,0,
south,northern,55351,unconfirmed,route_unconfirmed,,,,44.0,0,
south,northern,55352,unconfirmed,route_unconfirmed,,,,44.0,0,
south,northern,55353,unconfirmed,route_unconfirmed,,,,22.0,0,
south,northern,55354,unconfirmed,route_unconfirmed,,,,150.0,2,
south,northern,55355,unconfirmed,route_unconfirmed,,,,44.0,0,
south,northern,55356,unconfirmed,route_unconfirmed,,,,11.0,0,
south,northern,55357,unconfirmed,route_unconfirmed,,,,44.0,0,
south,northern,55358,unconfirmed,route_unconfirmed,,,,44.0,0,
south,northern,55359,unconfirmed,route_unconfirmed,,,,44.0,0,
south,northern,55360,unconfirmed,route_unconfirmed,,,,22.0,0,
south,northern,55361,unconfirmed,route_unconfirmed,,,,44.0,0,
south,northern,55362,unconfirmed,route_unconfirmed,,,,44.0,0,
south,northern,55363,unconfirmed,route_unconfirmed,,,,22.0,0,
south,northern,55364,unconfirmed,route_unconfirmed,,,,200.0,2,
south,northern,55365,unconfirmed,route_unconfirmed,,,,200.0,2,
south,northern,55366,unconfirmed,route_unconfirmed,,,,44.0,0,
south,northern,55367,unconfirmed,route_unconfirmed,,,,22.0,0,
south,northern,55368,unconfirmed,route_unconfirmed,,,,150.0,2,
south,northern,55838,unconfirmed,route_unconfirmed,,,,22.0,0,
south,northern,55846,unconfirmed,route_unconfirmed,,,,44.0,0,
south,northern,55848,unconfirmed,route_unconfirmed,,,,308.0,0,
south,northern,55849,unconfirmed,route_unconfirmed,,,,22.0,0,
south,northern,55851,unconfirmed,route_unconfirmed,,,,88.0,0,
south,northern,55855,unconfirmed,route_unconfirmed,,,,88.0,0,
south,northern,55857,unconfirmed,route_unconfirmed,,,,44.0,0,
south,northern,55859,unconfirmed,route_unconfirmed,,,,44.0,0,
south,northern,55956,unconfirmed,route_unconfirmed,,,,1800.0,12,
south,northern,55957,unconfirmed,route_unconfirmed,,,,2000.0,8,
south,northern,55958,unconfirmed,route_unconfirmed,,,,110.0,0,
south,northern,55959,unconfirmed,route_unconfirmed,,,,44.0,0,
south,northern,55960,unconfirmed,route_unconfirmed,,,,97.0,0,
south,northern,55961,unconfirmed,route_unconfirmed,,,,44.0,0,
south,northern,55962,unconfirmed,route_unconfirmed,,,,450.0,4,
south,northern,55963,unconfirmed,route_unconfirmed,,,,22.0,0,
south,northern,55964,road_route_found_entrance_unverified,,2238.8,2347.5,5.8,22.0,0,
south,northern,55965,unconfirmed,route_unconfirmed,,,,22.0,0,
south,northern,55966,unconfirmed,route_unconfirmed,,,,22.0,0,
south,northern,55967,unconfirmed,route_unconfirmed,,,,22.0,0,
south,northern,55968,unconfirmed,route_unconfirmed,,,,44.0,0,
south,northern,55969,road_route_found_entrance_unverified,,1697.7,1719.2,3.1,33.0,0,
south,northern,55970,unconfirmed,route_unconfirmed,,,,44.0,0,
south,northern,55971,unconfirmed,route_unconfirmed,,,,160.0,2,
south,northern,55972,road_route_found_entrance_unverified,,327.6,331.4,9.5,160.0,2,
south,northern,55973,unconfirmed,route_unconfirmed,,,,22.0,0,
south,northern,55974,unconfirmed,route_unconfirmed,,,,22.0,0,
south,northern,55975,unconfirmed,route_unconfirmed,,,,44.0,0,
south,northern,55976,road_route_found_entrance_unverified,,2093.9,2153.8,7.8,66.0,0,
south,northern,55977,unconfirmed,route_unconfirmed,,,,88.0,0,
south,northern,55978,unconfirmed,route_unconfirmed,,,,66.0,0,
south,northern,55979,unconfirmed,route_unconfirmed,,,,44.0,0,
south,northern,55980,unconfirmed,route_unconfirmed,,,,44.0,0,
south,northern,55981,unconfirmed,route_unconfirmed,,,,44.0,0,
south,northern,55982,unconfirmed,route_unconfirmed,,,,44.0,0,
south,northern,55984,unconfirmed,route_unconfirmed,,,,11.0,0,
south,northern,55985,unconfirmed,route_unconfirmed,,,,44.0,0,
south,northern,55986,unconfirmed,route_unconfirmed,,,,22.0,0,
south,northern,55987,unconfirmed,route_unconfirmed,,,,22.0,0,
south,northern,55988,unconfirmed,return_exceeds_pilot_3km,2941.4,3093.3,1.0,150.0,0,
south,northern,55989,unconfirmed,route_unconfirmed,,,,150.0,0,
south,northern,55990,unconfirmed,return_exceeds_pilot_3km,2903.5,3004.3,3.1,150.0,0,
south,northern,55991,unconfirmed,route_unconfirmed,,,,150.0,0,
south,northern,55992,unconfirmed,return_exceeds_pilot_3km,2903.1,3004.8,2.2,150.0,0,
south,northern,55993,unconfirmed,route_unconfirmed,,,,150.0,0,
south,northern,55994,road_route_found_entrance_unverified,,1434.2,1536.3,11.0,450.0,4,
south,northern,55995,road_route_found_entrance_unverified,,1079.4,1275.4,12.8,150.0,0,
south,northern,55996,road_route_found_entrance_unverified,,1079.4,1275.4,12.8,75.0,0,
south,northern,55997,unconfirmed,route_unconfirmed,,,,22.0,0,
south,northern,55998,unconfirmed,route_unconfirmed,,,,44.0,0,
south,northern,55999,unconfirmed,route_unconfirmed,,,,150.0,2,
south,northern,56000,unconfirmed,route_unconfirmed,,,,150.0,2,
south,northern,56001,unconfirmed,route_unconfirmed,,,,640.0,2,
south,northern,56002,unconfirmed,route_unconfirmed,,,,44.0,0,
south,northern,56003,unconfirmed,route_unconfirmed,,,,75.0,0,
south,northern,56004,unconfirmed,route_unconfirmed,,,,75.0,0,
south,northern,56005,unconfirmed,route_unconfirmed,,,,300.0,0,
south,northern,56006,unconfirmed,route_unconfirmed,,,,47.0,0,
south,northern,56007,unconfirmed,route_unconfirmed,,,,4.1,0,
south,northern,56293,road_route_found_entrance_unverified,,268.4,180.6,11.2,300.0,2,
south,northern,56297,unconfirmed,route_unconfirmed,,,,308.0,0,
south,northern,56298,unconfirmed,route_unconfirmed,,,,220.0,0,
south,northern,56299,unconfirmed,route_unconfirmed,,,,132.0,0,
south,northern,56300,unconfirmed,route_unconfirmed,,,,400.0,4,
south,northern,56301,unconfirmed,route_unconfirmed,,,,44.0,0,
south,northern,56302,road_route_found_entrance_unverified,,995.5,1103.8,4.4,2000.0,10,
south,northern,56304,road_route_found_entrance_unverified,,961.8,924.3,8.1,44.0,0,
south,northern,56305,unconfirmed,route_unconfirmed,,,,88.0,0,
south,northern,56306,unconfirmed,route_unconfirmed,,,,600.0,6,
south,northern,56307,unconfirmed,route_unconfirmed,,,,60.0,0,
south,northern,56308,unconfirmed,route_unconfirmed,,,,150.0,2,
south,northern,56309,unconfirmed,route_unconfirmed,,,,88.0,0,
south,northern,56311,road_route_found_entrance_unverified,,1252.8,1359.3,21.5,176.0,0,
south,northern,56316,unconfirmed,route_unconfirmed,,,,11.0,0,
south,northern,56317,unconfirmed,route_unconfirmed,,,,88.0,0,
south,northern,56321,unconfirmed,route_unconfirmed,,,,200.0,0,
south,northern,56322,unconfirmed,route_unconfirmed,,,,11.0,0,
south,northern,56323,road_route_found_entrance_unverified,,751.9,822.0,8.6,98.0,0,
south,northern,56324,road_route_found_entrance_unverified,,268.4,180.6,11.2,100.0,0,
south,northern,56325,road_route_found_entrance_unverified,,794.1,779.8,4.6,350.0,1,
south,northern,56326,road_route_found_entrance_unverified,,794.1,779.8,4.6,350.0,1,
south,northern,56327,unconfirmed,route_unconfirmed,,,,450.0,4,
south,northern,56328,road_route_found_entrance_unverified,,2280.8,2247.4,0.8,88.0,0,
south,northern,56329,road_route_found_entrance_unverified,,2456.6,2455.3,17.8,44.0,0,
south,northern,56330,unconfirmed,route_unconfirmed,,,,66.0,0,
south,northern,56331,unconfirmed,route_unconfirmed,,,,88.0,0,
south,northern,56332,unconfirmed,route_unconfirmed,,,,22.0,0,
south,northern,56333,road_route_found_entrance_unverified,,2853.4,2903.1,9.8,300.0,2,
south,northern,56334,road_route_found_entrance_unverified,,2227.0,2296.7,7.0,6.0,0,
south,northern,56336,road_route_found_entrance_unverified,,1069.7,1138.4,2.9,22.0,0,
south,northern,56337,road_route_found_entrance_unverified,,2777.5,2605.9,16.5,110.0,0,
south,northern,56338,road_route_found_entrance_unverified,,2160.4,2331.9,7.7,88.0,0,
south,northern,56339,road_route_found_entrance_unverified,,2270.3,2335.9,5.8,1200.0,8,
south,northern,56340,road_route_found_entrance_unverified,,2433.8,2164.2,11.6,22.0,0,
south,northern,56341,unconfirmed,route_unconfirmed,,,,11.0,0,
south,northern,56342,road_route_found_entrance_unverified,,2333.2,1861.7,5.4,88.0,0,
south,northern,56343,road_route_found_entrance_unverified,,642.8,681.0,11.3,44.0,0,
south,northern,56344,unconfirmed,route_unconfirmed,,,,22.0,0,
south,northern,56345,unconfirmed,route_unconfirmed,,,,44.0,0,
south,northern,56346,unconfirmed,route_unconfirmed,,,,88.0,0,
south,northern,56418,unconfirmed,route_unconfirmed,,,,44.0,0,
south,northern,56544,unconfirmed,route_unconfirmed,,,,44.0,0,
south,northern,56545,unconfirmed,route_unconfirmed,,,,44.0,0,
south,northern,56546,unconfirmed,route_unconfirmed,,,,44.0,0,
south,northern,56547,unconfirmed,route_unconfirmed,,,,44.0,0,
south,northern,56548,unconfirmed,route_unconfirmed,,,,88.0,0,
south,northern,56549,unconfirmed,route_unconfirmed,,,,44.0,0,
south,northern,56550,unconfirmed,route_unconfirmed,,,,71.0,0,
south,northern,56551,unconfirmed,route_unconfirmed,,,,44.0,0,
south,northern,56552,unconfirmed,return_exceeds_pilot_3km,2291.5,6308.2,11.4,44.0,0,
south,northern,56553,unconfirmed,return_exceeds_pilot_3km,2291.5,6308.2,11.4,44.0,0,
south,northern,56554,unconfirmed,return_exceeds_pilot_3km,2314.4,6555.5,8.0,44.0,0,
south,northern,56555,unconfirmed,route_unconfirmed,,,,44.0,0,
south,northern,56556,unconfirmed,return_exceeds_pilot_3km,2227.4,6373.8,10.8,44.0,0,
south,northern,56557,unconfirmed,return_exceeds_pilot_3km,2227.4,6373.8,10.8,44.0,0,
south,northern,56559,unconfirmed,route_unconfirmed,,,,100.0,0,
south,northern,56560,unconfirmed,route_unconfirmed,,,,44.0,0,
south,northern,56561,unconfirmed,return_exceeds_pilot_3km,2242.7,5796.8,8.7,11.0,0,
south,northern,56562,unconfirmed,route_unconfirmed,,,,44.0,0,
south,northern,56563,unconfirmed,route_unconfirmed,,,,94.0,0,
south,northern,56564,unconfirmed,route_unconfirmed,,,,600.0,4,
south,northern,56565,unconfirmed,route_unconfirmed,,,,44.0,0,
south,northern,56566,unconfirmed,route_unconfirmed,,,,84.0,0,
south,northern,56567,unconfirmed,route_unconfirmed,,,,600.0,4,
south,northern,56570,unconfirmed,route_unconfirmed,,,,44.0,0,
south,northern,56575,unconfirmed,route_unconfirmed,,,,44.0,0,
south,northern,56577,unconfirmed,route_unconfirmed,,,,44.0,0,
south,northern,56578,unconfirmed,route_unconfirmed,,,,22.0,0,
south,northern,56580,unconfirmed,route_unconfirmed,,,,44.0,0,
south,northern,56582,unconfirmed,route_unconfirmed,,,,88.0,0,
south,northern,56583,unconfirmed,route_unconfirmed,,,,44.0,0,
south,northern,56584,unconfirmed,route_unconfirmed,,,,88.0,0,
south,northern,56585,unconfirmed,route_unconfirmed,,,,172.0,2,
south,northern,56586,unconfirmed,route_unconfirmed,,,,450.0,4,
south,northern,56588,unconfirmed,route_unconfirmed,,,,22.0,0,
south,northern,56589,unconfirmed,route_unconfirmed,,,,22.0,0,
south,northern,56590,road_route_found_entrance_unverified,,2039.6,1936.8,12.0,44.0,0,
south,northern,56591,unconfirmed,route_unconfirmed,,,,300.0,2,
south,northern,56592,unconfirmed,route_unconfirmed,,,,72.0,0,
south,northern,56593,unconfirmed,route_unconfirmed,,,,44.0,0,
south,northern,56594,unconfirmed,route_unconfirmed,,,,300.0,2,
south,northern,56596,unconfirmed,route_unconfirmed,,,,44.0,0,
south,northern,56597,unconfirmed,route_unconfirmed,,,,150.0,2,
south,northern,56598,unconfirmed,route_unconfirmed,,,,44.0,0,
south,northern,56599,unconfirmed,route_unconfirmed,,,,300.0,2,
south,northern,56600,unconfirmed,route_unconfirmed,,,,150.0,2,
south,northern,56628,unconfirmed,route_unconfirmed,,,,44.0,0,
south,northern,56629,unconfirmed,route_unconfirmed,,,,44.0,0,
south,northern,56630,unconfirmed,route_unconfirmed,,,,150.0,2,
south,northern,56631,unconfirmed,route_unconfirmed,,,,400.0,4,
south,northern,56632,unconfirmed,route_unconfirmed,,,,44.0,0,
south,northern,56633,unconfirmed,route_unconfirmed,,,,44.0,0,
south,northern,56634,unconfirmed,route_unconfirmed,,,,44.0,0,
south,northern,56635,road_route_found_entrance_unverified,,136.7,242.6,8.3,243.0,2,
south,northern,56636,unconfirmed,return_exceeds_pilot_3km,1765.2,6808.2,5.8,315.0,2,
south,northern,56637,unconfirmed,return_exceeds_pilot_3km,1110.2,5982.4,9.8,5000.0,20,
south,northern,56638,unconfirmed,return_exceeds_pilot_3km,2799.5,8221.8,6.4,11.0,0,
south,northern,56639,unconfirmed,return_exceeds_pilot_3km,2100.9,7179.2,7.5,44.0,0,
south,northern,56640,unconfirmed,route_unconfirmed,,,,98.0,0,
south,northern,56643,unconfirmed,route_unconfirmed,,,,11.0,0,
south,northern,64274,road_route_found_entrance_unverified,,2048.5,2611.8,9.1,44.0,0,
south,northern,64275,road_route_found_entrance_unverified,,2103.5,2112.6,7.5,50.0,0,
south,northern,64276,road_route_found_entrance_unverified,,2103.5,2112.6,7.5,50.0,0,
south,northern,64277,unconfirmed,route_unconfirmed,,,,44.0,0,
south,northern,64278,unconfirmed,route_unconfirmed,,,,577.0,2,
south,northern,64279,unconfirmed,route_unconfirmed,,,,176.0,0,
south,northern,64280,road_route_found_entrance_unverified,,2335.7,2421.4,6.5,22.0,0,
south,northern,64281,road_route_found_entrance_unverified,,2138.5,2113.7,8.2,22.0,0,
south,northern,64282,unconfirmed,route_unconfirmed,,,,1200.0,6,
south,northern,64283,road_route_found_entrance_unverified,,2245.1,2290.0,4.2,137.0,0,
south,northern,64284,road_route_found_entrance_unverified,,2139.5,2112.7,11.3,44.0,0,
south,northern,64285,unconfirmed,route_unconfirmed,,,,11.0,0,
south,northern,64286,unconfirmed,route_unconfirmed,,,,44.0,0,
south,northern,64287,unconfirmed,route_unconfirmed,,,,44.0,0,
south,northern,64288,unconfirmed,route_unconfirmed,,,,720.0,4,
south,northern,64290,unconfirmed,route_unconfirmed,,,,308.0,0,
south,northern,64291,unconfirmed,route_unconfirmed,,,,22.0,0,
south,northern,64292,road_route_found_entrance_unverified,,1702.5,2173.8,19.0,44.0,0,
south,northern,64293,road_route_found_entrance_unverified,,1672.8,2147.4,14.6,200.0,2,
south,northern,64297,road_route_found_entrance_unverified,,1098.4,1002.4,17.7,44.0,0,
south,northern,64298,road_route_found_entrance_unverified,,1098.4,1002.4,17.0,44.0,0,
south,northern,64299,road_route_found_entrance_unverified,,1319.0,1234.6,7.4,150.0,2,
south,northern,64302,unconfirmed,route_unconfirmed,,,,22.0,0,
south,northern,64305,unconfirmed,route_unconfirmed,,,,44.0,0,
south,northern,64306,unconfirmed,route_unconfirmed,,,,44.0,0,
south,northern,64307,unconfirmed,route_unconfirmed,,,,44.0,0,
south,northern,64308,unconfirmed,route_unconfirmed,,,,44.0,0,
south,northern,64309,unconfirmed,route_unconfirmed,,,,88.0,0,
south,northern,64311,unconfirmed,route_unconfirmed,,,,44.0,0,
south,northern,64312,unconfirmed,route_unconfirmed,,,,44.0,0,
south,northern,64313,unconfirmed,route_unconfirmed,,,,44.0,0,
south,northern,64314,unconfirmed,route_unconfirmed,,,,11.0,0,
south,northern,64315,unconfirmed,route_unconfirmed,,,,11.0,0,
south,northern,64316,unconfirmed,route_unconfirmed,,,,22.0,0,
south,northern,64317,unconfirmed,route_unconfirmed,,,,44.0,0,
south,northern,64320,unconfirmed,route_unconfirmed,,,,44.0,0,
south,northern,64321,unconfirmed,route_unconfirmed,,,,44.0,0,
south,northern,64322,unconfirmed,route_unconfirmed,,,,44.0,0,
south,northern,64323,unconfirmed,route_unconfirmed,,,,44.0,0,
south,northern,64327,unconfirmed,route_unconfirmed,,,,11.0,0,
south,northern,64328,unconfirmed,route_unconfirmed,,,,50.0,0,
south,northern,64331,unconfirmed,route_unconfirmed,,,,88.0,0,
south,northern,64332,road_route_found_entrance_unverified,,1537.7,1469.3,7.1,44.0,0,
south,northern,64333,road_route_found_entrance_unverified,,466.3,388.1,7.6,1300.0,8,
south,northern,64334,road_route_found_entrance_unverified,,482.9,459.1,13.3,22.0,0,
south,northern,64335,unconfirmed,route_unconfirmed,,,,44.0,0,
south,northern,64336,unconfirmed,route_unconfirmed,,,,44.0,0,
south,northern,64337,unconfirmed,route_unconfirmed,,,,44.0,0,
south,northern,64338,unconfirmed,route_unconfirmed,,,,88.0,0,
south,northern,64339,unconfirmed,route_unconfirmed,,,,44.0,0,
south,northern,64340,road_route_found_entrance_unverified,,1887.4,1811.0,8.7,88.0,0,
south,northern,64341,unconfirmed,route_unconfirmed,,,,200.0,2,
south,northern,64342,unconfirmed,route_unconfirmed,,,,44.0,0,
south,northern,64343,unconfirmed,route_unconfirmed,,,,44.0,0,
south,northern,64344,road_route_found_entrance_unverified,,2452.8,2406.3,25.2,44.0,0,
south,northern,64345,road_route_found_entrance_unverified,,2990.0,2704.6,9.5,11.0,0,
south,northern,64346,road_route_found_entrance_unverified,,2248.7,2327.6,6.3,44.0,0,
south,northern,64347,road_route_found_entrance_unverified,,2836.2,2524.7,9.5,44.0,0,
south,northern,64348,unconfirmed,route_unconfirmed,,,,44.0,0,
south,northern,64349,unconfirmed,route_unconfirmed,,,,44.0,0,
south,northern,64350,road_route_found_entrance_unverified,,2192.8,2118.5,9.7,44.0,0,
south,northern,64351,unconfirmed,route_unconfirmed,,,,44.0,0,
south,northern,64352,unconfirmed,route_unconfirmed,,,,44.0,0,
south,northern,64353,unconfirmed,route_unconfirmed,,,,88.0,0,
south,northern,64356,unconfirmed,route_unconfirmed,,,,44.0,0,
south,northern,64357,unconfirmed,route_unconfirmed,,,,22.0,0,
south,northern,64383,unconfirmed,route_unconfirmed,,,,44.0,0,
south,northern,64400,unconfirmed,route_unconfirmed,,,,22.0,0,
south,northern,64401,unconfirmed,route_unconfirmed,,,,22.0,0,
south,northern,64402,unconfirmed,route_unconfirmed,,,,344.0,0,
south,northern,64403,unconfirmed,route_unconfirmed,,,,44.0,0,
south,northern,64404,unconfirmed,route_unconfirmed,,,,44.0,0,
south,northern,64405,unconfirmed,route_unconfirmed,,,,44.0,0,
south,northern,64406,unconfirmed,route_unconfirmed,,,,374.0,0,
south,northern,64407,unconfirmed,route_unconfirmed,,,,242.0,0,
south,northern,64411,road_route_found_entrance_unverified,,1905.2,1854.7,17.2,75.0,0,
south,northern,64412,road_route_found_entrance_unverified,,2332.2,2245.4,3.6,72.0,0,
south,northern,64413,unconfirmed,route_unconfirmed,,,,44.0,0,
south,northern,64414,unconfirmed,route_unconfirmed,,,,22.0,0,
south,northern,64415,unconfirmed,route_unconfirmed,,,,22.0,0,
south,northern,64416,unconfirmed,route_unconfirmed,,,,50.0,0,
south,northern,64417,unconfirmed,route_unconfirmed,,,,22.0,0,
south,northern,64418,unconfirmed,route_unconfirmed,,,,93.0,0,
south,northern,64419,road_route_found_entrance_unverified,,251.8,423.7,4.0,93.0,0,
south,northern,64420,road_route_found_entrance_unverified,,2992.6,2914.0,4.9,50.0,0,
south,northern,64421,unconfirmed,route_unconfirmed,,,,150.0,2,
south,northern,64423,road_route_found_entrance_unverified,,1731.3,1639.1,5.9,150.0,2,
south,northern,64424,road_route_found_entrance_unverified,,1477.1,1435.6,30.6,44.0,0,
south,northern,64425,road_route_found_entrance_unverified,,1648.3,1634.1,1.7,1200.0,6,
south,northern,64427,unconfirmed,return_exceeds_pilot_3km,2981.7,3236.2,16.1,22.0,0,
south,northern,64429,road_route_found_entrance_unverified,,1903.3,1801.4,7.0,150.0,2,
south,northern,64433,unconfirmed,route_unconfirmed,,,,44.0,0,
south,northern,64434,unconfirmed,route_unconfirmed,,,,22.0,0,
south,northern,64435,unconfirmed,route_unconfirmed,,,,98.0,0,
south,northern,64436,road_route_found_entrance_unverified,,311.3,389.5,8.8,98.0,0,
south,northern,64437,road_route_found_entrance_unverified,,1636.1,1660.1,28.7,154.0,0,
south,northern,64438,road_route_found_entrance_unverified,,1297.0,1295.2,12.6,22.0,0,
south,northern,64439,road_route_found_entrance_unverified,,717.2,711.7,5.0,100.0,0,
south,northern,64440,road_route_found_entrance_unverified,,689.0,673.5,6.2,72.0,0,
south,northern,64441,road_route_found_entrance_unverified,,718.7,710.3,5.4,93.0,0,
south,northern,64442,road_route_found_entrance_unverified,,2156.6,2129.7,20.3,44.0,0,
south,northern,64443,road_route_found_entrance_unverified,,1632.9,1601.0,9.6,44.0,0,
south,northern,64444,road_route_found_entrance_unverified,,1632.9,1601.0,2.6,44.0,0,
south,northern,64445,road_route_found_entrance_unverified,,2067.2,2036.3,11.5,44.0,0,
south,northern,64446,unconfirmed,route_unconfirmed,,,,66.0,0,
south,northern,64481,road_route_found_entrance_unverified,,402.0,512.5,2.9,300.0,2,
south,northern,64482,unconfirmed,route_unconfirmed,,,,22.0,0,
south,northern,64483,unconfirmed,route_unconfirmed,,,,44.0,0,
south,northern,64484,unconfirmed,route_unconfirmed,,,,150.0,2,
south,northern,64485,unconfirmed,route_unconfirmed,,,,150.0,2,
south,northern,64486,road_route_found_entrance_unverified,,626.8,735.2,5.8,150.0,2,
south,northern,64487,road_route_found_entrance_unverified,,1668.7,1619.5,5.4,90.0,0,
south,northern,64488,road_route_found_entrance_unverified,,2176.9,1761.5,5.5,44.0,0,
south,northern,64489,road_route_found_entrance_unverified,,2717.8,2660.5,0.7,44.0,0,
south,northern,64490,road_route_found_entrance_unverified,,711.2,682.4,2.9,2000.0,8,
south,northern,64491,road_route_found_entrance_unverified,,908.7,914.2,14.6,33.0,0,
south,northern,64513,road_route_found_entrance_unverified,,2239.5,2534.7,34.2,1350.0,12,
south,northern,64514,road_route_found_entrance_unverified,,2433.9,2538.5,18.5,88.0,0,
south,northern,64515,unconfirmed,route_unconfirmed,,,,300.0,2,
south,northern,64516,unconfirmed,route_unconfirmed,,,,300.0,2,
south,northern,64517,road_route_found_entrance_unverified,,496.6,708.5,5.3,150.0,2,
south,northern,64518,road_route_found_entrance_unverified,,607.7,783.9,0.5,1200.0,8,
south,northern,64519,unconfirmed,route_unconfirmed,,,,2400.0,8,
south,northern,64520,unconfirmed,route_unconfirmed,,,,22.0,0,
south,northern,64521,unconfirmed,route_unconfirmed,,,,88.0,0,
south,northern,64522,unconfirmed,route_unconfirmed,,,,72.0,0,
south,northern,64523,road_route_found_entrance_unverified,,1837.5,1962.9,11.0,33.0,0,
south,northern,65701,unconfirmed,route_unconfirmed,,,,44.0,0,
south,northern,65702,unconfirmed,route_unconfirmed,,,,44.0,0,
south,northern,65703,unconfirmed,route_unconfirmed,,,,44.0,0,
south,northern,65704,unconfirmed,route_unconfirmed,,,,44.0,0,
south,northern,65710,unconfirmed,route_unconfirmed,,,,44.0,0,
south,northern,65721,unconfirmed,route_unconfirmed,,,,100.0,0,
south,northern,65722,unconfirmed,route_unconfirmed,,,,44.0,0,
south,northern,65723,unconfirmed,route_unconfirmed,,,,44.0,0,
south,northern,65724,unconfirmed,route_unconfirmed,,,,150.0,0,
south,northern,65725,unconfirmed,route_unconfirmed,,,,44.0,0,
south,northern,65728,unconfirmed,route_unconfirmed,,,,44.0,0,
south,northern,65731,unconfirmed,route_unconfirmed,,,,44.0,0,
south,northern,65732,unconfirmed,route_unconfirmed,,,,44.0,0,
south,northern,65733,unconfirmed,route_unconfirmed,,,,44.0,0,
south,northern,65734,unconfirmed,route_unconfirmed,,,,11.0,0,
south,northern,65735,unconfirmed,route_unconfirmed,,,,44.0,0,
south,northern,65736,unconfirmed,route_unconfirmed,,,,44.0,0,
south,northern,65737,unconfirmed,route_unconfirmed,,,,44.0,0,
south,northern,65738,road_route_found_entrance_unverified,,2869.1,2915.9,6.4,44.0,0,
south,northern,65739,unconfirmed,route_unconfirmed,,,,44.0,0,
south,northern,65740,unconfirmed,route_unconfirmed,,,,44.0,0,
south,northern,65741,unconfirmed,route_unconfirmed,,,,350.0,2,
south,northern,65742,unconfirmed,route_unconfirmed,,,,172.0,2,
south,northern,65743,unconfirmed,route_unconfirmed,,,,22.0,0,
south,northern,65744,road_route_found_entrance_unverified,,1344.1,1232.9,5.4,3000.0,12,
south,northern,65745,unconfirmed,route_unconfirmed,,,,44.0,0,
south,northern,65746,road_route_found_entrance_unverified,,2707.3,2863.0,2.0,44.0,0,
south,northern,65747,unconfirmed,route_unconfirmed,,,,600.0,4,
south,northern,65748,unconfirmed,route_unconfirmed,,,,44.0,0,
south,northern,65749,road_route_found_entrance_unverified,,2665.2,2716.9,7.6,44.0,0,
south,northern,65750,unconfirmed,route_unconfirmed,,,,44.0,0,
south,northern,65751,unconfirmed,route_unconfirmed,,,,44.0,0,
south,northern,65752,unconfirmed,route_unconfirmed,,,,44.0,0,
south,northern,65753,unconfirmed,route_unconfirmed,,,,150.0,2,
south,northern,65754,unconfirmed,route_unconfirmed,,,,150.0,2,
south,northern,65755,unconfirmed,route_unconfirmed,,,,150.0,2,
south,northern,65756,unconfirmed,route_unconfirmed,,,,50.0,0,
south,northern,65757,unconfirmed,route_unconfirmed,,,,44.0,0,
south,northern,65758,unconfirmed,route_unconfirmed,,,,44.0,0,
south,northern,65759,unconfirmed,route_unconfirmed,,,,22.0,0,
south,northern,65760,unconfirmed,route_unconfirmed,,,,44.0,0,
south,northern,65761,road_route_found_entrance_unverified,,695.7,1348.1,5.3,2000.0,8,
south,northern,65762,road_route_found_entrance_unverified,,1197.5,545.9,5.3,900.0,8,
south,northern,65763,unconfirmed,route_unconfirmed,,,,1800.0,12,
south,northern,65764,unconfirmed,route_unconfirmed,,,,44.0,0,
south,northern,65765,unconfirmed,route_unconfirmed,,,,44.0,0,
south,northern,65766,unconfirmed,route_unconfirmed,,,,44.0,0,
south,northern,65767,road_route_found_entrance_unverified,,2338.0,1902.7,1.8,44.0,0,
south,northern,65768,unconfirmed,route_unconfirmed,,,,44.0,0,
south,northern,65769,unconfirmed,route_unconfirmed,,,,44.0,0,
south,northern,65774,unconfirmed,route_unconfirmed,,,,22.0,0,
south,northern,65777,unconfirmed,route_unconfirmed,,,,72.0,0,
south,northern,65778,unconfirmed,route_unconfirmed,,,,150.0,2,
south,northern,65780,unconfirmed,route_unconfirmed,,,,850.0,4,
south,northern,65782,unconfirmed,route_unconfirmed,,,,88.0,0,
south,northern,65791,unconfirmed,route_unconfirmed,,,,154.0,0,
south,northern,65792,unconfirmed,route_unconfirmed,,,,44.0,0,
south,northern,65794,unconfirmed,route_unconfirmed,,,,150.0,2,
south,northern,65795,unconfirmed,route_unconfirmed,,,,194.0,2,
south,northern,65807,unconfirmed,route_unconfirmed,,,,11.0,0,
south,northern,65808,unconfirmed,route_unconfirmed,,,,11.0,0,
south,northern,65809,unconfirmed,route_unconfirmed,,,,150.0,2,
south,northern,65810,unconfirmed,route_unconfirmed,,,,11.0,0,
south,northern,65811,unconfirmed,route_unconfirmed,,,,88.0,0,
south,northern,65812,unconfirmed,route_unconfirmed,,,,88.0,0,
south,northern,65813,road_route_found_entrance_unverified,,2910.9,2944.0,8.0,22.0,0,
south,northern,65814,unconfirmed,route_unconfirmed,,,,200.0,2,
south,northern,65815,unconfirmed,route_unconfirmed,,,,44.0,0,
south,northern,65816,unconfirmed,route_unconfirmed,,,,110.0,0,
south,northern,65817,road_route_found_entrance_unverified,,979.3,1069.2,1.7,300.0,2,
south,northern,65818,road_route_found_entrance_unverified,,2545.3,2596.4,9.1,44.0,0,
south,northern,65819,road_route_found_entrance_unverified,,2435.4,2468.4,12.8,44.0,0,
south,northern,65852,unconfirmed,route_unconfirmed,,,,11.0,0,
south,northern,65854,unconfirmed,route_unconfirmed,,,,11.0,0,
south,northern,65856,road_route_found_entrance_unverified,,2722.2,2808.3,2.6,11.0,0,
south,northern,65857,unconfirmed,route_unconfirmed,,,,1400.0,4,
south,northern,65858,unconfirmed,route_unconfirmed,,,,43.0,0,
south,northern,65859,road_route_found_entrance_unverified,,487.4,180.5,7.9,1400.0,4,
south,northern,65864,unconfirmed,route_unconfirmed,,,,11.0,0,
south,northern,65865,unconfirmed,route_unconfirmed,,,,150.0,1,
south,northern,65866,road_route_found_entrance_unverified,,2657.4,2765.7,15.3,150.0,2,
south,northern,65867,road_route_found_entrance_unverified,,2552.6,2593.0,7.7,44.0,0,
south,northern,65868,road_route_found_entrance_unverified,,2287.6,2426.1,3.6,150.0,2,
south,northern,65869,unconfirmed,route_unconfirmed,,,,200.0,0,
south,northern,65871,unconfirmed,route_unconfirmed,,,,55.0,0,
south,northern,65872,unconfirmed,route_unconfirmed,,,,180.0,2,
south,northern,65873,unconfirmed,route_unconfirmed,,,,11.0,0,
south,northern,65878,road_route_found_entrance_unverified,,2719.6,2750.9,17.3,150.0,2,
south,northern,65879,unconfirmed,route_unconfirmed,,,,22.0,0,
south,northern,65880,unconfirmed,route_unconfirmed,,,,22.0,0,
south,northern,65881,unconfirmed,route_unconfirmed,,,,11.0,0,
south,northern,65882,road_route_found_entrance_unverified,,821.5,676.6,5.4,900.0,6,
south,northern,65883,road_route_found_entrance_unverified,,960.9,798.3,8.3,600.0,4,
south,northern,65884,road_route_found_entrance_unverified,,935.8,934.5,6.7,86.0,0,
south,northern,65885,unconfirmed,route_unconfirmed,,,,44.0,0,
south,northern,65886,road_route_found_entrance_unverified,,296.6,107.1,5.7,150.0,2,
south,northern,65887,road_route_found_entrance_unverified,,802.2,708.0,6.7,3000.0,12,
south,northern,65888,road_route_found_entrance_unverified,,2597.9,2515.2,9.3,44.0,0,
south,northern,65889,unconfirmed,route_unconfirmed,,,,93.0,0,
south,northern,65890,road_route_found_entrance_unverified,,911.0,859.3,10.9,600.0,4,
south,northern,65891,road_route_found_entrance_unverified,,296.6,107.1,5.7,100.0,0,
south,northern,66101,unconfirmed,route_unconfirmed,,,,150.0,2,
south,northern,66102,unconfirmed,route_unconfirmed,,,,100.0,0,
south,northern,66103,unconfirmed,route_unconfirmed,,,,88.0,0,
south,northern,66104,unconfirmed,route_unconfirmed,,,,132.0,0,
south,northern,66105,unconfirmed,route_unconfirmed,,,,264.0,0,
south,northern,66106,unconfirmed,route_unconfirmed,,,,22.0,0,
south,northern,66107,unconfirmed,route_unconfirmed,,,,132.0,0,
south,northern,66108,unconfirmed,route_unconfirmed,,,,22.0,0,
south,northern,66109,unconfirmed,route_unconfirmed,,,,132.0,0,
south,northern,66110,road_route_found_entrance_unverified,,2682.6,2678.9,7.9,22.0,0,
south,northern,66111,road_route_found_entrance_unverified,,1655.0,1753.4,7.9,33.0,0,
south,northern,66112,unconfirmed,route_unconfirmed,,,,900.0,8,
south,northern,66113,road_route_found_entrance_unverified,,1857.8,1733.2,5.4,944.0,6,
south,northern,66114,road_route_found_entrance_unverified,,2220.2,2104.4,10.4,300.0,2,
south,northern,66115,road_route_found_entrance_unverified,,2013.2,1891.4,11.4,22.0,0,
south,northern,66116,unconfirmed,return_exceeds_pilot_3km,2758.3,3199.4,4.8,44.0,0,
south,northern,66117,road_route_found_entrance_unverified,,2901.6,2298.7,26.0,600.0,4,
south,northern,66118,unconfirmed,route_unconfirmed,,,,600.0,4,
south,northern,66119,road_route_found_entrance_unverified,,2149.8,1946.5,10.6,55.0,0,
south,northern,66120,road_route_found_entrance_unverified,,2138.6,2168.1,4.1,154.0,0,
south,northern,66121,road_route_found_entrance_unverified,,1793.5,1786.3,13.7,22.0,0,
south,northern,66122,road_route_found_entrance_unverified,,1837.4,2010.8,5.5,88.0,0,
south,northern,66123,road_route_found_entrance_unverified,,2855.8,2746.3,7.5,88.0,0,
south,northern,66124,unconfirmed,route_unconfirmed,,,,94.0,0,
south,northern,66125,road_route_found_entrance_unverified,,2664.8,2665.4,6.2,132.0,0,
south,northern,66126,unconfirmed,route_unconfirmed,,,,88.0,0,
south,northern,66127,unconfirmed,route_unconfirmed,,,,150.0,0,
south,northern,66128,road_route_found_entrance_unverified,,2307.1,2858.0,9.5,88.0,0,
south,northern,66129,unconfirmed,route_unconfirmed,,,,75.0,0,
south,northern,66130,unconfirmed,route_unconfirmed,,,,30.0,0,
south,northern,66131,road_route_found_entrance_unverified,,1100.4,863.5,9.9,2000.0,8,
south,northern,66132,road_route_found_entrance_unverified,,2251.3,2218.6,10.8,44.0,0,
south,northern,66133,road_route_found_entrance_unverified,,2385.8,2368.3,10.8,22.0,0,
south,northern,66134,unconfirmed,route_unconfirmed,,,,44.0,0,
south,northern,66135,unconfirmed,route_unconfirmed,,,,176.0,0,
south,northern,66136,unconfirmed,route_unconfirmed,,,,66.0,0,
south,northern,66137,road_route_found_entrance_unverified,,2214.0,2122.5,6.3,44.0,0,
south,northern,66138,unconfirmed,route_unconfirmed,,,,22.0,0,
south,northern,66139,unconfirmed,route_unconfirmed,,,,44.0,0,
south,northern,66140,road_route_found_entrance_unverified,,2991.9,2853.8,8.0,30.0,0,
south,northern,66141,road_route_found_entrance_unverified,,1658.1,1473.5,8.1,30.0,0,
south,northern,66142,road_route_found_entrance_unverified,,1385.5,1358.1,6.8,33.0,0,
south,northern,66143,road_route_found_entrance_unverified,,1562.2,1500.5,13.5,22.0,0,
south,northern,66144,road_route_found_entrance_unverified,,1202.6,1233.7,6.5,787.0,6,
south,northern,66145,road_route_found_entrance_unverified,,1039.0,825.5,1.6,1600.0,8,
south,northern,66146,road_route_found_entrance_unverified,,1025.3,1051.0,6.8,622.0,4,
south,northern,66147,road_route_found_entrance_unverified,,1014.5,987.9,15.9,900.0,8,
south,northern,66148,road_route_found_entrance_unverified,,1652.8,1658.8,21.8,600.0,4,
south,northern,66149,road_route_found_entrance_unverified,,2686.7,2604.4,8.3,88.0,0,
south,northern,66150,road_route_found_entrance_unverified,,1517.2,1338.3,1.0,66.0,0,
south,northern,66151,road_route_found_entrance_unverified,,1879.5,1937.5,18.6,22.0,0,
south,northern,66152,road_route_found_entrance_unverified,,2058.0,1976.0,28.5,44.0,0,
south,northern,66153,unconfirmed,route_unconfirmed,,,,130.0,0,
south,northern,66154,road_route_found_entrance_unverified,,2043.5,1988.0,11.8,88.0,0,
south,northern,66155,road_route_found_entrance_unverified,,2640.1,2561.9,6.6,1200.0,6,
south,northern,66156,unconfirmed,route_unconfirmed,,,,130.0,0,
south,northern,66157,unconfirmed,route_unconfirmed,,,,30.0,0,
south,northern,66158,unconfirmed,route_unconfirmed,,,,30.0,0,
south,northern,66159,unconfirmed,route_unconfirmed,,,,100.0,0,
south,northern,66160,unconfirmed,route_unconfirmed,,,,30.0,0,
south,northern,66161,road_route_found_entrance_unverified,,2708.5,2821.6,4.5,88.0,0,
south,northern,66162,unconfirmed,route_unconfirmed,,,,22.0,0,
south,northern,66163,unconfirmed,route_unconfirmed,,,,88.0,0,
south,northern,66164,unconfirmed,route_unconfirmed,,,,22.0,0,
south,northern,66165,road_route_found_entrance_unverified,,2912.9,2741.1,3.8,88.0,0,
south,northern,66166,road_route_found_entrance_unverified,,2971.5,2937.8,9.0,60.0,0,
south,northern,66167,unconfirmed,route_unconfirmed,,,,94.0,0,
south,northern,66168,unconfirmed,route_unconfirmed,,,,94.0,0,
south,northern,66169,unconfirmed,route_unconfirmed,,,,88.0,0,
south,northern,66170,unconfirmed,route_unconfirmed,,,,88.0,0,
south,northern,66171,unconfirmed,route_unconfirmed,,,,94.0,0,
south,northern,66172,unconfirmed,route_unconfirmed,,,,88.0,0,
south,northern,66173,unconfirmed,route_unconfirmed,,,,88.0,0,
south,northern,66174,unconfirmed,route_unconfirmed,,,,50.0,0,
south,northern,66175,unconfirmed,route_unconfirmed,,,,22.0,0,
south,northern,66176,unconfirmed,route_unconfirmed,,,,22.0,0,
south,northern,66177,unconfirmed,route_unconfirmed,,,,800.0,10,
south,northern,66178,unconfirmed,route_unconfirmed,,,,150.0,2,
south,northern,66179,unconfirmed,route_unconfirmed,,,,138.0,0,
south,northern,66180,unconfirmed,route_unconfirmed,,,,138.0,0,
south,northern,66181,unconfirmed,route_unconfirmed,,,,300.0,2,
south,northern,66182,unconfirmed,route_unconfirmed,,,,22.0,0,
south,northern,66183,unconfirmed,route_unconfirmed,,,,194.0,2,
south,northern,66184,unconfirmed,route_unconfirmed,,,,22.0,0,
south,northern,66185,unconfirmed,route_unconfirmed,,,,30.0,0,
south,northern,66188,unconfirmed,route_unconfirmed,,,,93.0,0,
south,northern,66190,unconfirmed,route_unconfirmed,,,,22.0,0,
south,northern,66191,unconfirmed,route_unconfirmed,,,,50.0,0,
south,northern,66192,unconfirmed,route_unconfirmed,,,,66.0,0,
south,northern,66210,unconfirmed,route_unconfirmed,,,,100.0,0,
south,northern,66213,unconfirmed,route_unconfirmed,,,,242.0,0,
south,northern,66216,unconfirmed,route_unconfirmed,,,,88.0,0,
south,northern,66217,unconfirmed,route_unconfirmed,,,,100.0,0,
south,northern,66218,unconfirmed,route_unconfirmed,,,,88.0,0,
south,northern,66219,unconfirmed,route_unconfirmed,,,,88.0,0,
south,northern,66223,unconfirmed,route_unconfirmed,,,,132.0,0,
south,northern,66234,unconfirmed,route_unconfirmed,,,,44.0,0,
south,northern,66235,unconfirmed,route_unconfirmed,,,,44.0,0,
south,northern,66240,unconfirmed,route_unconfirmed,,,,88.0,0,
south,northern,66242,unconfirmed,route_unconfirmed,,,,16.0,0,
south,northern,66243,unconfirmed,route_unconfirmed,,,,88.0,0,
south,northern,66244,unconfirmed,route_unconfirmed,,,,44.0,0,
south,northern,66245,unconfirmed,route_unconfirmed,,,,88.0,0,
south,northern,66246,unconfirmed,route_unconfirmed,,,,44.0,0,
south,northern,66247,unconfirmed,route_unconfirmed,,,,22.0,0,
south,northern,66249,unconfirmed,route_unconfirmed,,,,3000.0,12,
south,northern,66250,unconfirmed,route_unconfirmed,,,,400.0,2,
south,northern,66251,unconfirmed,route_unconfirmed,,,,84.0,0,
south,northern,66252,unconfirmed,route_unconfirmed,,,,3000.0,20,
south,northern,66253,unconfirmed,route_unconfirmed,,,,922.0,6,
north,southern,57982,unconfirmed,route_unconfirmed,,,,22.0,0,
north,southern,57983,unconfirmed,route_unconfirmed,,,,44.0,0,
north,southern,57984,unconfirmed,route_unconfirmed,,,,800.0,4,
north,southern,57985,unconfirmed,route_unconfirmed,,,,750.0,8,
north,southern,57986,unconfirmed,route_unconfirmed,,,,150.0,2,
north,southern,57987,unconfirmed,route_unconfirmed,,,,125.0,0,
north,southern,57988,unconfirmed,route_unconfirmed,,,,44.0,0,
north,southern,57989,unconfirmed,route_unconfirmed,,,,900.0,6,
north,southern,57990,unconfirmed,route_unconfirmed,,,,2500.0,10,
north,southern,57991,unconfirmed,route_unconfirmed,,,,150.0,2,
north,southern,57992,unconfirmed,route_unconfirmed,,,,11.0,0,
north,southern,57993,unconfirmed,route_unconfirmed,,,,11.0,0,
north,southern,57994,unconfirmed,route_unconfirmed,,,,44.0,0,
north,southern,57995,unconfirmed,route_unconfirmed,,,,750.0,4,
north,southern,57996,unconfirmed,route_unconfirmed,,,,3000.0,12,
north,southern,57997,unconfirmed,route_unconfirmed,,,,44.0,0,
north,southern,57998,unconfirmed,route_unconfirmed,,,,44.0,0,
north,southern,57999,unconfirmed,route_unconfirmed,,,,150.0,0,
north,southern,58000,unconfirmed,route_unconfirmed,,,,43.5,0,
north,southern,58001,unconfirmed,route_unconfirmed,,,,22.0,0,
north,southern,58002,unconfirmed,route_unconfirmed,,,,22.0,0,
north,southern,58003,unconfirmed,route_unconfirmed,,,,22.0,0,
north,southern,58004,unconfirmed,route_unconfirmed,,,,22.0,0,
north,southern,58005,unconfirmed,route_unconfirmed,,,,300.0,2,
north,southern,58006,unconfirmed,route_unconfirmed,,,,472.0,4,
north,southern,58007,unconfirmed,route_unconfirmed,,,,44.0,0,
north,southern,58008,unconfirmed,route_unconfirmed,,,,44.0,0,
north,southern,58009,unconfirmed,route_unconfirmed,,,,2100.0,6,
north,southern,58010,unconfirmed,route_unconfirmed,,,,44.0,0,
north,southern,58019,unconfirmed,route_unconfirmed,,,,300.0,2,
north,southern,58020,road_route_found_entrance_unverified,,284.4,279.7,16.2,300.0,2,
north,southern,58021,unconfirmed,route_unconfirmed,,,,93.0,0,
north,southern,58022,road_route_found_entrance_unverified,,292.6,271.5,11.9,700.0,2,
north,southern,58023,unconfirmed,route_unconfirmed,,,,700.0,2,
north,southern,58024,road_route_found_entrance_unverified,,292.6,271.5,11.9,1400.0,4,
north,southern,58025,unconfirmed,route_unconfirmed,,,,1400.0,4,
north,southern,58026,road_route_found_entrance_unverified,,284.4,279.7,16.2,93.0,0,
north,southern,58027,unconfirmed,route_unconfirmed,,,,22.0,0,
north,southern,59165,road_route_found_entrance_unverified,,2461.1,2967.3,4.6,44.0,0,
north,southern,59166,road_route_found_entrance_unverified,,2866.1,2968.7,10.5,44.0,0,
north,southern,59167,unconfirmed,route_unconfirmed,,,,50.0,0,
north,southern,59168,unconfirmed,route_unconfirmed,,,,550.0,6,
north,southern,59169,unconfirmed,route_unconfirmed,,,,71.0,0,
north,southern,59170,unconfirmed,route_unconfirmed,,,,11.0,0,
north,southern,59171,unconfirmed,route_unconfirmed,,,,44.0,0,
north,southern,59172,unconfirmed,return_exceeds_pilot_3km,2827.2,3222.6,7.9,44.0,0,
north,southern,59177,unconfirmed,return_exceeds_pilot_3km,1350.0,4823.1,7.9,44.0,0,
north,southern,59178,unconfirmed,route_unconfirmed,,,,33.0,0,
north,southern,59179,road_route_found_entrance_unverified,,2238.4,2296.6,7.5,44.0,0,
north,southern,59180,road_route_found_entrance_unverified,,2464.3,2496.3,4.1,66.0,0,
north,southern,59181,road_route_found_entrance_unverified,,1622.7,1664.2,9.7,110.0,0,
north,southern,59182,road_route_found_entrance_unverified,,2243.0,2280.9,8.4,44.0,0,
north,southern,59183,road_route_found_entrance_unverified,,2112.1,2141.8,9.9,220.0,0,
north,southern,59184,road_route_found_entrance_unverified,,1460.1,1489.8,9.0,44.0,0,
north,southern,59185,unconfirmed,route_unconfirmed,,,,44.0,0,
north,southern,59186,unconfirmed,route_unconfirmed,,,,88.0,0,
north,southern,59187,road_route_found_entrance_unverified,,2457.8,2671.0,26.3,300.0,3,
north,southern,59189,unconfirmed,route_unconfirmed,,,,44.0,0,
north,southern,59190,unconfirmed,route_unconfirmed,,,,44.0,0,
north,southern,59191,road_route_found_entrance_unverified,,203.2,139.6,9.8,1200.0,6,
north,southern,59192,unconfirmed,route_unconfirmed,,,,1200.0,6,
north,southern,59193,unconfirmed,route_unconfirmed,,,,44.0,0,
north,southern,59194,unconfirmed,route_unconfirmed,,,,44.0,0,
north,southern,59195,unconfirmed,route_unconfirmed,,,,50.0,0,
north,southern,59196,unconfirmed,route_unconfirmed,,,,11.0,0,
north,southern,59200,unconfirmed,route_unconfirmed,,,,33.0,0,
north,southern,59201,road_route_found_entrance_unverified,,2444.4,2719.9,10.5,11.0,0,
north,southern,59202,road_route_found_entrance_unverified,,2168.7,2744.4,12.2,44.0,0,
north,southern,59203,road_route_found_entrance_unverified,,2176.5,2234.1,1.1,44.0,0,
north,southern,59204,unconfirmed,route_unconfirmed,,,,1200.0,8,
north,southern,59205,road_route_found_entrance_unverified,,2462.8,2746.7,11.6,11.0,0,
north,southern,59206,road_route_found_entrance_unverified,,1205.2,1183.2,11.7,11.0,0,
north,southern,59207,unconfirmed,route_unconfirmed,,,,11.0,0,
north,southern,59208,unconfirmed,route_unconfirmed,,,,11.0,0,
north,southern,59209,unconfirmed,route_unconfirmed,,,,44.0,0,
north,southern,59210,unconfirmed,route_unconfirmed,,,,11.0,0,
north,southern,59211,unconfirmed,route_unconfirmed,,,,11.0,0,
north,southern,59212,unconfirmed,route_unconfirmed,,,,93.0,0,
north,southern,59213,unconfirmed,route_unconfirmed,,,,300.0,2,
north,southern,59214,unconfirmed,route_unconfirmed,,,,44.0,0,
north,southern,59215,unconfirmed,route_unconfirmed,,,,93.0,0,
north,southern,59216,unconfirmed,route_unconfirmed,,,,300.0,2,
north,southern,59217,unconfirmed,route_unconfirmed,,,,11.0,0,
north,southern,59236,unconfirmed,route_unconfirmed,,,,44.0,0,
north,southern,59237,unconfirmed,route_unconfirmed,,,,800.0,4,
north,southern,59241,unconfirmed,route_unconfirmed,,,,22.0,0,
north,southern,59244,unconfirmed,route_unconfirmed,,,,72.0,0,
north,southern,59246,unconfirmed,route_unconfirmed,,,,44.0,0,
north,southern,59247,unconfirmed,route_unconfirmed,,,,22.0,0,
north,southern,59248,unconfirmed,route_unconfirmed,,,,22.0,0,
north,southern,59249,unconfirmed,route_unconfirmed,,,,44.0,0,
north,southern,59252,road_route_found_entrance_unverified,,1429.8,1532.6,42.8,44.0,0,
north,southern,59253,unconfirmed,route_unconfirmed,,,,22.0,0,
north,southern,59254,unconfirmed,route_unconfirmed,,,,22.0,0,
north,southern,59255,unconfirmed,route_unconfirmed,,,,44.0,0,
north,southern,59256,unconfirmed,route_unconfirmed,,,,33.0,0,
north,southern,59257,unconfirmed,route_unconfirmed,,,,11.0,0,
north,southern,59258,unconfirmed,route_unconfirmed,,,,44.0,0,
north,southern,59529,road_route_found_entrance_unverified,,2179.3,2327.5,9.7,44.0,0,
north,southern,59530,unconfirmed,route_unconfirmed,,,,44.0,0,
north,southern,59531,unconfirmed,route_unconfirmed,,,,44.0,0,
north,southern,59532,unconfirmed,route_unconfirmed,,,,22.0,0,
north,southern,59533,road_route_found_entrance_unverified,,820.2,979.8,15.5,900.0,6,
north,southern,59541,unconfirmed,route_unconfirmed,,,,44.0,0,
north,southern,59542,unconfirmed,route_unconfirmed,,,,11.0,0,
north,southern,59543,road_route_found_entrance_unverified,,2760.6,2884.9,3.2,3.8,0,
north,southern,59545,unconfirmed,route_unconfirmed,,,,600.0,4,
north,southern,59546,unconfirmed,return_exceeds_pilot_3km,2962.7,3104.7,7.2,44.0,0,
north,southern,59557,unconfirmed,route_unconfirmed,,,,400.0,4,
north,southern,59558,unconfirmed,route_unconfirmed,,,,44.0,0,
north,southern,59561,unconfirmed,route_unconfirmed,,,,22.0,0,
north,southern,59563,unconfirmed,route_unconfirmed,,,,22.0,0,
north,southern,59564,unconfirmed,route_unconfirmed,,,,66.0,0,
north,southern,59565,unconfirmed,route_unconfirmed,,,,110.0,0,
north,southern,59566,unconfirmed,route_unconfirmed,,,,88.0,0,
north,southern,59577,unconfirmed,route_unconfirmed,,,,33.0,0,
north,southern,59578,unconfirmed,route_unconfirmed,,,,44.0,0,
north,southern,59580,unconfirmed,route_unconfirmed,,,,11.0,0,
north,southern,59581,unconfirmed,route_unconfirmed,,,,22.0,0,
north,southern,59582,unconfirmed,route_unconfirmed,,,,66.0,0,
north,southern,59583,unconfirmed,route_unconfirmed,,,,88.0,0,
north,southern,59584,unconfirmed,route_unconfirmed,,,,600.0,4,
north,southern,59585,unconfirmed,route_unconfirmed,,,,11.0,0,
north,southern,59586,unconfirmed,route_unconfirmed,,,,44.0,0,
north,southern,59587,unconfirmed,route_unconfirmed,,,,700.0,4,
north,southern,59588,unconfirmed,route_unconfirmed,,,,150.0,2,
north,southern,59589,unconfirmed,route_unconfirmed,,,,88.0,0,
north,southern,59590,unconfirmed,route_unconfirmed,,,,600.0,4,
north,southern,59591,unconfirmed,route_unconfirmed,,,,194.0,1,
north,southern,59592,unconfirmed,route_unconfirmed,,,,11.0,0,
north,southern,59593,unconfirmed,route_unconfirmed,,,,11.0,0,
north,southern,59631,unconfirmed,route_unconfirmed,,,,44.0,0,
north,southern,59646,unconfirmed,route_unconfirmed,,,,1200.0,6,
north,southern,59648,unconfirmed,route_unconfirmed,,,,22.0,0,
north,southern,59651,unconfirmed,route_unconfirmed,,,,1200.0,6,
north,southern,59660,road_route_found_entrance_unverified,,2281.9,2282.7,0.0,22.0,0,
north,southern,59661,unconfirmed,route_unconfirmed,,,,22.0,0,
north,southern,59662,unconfirmed,route_unconfirmed,,,,400.0,2,
north,southern,59663,unconfirmed,route_unconfirmed,,,,11.0,0,
north,southern,59664,unconfirmed,route_unconfirmed,,,,44.0,0,
north,southern,59665,unconfirmed,route_unconfirmed,,,,11.0,0,
north,southern,59666,unconfirmed,route_unconfirmed,,,,44.0,0,
north,southern,59668,unconfirmed,route_unconfirmed,,,,44.0,0,
north,southern,59669,unconfirmed,route_unconfirmed,,,,71.0,0,
north,southern,59670,road_route_found_entrance_unverified,,1131.2,1226.5,6.2,44.0,0,
north,southern,59671,road_route_found_entrance_unverified,,1902.4,1854.5,15.4,22.0,0,
north,southern,59728,unconfirmed,route_unconfirmed,,,,11.0,0,
north,southern,59824,road_route_found_entrance_unverified,,2502.2,2443.7,22.1,72.0,0,
north,southern,59947,road_route_found_entrance_unverified,,1171.2,2999.6,18.3,300.0,4,
north,southern,59948,road_route_found_entrance_unverified,,1579.6,1553.4,7.4,44.0,0,
north,southern,59949,unconfirmed,return_exceeds_pilot_3km,1696.8,3350.4,8.9,44.0,0,
north,southern,59950,unconfirmed,return_exceeds_pilot_3km,2907.8,4600.9,8.8,44.0,0,
north,southern,59951,unconfirmed,route_unconfirmed,,,,22.0,0,
north,southern,59972,unconfirmed,route_unconfirmed,,,,44.0,0,
north,southern,59974,road_route_found_entrance_unverified,,664.8,762.0,14.3,22.0,0,
north,southern,59975,road_route_found_entrance_unverified,,699.1,777.6,4.7,112.0,0,
north,southern,59976,unconfirmed,route_unconfirmed,,,,44.0,0,
north,southern,59977,unconfirmed,route_unconfirmed,,,,44.0,0,
north,southern,59978,unconfirmed,route_unconfirmed,,,,22.0,0,
south,southern,57982,unconfirmed,route_unconfirmed,,,,22.0,0,
south,southern,57983,unconfirmed,route_unconfirmed,,,,44.0,0,
south,southern,57984,unconfirmed,route_unconfirmed,,,,800.0,4,
south,southern,57985,unconfirmed,route_unconfirmed,,,,750.0,8,
south,southern,57986,unconfirmed,route_unconfirmed,,,,150.0,2,
south,southern,57987,unconfirmed,route_unconfirmed,,,,125.0,0,
south,southern,57988,unconfirmed,route_unconfirmed,,,,44.0,0,
south,southern,57989,unconfirmed,route_unconfirmed,,,,900.0,6,
south,southern,57990,unconfirmed,route_unconfirmed,,,,2500.0,10,
south,southern,57991,unconfirmed,route_unconfirmed,,,,150.0,2,
south,southern,57992,unconfirmed,route_unconfirmed,,,,11.0,0,
south,southern,57993,unconfirmed,route_unconfirmed,,,,11.0,0,
south,southern,57994,unconfirmed,route_unconfirmed,,,,44.0,0,
south,southern,57995,unconfirmed,route_unconfirmed,,,,750.0,4,
south,southern,57996,unconfirmed,route_unconfirmed,,,,3000.0,12,
south,southern,57997,unconfirmed,route_unconfirmed,,,,44.0,0,
south,southern,57998,unconfirmed,route_unconfirmed,,,,44.0,0,
south,southern,57999,unconfirmed,route_unconfirmed,,,,150.0,0,
south,southern,58000,unconfirmed,route_unconfirmed,,,,43.5,0,
south,southern,58001,unconfirmed,route_unconfirmed,,,,22.0,0,
south,southern,58002,unconfirmed,route_unconfirmed,,,,22.0,0,
south,southern,58003,unconfirmed,route_unconfirmed,,,,22.0,0,
south,southern,58004,unconfirmed,route_unconfirmed,,,,22.0,0,
south,southern,58005,unconfirmed,route_unconfirmed,,,,300.0,2,
south,southern,58006,unconfirmed,route_unconfirmed,,,,472.0,4,
south,southern,58007,unconfirmed,route_unconfirmed,,,,44.0,0,
south,southern,58008,unconfirmed,route_unconfirmed,,,,44.0,0,
south,southern,58009,unconfirmed,route_unconfirmed,,,,2100.0,6,
south,southern,58010,unconfirmed,route_unconfirmed,,,,44.0,0,
south,southern,58019,road_route_found_entrance_unverified,,326.4,270.6,1.5,300.0,2,
south,southern,58020,unconfirmed,route_unconfirmed,,,,300.0,2,
south,southern,58021,road_route_found_entrance_unverified,,305.2,291.9,2.6,93.0,0,
south,southern,58022,unconfirmed,route_unconfirmed,,,,700.0,2,
south,southern,58023,road_route_found_entrance_unverified,,317.1,280.0,1.0,700.0,2,
south,southern,58024,unconfirmed,route_unconfirmed,,,,1400.0,4,
south,southern,58025,road_route_found_entrance_unverified,,317.1,280.0,1.0,1400.0,4,
south,southern,58026,unconfirmed,route_unconfirmed,,,,93.0,0,
south,southern,58027,unconfirmed,route_unconfirmed,,,,22.0,0,
south,southern,59165,road_route_found_entrance_unverified,,2579.0,2989.0,4.6,44.0,0,
south,southern,59166,road_route_found_entrance_unverified,,2984.0,2990.3,10.5,44.0,0,
south,southern,59167,unconfirmed,route_unconfirmed,,,,50.0,0,
south,southern,59168,unconfirmed,route_unconfirmed,,,,550.0,6,
south,southern,59169,unconfirmed,route_unconfirmed,,,,71.0,0,
south,southern,59170,unconfirmed,route_unconfirmed,,,,11.0,0,
south,southern,59171,unconfirmed,route_unconfirmed,,,,44.0,0,
south,southern,59172,unconfirmed,return_exceeds_pilot_3km,2945.0,3244.3,7.9,44.0,0,
south,southern,59177,unconfirmed,route_unconfirmed,,,,44.0,0,
south,southern,59178,unconfirmed,route_unconfirmed,,,,33.0,0,
south,southern,59179,road_route_found_entrance_unverified,,2612.8,2634.3,7.5,44.0,0,
south,southern,59180,road_route_found_entrance_unverified,,2838.7,2834.0,4.1,66.0,0,
south,southern,59181,road_route_found_entrance_unverified,,1997.1,2001.9,9.7,110.0,0,
south,southern,59182,road_route_found_entrance_unverified,,2617.4,2618.6,8.4,44.0,0,
south,southern,59183,road_route_found_entrance_unverified,,2486.5,2479.5,9.9,220.0,0,
south,southern,59184,road_route_found_entrance_unverified,,1834.5,1827.5,9.0,44.0,0,
south,southern,59185,unconfirmed,route_unconfirmed,,,,44.0,0,
south,southern,59186,unconfirmed,route_unconfirmed,,,,88.0,0,
south,southern,59187,road_route_found_entrance_unverified,,1775.3,1878.7,26.3,300.0,3,
south,southern,59189,unconfirmed,route_unconfirmed,,,,44.0,0,
south,southern,59190,unconfirmed,route_unconfirmed,,,,44.0,0,
south,southern,59191,unconfirmed,route_unconfirmed,,,,1200.0,6,
south,southern,59192,road_route_found_entrance_unverified,,490.6,360.7,2.1,1200.0,6,
south,southern,59193,unconfirmed,route_unconfirmed,,,,44.0,0,
south,southern,59194,unconfirmed,route_unconfirmed,,,,44.0,0,
south,southern,59195,unconfirmed,route_unconfirmed,,,,50.0,0,
south,southern,59196,unconfirmed,route_unconfirmed,,,,11.0,0,
south,southern,59200,unconfirmed,route_unconfirmed,,,,33.0,0,
south,southern,59201,road_route_found_entrance_unverified,,2742.9,2909.1,10.5,11.0,0,
south,southern,59202,road_route_found_entrance_unverified,,2467.2,2933.6,12.2,44.0,0,
south,southern,59203,road_route_found_entrance_unverified,,2474.9,2423.3,1.1,44.0,0,
south,southern,59204,unconfirmed,route_unconfirmed,,,,1200.0,8,
south,southern,59205,road_route_found_entrance_unverified,,2761.3,2935.9,11.6,11.0,0,
south,southern,59206,road_route_found_entrance_unverified,,1503.6,1372.4,11.7,11.0,0,
south,southern,59207,unconfirmed,route_unconfirmed,,,,11.0,0,
south,southern,59208,unconfirmed,route_unconfirmed,,,,11.0,0,
south,southern,59209,unconfirmed,route_unconfirmed,,,,44.0,0,
south,southern,59210,unconfirmed,route_unconfirmed,,,,11.0,0,
south,southern,59211,unconfirmed,route_unconfirmed,,,,11.0,0,
south,southern,59212,road_route_found_entrance_unverified,,335.1,479.6,12.5,93.0,0,
south,southern,59213,road_route_found_entrance_unverified,,339.3,475.3,3.4,300.0,2,
south,southern,59214,unconfirmed,route_unconfirmed,,,,44.0,0,
south,southern,59215,road_route_found_entrance_unverified,,307.6,507.1,3.3,93.0,0,
south,southern,59216,unconfirmed,route_unconfirmed,,,,300.0,2,
south,southern,59217,unconfirmed,route_unconfirmed,,,,11.0,0,
south,southern,59236,unconfirmed,route_unconfirmed,,,,44.0,0,
south,southern,59237,unconfirmed,route_unconfirmed,,,,800.0,4,
south,southern,59241,unconfirmed,route_unconfirmed,,,,22.0,0,
south,southern,59244,unconfirmed,route_unconfirmed,,,,72.0,0,
south,southern,59246,unconfirmed,route_unconfirmed,,,,44.0,0,
south,southern,59247,unconfirmed,route_unconfirmed,,,,22.0,0,
south,southern,59248,unconfirmed,route_unconfirmed,,,,22.0,0,
south,southern,59249,unconfirmed,route_unconfirmed,,,,44.0,0,
south,southern,59252,road_route_found_entrance_unverified,,1656.1,1701.4,42.8,44.0,0,
south,southern,59253,unconfirmed,route_unconfirmed,,,,22.0,0,
south,southern,59254,unconfirmed,route_unconfirmed,,,,22.0,0,
south,southern,59255,unconfirmed,route_unconfirmed,,,,44.0,0,
south,southern,59256,unconfirmed,route_unconfirmed,,,,33.0,0,
south,southern,59257,unconfirmed,route_unconfirmed,,,,11.0,0,
south,southern,59258,unconfirmed,route_unconfirmed,,,,44.0,0,
south,southern,59529,road_route_found_entrance_unverified,,2320.4,2495.4,9.7,44.0,0,
south,southern,59530,unconfirmed,route_unconfirmed,,,,44.0,0,
south,southern,59531,unconfirmed,route_unconfirmed,,,,44.0,0,
south,southern,59532,unconfirmed,route_unconfirmed,,,,22.0,0,
south,southern,59533,road_route_found_entrance_unverified,,961.3,1147.7,15.5,900.0,6,
south,southern,59541,unconfirmed,route_unconfirmed,,,,44.0,0,
south,southern,59542,unconfirmed,route_unconfirmed,,,,11.0,0,
south,southern,59543,unconfirmed,route_unconfirmed,,,,3.8,0,
south,southern,59545,unconfirmed,route_unconfirmed,,,,600.0,4,
south,southern,59546,road_route_found_entrance_unverified,,2324.8,2196.5,7.2,44.0,0,
south,southern,59557,unconfirmed,route_unconfirmed,,,,400.0,4,
south,southern,59558,unconfirmed,route_unconfirmed,,,,44.0,0,
south,southern,59561,unconfirmed,route_unconfirmed,,,,22.0,0,
south,southern,59563,unconfirmed,route_unconfirmed,,,,22.0,0,
south,southern,59565,unconfirmed,route_unconfirmed,,,,110.0,0,
south,southern,59577,unconfirmed,route_unconfirmed,,,,33.0,0,
south,southern,59578,unconfirmed,route_unconfirmed,,,,44.0,0,
south,southern,59580,unconfirmed,route_unconfirmed,,,,11.0,0,
south,southern,59581,unconfirmed,route_unconfirmed,,,,22.0,0,
south,southern,59582,unconfirmed,route_unconfirmed,,,,66.0,0,
south,southern,59583,unconfirmed,route_unconfirmed,,,,88.0,0,
south,southern,59584,unconfirmed,route_unconfirmed,,,,600.0,4,
south,southern,59585,unconfirmed,route_unconfirmed,,,,11.0,0,
south,southern,59586,unconfirmed,route_unconfirmed,,,,44.0,0,
south,southern,59587,unconfirmed,route_unconfirmed,,,,700.0,4,
south,southern,59588,unconfirmed,route_unconfirmed,,,,150.0,2,
south,southern,59589,unconfirmed,route_unconfirmed,,,,88.0,0,
south,southern,59590,unconfirmed,route_unconfirmed,,,,600.0,4,
south,southern,59591,unconfirmed,route_unconfirmed,,,,194.0,1,
south,southern,59592,unconfirmed,route_unconfirmed,,,,11.0,0,
south,southern,59593,unconfirmed,route_unconfirmed,,,,11.0,0,
south,southern,59631,unconfirmed,route_unconfirmed,,,,44.0,0,
south,southern,59646,unconfirmed,route_unconfirmed,,,,1200.0,6,
south,southern,59648,unconfirmed,route_unconfirmed,,,,22.0,0,
south,southern,59651,unconfirmed,route_unconfirmed,,,,1200.0,6,
south,southern,59660,road_route_found_entrance_unverified,,2404.5,2372.0,0.0,22.0,0,
south,southern,59661,unconfirmed,route_unconfirmed,,,,22.0,0,
south,southern,59662,unconfirmed,route_unconfirmed,,,,400.0,2,
south,southern,59663,unconfirmed,route_unconfirmed,,,,11.0,0,
south,southern,59664,unconfirmed,route_unconfirmed,,,,44.0,0,
south,southern,59665,unconfirmed,route_unconfirmed,,,,11.0,0,
south,southern,59666,unconfirmed,route_unconfirmed,,,,44.0,0,
south,southern,59668,unconfirmed,route_unconfirmed,,,,44.0,0,
south,southern,59669,unconfirmed,route_unconfirmed,,,,71.0,0,
south,southern,59670,road_route_found_entrance_unverified,,1006.3,1119.3,6.2,44.0,0,
south,southern,59671,road_route_found_entrance_unverified,,1777.5,1747.3,15.4,22.0,0,
south,southern,59728,unconfirmed,route_unconfirmed,,,,11.0,0,
south,southern,59824,road_route_found_entrance_unverified,,2040.1,1811.7,22.1,72.0,0,
south,southern,59947,unconfirmed,route_unconfirmed,,,,300.0,4,
south,southern,59948,road_route_found_entrance_unverified,,1833.5,1759.3,7.4,44.0,0,
south,southern,59949,unconfirmed,route_unconfirmed,,,,44.0,0,
south,southern,59950,unconfirmed,route_unconfirmed,,,,44.0,0,
south,southern,59951,unconfirmed,route_unconfirmed,,,,22.0,0,
south,southern,59972,unconfirmed,route_unconfirmed,,,,44.0,0,
south,southern,59974,road_route_found_entrance_unverified,,374.9,435.8,14.3,22.0,0,
south,southern,59975,road_route_found_entrance_unverified,,409.2,451.4,4.7,112.0,0,
south,southern,59976,unconfirmed,route_unconfirmed,,,,44.0,0,
south,southern,59977,unconfirmed,route_unconfirmed,,,,44.0,0,
south,southern,59978,unconfirmed,route_unconfirmed,,,,22.0,0,
