{"type":"FeatureCollection","features":[{"type":"Feature","properties":{"route":"A 1","section":"northern","direction":"north","length_km":606.394},"geometry":{"type":"LineString","coordinates":[[6.6977019,50.4652513],[6.6975448,50.4654927],[6.6968576,50.4664283],[6.6964359,50.4669892],[6.6955525,50.4682473],[6.694276,50.4699879],[6.6934546,50.4710652],[6.693035,50.4716086],[6.69264,50.4721012],[6.6920859,50.4727701],[6.6908328,50.4742353],[6.689976,50.4751617],[6.6893332,50.4758525],[6.6874629,50.4777507],[6.6863702,50.4787802],[6.6853584,50.4796905],[6.6853332,50.4797133],[6.6848856,50.4801171],[6.6843346,50.4806022],[6.6835647,50.4812672],[6.6825063,50.4821843],[6.6812839,50.4832442],[6.6798325,50.4844766],[6.6791336,50.4850741],[6.6788678,50.4852944],[6.678411,50.4856732],[6.6773668,50.4865707],[6.6762251,50.4875706],[6.6751406,50.4885374],[6.6738601,50.4897255],[6.672934,50.4906252],[6.6720608,50.491503],[6.6710054,50.4926091],[6.6705127,50.4931489],[6.6700068,50.4937211],[6.6691203,50.4948038],[6.6680708,50.4961564],[6.6677418,50.4966281],[6.6674366,50.4970769],[6.6668765,50.4979721],[6.6665139,50.4985826],[6.6662256,50.499135],[6.6657648,50.4999885],[6.6654097,50.5007318],[6.6650802,50.5015025],[6.6648904,50.5019906],[6.6647061,50.5024904],[6.6645022,50.5030944],[6.6643199,50.5037037],[6.6640979,50.5045239],[6.6639665,50.5050763],[6.6638518,50.505613],[6.6637317,50.506319],[6.663633,50.5070706],[6.6635541,50.5079115],[6.6635092,50.5087002],[6.6635025,50.50955],[6.6635276,50.510352],[6.6635772,50.5112006],[6.6636717,50.5119806],[6.6637488,50.5124862],[6.663824,50.512964],[6.6639149,50.5134336],[6.6641805,50.5145335],[6.6642926,50.5149883],[6.6644096,50.5154336],[6.6646536,50.5162754],[6.6649513,50.5171583],[6.6652702,50.5180461],[6.6659776,50.5198062],[6.6664334,50.5207848],[6.666794,50.5215001],[6.6673799,50.5226237],[6.6675385,50.5229215],[6.6680001,50.523706],[6.6686288,50.5247592],[6.669239,50.525814],[6.6695097,50.5262674],[6.6707102,50.5283228],[6.671791,50.530156],[6.6720595,50.5306139],[6.6728306,50.5320069],[6.6734866,50.5332084],[6.6742844,50.5347225],[6.6747997,50.5357333],[6.674927,50.5359863],[6.6757317,50.5376903],[6.6763418,50.5392493],[6.6767185,50.5403378],[6.6770873,50.5414384],[6.6774298,50.5426205],[6.6777309,50.543705],[6.6781758,50.5455147],[6.6783783,50.5465074],[6.6785235,50.5473288],[6.67876,50.5487583],[6.6789852,50.5501965],[6.6791557,50.5514944],[6.6793643,50.5529098],[6.6793912,50.5530841],[6.679619,50.5546736],[6.6798424,50.5561202],[6.6799977,50.5570719],[6.6801645,50.5579928],[6.6805495,50.5598576],[6.6808254,50.5610493],[6.6811463,50.5622355],[6.6815144,50.5634731],[6.6819082,50.5646481],[6.6823613,50.5659279],[6.6825913,50.5665331],[6.6828091,50.5670625],[6.6833347,50.5682797],[6.6838655,50.5694154],[6.6843998,50.5704981],[6.6849974,50.5716455],[6.6851113,50.5718551],[6.6852766,50.5721732],[6.6858259,50.5731794],[6.6863643,50.5741527],[6.6870489,50.5753245],[6.6871597,50.5755134],[6.6877317,50.5765079],[6.6884417,50.5776248],[6.6891612,50.5787559],[6.6897217,50.5796372],[6.6902874,50.580516],[6.6911349,50.5817235],[6.6916768,50.5824967],[6.6928044,50.5840476],[6.6941017,50.5857912],[6.6954249,50.5875415],[6.6997901,50.5934431],[6.7020396,50.596459],[6.7041765,50.5993375],[6.7062899,50.602208],[6.7075372,50.6038698],[6.70766,50.6040432],[6.7080381,50.6045671],[6.7084037,50.6050584],[6.7089594,50.6057717],[6.7093499,50.6063306],[6.7102595,50.607597],[6.7111255,50.6088468],[6.7119959,50.6101567],[6.7126943,50.6112603],[6.7128439,50.6115118],[6.7134805,50.6126442],[6.7137461,50.6131207],[6.7140108,50.6136225],[6.7142932,50.6141633],[6.7145686,50.6147376],[6.7149693,50.615624],[6.715324,50.6164755],[6.7156168,50.6172645],[6.7158609,50.6179956],[6.7160443,50.6185887],[6.7162231,50.6192371],[6.7163187,50.6196396],[6.7165594,50.6208268],[6.7167095,50.621854],[6.7167558,50.6222396],[6.7168819,50.6234242],[6.7170283,50.6258317],[6.7170833,50.6267764],[6.7171883,50.6281141],[6.7172651,50.6288481],[6.7173436,50.6293583],[6.7174049,50.6297371],[6.7174783,50.6301023],[6.7176369,50.6307961],[6.7177983,50.6313673],[6.7179983,50.6319537],[6.718191,50.6324624],[6.7183917,50.632951],[6.7186404,50.6335037],[6.7188441,50.6339386],[6.7193274,50.6349416],[6.7199448,50.6361608],[6.7205402,50.6373882],[6.7208221,50.6380194],[6.7210531,50.638585],[6.7212475,50.6391052],[6.7213519,50.6394173],[6.7214759,50.6397789],[6.7215878,50.6401633],[6.7216719,50.6404712],[6.7217516,50.6407967],[6.7218941,50.6414858],[6.7220116,50.6422559],[6.7220914,50.6429184],[6.7221516,50.6436456],[6.7221827,50.6440073],[6.722207,50.6448173],[6.7222195,50.6453623],[6.7222226,50.6455836],[6.7222281,50.6460144],[6.7222269,50.6468645],[6.7222281,50.6476474],[6.7222327,50.6479736],[6.7222337,50.6481735],[6.7222398,50.6493516],[6.7222411,50.6496431],[6.7222491,50.6500772],[6.7222628,50.6503519],[6.7222743,50.6507681],[6.7222884,50.651071],[6.7223043,50.6513538],[6.7223279,50.6517245],[6.7223527,50.6520348],[6.72238,50.6523473],[6.7224629,50.6531003],[6.7226194,50.6541613],[6.722798,50.6551023],[6.7230134,50.6560332],[6.723271,50.6569746],[6.7235639,50.657891],[6.7236709,50.6582097],[6.7239158,50.6588572],[6.7242674,50.6597324],[6.7245692,50.6604048],[6.7248852,50.6610601],[6.7251553,50.6615909],[6.7253814,50.6620175],[6.7257191,50.6626177],[6.72597,50.6630556],[6.7262585,50.6635262],[6.7266375,50.6641218],[6.7270322,50.6647115],[6.7273544,50.6651654],[6.7277925,50.6657608],[6.7281032,50.6661645],[6.7283448,50.6664745],[6.7287294,50.6669466],[6.7291584,50.6674561],[6.7297025,50.6680846],[6.7299888,50.6684012],[6.7305174,50.6689666],[6.731007,50.6694602],[6.7320404,50.6704655],[6.7327192,50.6710924],[6.7332346,50.6715429],[6.7337314,50.6719603],[6.7339619,50.672154],[6.7346293,50.672693],[6.7353771,50.6732766],[6.735958,50.6736914],[6.7369548,50.6744096],[6.7375745,50.6748565],[6.7382022,50.6752755],[6.7391328,50.6758661],[6.7401996,50.6765203],[6.741575,50.6773176],[6.7418349,50.6774559],[6.7423141,50.6777109],[6.7437411,50.6784702],[6.7453684,50.67929],[6.7470803,50.680142],[6.7488322,50.6810033],[6.7504615,50.6818201],[6.7507272,50.6819592],[6.7510259,50.6821155],[6.7522715,50.6827675],[6.7535483,50.6834759],[6.7541467,50.683825],[6.7553461,50.684545],[6.7561281,50.6850347],[6.7570425,50.6856417],[6.758281,50.6865091],[6.7584519,50.6866335],[6.7586171,50.6867545],[6.7587846,50.686878],[6.7589468,50.6869995],[6.7591091,50.6871215],[6.7592778,50.6872482],[6.7595666,50.6874693],[6.75976,50.6876213],[6.7599218,50.6877478],[6.7600746,50.6878697],[6.7602344,50.6879965],[6.7603885,50.6881219],[6.7605457,50.6882506],[6.7606976,50.6883757],[6.7608524,50.6885048],[6.7610034,50.6886312],[6.7611549,50.6887597],[6.7613091,50.6888912],[6.761458,50.6890189],[6.7616092,50.6891508],[6.7617564,50.6892808],[6.7620512,50.6895419],[6.762209,50.6896863],[6.7625733,50.6900166],[6.7630909,50.690508],[6.7638953,50.6913145],[6.7646978,50.6921556],[6.76586,50.6934876],[6.7669114,50.6948018],[6.7675971,50.6957362],[6.7682805,50.6967103],[6.7691374,50.6980456],[6.7699091,50.6993307],[6.7708032,50.7008891],[6.771043,50.7013527],[6.771073,50.701409],[6.7714027,50.7020461],[6.7720078,50.7032216],[6.7727954,50.7049009],[6.7754726,50.71101],[6.7763692,50.7130117],[6.7774489,50.7153094],[6.7782298,50.7168291],[6.7788582,50.7179843],[6.7794966,50.7190874],[6.7795152,50.7191187],[6.7795775,50.7192237],[6.780079,50.7200688],[6.7807061,50.721072],[6.7812401,50.7218938],[6.7817737,50.7226866],[6.7823267,50.7234825],[6.7829719,50.7243752],[6.7837854,50.7254634],[6.7841286,50.7259061],[6.7846276,50.726541],[6.785361,50.7274455],[6.7861307,50.7283579],[6.7868471,50.7291789],[6.7875288,50.7299456],[6.7882766,50.7307517],[6.7889703,50.7314873],[6.7895911,50.7321234],[6.7902885,50.7328213],[6.7911358,50.7336467],[6.792032,50.7344957],[6.7927938,50.735199],[6.7938405,50.7361537],[6.7941099,50.7363937],[6.7951309,50.7372791],[6.7961296,50.7381422],[6.7968237,50.7387301],[6.798528,50.7401737],[6.7989908,50.7405519],[6.8006163,50.7419026],[6.8024487,50.7434161],[6.8039386,50.7446803],[6.8050409,50.7456318],[6.8060773,50.74653],[6.8075882,50.7478862],[6.8082714,50.7485171],[6.8090551,50.7492646],[6.8098291,50.7500212],[6.8101271,50.7503215],[6.8103816,50.7505705],[6.8111146,50.7513233],[6.8115005,50.7517527],[6.811796,50.7520767],[6.8120388,50.7523373],[6.8123442,50.7526718],[6.8134035,50.7538922],[6.8143379,50.755036],[6.8147887,50.7556157],[6.8153458,50.7563543],[6.8162841,50.7576486],[6.8169558,50.7586237],[6.8179465,50.7600946],[6.8186348,50.7611362],[6.8197566,50.7628661],[6.8204381,50.7639212],[6.8208855,50.7646209],[6.8212182,50.7652547],[6.8215093,50.7658939],[6.8217211,50.7664074],[6.821904,50.7669211],[6.8220789,50.7675359],[6.8222078,50.7681022],[6.822318,50.7688211],[6.822343,50.7690376],[6.8223973,50.7695272],[6.8224118,50.770023],[6.8223937,50.770226],[6.822345,50.7706042],[6.822271,50.7709509],[6.8222054,50.7712114],[6.8221338,50.7714259],[6.8220466,50.7716562],[6.8219385,50.7718867],[6.8217432,50.7722268],[6.821516,50.7725284],[6.82127,50.7728177],[6.8207315,50.773323],[6.8202176,50.7736801],[6.819818,50.7739119],[6.819401,50.7741165],[6.8181147,50.7746925],[6.8174995,50.7750072],[6.8169838,50.7753316],[6.8161231,50.7759391],[6.8151256,50.7768592],[6.8145022,50.7774972],[6.813883,50.778161],[6.8131232,50.7790319],[6.8126652,50.7796081],[6.8122287,50.780183],[6.8117076,50.7809102],[6.8105143,50.7826286],[6.809987,50.7833916],[6.8084818,50.7855639],[6.8060293,50.7891425],[6.8054882,50.7899163],[6.7995121,50.798527],[6.7984385,50.8000908],[6.797444,50.801522],[6.7967457,50.8025469],[6.7958093,50.8038586],[6.7944451,50.8057401],[6.7924283,50.8083042],[6.791915,50.8089608],[6.7913961,50.809567],[6.7911594,50.8098551],[6.790644,50.8104544],[6.7892471,50.8121167],[6.7886533,50.8128222],[6.788095,50.8135481],[6.7875199,50.8143381],[6.7870123,50.8151338],[6.7868121,50.8154738],[6.7865254,50.8160067],[6.7862527,50.8165734],[6.7859714,50.8173028],[6.7857447,50.8179526],[6.78556,50.8185877],[6.7852664,50.8198169],[6.7852161,50.8201303],[6.7851389,50.8210718],[6.7851363,50.8218329],[6.7851765,50.8225713],[6.7852742,50.8233185],[6.7854375,50.8241421],[6.7855248,50.8245084],[6.7856164,50.824852],[6.7858371,50.825508],[6.7863557,50.8267501],[6.7873151,50.8284315],[6.7883986,50.8298973],[6.7892519,50.8308461],[6.7897675,50.831377],[6.7904328,50.8320258],[6.7911072,50.8326372],[6.7911707,50.8326949],[6.7922461,50.8336699],[6.7957634,50.8368119],[6.7967487,50.8377405],[6.7978763,50.8389273],[6.7988896,50.8401606],[6.7997759,50.841413],[6.8007486,50.8430439],[6.8012332,50.843937],[6.8015587,50.8445802],[6.8022571,50.8460683],[6.8026127,50.8468652],[6.8031943,50.8483121],[6.8032461,50.8484411],[6.8032733,50.8485085],[6.8038883,50.8502957],[6.8041111,50.8508902],[6.804242,50.8513524],[6.8045488,50.8524715],[6.8047081,50.8531655],[6.8048806,50.8539271],[6.8050512,50.8547249],[6.8051649,50.8555139],[6.8052359,50.8560655],[6.8053507,50.8569909],[6.8054664,50.8581446],[6.8055203,50.858942],[6.8055491,50.859543],[6.8055751,50.8602293],[6.8055815,50.8608328],[6.8055814,50.8615883],[6.805512,50.8626286],[6.80538,50.8637747],[6.8051475,50.8649739],[6.8049801,50.8655226],[6.8048366,50.8659886],[6.8046877,50.866451],[6.8045257,50.8669188],[6.8041731,50.8678457],[6.8034457,50.8696981],[6.8031219,50.8705204],[6.8028073,50.8713441],[6.8025606,50.8720599],[6.802409,50.8725392],[6.8022708,50.8730003],[6.802099,50.8735773],[6.8019799,50.8741068],[6.8019282,50.8744314],[6.8018765,50.8747442],[6.8018409,50.8750451],[6.801815,50.8753448],[6.8017908,50.8756599],[6.8017876,50.8759585],[6.8018185,50.8766988],[6.8018483,50.877],[6.8019514,50.8776803],[6.8020254,50.8779896],[6.802116,50.8783316],[6.8022101,50.8786522],[6.8023472,50.8790067],[6.802511,50.87941],[6.802638,50.8797025],[6.8028145,50.8800755],[6.8029944,50.880417],[6.8031825,50.8807351],[6.8033654,50.8810304],[6.8035622,50.8813302],[6.8037701,50.8816227],[6.8039909,50.8819151],[6.804246,50.882229],[6.8045167,50.8825419],[6.8048025,50.8828553],[6.8050971,50.8831598],[6.8055,50.8835479],[6.8058956,50.8839039],[6.80631,50.8842478],[6.8067815,50.8846122],[6.8072757,50.884972],[6.8076872,50.8852541],[6.8081286,50.8855359],[6.8087484,50.8859068],[6.8093701,50.8862518],[6.8100095,50.8865797],[6.8106503,50.8868878],[6.8121466,50.8875331],[6.8137423,50.8881616],[6.8152726,50.8887523],[6.8156522,50.8888916],[6.8167275,50.8892955],[6.8193271,50.8903258],[6.8205025,50.8908733],[6.8214999,50.8914004],[6.8233008,50.8924026],[6.8267352,50.8943536],[6.82704,50.8945136],[6.8297925,50.8959122],[6.8318506,50.89676],[6.8320958,50.8968523],[6.8332634,50.8972969],[6.8383015,50.8991666],[6.8389544,50.8994389],[6.8399111,50.8998724],[6.8406814,50.9002558],[6.8417453,50.9008483],[6.8424914,50.9013297],[6.843234,50.9018678],[6.8439179,50.902432],[6.8444394,50.9028898],[6.8447992,50.9032472],[6.8450256,50.9034864],[6.8456373,50.9042383],[6.8460213,50.9047872],[6.8463205,50.9052313],[6.8465704,50.9057292],[6.8468422,50.9063082],[6.8470562,50.9068835],[6.8472349,50.9074601],[6.8473535,50.9080483],[6.8474334,50.908632],[6.8474532,50.9089454],[6.8474596,50.9092137],[6.8474575,50.9095492],[6.847449,50.9098057],[6.8474268,50.9100713],[6.8473646,50.9105137],[6.8472723,50.91101],[6.8471636,50.9114192],[6.8469956,50.9119498],[6.8469411,50.9120972],[6.8468545,50.9123312],[6.84675,50.9125964],[6.8466275,50.9128858],[6.8463542,50.9133878],[6.8456783,50.914463],[6.8453822,50.9148518],[6.8451547,50.9151751],[6.8450583,50.9153121],[6.844338,50.9163209],[6.8440061,50.916808],[6.8436662,50.9173496],[6.8434584,50.9177738],[6.8434089,50.9178785],[6.843301,50.918135],[6.843192,50.9184489],[6.8430981,50.9187635],[6.8430199,50.9190844],[6.842979,50.9193],[6.8429358,50.9196178],[6.8429028,50.920047],[6.8429031,50.9204248],[6.842937,50.9209077],[6.8429841,50.9212294],[6.8430462,50.921545],[6.8431166,50.9218136],[6.8431632,50.9219723],[6.8432342,50.9221816],[6.8433312,50.9224441],[6.8434892,50.9228053],[6.843641,50.9231123],[6.8438134,50.9234175],[6.8439626,50.9236639],[6.8441551,50.9239704],[6.8442796,50.9241661],[6.8445946,50.9246117],[6.844786,50.9249004],[6.8449881,50.9252159],[6.8452099,50.9255547],[6.8455276,50.926039],[6.8458417,50.9265201],[6.8460775,50.9268316],[6.8467325,50.9278777],[6.8471986,50.9285915],[6.847487,50.9289452],[6.847746,50.9293384],[6.8480143,50.9297629],[6.8482725,50.9301874],[6.8483847,50.9304107],[6.848479,50.930634],[6.8485048,50.9306871],[6.8486142,50.9309342],[6.848775,50.9312864],[6.8490018,50.9319262],[6.8491127,50.9323324],[6.8492043,50.9328958],[6.8492264,50.9335051],[6.8492891,50.9348519],[6.849315,50.9354418],[6.8494043,50.9373729],[6.8496698,50.9414459],[6.849723,50.9447753],[6.849722,50.9450097],[6.8497157,50.9464603],[6.8497423,50.9474137],[6.849759,50.9480116],[6.8498448,50.9495645],[6.8500131,50.9515629],[6.850114,50.9524507],[6.8505781,50.9563605],[6.8508034,50.9588996],[6.8508695,50.9603952],[6.8508759,50.9618102],[6.85085,50.9632564],[6.8507782,50.9647296],[6.8506613,50.9661807],[6.8504924,50.9677762],[6.8502598,50.9703107],[6.8501845,50.9714602],[6.8501412,50.9722828],[6.8501526,50.9729827],[6.850182,50.9736857],[6.8502173,50.9740415],[6.8502997,50.9747399],[6.8504253,50.9754577],[6.8504493,50.9755731],[6.850485,50.9757472],[6.8505259,50.9759289],[6.8507654,50.9767768],[6.8509623,50.9773247],[6.8510967,50.9776535],[6.8511492,50.9777799],[6.8512751,50.9780728],[6.8513301,50.9781992],[6.8515324,50.978609],[6.8517293,50.9789453],[6.852088,50.9796079],[6.8524269,50.980164],[6.8526894,50.9805535],[6.8530253,50.9810079],[6.8533981,50.9814605],[6.8539022,50.9820429],[6.8544603,50.9826376],[6.8547821,50.9829701],[6.8553633,50.9835154],[6.855965,50.984047],[6.8567092,50.9846469],[6.857466,50.9851754],[6.8583253,50.985746],[6.8589748,50.9861615],[6.8591702,50.9862755],[6.8593302,50.9863665],[6.8595066,50.9864662],[6.8607324,50.9871392],[6.8619207,50.9877217],[6.8630325,50.9882021],[6.8640746,50.988597],[6.8650129,50.9889435],[6.8659911,50.9892782],[6.8679396,50.9898972],[6.8680597,50.989937],[6.8723477,50.991249],[6.8767131,50.9925912],[6.8793807,50.9934144],[6.8801408,50.9936296],[6.8807198,50.9938063],[6.8809288,50.9938707],[6.8811359,50.9939335],[6.8813472,50.9939979],[6.8828023,50.994438],[6.8829148,50.9944733],[6.8862839,50.9955356],[6.8900905,50.9967038],[6.8931997,50.9977322],[6.8952441,50.9985027],[6.8973129,50.9993467],[6.8983615,50.9998209],[6.8994463,51.0003283],[6.9006423,51.0009064],[6.9016631,51.001462],[6.9026924,51.002051],[6.9040593,51.0028935],[6.9048393,51.0033748],[6.9077129,51.0053253],[6.90948,51.006598],[6.9121121,51.0084301],[6.9131319,51.0091069],[6.9159315,51.0110762],[6.9183334,51.0126633],[6.9196054,51.0134074],[6.9203915,51.013852],[6.9217072,51.014591],[6.9217864,51.0146325],[6.9223081,51.0149058],[6.9226078,51.0150606],[6.9230012,51.0152546],[6.9244956,51.0159717],[6.9252388,51.0163007],[6.9274964,51.0172464],[6.9279141,51.0174152],[6.9307445,51.0185134],[6.9325686,51.019214],[6.9340418,51.0197923],[6.9348709,51.0201456],[6.9372284,51.0211851],[6.937559,51.0213268],[6.9380199,51.0215349],[6.9402921,51.022599],[6.9419776,51.0234439],[6.9432682,51.0241652],[6.9445267,51.0249489],[6.9461874,51.026071],[6.9484488,51.0275438],[6.9488495,51.0277913],[6.9497243,51.028301],[6.9507346,51.028901],[6.9518742,51.0295604],[6.952813,51.0300743],[6.9626396,51.0355403],[6.9642841,51.0364123],[6.9649133,51.0367499],[6.9654008,51.0369772],[6.9658376,51.0371598],[6.9663209,51.0373415],[6.9669481,51.0375596],[6.9673115,51.0376751],[6.9676575,51.0377628],[6.9681215,51.0378387],[6.9685909,51.0378876],[6.9691032,51.0379011],[6.9695834,51.0379024],[6.9699776,51.0379399],[6.970455,51.0380154],[6.971536,51.0381841],[6.97281,51.0382924],[6.9740917,51.0383596],[6.9750449,51.0383729],[6.9756981,51.0383576],[6.9761647,51.0383391],[6.9766866,51.0383059],[6.9778807,51.0382103],[6.9785803,51.0381369],[6.9802119,51.0379524],[6.9826419,51.0376882],[6.9832354,51.0376311],[6.9840731,51.0375569],[6.9847174,51.0375046],[6.9853585,51.0374759],[6.986331,51.0374546],[6.987181,51.0374507],[6.9879281,51.0374343],[6.9885607,51.0374336],[6.9891932,51.0374426],[6.9898251,51.0374615],[6.9904561,51.0374901],[6.9910857,51.0375285],[6.9917137,51.0375767],[6.9923396,51.0376346],[6.9929631,51.0377022],[6.9935838,51.0377794],[6.9941112,51.037853],[6.9946361,51.0379336],[6.9951582,51.038021],[6.9956772,51.0381154],[6.9961929,51.0382166],[6.9967052,51.0383246],[6.9972136,51.0384394],[6.9977181,51.0385609],[6.9982185,51.038689],[6.9987826,51.0388381],[6.9996504,51.0390944],[7.0000711,51.0392223],[7.0005214,51.0393643],[7.0019381,51.0398393],[7.0025272,51.0400439],[7.0027939,51.0401398],[7.0037645,51.0404888],[7.0057933,51.0412397],[7.0065302,51.041514],[7.0068185,51.0416213],[7.0077037,51.0419489],[7.0079101,51.0420208],[7.0081649,51.0421021],[7.0084118,51.0421814],[7.0087846,51.0423078],[7.0099808,51.0427347],[7.0104395,51.0428986],[7.0118354,51.043383],[7.0125366,51.0436213],[7.0130453,51.0437918],[7.0136943,51.044007],[7.0144065,51.0442418],[7.0152944,51.0445337],[7.0159192,51.044738],[7.0163751,51.044889],[7.0167426,51.0449903],[7.0176592,51.0452933],[7.0190156,51.0457396],[7.0201725,51.0461198],[7.0205786,51.0462513],[7.0214514,51.0465339],[7.0223273,51.0468037],[7.0230409,51.0470093],[7.0235038,51.0471376],[7.023924,51.047245],[7.0247329,51.0474424],[7.0254722,51.047608],[7.0262142,51.0477615],[7.0269602,51.0479062],[7.0277088,51.0480465],[7.0284605,51.0481844],[7.0297057,51.0484141],[7.0304541,51.0485532],[7.0312089,51.0486904],[7.0322008,51.0488736],[7.0326924,51.0489651],[7.0329485,51.049014],[7.0330932,51.0490404],[7.0332265,51.0490662],[7.0333502,51.0490928],[7.0335393,51.0491371],[7.0337163,51.0491809],[7.0338705,51.0492172],[7.0340656,51.0492614],[7.0342867,51.0493068],[7.0344197,51.0493343],[7.0347769,51.0494082],[7.0353402,51.0495316],[7.0362219,51.0497413],[7.0369677,51.049935],[7.0377021,51.0501426],[7.0382613,51.0503089],[7.0387943,51.0504758],[7.0394004,51.0506773],[7.0403461,51.0510097],[7.0420001,51.0516038],[7.0441467,51.0523838],[7.0471875,51.0534838],[7.048888,51.0540975],[7.0501194,51.0545231],[7.0513553,51.0549395],[7.0520724,51.0551672],[7.0537722,51.0556952],[7.0550076,51.0560538],[7.0557554,51.0562772],[7.0565603,51.0565214],[7.0569193,51.0566339],[7.057746,51.0569139],[7.0586116,51.0572206],[7.0594626,51.0575453],[7.0601307,51.0578228],[7.0608603,51.0581466],[7.0615368,51.0584555],[7.0636257,51.0594528],[7.0667109,51.0609879],[7.0717176,51.0634566],[7.0742087,51.0646802],[7.0749905,51.0650654],[7.0769437,51.0660239],[7.077658,51.0663732],[7.0781652,51.0666145],[7.0785587,51.0667984],[7.0789625,51.0669764],[7.0793132,51.0671302],[7.0797355,51.0673098],[7.0801598,51.0674805],[7.0806724,51.0676788],[7.0809577,51.0677834],[7.0813118,51.067912],[7.0817698,51.0680717],[7.0823933,51.0682759],[7.0827008,51.0683737],[7.0829281,51.0684436],[7.0831947,51.0685215],[7.0836092,51.0686446],[7.0840593,51.0687681],[7.0845415,51.0688955],[7.0849966,51.0690093],[7.0854802,51.0691245],[7.0859382,51.0692267],[7.0864036,51.0693255],[7.0869441,51.0694358],[7.08739,51.0695191],[7.0879689,51.0696228],[7.0886754,51.0697431],[7.0893671,51.0698558],[7.0905818,51.0700542],[7.0921065,51.0703009],[7.0955303,51.0708546],[7.0976643,51.0712009],[7.0981254,51.0712755],[7.0991549,51.0714419],[7.0995439,51.0715047],[7.1021024,51.0719175],[7.1033305,51.0721168],[7.1044676,51.0723028],[7.1054409,51.0724678],[7.1063501,51.072637],[7.1074856,51.072869],[7.1082929,51.0730473],[7.1089865,51.0731982],[7.1100227,51.0734559],[7.1117867,51.0738852],[7.1162173,51.0749771],[7.1168666,51.0751372],[7.1180804,51.0754363],[7.1192448,51.0757267],[7.1199129,51.0759139],[7.1205307,51.0760876],[7.1211306,51.0762817],[7.1219084,51.0765503],[7.1226547,51.0768343],[7.123285,51.0770965],[7.1240515,51.0774333],[7.1247873,51.0778022],[7.1254717,51.0781678],[7.1261267,51.0785519],[7.1266235,51.0788588],[7.1271019,51.079182],[7.127633,51.0795607],[7.1281384,51.0799462],[7.1288184,51.0805264],[7.1291413,51.0808275],[7.1295191,51.081205],[7.1299277,51.081636],[7.1303928,51.0821876],[7.1308347,51.0827586],[7.1312254,51.0833139],[7.1314189,51.0835856],[7.1321553,51.0846795],[7.1332191,51.0862225],[7.1343284,51.0879047],[7.136064,51.0904045],[7.1371759,51.0920228],[7.1382263,51.0935439],[7.138938,51.0946006],[7.1397221,51.0957485],[7.1403884,51.0967437],[7.1406426,51.0971463],[7.1408369,51.097482],[7.1409915,51.0977466],[7.1411499,51.0980301],[7.1413064,51.098366],[7.141446,51.0986892],[7.1415681,51.099021],[7.1416728,51.0993752],[7.1417282,51.0996142],[7.1417782,51.0998251],[7.1418345,51.1001116],[7.1418528,51.1004462],[7.1418681,51.1007848],[7.1418534,51.1013494],[7.1418074,51.1021574],[7.1417352,51.1029952],[7.1416948,51.1037998],[7.1417046,51.1043522],[7.1417715,51.1048956],[7.1419609,51.1058189],[7.1422664,51.106644],[7.142551,51.1072614],[7.1427617,51.1076615],[7.1431758,51.1082934],[7.143538,51.1087731],[7.1439407,51.1092338],[7.1446801,51.1100459],[7.1453884,51.1107632],[7.1462665,51.1116403],[7.14694,51.1122944],[7.1476794,51.1130052],[7.1486483,51.1139153],[7.1492403,51.1144614],[7.1498433,51.1149867],[7.1503021,51.1153758],[7.1507155,51.1156971],[7.1511023,51.1159915],[7.1515759,51.1163334],[7.1519876,51.1166184],[7.1522427,51.1167874],[7.1524761,51.1169375],[7.1529116,51.1172139],[7.1533291,51.1174704],[7.153777,51.1177217],[7.1540007,51.1178457],[7.1542243,51.1179696],[7.1548735,51.1183035],[7.1556702,51.1186931],[7.1564766,51.1190605],[7.1569417,51.1192594],[7.1573564,51.1194313],[7.1578531,51.1196229],[7.1583019,51.1197993],[7.1588418,51.1199942],[7.1593849,51.1201797],[7.1600499,51.1204049],[7.1607087,51.1206173],[7.1616616,51.1209139],[7.1626159,51.1211976],[7.1636452,51.1214781],[7.164667,51.1217491],[7.1654471,51.1219478],[7.1662161,51.1221467],[7.1669771,51.1223466],[7.1677316,51.1225325],[7.168644,51.1227667],[7.1687317,51.1227888],[7.1692563,51.1229219],[7.1700682,51.1231288],[7.1706159,51.1232678],[7.1711613,51.123407],[7.1725392,51.1237617],[7.1737214,51.1240612],[7.1752878,51.1244578],[7.1757475,51.1245732],[7.176207,51.1246951],[7.1768617,51.1248684],[7.1771919,51.1249615],[7.1775085,51.1250534],[7.1781448,51.1252433],[7.1787373,51.1254401],[7.1793031,51.1256477],[7.1798953,51.1258672],[7.1803503,51.1260517],[7.1808035,51.126248],[7.1811823,51.126423],[7.1814909,51.1265708],[7.1817738,51.1267037],[7.1820722,51.1268555],[7.1824616,51.1270659],[7.1828691,51.1272875],[7.1832194,51.1274966],[7.1837948,51.1278461],[7.1842024,51.1281177],[7.1845241,51.1283407],[7.1848121,51.1285352],[7.1853422,51.1289398],[7.1859524,51.1294524],[7.1865263,51.1299835],[7.1870147,51.1304826],[7.1873882,51.1309024],[7.1877784,51.1313773],[7.1879981,51.1316844],[7.1881588,51.1319091],[7.1884512,51.1323515],[7.1886578,51.1327014],[7.1889798,51.1333152],[7.1890803,51.1335188],[7.1892639,51.1339333],[7.1893838,51.134249],[7.1895502,51.1347198],[7.1897503,51.1353347],[7.1898684,51.1357086],[7.1900408,51.1363042],[7.1901434,51.1366206],[7.1901989,51.1367771],[7.190298,51.1370358],[7.1903908,51.1372467],[7.1904938,51.1374511],[7.1906648,51.1377619],[7.1907754,51.1379295],[7.1908606,51.1380588],[7.1909615,51.1382016],[7.1910556,51.1383283],[7.1911452,51.1384412],[7.1912606,51.1385833],[7.1915163,51.1388605],[7.191794,51.1391082],[7.1920983,51.1393957],[7.1923211,51.1395981],[7.1926184,51.1398348],[7.1929367,51.1400745],[7.1932324,51.140269],[7.1935693,51.1404734],[7.1939829,51.1406917],[7.1943857,51.1408833],[7.1948286,51.1411154],[7.1954333,51.1413997],[7.1961673,51.141751],[7.1971617,51.1422267],[7.1974764,51.1423773],[7.198672,51.142983],[7.1993931,51.1433945],[7.1998968,51.1437186],[7.2004198,51.14409],[7.2006495,51.1442551],[7.2011312,51.1446423],[7.2015387,51.1450155],[7.2019372,51.1454415],[7.2022555,51.1458021],[7.202514,51.1461407],[7.2029085,51.1466491],[7.2041457,51.1484453],[7.2044758,51.1489143],[7.2046976,51.1492397],[7.2049375,51.1495619],[7.2052822,51.1499307],[7.2055963,51.1502157],[7.2059488,51.150501],[7.2062952,51.1507328],[7.2067196,51.1509887],[7.2071396,51.1512029],[7.2076861,51.1514418],[7.2081452,51.1516227],[7.208483,51.1517472],[7.2091652,51.151951],[7.2097342,51.1521035],[7.2138402,51.153185],[7.2154616,51.15362],[7.220428,51.1548212],[7.2220478,51.1552162],[7.2228109,51.155422],[7.2233419,51.1555787],[7.2237738,51.1557258],[7.2240652,51.155827],[7.2242238,51.1558868],[7.2243516,51.1559349],[7.2247338,51.1560935],[7.2251558,51.1562821],[7.2255616,51.156476],[7.2257603,51.1565855],[7.2260365,51.1567377],[7.2262799,51.1568793],[7.2267169,51.15715],[7.2271356,51.1574336],[7.2274344,51.1576602],[7.2276656,51.1578473],[7.2278624,51.1580099],[7.2282051,51.1583105],[7.2285693,51.1586784],[7.2289535,51.1590744],[7.2295539,51.15978],[7.2297676,51.1600166],[7.23048,51.160888],[7.2306498,51.1610952],[7.2309856,51.1615053],[7.2350143,51.1664552],[7.2352294,51.1667528],[7.2356416,51.1672696],[7.2358009,51.1674692],[7.2363648,51.1682241],[7.23676,51.1688041],[7.2370374,51.1692636],[7.2373679,51.1698592],[7.23764,51.1704553],[7.2378316,51.1709371],[7.2379638,51.1713681],[7.2380965,51.171829],[7.23819,51.1722585],[7.2382606,51.1726239],[7.2383045,51.1729109],[7.2383354,51.1732546],[7.2383625,51.1736267],[7.2383718,51.1739873],[7.2383548,51.1745449],[7.238303,51.1751555],[7.238217,51.1758304],[7.2379746,51.1774265],[7.2378218,51.1785262],[7.2377004,51.1793581],[7.2376708,51.1795783],[7.2375705,51.1804605],[7.2375181,51.1807743],[7.2373439,51.1821204],[7.2372964,51.1824777],[7.2371179,51.1838652],[7.2370883,51.1840707],[7.2369521,51.1851227],[7.2369307,51.1852819],[7.2369112,51.1854266],[7.2368722,51.185723],[7.2367513,51.1866093],[7.2366664,51.1872883],[7.2366213,51.187808],[7.2365817,51.1882894],[7.2365622,51.1887761],[7.2365668,51.1892903],[7.2365718,51.1894679],[7.2365814,51.1895952],[7.2365874,51.189704],[7.2366045,51.1898968],[7.2366341,51.1901383],[7.2366653,51.1903587],[7.236722,51.1906539],[7.2367878,51.1909466],[7.2368931,51.1913133],[7.2369739,51.1915419],[7.237093,51.1918508],[7.237323,51.1923305],[7.2375786,51.1927727],[7.2378263,51.1931491],[7.2381286,51.1935465],[7.2384466,51.1939207],[7.2387813,51.1942727],[7.2390288,51.1945255],[7.2396156,51.1950709],[7.2400565,51.1954592],[7.2413823,51.1965922],[7.2428986,51.1978824],[7.2448686,51.1995713],[7.2470608,51.2014333],[7.2483688,51.2025443],[7.248821,51.2029408],[7.2496538,51.2037212],[7.2500511,51.2041476],[7.2504162,51.2045622],[7.2506591,51.2048544],[7.2509267,51.2051919],[7.2513062,51.2057461],[7.2516714,51.2063395],[7.2518448,51.2066455],[7.2519977,51.2069457],[7.2522533,51.2075005],[7.2524085,51.2078879],[7.2525637,51.2083826],[7.252712,51.2089831],[7.2528444,51.2096822],[7.2528946,51.2100625],[7.2529169,51.2103344],[7.2529327,51.2106129],[7.2529373,51.2114534],[7.2528699,51.2121831],[7.2527647,51.2127546],[7.2526185,51.2133172],[7.2526062,51.2133576],[7.2524217,51.2139651],[7.2522238,51.2144511],[7.2518715,51.2152197],[7.2516125,51.2156804],[7.2512885,51.2161922],[7.2510279,51.2165713],[7.2507942,51.2168771],[7.2503197,51.2174604],[7.2498642,51.2179558],[7.2497677,51.2180608],[7.2495575,51.2182648],[7.2493273,51.2184883],[7.2487947,51.2189632],[7.2483541,51.219332],[7.2478453,51.2197292],[7.2472525,51.2201427],[7.2466039,51.2205715],[7.2455431,51.2212121],[7.2441213,51.222038],[7.2437959,51.2222219],[7.2429409,51.2227316],[7.2423448,51.2230808],[7.2392946,51.2248614],[7.2388072,51.225144],[7.2375018,51.2258949],[7.2358342,51.2268491],[7.2354762,51.2270546],[7.2352834,51.227168],[7.2346439,51.2275442],[7.2338077,51.2280385],[7.2330347,51.2285087],[7.2326363,51.2287942],[7.2322926,51.2290554],[7.2319249,51.2293689],[7.2315326,51.2298073],[7.2312718,51.230142],[7.2310514,51.230494],[7.2309205,51.2307637],[7.2307724,51.2311099],[7.2306981,51.2313694],[7.2306024,51.2319027],[7.2305918,51.2321285],[7.230599,51.2324349],[7.2306148,51.2327089],[7.2306636,51.2329895],[7.2307217,51.2332368],[7.2308012,51.233547],[7.2308823,51.2338698],[7.2309774,51.234161],[7.2310236,51.2342964],[7.2310517,51.23438],[7.2310794,51.2344559],[7.2312189,51.2347832],[7.2313848,51.2353201],[7.2314574,51.2356235],[7.2315197,51.2359307],[7.2315815,51.2363474],[7.2316149,51.2368138],[7.2316202,51.2370599],[7.2316096,51.2374301],[7.231576,51.2377217],[7.2315254,51.2381048],[7.2314798,51.2383372],[7.2313996,51.2386588],[7.2312925,51.239013],[7.2311131,51.2395034],[7.2308788,51.2399715],[7.2306942,51.2403174],[7.2305342,51.2405533],[7.2303778,51.2407677],[7.230115,51.2411043],[7.2297432,51.2415574],[7.2293185,51.2420634],[7.2290794,51.2423613],[7.2289404,51.2425346],[7.2288577,51.2426376],[7.2283354,51.2433217],[7.227849,51.244009],[7.2269809,51.2453482],[7.2262956,51.2465359],[7.2260495,51.2470354],[7.2258187,51.2475472],[7.2256609,51.2479732],[7.2255106,51.2484838],[7.2253955,51.2490382],[7.2253481,51.2493871],[7.2253215,51.2497939],[7.2253239,51.2500704],[7.2253439,51.2503662],[7.2253955,51.2507756],[7.2254607,51.2511113],[7.2256082,51.2516434],[7.2257051,51.2518948],[7.2257599,51.2520457],[7.2258604,51.2522713],[7.2260053,51.2525509],[7.2261286,51.25278],[7.2262747,51.2530104],[7.2263491,51.2531248],[7.2265181,51.2533642],[7.226716,51.2536345],[7.2269984,51.2539752],[7.2272747,51.2542678],[7.2277711,51.2547301],[7.2279713,51.2548985],[7.2282055,51.2550831],[7.2286233,51.255391],[7.2288778,51.2555616],[7.229161,51.2557397],[7.2294304,51.2559057],[7.2297015,51.2560634],[7.2302719,51.2563673],[7.2349972,51.2587168],[7.2364396,51.2594095],[7.2380193,51.2602501],[7.2387935,51.2607007],[7.2394453,51.2611251],[7.2400461,51.2615727],[7.2416822,51.2629352],[7.2420234,51.2631971],[7.2426773,51.2636602],[7.2431641,51.2639735],[7.2436877,51.2642585],[7.244249,51.2645224],[7.2449439,51.2648142],[7.2455958,51.2650593],[7.2461763,51.2652684],[7.2478599,51.2658456],[7.2481792,51.2659556],[7.2487654,51.2661851],[7.2493101,51.2664284],[7.2498284,51.2666869],[7.2502873,51.2669337],[7.2506778,51.2672044],[7.2509697,51.2674269],[7.25123,51.2676392],[7.2515214,51.2679137],[7.2518691,51.268287],[7.2521113,51.2685796],[7.2523049,51.2688586],[7.2524848,51.2691402],[7.2529236,51.2698668],[7.2530973,51.2701385],[7.2534297,51.2706956],[7.2538583,51.2712776],[7.2540692,51.2715195],[7.2542543,51.2717251],[7.2544334,51.271898],[7.2546952,51.2721169],[7.254844,51.2722417],[7.2551748,51.2724927],[7.2558123,51.2729349],[7.2566082,51.2734458],[7.257104,51.2737636],[7.2579382,51.2743608],[7.258347,51.2747068],[7.2586287,51.2749738],[7.2587947,51.2751413],[7.2589917,51.2753816],[7.2592146,51.2756883],[7.2594006,51.2759778],[7.2595144,51.2762175],[7.2596418,51.2765343],[7.2596948,51.2766856],[7.2597448,51.276843],[7.2597873,51.2770026],[7.2598218,51.277165],[7.2598466,51.27732],[7.2598693,51.2775117],[7.2598814,51.2776893],[7.2598825,51.277889],[7.2598688,51.2780886],[7.2598594,51.2781914],[7.2598465,51.2782869],[7.2598319,51.2783936],[7.2598036,51.2785668],[7.2597414,51.2788189],[7.2596622,51.2790815],[7.2594606,51.2795994],[7.2590242,51.2808016],[7.2586918,51.2817976],[7.2580422,51.2835943],[7.2579027,51.2839825],[7.2578423,51.2841536],[7.2577785,51.2843245],[7.2576533,51.2847014],[7.2574482,51.2853031],[7.2573676,51.2855506],[7.25732,51.2857049],[7.257217,51.286061],[7.2571627,51.2862745],[7.2570769,51.2866471],[7.257043,51.2868465],[7.2570153,51.2870501],[7.2569858,51.2874476],[7.2569787,51.2879515],[7.257029,51.2884576],[7.2571357,51.2890075],[7.2571478,51.2890636],[7.2572729,51.2895255],[7.2573884,51.289832],[7.2575078,51.2901072],[7.2577407,51.2905724],[7.2579136,51.2908575],[7.2581466,51.2912517],[7.2585185,51.2918103],[7.2588182,51.292227],[7.259264,51.2927915],[7.2597831,51.2934332],[7.2605269,51.2943789],[7.2609183,51.2948806],[7.2609858,51.2949858],[7.2612876,51.2954913],[7.2614752,51.295881],[7.2617443,51.2965139],[7.2619719,51.2972732],[7.2623787,51.2995194],[7.2626205,51.3008615],[7.2626488,51.3010232],[7.2630005,51.3030184],[7.2631513,51.3038904],[7.2631899,51.3040468],[7.2633628,51.3047393],[7.2635829,51.305436],[7.2638235,51.3060496],[7.2640616,51.306526],[7.2644291,51.3071683],[7.2647818,51.307703],[7.2652295,51.3082713],[7.2654521,51.30853],[7.2661696,51.3092835],[7.2664319,51.3095215],[7.2667081,51.3097722],[7.2672848,51.3102317],[7.2677782,51.3105975],[7.2684209,51.3110413],[7.2693095,51.3115977],[7.2705089,51.3123043],[7.2721134,51.3132062],[7.2746359,51.3146434],[7.2765745,51.31573],[7.2779499,51.316518],[7.2782104,51.3166607],[7.2808842,51.318141],[7.2817805,51.31861],[7.2830765,51.3192439],[7.2836497,51.3195142],[7.2851798,51.3201939],[7.2868724,51.3208766],[7.2878165,51.3212376],[7.2891108,51.3217027],[7.2892994,51.3217645],[7.2913821,51.3224454],[7.292443,51.3227514],[7.2935183,51.3230517],[7.295211,51.3234821],[7.2966362,51.3238166],[7.2975287,51.3240055],[7.2988753,51.3242808],[7.2998665,51.3244687],[7.3007967,51.3246276],[7.3015064,51.3247292],[7.3033726,51.3250115],[7.3035732,51.3250382],[7.3053122,51.3253069],[7.3067101,51.3255737],[7.3076035,51.3257638],[7.3085281,51.3259939],[7.3095159,51.3262796],[7.3104364,51.3265775],[7.3110864,51.326806],[7.3121771,51.3272178],[7.313118,51.3276585],[7.3139796,51.3280592],[7.3145068,51.328331],[7.3151925,51.328711],[7.3156395,51.328994],[7.3161052,51.3292782],[7.3165813,51.3296133],[7.3173462,51.3301757],[7.3189444,51.3314871],[7.3197172,51.3321277],[7.3204237,51.3326762],[7.3211714,51.3332175],[7.3216043,51.333515],[7.3221104,51.3338366],[7.3223242,51.3339573],[7.3229324,51.3343294],[7.3237565,51.3347879],[7.3246722,51.3352645],[7.3259566,51.3359109],[7.3261925,51.3360298],[7.3298635,51.3378841],[7.3322292,51.3390818],[7.3334835,51.3397252],[7.3349401,51.3404619],[7.3371105,51.3415496],[7.3374982,51.3417489],[7.339879,51.3429562],[7.3401715,51.3431057],[7.3420693,51.3440665],[7.3461052,51.3460996],[7.3483271,51.3472354],[7.3491487,51.3476469],[7.3502452,51.3481657],[7.3508661,51.348426],[7.3515111,51.3486617],[7.3522103,51.3488932],[7.3530276,51.3491195],[7.353696,51.3492767],[7.354351,51.3494155],[7.3551756,51.3495624],[7.3560444,51.3497133],[7.3570677,51.3498708],[7.3574984,51.3499432],[7.3584556,51.3501071],[7.3590974,51.3502363],[7.3597406,51.3503796],[7.3603279,51.3505226],[7.3608708,51.3506828],[7.3614053,51.3508514],[7.3619218,51.3510288],[7.3624031,51.3512169],[7.3626991,51.3513336],[7.3631844,51.3515404],[7.3637568,51.351823],[7.3641413,51.3520255],[7.3645772,51.3522902],[7.3653193,51.3527602],[7.3659189,51.3531964],[7.3663414,51.3535417],[7.3666555,51.3538032],[7.3676447,51.3546902],[7.3681595,51.3551467],[7.3687621,51.355647],[7.369316,51.3560647],[7.3696523,51.3562999],[7.3699845,51.3565118],[7.3702909,51.3566968],[7.3707162,51.356938],[7.3715022,51.3573309],[7.371922,51.3575218],[7.3723303,51.3576885],[7.3731994,51.3580205],[7.3740827,51.3582878],[7.3750446,51.3585462],[7.3760336,51.3587694],[7.3765897,51.3588789],[7.377129,51.3589746],[7.3776704,51.3590697],[7.3782144,51.35916],[7.3789118,51.3592711],[7.380108,51.3594507],[7.381448,51.3596641],[7.3825563,51.3598561],[7.383199,51.3599815],[7.3837934,51.3600997],[7.3846185,51.3602811],[7.3863208,51.3606962],[7.3885116,51.361298],[7.3913491,51.3621475],[7.3920125,51.3623508],[7.3937524,51.362892],[7.3960911,51.3636247],[7.3976005,51.3641444],[7.3983096,51.3644027],[7.3996595,51.3649232],[7.4004998,51.3652634],[7.4014516,51.3656877],[7.4025696,51.3662142],[7.4029683,51.3663952],[7.4033078,51.366558],[7.4054603,51.3675932],[7.4063673,51.3680326],[7.4071194,51.3684013],[7.4079233,51.3687864],[7.4094035,51.3695024],[7.4103999,51.369978],[7.4111387,51.370326],[7.412116,51.3707728],[7.4124653,51.3709394],[7.4132007,51.3712495],[7.4145667,51.3718294],[7.4155262,51.372204],[7.41815,51.3732229],[7.4231574,51.3751289],[7.4270541,51.376633],[7.4310719,51.3781671],[7.4318652,51.3784683],[7.4326511,51.3788028],[7.4330803,51.3790211],[7.4337535,51.3793873],[7.434057,51.3795815],[7.434357,51.3797663],[7.4347621,51.3800613],[7.4350135,51.3802559],[7.4353235,51.3805239],[7.4358215,51.3810038],[7.4361616,51.3813926],[7.4364602,51.3817856],[7.4367458,51.3822341],[7.4370016,51.3827092],[7.437118,51.3829383],[7.4374679,51.3836586],[7.4376193,51.3839701],[7.4378787,51.3845041],[7.4380096,51.3847798],[7.4382273,51.3852329],[7.4384335,51.3856598],[7.4391183,51.3870908],[7.4393663,51.3876195],[7.4398617,51.3886899],[7.4403838,51.3897533],[7.4406671,51.3902851],[7.4409827,51.3908672],[7.4413281,51.3914645],[7.4417224,51.3920461],[7.4424446,51.392925],[7.4427058,51.3932003],[7.4430421,51.3935312],[7.4434558,51.393916],[7.4437153,51.3941525],[7.4440156,51.3944003],[7.444247,51.3945888],[7.4446345,51.3948834],[7.4452207,51.3952801],[7.4458368,51.3956657],[7.4461596,51.3958577],[7.4465179,51.3960606],[7.4468773,51.3962623],[7.4472977,51.3964666],[7.4477903,51.3967074],[7.4484701,51.3970142],[7.4498083,51.3975289],[7.4505719,51.3977812],[7.4513568,51.3980132],[7.4521795,51.3982286],[7.4531768,51.3984764],[7.4546212,51.3987978],[7.4557412,51.39903],[7.4572972,51.3993768],[7.4580731,51.3995437],[7.4596858,51.3999455],[7.4607793,51.4002703],[7.4620467,51.400695],[7.4627669,51.4009704],[7.4645292,51.4016831],[7.4660612,51.4023347],[7.4670613,51.4027321],[7.4681619,51.4031457],[7.4692646,51.4035043],[7.4705767,51.4038886],[7.4713634,51.4041019],[7.4726062,51.4044111],[7.4732326,51.4045536],[7.474175,51.4047617],[7.475371,51.4050241],[7.4775377,51.4054692],[7.4783245,51.4056374],[7.4793737,51.405858],[7.4802105,51.4060471],[7.480832,51.4061887],[7.48393,51.406843],[7.4859962,51.4072814],[7.4886843,51.4078488],[7.4907507,51.4083074],[7.4914781,51.408473],[7.4925524,51.4087616],[7.4935601,51.4090361],[7.4945656,51.4093348],[7.4951764,51.4095189],[7.496816,51.4100447],[7.4973842,51.4102369],[7.4986848,51.4107077],[7.4993786,51.4109878],[7.4996258,51.4110809],[7.5005475,51.4114379],[7.5008235,51.4115533],[7.5011407,51.4116859],[7.5019284,51.4120358],[7.5025386,51.412312],[7.5028929,51.4124749],[7.5040675,51.4130347],[7.5048106,51.4134058],[7.5074441,51.4148644],[7.5083858,51.4154296],[7.5100705,51.4165394],[7.5107445,51.4170178],[7.5114066,51.4174941],[7.5124012,51.4182581],[7.5146331,51.4200629],[7.5177442,51.4225999],[7.5189228,51.4235504],[7.5194478,51.4239444],[7.5200009,51.4243326],[7.5206764,51.4247428],[7.5210379,51.4249464],[7.5213936,51.4251333],[7.5221184,51.4254701],[7.5225624,51.4256595],[7.5231492,51.425889],[7.5237346,51.4261017],[7.5242819,51.4262955],[7.5251449,51.4265933],[7.5257139,51.4267992],[7.5262391,51.4270055],[7.5266349,51.4271777],[7.5274863,51.4275894],[7.5280763,51.427906],[7.5286344,51.4282523],[7.5291572,51.4286034],[7.5298408,51.4291368],[7.5301085,51.4293646],[7.5305409,51.4297737],[7.5308459,51.4300914],[7.5310242,51.4302923],[7.5312537,51.4305742],[7.5315416,51.4309638],[7.53177,51.4313228],[7.5319521,51.4316371],[7.5321431,51.4320106],[7.5322859,51.4323016],[7.5325047,51.4328347],[7.5329468,51.4340585],[7.5334926,51.4355729],[7.5341035,51.4372685],[7.5345557,51.4385171],[7.5348866,51.4394293],[7.5350706,51.4399557],[7.5356322,51.4415115],[7.5357652,51.4418825],[7.5359496,51.4424076],[7.5366816,51.4444242],[7.5369282,51.4450551],[7.5371499,51.4455862],[7.5374442,51.4461996],[7.5376882,51.4466574],[7.5378845,51.446986],[7.5381312,51.4473588],[7.5383957,51.4477283],[7.5385982,51.4479888],[7.5388076,51.4482346],[7.5390263,51.4484844],[7.5393455,51.4488213],[7.5398074,51.4492728],[7.5402734,51.4496847],[7.5407559,51.4500721],[7.5410823,51.4503168],[7.5415588,51.4506497],[7.5420253,51.4509495],[7.5422968,51.4511191],[7.5428288,51.4514264],[7.5431334,51.4515941],[7.5434611,51.4517664],[7.5438119,51.4519392],[7.5442617,51.4521493],[7.544701,51.4523431],[7.5450266,51.452479],[7.5452959,51.4525854],[7.5457756,51.452769],[7.5462785,51.4529466],[7.5467694,51.4531108],[7.5472804,51.4532742],[7.5482188,51.4535463],[7.5491572,51.4538101],[7.5535416,51.4549855],[7.5553575,51.4554682],[7.5586745,51.4563684],[7.5606412,51.4569104],[7.56232,51.4573772],[7.5643735,51.4579564],[7.5698833,51.4595497],[7.5749812,51.4610231],[7.5768346,51.4615594],[7.5791725,51.4622327],[7.5811742,51.4628356],[7.5827292,51.4632959],[7.5841793,51.4637306],[7.5854512,51.4641221],[7.5865868,51.4644899],[7.5873818,51.4647527],[7.5884442,51.465118],[7.5895164,51.4654986],[7.5904651,51.4658597],[7.5909484,51.4660514],[7.5920754,51.4665076],[7.5933407,51.4670606],[7.5941554,51.4674359],[7.5948323,51.4677678],[7.595517,51.4681174],[7.5961923,51.4684743],[7.5968643,51.4688551],[7.5974742,51.469201],[7.5980563,51.4695698],[7.5984288,51.4698229],[7.5991669,51.4703377],[7.5998215,51.4708288],[7.600678,51.4715232],[7.6012739,51.4720627],[7.6014061,51.4721882],[7.6017069,51.4724737],[7.60195,51.4727184],[7.6032409,51.4740601],[7.6041205,51.4750121],[7.6050505,51.4759827],[7.605482,51.4763946],[7.6058998,51.4767907],[7.6063896,51.4772085],[7.6068614,51.4775997],[7.6072422,51.4778911],[7.6076411,51.478169],[7.608061,51.4784529],[7.6084595,51.478702],[7.6089022,51.4789558],[7.6092926,51.4791641],[7.6096757,51.4793676],[7.6100844,51.4795609],[7.6105115,51.4797563],[7.6109425,51.4799381],[7.6115129,51.4801686],[7.6120958,51.4803776],[7.6127201,51.4805937],[7.6133352,51.4807978],[7.614223,51.4810759],[7.6169347,51.4819089],[7.6179576,51.4822491],[7.6189059,51.4825932],[7.6197703,51.4829501],[7.6205677,51.483307],[7.6212845,51.4836581],[7.6217442,51.4839024],[7.6223067,51.4842202],[7.6228462,51.4845455],[7.6232809,51.4848254],[7.6237339,51.4851368],[7.6242408,51.4855076],[7.6248163,51.4859607],[7.6255262,51.4865822],[7.6259273,51.48697],[7.6263166,51.4873602],[7.627517,51.4886668],[7.627883,51.4890688],[7.628349,51.4895562],[7.6288512,51.4900417],[7.6293847,51.4905307],[7.6297988,51.4908867],[7.6303965,51.4913717],[7.6310191,51.4918528],[7.6322475,51.4927481],[7.6347494,51.4945197],[7.6352438,51.4948674],[7.6367488,51.4959201],[7.6404537,51.4985385],[7.6430171,51.5003474],[7.6460467,51.5024817],[7.6473997,51.5035172],[7.6481215,51.5040936],[7.6487583,51.5046637],[7.6494888,51.5054225],[7.6500717,51.5060753],[7.6504673,51.5065634],[7.6509764,51.5072601],[7.6512807,51.5077136],[7.6520465,51.509067],[7.6533143,51.5117179],[7.6534855,51.5120967],[7.654352,51.5139876],[7.6556186,51.5166056],[7.6564619,51.5184087],[7.65715,51.5198044],[7.6575551,51.5206795],[7.6579126,51.5214772],[7.658036,51.5217902],[7.6583571,51.5226874],[7.6585048,51.5231452],[7.6586696,51.5237954],[7.6596232,51.528151],[7.6599689,51.529711],[7.6604344,51.5318207],[7.6608321,51.5336783],[7.6613998,51.5363365],[7.6617604,51.5379433],[7.6618199,51.5382051],[7.6623505,51.5406809],[7.6624322,51.5410441],[7.6628271,51.5429194],[7.6629258,51.5433814],[7.6632617,51.545155],[7.6634526,51.5463594],[7.6637016,51.5485259],[7.663724,51.5487743],[7.6639297,51.5508946],[7.6639633,51.551256],[7.6646066,51.5576946],[7.6646225,51.5578875],[7.6648119,51.5598329],[7.6649731,51.5613926],[7.6650099,51.5617313],[7.6651578,51.5632133],[7.6652274,51.5639565],[7.6653273,51.5647385],[7.6654539,51.5655186],[7.6655611,51.5660195],[7.6656878,51.5665508],[7.6658734,51.5671959],[7.6661656,51.5681147],[7.666524,51.56901],[7.6667127,51.5694523],[7.6671358,51.5703636],[7.6676493,51.5713121],[7.6679515,51.571816],[7.6683612,51.572468],[7.6686323,51.5728591],[7.6691149,51.573536],[7.6694611,51.5739916],[7.6698935,51.5745041],[7.6704477,51.5751122],[7.6707057,51.5754067],[7.6716789,51.5764654],[7.6721023,51.5768904],[7.6727125,51.5774702],[7.6733101,51.5780066],[7.6740455,51.578615],[7.6745079,51.5789846],[7.6750605,51.5794187],[7.6758639,51.5800248],[7.6761592,51.5802454],[7.6766021,51.5805907],[7.6773729,51.5812156],[7.678211,51.5819635],[7.678477,51.5822202],[7.6796269,51.58343],[7.6806104,51.584567],[7.6816117,51.5857625],[7.6820098,51.5862598],[7.6826645,51.5870961],[7.683104,51.5876849],[7.6836414,51.5884772],[7.6840631,51.5892134],[7.6844138,51.5899071],[7.6845223,51.5901579],[7.6847788,51.590829],[7.6849377,51.5912947],[7.6852693,51.5925322],[7.6855639,51.5937308],[7.6857354,51.5943969],[7.686206,51.5963758],[7.6863938,51.5971346],[7.6867391,51.5985288],[7.6871388,51.6001323],[7.6872743,51.6006928],[7.6874031,51.6012074],[7.6875917,51.601955],[7.6878327,51.6029351],[7.6878661,51.6030647],[7.6881995,51.6043426],[7.6887896,51.6066678],[7.6891504,51.60816],[7.6894644,51.6094852],[7.6896715,51.6105004],[7.6899343,51.6116876],[7.6900889,51.612631],[7.6901654,51.6132586],[7.690217,51.6140012],[7.6902375,51.614446],[7.6902428,51.6153276],[7.690174,51.6165328],[7.690075,51.6172786],[7.6899749,51.6179265],[7.6898181,51.6187277],[7.6897066,51.6192162],[7.6895833,51.619674],[7.6892036,51.6209163],[7.6889614,51.6216551],[7.6886449,51.6225572],[7.6878212,51.6248877],[7.6874912,51.6258506],[7.6872038,51.6268091],[7.6869278,51.6278985],[7.6866909,51.6288332],[7.6863946,51.6302801],[7.6862792,51.6309559],[7.6861781,51.6316336],[7.6860792,51.6323767],[7.6860042,51.6331146],[7.6859283,51.6339592],[7.6858802,51.6347994],[7.6858712,51.6349988],[7.6858311,51.6362127],[7.6858102,51.6374158],[7.6858034,51.638017],[7.6857922,51.6386191],[7.6857648,51.6397605],[7.6857415,51.6403341],[7.6857015,51.6409158],[7.6856662,51.6416067],[7.6856027,51.6423097],[7.6855258,51.6430112],[7.6854411,51.6437159],[7.6853491,51.6443121],[7.6852419,51.6449086],[7.6850145,51.6461081],[7.684779,51.6472157],[7.6846185,51.6479044],[7.684414,51.6488371],[7.6842585,51.6495893],[7.6841358,51.6501828],[7.6840453,51.6506051],[7.6840178,51.6507489],[7.6838883,51.6514578],[7.6837144,51.6524959],[7.6836197,51.6530969],[7.6835069,51.6538944],[7.6834069,51.6546868],[7.6833527,51.6551511],[7.6833046,51.6555961],[7.6832381,51.6562734],[7.6830206,51.6592267],[7.6829551,51.6600876],[7.6828454,51.6615247],[7.6827849,51.6622465],[7.6827036,51.6630812],[7.6826898,51.6632536],[7.6825507,51.664389],[7.6824323,51.6653926],[7.6823509,51.6658745],[7.6822741,51.6663566],[7.6822404,51.6665297],[7.6820635,51.6675565],[7.6817261,51.66912],[7.6816862,51.6693088],[7.6815143,51.6700581],[7.6812145,51.671217],[7.6811275,51.6715048],[7.6807769,51.6727521],[7.6805432,51.6734575],[7.6799477,51.675164],[7.6797625,51.6756573],[7.6791516,51.6772333],[7.678828,51.6779727],[7.6784706,51.6787905],[7.678305,51.6791415],[7.6780281,51.6797324],[7.6777632,51.6803003],[7.6772134,51.6813931],[7.6769118,51.6819401],[7.6765795,51.6825794],[7.675777,51.6840077],[7.6750353,51.6852166],[7.6741765,51.6865796],[7.6737937,51.6871462],[7.6733803,51.6877721],[7.6726708,51.6887736],[7.6719845,51.6897296],[7.6714061,51.6905261],[7.6705112,51.6917378],[7.6702601,51.6920745],[7.6701929,51.6921647],[7.6700306,51.6923896],[7.6695527,51.6930393],[7.6691676,51.6935731],[7.6688734,51.6939815],[7.6685827,51.6943845],[7.6676998,51.6956418],[7.6676582,51.6957025],[7.6674405,51.6960281],[7.6669201,51.696795],[7.6665711,51.697295],[7.6660509,51.6980833],[7.6648554,51.6999588],[7.6645933,51.7003858],[7.6643827,51.7007238],[7.6639144,51.7014904],[7.6629487,51.7031418],[7.6627832,51.7034199],[7.6609876,51.706617],[7.659313,51.7099402],[7.6586192,51.711441],[7.6574715,51.7139099],[7.6562702,51.716731],[7.6545536,51.721539],[7.6538989,51.7236027],[7.6533615,51.7254994],[7.6525452,51.7285426],[7.6519815,51.731182],[7.6512991,51.7347696],[7.651073,51.7360229],[7.6506575,51.7383916],[7.6501687,51.7406315],[7.6494599,51.7435144],[7.6486214,51.7459539],[7.6481417,51.7474108],[7.6475916,51.7488512],[7.6466695,51.7511019],[7.6460964,51.7523989],[7.6458594,51.7529242],[7.6456973,51.7532566],[7.6446403,51.7556433],[7.6435221,51.7586198],[7.6428317,51.7606431],[7.6418052,51.7640315],[7.640962,51.7672911],[7.640602,51.769255],[7.6404304,51.7701912],[7.6402533,51.7715449],[7.6400699,51.772645],[7.6398647,51.774157],[7.6396774,51.7761478],[7.6396483,51.7765807],[7.6395023,51.7783364],[7.6394811,51.7785789],[7.6393673,51.7800019],[7.6390862,51.7827425],[7.6386837,51.7855693],[7.6384263,51.7866924],[7.6382822,51.7873692],[7.6374982,51.7901105],[7.6370797,51.7913169],[7.6368215,51.7919625],[7.636705,51.7922742],[7.6364687,51.7928406],[7.6363362,51.7931493],[7.6360116,51.79388],[7.6359218,51.7940858],[7.6358269,51.7942999],[7.6355982,51.7947788],[7.6355329,51.7948978],[7.6353366,51.7952975],[7.6350906,51.7957747],[7.6347264,51.7964538],[7.6345571,51.7967694],[7.6343809,51.7970784],[7.6341447,51.7974835],[7.6336388,51.7983434],[7.633167,51.7990962],[7.6325738,51.800004],[7.6319641,51.8008885],[7.6312319,51.8019035],[7.6299173,51.803613],[7.6290358,51.8046596],[7.6281595,51.805643],[7.6254664,51.8084994],[7.6242148,51.8096736],[7.6228507,51.8109533],[7.6218872,51.8118409],[7.6212223,51.8124535],[7.6204223,51.813167],[7.6196491,51.8138616],[7.6186706,51.8148087],[7.6181336,51.8152871],[7.6157662,51.8172396],[7.6129656,51.819594],[7.606782,51.8244578],[7.5963513,51.8321599],[7.5950638,51.8331635],[7.5947816,51.8333817],[7.5921947,51.8355004],[7.5907575,51.8367922],[7.5892257,51.8382519],[7.5874352,51.8401391],[7.5865048,51.8411554],[7.58564,51.8421823],[7.5848276,51.8431764],[7.5836109,51.8447166],[7.5834888,51.8448965],[7.5832234,51.8452875],[7.582132,51.8468928],[7.5808493,51.8490878],[7.5808271,51.8491258],[7.5796293,51.8514265],[7.5787448,51.8533831],[7.5784071,51.8541821],[7.5776504,51.8562805],[7.5772212,51.85774],[7.5769721,51.8587733],[7.5766322,51.8604536],[7.5763992,51.8616847],[7.5763213,51.8623119],[7.5761921,51.8633527],[7.5760281,51.866129],[7.576033,51.8666466],[7.576054,51.8688838],[7.5762018,51.8711847],[7.5762956,51.8726455],[7.5763709,51.8749644],[7.5763672,51.8752145],[7.5763684,51.87561],[7.5763723,51.8763601],[7.576351,51.8776917],[7.576311,51.8788579],[7.5762422,51.8796132],[7.5761735,51.8801103],[7.576056,51.8810189],[7.5758776,51.88218],[7.5757588,51.882864],[7.5754414,51.884613],[7.5754052,51.8848092],[7.5749162,51.8867229],[7.5744017,51.888505],[7.5742807,51.8888608],[7.5741955,51.8890932],[7.5732265,51.8917363],[7.5732082,51.8917862],[7.5729749,51.8923249],[7.5724875,51.8935161],[7.5720354,51.894494],[7.5715635,51.8954613],[7.571032,51.8965117],[7.5703506,51.8977448],[7.5695447,51.899138],[7.5685036,51.9008792],[7.5684161,51.9010271],[7.5678483,51.901969],[7.5668743,51.903652],[7.5654054,51.906223],[7.564369,51.9081191],[7.5636305,51.9094475],[7.5635604,51.9095764],[7.563336,51.9100294],[7.5631149,51.9104443],[7.5621454,51.9122635],[7.5609136,51.914711],[7.5606641,51.915194],[7.5604369,51.9156774],[7.5589547,51.9188105],[7.5588543,51.9190244],[7.5584396,51.9199086],[7.5582357,51.9203269],[7.5577349,51.9214534],[7.557316,51.922438],[7.556937,51.923358],[7.5562741,51.9249672],[7.5561044,51.9253364],[7.5557704,51.9261371],[7.5551286,51.9277019],[7.5551118,51.9277428],[7.5546227,51.9289426],[7.5540461,51.9303572],[7.5539428,51.9306084],[7.553633,51.9314416],[7.5533959,51.9321136],[7.5522094,51.9354352],[7.5518683,51.9364142],[7.5518372,51.9365042],[7.5517088,51.9368933],[7.5515253,51.9374448],[7.5511914,51.9384579],[7.5509183,51.9393046],[7.5505775,51.9403767],[7.5504139,51.9409039],[7.5497909,51.9430219],[7.5495561,51.9438525],[7.5491668,51.9452832],[7.5491489,51.9453491],[7.5484405,51.9479608],[7.547986,51.9497873],[7.5473033,51.9526539],[7.5469621,51.9542644],[7.5467172,51.9555264],[7.5463802,51.9577948],[7.5462843,51.9587009],[7.5461865,51.9605238],[7.5461778,51.9608515],[7.5461745,51.9611734],[7.5461758,51.9614957],[7.5461791,51.9618163],[7.5461865,51.9621382],[7.5462287,51.9632186],[7.5462316,51.9632955],[7.5462536,51.963593],[7.546277,51.9639169],[7.5463059,51.964235],[7.5463562,51.9647221],[7.5463924,51.9650386],[7.5464299,51.96536],[7.546564,51.9662694],[7.5467411,51.9672927],[7.5468203,51.967681],[7.5469644,51.9683475],[7.5471158,51.9689738],[7.5472336,51.9694522],[7.547476,51.9703279],[7.5477393,51.9711924],[7.5480518,51.9720996],[7.5483437,51.9729007],[7.5486468,51.9736607],[7.5489643,51.9744182],[7.5494233,51.9754353],[7.5499241,51.9764491],[7.5503468,51.9772629],[7.551164,51.9786901],[7.5515865,51.9793955],[7.5520369,51.9801008],[7.5524132,51.9806726],[7.5540715,51.9829658],[7.5545666,51.9836128],[7.5554112,51.9846376],[7.5554649,51.9846993],[7.5563657,51.9857343],[7.5574148,51.9868571],[7.5581708,51.9876278],[7.5590918,51.9885418],[7.5594455,51.9888788],[7.5611687,51.9904526],[7.5620003,51.9911871],[7.5632436,51.9922813],[7.5643556,51.9932773],[7.5653638,51.9942498],[7.5657722,51.9946502],[7.5661453,51.9950318],[7.5665312,51.9954329],[7.5670293,51.9959727],[7.5670856,51.9960332],[7.5672577,51.9962198],[7.5682494,51.9973396],[7.5688626,51.9980595],[7.5693239,51.9986515],[7.5697906,51.9992592],[7.5702131,51.9998157],[7.5703794,52.0000279],[7.5709788,52.0008015],[7.5713557,52.0012829],[7.571695,52.0017139],[7.5722516,52.0024057],[7.5726284,52.0028631],[7.5729905,52.0032925],[7.5732172,52.0035583],[7.5734666,52.003844],[7.5736405,52.0040416],[7.5738582,52.0042865],[7.5739601,52.0044021],[7.5742297,52.0047009],[7.5742973,52.0047743],[7.5744912,52.0049853],[7.5748828,52.0054035],[7.5752395,52.0057783],[7.5756834,52.0062332],[7.5760898,52.006641],[7.5764626,52.00701],[7.5769253,52.0074574],[7.5774027,52.0079107],[7.5786272,52.0090292],[7.5790778,52.0094205],[7.5794251,52.0097218],[7.5798838,52.0101106],[7.5803478,52.0104994],[7.5809258,52.0109699],[7.5812463,52.0112258],[7.5816393,52.011537],[7.582102,52.0118969],[7.5825405,52.012232],[7.5829241,52.0125226],[7.5836389,52.0130534],[7.5838642,52.0132168],[7.5849532,52.0140051],[7.5858021,52.0146183],[7.5862755,52.0149584],[7.5863788,52.0150343],[7.5867113,52.015272],[7.5873175,52.0157111],[7.58809,52.0162815],[7.5883234,52.0164556],[7.5891106,52.0170581],[7.5895639,52.0174081],[7.5900909,52.0178265],[7.5908971,52.018481],[7.5914924,52.0189812],[7.59223,52.0196167],[7.5926954,52.020026],[7.5932814,52.020555],[7.5939573,52.0211789],[7.5945635,52.0217583],[7.5950141,52.0221973],[7.5955304,52.0227164],[7.596028,52.0232264],[7.5966905,52.023927],[7.5972457,52.0245302],[7.59775,52.0250988],[7.5981174,52.0255221],[7.5985546,52.0260379],[7.5986955,52.0262054],[7.5989462,52.0265132],[7.5992654,52.026906],[7.5995243,52.027236],[7.5998649,52.027675],[7.6002002,52.0281173],[7.6004952,52.028515],[7.600923,52.0291067],[7.6010571,52.0292948],[7.6016754,52.0301975],[7.6018564,52.0304722],[7.6020563,52.0307775],[7.6023553,52.0312396],[7.6028351,52.0319562],[7.6035004,52.0330955],[7.6038111,52.0335916],[7.6042374,52.0343478],[7.6045113,52.0348335],[7.6057298,52.0370248],[7.6066128,52.0386318],[7.6082967,52.0416985],[7.6088199,52.0425729],[7.6089823,52.0428591],[7.6089967,52.042883],[7.6103674,52.04515],[7.6104528,52.0452793],[7.6117023,52.0471218],[7.6127385,52.0486336],[7.6137513,52.0500251],[7.6139039,52.050233],[7.6146395,52.0511595],[7.6150321,52.0516832],[7.6152214,52.0519362],[7.6162907,52.05337],[7.6177569,52.0552168],[7.6185593,52.0562274],[7.6199396,52.0579618],[7.620261,52.0583537],[7.6224549,52.0610925],[7.6242238,52.063295],[7.6245689,52.0637739],[7.6247317,52.0639719],[7.6259063,52.0654543],[7.6264682,52.0661661],[7.6276445,52.0676467],[7.6282356,52.0683916],[7.6286927,52.0689797],[7.6288754,52.0692108],[7.6299166,52.0704924],[7.6308014,52.0715627],[7.6341424,52.0753478],[7.6354762,52.0766779],[7.6368348,52.0780014],[7.6380967,52.079166],[7.6390035,52.0799536],[7.6397602,52.0805968],[7.6411034,52.0816978],[7.6423734,52.0827009],[7.6435681,52.0835994],[7.6442169,52.0840766],[7.6456727,52.0851139],[7.6470568,52.0860251],[7.6491146,52.0873708],[7.650296,52.0881161],[7.6504908,52.0882341],[7.6506655,52.088343],[7.6522825,52.0892971],[7.6539505,52.0902409],[7.6550002,52.0908135],[7.6559801,52.0913308],[7.656712,52.0917069],[7.6575854,52.0921544],[7.6584602,52.09259],[7.6600386,52.093349],[7.6615217,52.0940309],[7.6639354,52.0951015],[7.6658182,52.0958886],[7.6717663,52.0983281],[7.6726516,52.0986956],[7.6740424,52.0992825],[7.6747597,52.09959],[7.6761839,52.1002016],[7.6782019,52.1011283],[7.6805972,52.1022506],[7.6815366,52.1027099],[7.6818849,52.1028808],[7.6842242,52.1040344],[7.6847327,52.1042988],[7.6856377,52.1047914],[7.6877732,52.1059074],[7.6890116,52.1065941],[7.6902266,52.1072884],[7.6914809,52.108062],[7.6940754,52.1096411],[7.6953695,52.1104549],[7.6961381,52.1109542],[7.6972412,52.111692],[7.6980003,52.1122072],[7.698953,52.112862],[7.6996768,52.1133624],[7.7014252,52.1146198],[7.7033889,52.1161],[7.7058569,52.1180382],[7.7074441,52.1193509],[7.7087745,52.1205087],[7.7096655,52.1212999],[7.7105156,52.1220813],[7.7119375,52.1233665],[7.7131088,52.1244646],[7.7134581,52.1248028],[7.7139777,52.1253107],[7.7155298,52.1268555],[7.7165766,52.1279564],[7.7170849,52.1284981],[7.7184267,52.1299782],[7.7194466,52.1310604],[7.719725,52.131365],[7.7200076,52.1316845],[7.7216894,52.133598],[7.72202,52.1339714],[7.7233265,52.135497],[7.7235552,52.1357725],[7.7240941,52.1364103],[7.7246538,52.1370938],[7.7260333,52.1388007],[7.7271887,52.1401892],[7.7286206,52.1419503],[7.7288345,52.142221],[7.7300462,52.1437308],[7.7312962,52.145247],[7.7318268,52.1458848],[7.7329367,52.147164],[7.7339849,52.1483955],[7.7351265,52.1496811],[7.7363167,52.1509781],[7.7378502,52.1525879],[7.7388048,52.1535492],[7.7400999,52.154808],[7.7410984,52.1557388],[7.742455,52.1569519],[7.7445531,52.1587105],[7.7452769,52.1592865],[7.7463851,52.1601486],[7.7471333,52.1607132],[7.7482734,52.1615448],[7.7490435,52.1620903],[7.7506166,52.1631737],[7.7514133,52.1637039],[7.7522202,52.1642227],[7.7534399,52.1649895],[7.7547693,52.1657994],[7.7549515,52.1659055],[7.7563334,52.1667099],[7.7571716,52.1671867],[7.7595881,52.1685066],[7.75996,52.1687097],[7.76012,52.1687971],[7.7613826,52.1694854],[7.7634377,52.1706022],[7.7642643,52.1710541],[7.7666483,52.1723366],[7.7685585,52.1733704],[7.7700534,52.1741905],[7.7711582,52.1748199],[7.7722902,52.1754417],[7.7757282,52.1772652],[7.7768506,52.177888],[7.7783418,52.1786995],[7.7791544,52.1791669],[7.7805481,52.179985],[7.7820477,52.1809606],[7.7823865,52.1811816],[7.7829947,52.1815875],[7.7836766,52.18205],[7.784098,52.1823455],[7.7846738,52.1827639],[7.7856984,52.1834908],[7.7869849,52.1845016],[7.7883032,52.1855731],[7.7894369,52.1865634],[7.7903597,52.1874587],[7.7911858,52.188268],[7.792146,52.1892461],[7.7933243,52.1904274],[7.7940834,52.1911643],[7.7950335,52.1920547],[7.7959209,52.1928086],[7.7973119,52.1939697],[7.7977515,52.1943212],[7.7979141,52.1944394],[7.798665,52.1950188],[7.7992444,52.1954192],[7.799761,52.1957901],[7.8001833,52.1960763],[7.800913,52.1965643],[7.8018689,52.1971863],[7.8022483,52.1974165],[7.803464,52.1981741],[7.8037384,52.198338],[7.8047266,52.1988983],[7.8062208,52.1997259],[7.8076344,52.2004476],[7.8082245,52.2007467],[7.809686,52.2014566],[7.8102465,52.2017136],[7.8110299,52.2020569],[7.8118192,52.2023708],[7.8122781,52.2025549],[7.8126703,52.2027143],[7.8133835,52.2029991],[7.8141706,52.2033105],[7.8150104,52.203632],[7.8161116,52.2040443],[7.8181567,52.2047424],[7.8201728,52.2053656],[7.8204392,52.2054468],[7.8209583,52.2056052],[7.8228637,52.206166],[7.8232416,52.206271],[7.8237159,52.2064029],[7.8258589,52.206962],[7.8274983,52.2073407],[7.8287467,52.2076352],[7.8293411,52.2077667],[7.8304938,52.2080207],[7.8314512,52.2082248],[7.8319366,52.2083224],[7.8335239,52.2086574],[7.8352668,52.208969],[7.8357998,52.2090498],[7.8375133,52.2093366],[7.8378411,52.209385],[7.8409649,52.2098461],[7.8418701,52.2099724],[7.8424482,52.210053],[7.8444867,52.2103299],[7.8464964,52.2106313],[7.8472825,52.2107596],[7.8485149,52.2109841],[7.8494701,52.2111595],[7.850919,52.2114572],[7.8522737,52.2117828],[7.8533046,52.2120531],[7.8547892,52.2124831],[7.8558189,52.2127968],[7.8567307,52.2130885],[7.8585086,52.2137309],[7.8593944,52.2140774],[7.8602758,52.214432],[7.8614664,52.2149784],[7.8620747,52.2152701],[7.8626565,52.2155524],[7.8631835,52.2158183],[7.8645995,52.2166185],[7.8656738,52.2172487],[7.867196,52.2182227],[7.8684005,52.2191083],[7.8697416,52.220161],[7.8707129,52.2210533],[7.8714591,52.2217579],[7.872388,52.2227193],[7.8728142,52.2232017],[7.8732605,52.2237473],[7.8736688,52.2242736],[7.8740762,52.2248021],[7.8744721,52.2253877],[7.8749161,52.2260489],[7.8762141,52.2281341],[7.8770866,52.2294177],[7.8771477,52.2295024],[7.8774727,52.2299575],[7.877608,52.2301244],[7.8780233,52.2306697],[7.8781823,52.2308686],[7.8783012,52.2310114],[7.8789762,52.231848],[7.8797731,52.2326992],[7.8803342,52.2332633],[7.8809453,52.2337959],[7.8815579,52.2343504],[7.882163,52.2348681],[7.8826502,52.2352679],[7.8827173,52.2353237],[7.8832784,52.2357576],[7.8841137,52.2363736],[7.8844687,52.2366412],[7.8845534,52.236702],[7.8849149,52.2369499],[7.8856568,52.2374382],[7.8864017,52.2379036],[7.8871384,52.2383461],[7.8877557,52.2386978],[7.8880849,52.2388822],[7.8890333,52.2393875],[7.8902202,52.2399864],[7.8910384,52.2403755],[7.8918748,52.2407532],[7.892735,52.241127],[7.8936148,52.2414856],[7.8949652,52.2420044],[7.8963318,52.2425079],[7.8974633,52.2429095],[7.899085,52.2434807],[7.8998536,52.2437684],[7.9004502,52.2439842],[7.9017715,52.2444954],[7.9026365,52.2448502],[7.9032144,52.2450742],[7.9042782,52.2455615],[7.9051485,52.2459679],[7.9063716,52.2465706],[7.9071732,52.2469902],[7.9079618,52.2474251],[7.908541,52.2477788],[7.9089214,52.2480092],[7.9116468,52.2498148],[7.9126543,52.2505479],[7.9142044,52.2517769],[7.9153189,52.2527842],[7.9158523,52.2533008],[7.9163184,52.2537689],[7.9168961,52.254385],[7.9177477,52.2553677],[7.9185615,52.2563717],[7.9189708,52.2568967],[7.9190995,52.2570671],[7.9196557,52.2578255],[7.920403,52.2588596],[7.9215584,52.2604866],[7.9225713,52.2619282],[7.9227027,52.2621152],[7.9229967,52.2625417],[7.9241969,52.2642245],[7.9251311,52.2656099],[7.9257583,52.2665078],[7.9272007,52.268489],[7.9277638,52.2693015],[7.9301076,52.2726458],[7.9323763,52.2758863],[7.9337598,52.2778444],[7.934773,52.2792268],[7.9360453,52.2810234],[7.9370466,52.2825766],[7.9378738,52.283911],[7.9383798,52.2848015],[7.9391365,52.2863617],[7.9394202,52.2870735],[7.9400497,52.2887775],[7.9403854,52.2899363],[7.9406903,52.2911866],[7.9407442,52.2914302],[7.9411206,52.2933357],[7.9413513,52.2946612],[7.941488,52.2953309],[7.9422204,52.2980361],[7.9425037,52.2988839],[7.9427775,52.2996669],[7.9429306,52.3000503],[7.9431648,52.3006287],[7.9437462,52.3018498],[7.9440662,52.3025446],[7.944487,52.3032988],[7.9446428,52.3035822],[7.9447892,52.3038933],[7.9451225,52.3045101],[7.9455913,52.3053271],[7.9461975,52.3062481],[7.9471389,52.3076329],[7.9478588,52.3086544],[7.9495023,52.3106207],[7.9496804,52.3108187],[7.9512617,52.31252],[7.9514168,52.3126791],[7.9523533,52.3135869],[7.9527918,52.3140048],[7.9548578,52.3158153],[7.9558705,52.3166544],[7.9565342,52.3171477],[7.9572398,52.3176996],[7.9584891,52.3185877],[7.9597176,52.3194167],[7.9610206,52.3202484],[7.9612153,52.3203668],[7.9614315,52.3204952],[7.9620218,52.3208575],[7.9630064,52.3214305],[7.963219,52.3215499],[7.9634683,52.3216922],[7.9640962,52.322037],[7.9646436,52.3223353],[7.9652736,52.3226658],[7.9662953,52.323188],[7.9670499,52.3235575],[7.9685667,52.3242638],[7.9697237,52.3247858],[7.9714622,52.3255275],[7.9725029,52.325934],[7.9742088,52.32657],[7.9769339,52.3275667],[7.9814686,52.3290662],[7.9828152,52.3295112],[7.9831368,52.3296201],[7.985899,52.3304935],[7.9903552,52.3318235],[7.9914151,52.3321255],[7.993005,52.3325674],[7.9940039,52.332838],[7.994919,52.3330825],[7.9956723,52.3332802],[7.9966379,52.3335309],[7.9975926,52.3337715],[7.9989135,52.3340987],[8.0012336,52.3346524],[8.005446,52.3356117],[8.0064951,52.3358548],[8.0075342,52.3361193],[8.0082353,52.3363056],[8.0092596,52.3366059],[8.010171,52.3368933],[8.0109624,52.3371609],[8.0117187,52.3374356],[8.0123072,52.3376587],[8.0131768,52.3380087],[8.013887,52.338312],[8.0142842,52.3384923],[8.0147854,52.33872],[8.0158298,52.3392218],[8.016383,52.3395043],[8.0169243,52.3397936],[8.0179644,52.3403662],[8.0186535,52.3407696],[8.0192654,52.3411428],[8.019863,52.3415189],[8.0204593,52.3418989],[8.0210381,52.3422838],[8.0217448,52.342772],[8.0224349,52.343264],[8.0231142,52.3437654],[8.0238489,52.344321],[8.0239404,52.3443902],[8.0248251,52.3450895],[8.0255974,52.3457145],[8.0261903,52.346201],[8.0274237,52.3472589],[8.0293076,52.3489737],[8.0317577,52.351365],[8.0337778,52.3535743],[8.0355232,52.3556414],[8.0375078,52.3582705],[8.0388316,52.3602165],[8.0394197,52.3611503],[8.0403294,52.3627378],[8.0406998,52.3634667],[8.041158,52.364367],[8.0418412,52.3659411],[8.0421676,52.3668109],[8.0427704,52.3684695],[8.0429335,52.3689998],[8.0431925,52.3699465],[8.0434603,52.3712788],[8.0438268,52.3734252],[8.0439801,52.37587],[8.0438472,52.378065],[8.0435047,52.3805155],[8.0427135,52.3840281],[8.0417016,52.3870443],[8.0406187,52.3897747],[8.0399252,52.3913682],[8.0397603,52.3917436],[8.0389389,52.3935275],[8.0381539,52.3951949],[8.037855,52.3958159],[8.0368628,52.3979105],[8.0360001,52.399796],[8.0353912,52.401176],[8.0341464,52.4040386],[8.0340696,52.4042442],[8.0338434,52.4048503],[8.0334962,52.4058387],[8.0329806,52.4073067],[8.0326917,52.4082088],[8.0324756,52.4089758],[8.0323591,52.4094178],[8.0322493,52.4098505],[8.0321073,52.4104453],[8.0319705,52.4110616],[8.0318687,52.4115148],[8.0314823,52.4139412],[8.0313382,52.4151521],[8.0312783,52.4157497],[8.0312278,52.4163364],[8.0311924,52.4169185],[8.0311581,52.4175761],[8.031135,52.4182503],[8.0311147,52.41914],[8.0311114,52.4196098],[8.0311204,52.4205394],[8.0311538,52.4216224],[8.0311856,52.4222065],[8.0312197,52.4228019],[8.0312572,52.4233542],[8.0313081,52.4240003],[8.0314004,52.4249035],[8.0314899,52.4256029],[8.0315583,52.4261769],[8.0316378,52.4267312],[8.0317011,52.4271578],[8.032086,52.4289833],[8.0324017,52.4304935],[8.0327348,52.4320871],[8.033079,52.4333187],[8.0336285,52.4351553],[8.0340948,52.4365775],[8.034419,52.4375079],[8.0357737,52.4409197],[8.036542,52.4427283],[8.0374646,52.4446512],[8.0379324,52.4455703],[8.0392526,52.4480911],[8.0401405,52.4496216],[8.0409811,52.451139],[8.0428403,52.4542751],[8.0452597,52.4580242],[8.0468756,52.4604008],[8.0481883,52.4623523],[8.0504476,52.4654556],[8.0507511,52.4658758],[8.0512998,52.4666352],[8.0528956,52.4687844],[8.0535805,52.4696674],[8.0539915,52.4702046],[8.0541483,52.4703959],[8.0559684,52.4727095],[8.0573949,52.4744724],[8.0585772,52.4759041],[8.0601522,52.4777796],[8.0618227,52.4797043],[8.0673012,52.4857056],[8.0689666,52.4875243],[8.070882,52.4895224],[8.0714666,52.4901037],[8.072178,52.4908009],[8.0732239,52.4918489],[8.0756157,52.494241],[8.0774042,52.4959336],[8.0790342,52.4975129],[8.0816869,52.4999785],[8.0828071,52.501004],[8.0837798,52.5018992],[8.085549,52.5034824],[8.0874299,52.5051514],[8.0882221,52.5058376],[8.0886423,52.5062113],[8.0902487,52.5075776],[8.0912674,52.5084434],[8.0923678,52.5093872],[8.0931038,52.5100108],[8.0934626,52.5103102],[8.0950931,52.5116943],[8.0958931,52.5123639],[8.0964473,52.5128325],[8.0983581,52.5144943],[8.1000298,52.516056],[8.1016639,52.5176289],[8.1031734,52.519118],[8.1046159,52.5206435],[8.1056237,52.5218037],[8.1063765,52.522693],[8.1070814,52.5235905],[8.1077685,52.5245086],[8.1086196,52.5257398],[8.109397,52.5269768],[8.1099339,52.5278905],[8.1107588,52.5294676],[8.1115667,52.531352],[8.1118634,52.5321569],[8.1123426,52.5335915],[8.1126079,52.534515],[8.1127524,52.5350553],[8.1131057,52.5366282],[8.1135209,52.5390802],[8.1136171,52.5397745],[8.1136319,52.5399383],[8.1137539,52.5409413],[8.113972,52.5431237],[8.1140567,52.5449524],[8.1141474,52.5476291],[8.1141498,52.5478925],[8.1141263,52.5498405],[8.1140653,52.5519219],[8.1140571,52.5522032],[8.1136289,52.5565697],[8.1135175,52.5573143],[8.1134992,52.557441],[8.1130786,52.5601402],[8.1129834,52.5606133],[8.1129413,52.5608713],[8.1123757,52.5637132],[8.1116258,52.5671136],[8.1106893,52.5717766],[8.1104077,52.5734244],[8.1102161,52.5746419],[8.1100394,52.5759126],[8.1099148,52.5770729],[8.1098587,52.5777381],[8.1097967,52.5792214],[8.1097818,52.58087],[8.1098727,52.5832093],[8.1099965,52.5844578],[8.1101967,52.58592],[8.1105432,52.5878455],[8.1109652,52.5895966],[8.111295,52.5907619],[8.1116212,52.5918071],[8.1117756,52.5922073],[8.1123427,52.5938295],[8.1126074,52.5944965],[8.1129423,52.5952808],[8.1131864,52.5958385],[8.1134382,52.5963849],[8.1135921,52.5967206],[8.1142909,52.5980331],[8.1145458,52.5985175],[8.1147742,52.5989515],[8.1151081,52.5995858],[8.1158913,52.6008983],[8.1171324,52.6028244],[8.1184549,52.6046578],[8.1198835,52.6064828],[8.1220514,52.6090346],[8.1232019,52.6103491],[8.1272062,52.6145323],[8.1286265,52.6159608],[8.129158,52.6164953],[8.1325807,52.6199172],[8.1359003,52.6232443],[8.1392793,52.6266335],[8.1424158,52.6298955],[8.1449022,52.6326254],[8.1462214,52.6340866],[8.1474551,52.6355139],[8.1495361,52.6379581],[8.1499596,52.6384651],[8.1513633,52.6401459],[8.1527003,52.6418588],[8.1546852,52.6444159],[8.1570314,52.6476771],[8.1572029,52.6479187],[8.1591119,52.6506579],[8.1594702,52.6512146],[8.1606821,52.6531057],[8.1615031,52.6544486],[8.162349,52.6558615],[8.1628938,52.6568087],[8.1637885,52.6584125],[8.1644196,52.6595825],[8.1652828,52.661272],[8.165709,52.6621315],[8.1659188,52.6625728],[8.1665281,52.6638671],[8.1671715,52.6653068],[8.1677903,52.6667827],[8.1681349,52.6676212],[8.1684429,52.6684182],[8.1689454,52.6697578],[8.1694234,52.6710991],[8.1701591,52.6733482],[8.1708106,52.675599],[8.1712536,52.6773145],[8.1716607,52.679029],[8.1720004,52.6806437],[8.1723018,52.6822598],[8.1726064,52.6841802],[8.1728162,52.6857278],[8.1731378,52.6888963],[8.1732711,52.6907634],[8.1733645,52.6926433],[8.17343,52.6946351],[8.1734581,52.6970895],[8.1734092,52.7013881],[8.1732667,52.7056222],[8.1731973,52.7073326],[8.1731112,52.7092089],[8.1730491,52.7107696],[8.1729989,52.7120427],[8.1729565,52.7134456],[8.1729207,52.7147728],[8.1728903,52.7167764],[8.1728845,52.7174659],[8.172887,52.7178673],[8.1729153,52.7206762],[8.1729807,52.7224475],[8.1731501,52.7251999],[8.1732781,52.7265497],[8.1734995,52.7284872],[8.1741477,52.7324413],[8.1743015,52.7332281],[8.1746492,52.7347856],[8.1748436,52.7355697],[8.1751323,52.7366942],[8.1755168,52.7380634],[8.1758053,52.7390023],[8.1762569,52.7404015],[8.1769301,52.7423116],[8.1771991,52.7430356],[8.1776056,52.7440627],[8.1780274,52.745088],[8.1783294,52.7458059],[8.1788238,52.74693],[8.1795105,52.7484248],[8.1799962,52.7494517],[8.1807098,52.7508923],[8.1810952,52.7516416],[8.1816172,52.7526414],[8.1820099,52.7533909],[8.182998,52.7552065],[8.1836156,52.7563098],[8.1842439,52.7574135],[8.1844512,52.7577735],[8.1851723,52.7590333],[8.1868587,52.7618609],[8.1883194,52.7642944],[8.190921,52.7685803],[8.1922654,52.7708006],[8.1934972,52.7728671],[8.1950843,52.7755836],[8.1965443,52.7781866],[8.1970188,52.7790444],[8.1974698,52.7798764],[8.1984592,52.7817501],[8.1989469,52.7826938],[8.1998104,52.7843918],[8.2008382,52.7864951],[8.2018434,52.7886012],[8.2028259,52.7907652],[8.2038098,52.7930135],[8.2050044,52.7958807],[8.2058469,52.7979991],[8.2065127,52.7997434],[8.2074423,52.8022834],[8.2084419,52.80519],[8.2092593,52.8077311],[8.2095046,52.8085499],[8.2095365,52.8086563],[8.2101947,52.8108533],[8.2105807,52.8122177],[8.2109877,52.8136735],[8.2116582,52.8160729],[8.2118741,52.8169462],[8.2121216,52.8179041],[8.2129356,52.8209551],[8.213555,52.8232399],[8.2142383,52.8256738],[8.2144589,52.8264342],[8.2149073,52.8279203],[8.2156405,52.8302892],[8.216186,52.831914],[8.2169371,52.8340931],[8.2176295,52.8359419],[8.2181689,52.8372752],[8.2189805,52.8391309],[8.2197348,52.8407104],[8.2208117,52.8427603],[8.2219934,52.84482],[8.2230004,52.8464621],[8.223998,52.8480114],[8.2249587,52.8494186],[8.2255948,52.8503051],[8.2262207,52.8511453],[8.226985,52.8521623],[8.2272079,52.8524514],[8.2282133,52.8536996],[8.2294452,52.855166],[8.22997,52.8557561],[8.2314028,52.8573623],[8.2328442,52.8588779],[8.2332767,52.8593133],[8.2349949,52.8610061],[8.2369123,52.8627914],[8.2394625,52.8650187],[8.2412316,52.866467],[8.2424587,52.8674317],[8.2440725,52.8686492],[8.245648,52.8698078],[8.2480813,52.8714693],[8.2496992,52.8725085],[8.2509804,52.8732886],[8.2518924,52.8738502],[8.2533781,52.8747006],[8.254803,52.8754988],[8.2556137,52.8759336],[8.2562935,52.8762933],[8.2576753,52.8769979],[8.2582509,52.8772839],[8.2586266,52.8774706],[8.2596073,52.8779382],[8.2607247,52.8784566],[8.261808,52.878934],[8.2629342,52.8794284],[8.2639552,52.8798491],[8.2663068,52.8807707],[8.2683436,52.8814975],[8.2697078,52.8819609],[8.2713644,52.8824815],[8.2728469,52.8829227],[8.2729948,52.8829637],[8.2739852,52.8832383],[8.2742498,52.8833107],[8.2754586,52.8836246],[8.2765302,52.8838804],[8.2775798,52.8841184],[8.278331,52.8842867],[8.2797587,52.8845855],[8.2798779,52.8846087],[8.2811771,52.8848475],[8.2823656,52.8850518],[8.2838915,52.8852887],[8.2853753,52.8854991],[8.2874623,52.8857613],[8.2896229,52.8860078],[8.2919388,52.8862556],[8.2943725,52.8865286],[8.2965262,52.8867905],[8.2990036,52.8871296],[8.3013902,52.8875088],[8.3035404,52.8878923],[8.3052376,52.8882315],[8.3062518,52.8884442],[8.3080154,52.888839],[8.3092797,52.8891418],[8.3113358,52.889651],[8.3116709,52.8897383],[8.3136123,52.8902949],[8.3155423,52.8908745],[8.3166844,52.8912453],[8.3183831,52.8918091],[8.3199765,52.8923711],[8.3211926,52.8928254],[8.3220906,52.8931867],[8.3241686,52.894042],[8.3263625,52.8950186],[8.3269139,52.8952633],[8.329023,52.8962288],[8.3298086,52.8966016],[8.3308106,52.8970751],[8.3319042,52.897579],[8.3328904,52.8980301],[8.3337605,52.8984216],[8.3350968,52.8990011],[8.3361671,52.8994599],[8.3377061,52.9000947],[8.3396019,52.9008692],[8.3408109,52.9013393],[8.3420058,52.9017926],[8.3454586,52.9030603],[8.347677,52.9038227],[8.3509046,52.9048664],[8.3539992,52.905819],[8.3564805,52.9065243],[8.3589779,52.9072198],[8.3615749,52.9078766],[8.3637293,52.9084148],[8.3652609,52.9087652],[8.3674116,52.9092277],[8.3690771,52.909597],[8.3720159,52.9101911],[8.3734702,52.9104539],[8.3742447,52.9106023],[8.3759799,52.9109129],[8.3783457,52.911311],[8.381585,52.9118008],[8.3847982,52.9122397],[8.3864906,52.9124518],[8.3885378,52.9126898],[8.392132,52.9130545],[8.3955843,52.9133528],[8.398425,52.913557],[8.4012916,52.9137241],[8.4036624,52.9138424],[8.4060544,52.9139413],[8.4093205,52.914063],[8.4129713,52.9141576],[8.4140567,52.9141845],[8.4166296,52.9142369],[8.4194091,52.9142986],[8.4287719,52.9144684],[8.4304793,52.9145076],[8.4332904,52.9145702],[8.4369478,52.9146855],[8.4406338,52.9148437],[8.4428898,52.914961],[8.4454651,52.9151141],[8.4472904,52.9152322],[8.4489244,52.9153607],[8.4500609,52.9154572],[8.451174,52.9155578],[8.4514604,52.9155836],[8.4526062,52.9156865],[8.4536691,52.9157941],[8.4552836,52.9159676],[8.4575123,52.9162413],[8.4593898,52.9164937],[8.4611008,52.9167475],[8.4639762,52.9172114],[8.4661978,52.9176256],[8.4684768,52.9180939],[8.4696101,52.9183437],[8.470734,52.9186052],[8.4729494,52.9191588],[8.475115,52.9197555],[8.4768561,52.9202739],[8.4785603,52.920822],[8.4805116,52.9214972],[8.4824243,52.9222387],[8.4842805,52.9230046],[8.485305,52.923458],[8.4862705,52.9239005],[8.4885558,52.9250313],[8.4907526,52.9262246],[8.4928498,52.9274527],[8.4929775,52.9275298],[8.4949177,52.9287285],[8.4967572,52.9299264],[8.4990944,52.9314801],[8.5010872,52.9327875],[8.5017838,52.9332437],[8.503314,52.9342374],[8.5043755,52.9348939],[8.5051346,52.935353],[8.5066395,52.9362515],[8.5080039,52.9370278],[8.5090459,52.9376221],[8.5111639,52.9387362],[8.5136306,52.9399925],[8.515515,52.9408908],[8.5175415,52.9418252],[8.5195178,52.9426882],[8.5215119,52.943524],[8.5231928,52.9441987],[8.5241868,52.9445819],[8.5263632,52.94539],[8.5285696,52.9461767],[8.5308362,52.9469537],[8.5319264,52.9473041],[8.5320439,52.9473417],[8.5336357,52.9478515],[8.5354109,52.9484003],[8.5380997,52.9491958],[8.5387818,52.9493876],[8.5396663,52.9496362],[8.5412816,52.9500719],[8.5443899,52.9509029],[8.5467839,52.9515209],[8.5492049,52.9521363],[8.5583821,52.954385],[8.5697438,52.9570968],[8.5743839,52.9582398],[8.5770151,52.9589055],[8.5789987,52.959423],[8.5823742,52.9603434],[8.5857266,52.9612865],[8.5887867,52.9621924],[8.591622,52.963075],[8.5952036,52.9642491],[8.5978098,52.9651485],[8.599145,52.9656247],[8.602648,52.9669042],[8.6043613,52.9675585],[8.6066796,52.9684732],[8.6088275,52.9693333],[8.6115634,52.9704833],[8.6117064,52.9705446],[8.6132051,52.9711873],[8.6146719,52.9718386],[8.6172006,52.9729865],[8.620359,52.9744937],[8.6226709,52.9756334],[8.6257104,52.9771751],[8.628528,52.9786525],[8.6366352,52.9830198],[8.64263,52.9862661],[8.6452061,52.9876381],[8.6480038,52.9890921],[8.6508313,52.9905229],[8.6523306,52.9912742],[8.6546687,52.9923965],[8.6559138,52.9929815],[8.6575172,52.9937144],[8.6598227,52.9947323],[8.6619714,52.9956445],[8.6639013,52.996421],[8.6660242,52.9972491],[8.6680267,52.9979915],[8.6693877,52.9984727],[8.6707192,52.9989248],[8.6720143,52.9993521],[8.6733102,52.9997623],[8.675018,53.0002646],[8.6761574,53.0005992],[8.6764231,53.0006733],[8.6775214,53.0009706],[8.6786018,53.0012427],[8.6797276,53.0015261],[8.6808637,53.0018022],[8.6820019,53.0020671],[8.6822776,53.0021343],[8.6828047,53.0022661],[8.683379,53.0023943],[8.6851073,53.0027556],[8.6866048,53.0030505],[8.6882356,53.0033604],[8.6899995,53.0036689],[8.6919257,53.0039849],[8.6932733,53.0041905],[8.6935282,53.0042287],[8.6937002,53.0042533],[8.6944532,53.0043616],[8.6956425,53.0045118],[8.695776,53.0045287],[8.6967348,53.0046498],[8.6983194,53.0048327],[8.6991078,53.0049192],[8.7006408,53.0050743],[8.7015404,53.0051705],[8.7024593,53.0052687],[8.7034357,53.0053731],[8.7043764,53.0054835],[8.7053311,53.0055956],[8.7070418,53.005825],[8.710256,53.0062805],[8.711985,53.0065598],[8.7134804,53.006812],[8.7136791,53.0068489],[8.7167796,53.0074238],[8.7175631,53.0075825],[8.7183729,53.0077465],[8.7195142,53.0079869],[8.7207115,53.0082336],[8.7209082,53.0082756],[8.7221865,53.0085486],[8.7237208,53.0088755],[8.725705,53.0092651],[8.7270455,53.0095107],[8.7280751,53.0096942],[8.729111,53.0098652],[8.7300874,53.0100334],[8.7302056,53.010055],[8.7306481,53.010127],[8.7321655,53.0103608],[8.7329944,53.0104813],[8.7340743,53.0106304],[8.73441,53.0106743],[8.7350995,53.0107636],[8.7355242,53.0108138],[8.7363955,53.0109277],[8.7374979,53.0110617],[8.7387578,53.0112011],[8.7403411,53.0113847],[8.7409082,53.0114471],[8.7422304,53.0115979],[8.7444186,53.0118749],[8.7465997,53.0121717],[8.7477468,53.0123447],[8.7487845,53.0125073],[8.7497753,53.0126738],[8.7507929,53.0128402],[8.7517944,53.0130139],[8.7527992,53.0131961],[8.7547999,53.0135751],[8.7567953,53.0139836],[8.7585726,53.0143741],[8.7603496,53.014788],[8.7622291,53.0152446],[8.7638664,53.0156587],[8.7649946,53.0159678],[8.766035,53.0162512],[8.7664514,53.0163671],[8.7688319,53.0170442],[8.7708206,53.0176228],[8.7710317,53.0176792],[8.7717179,53.0178714],[8.772531,53.0180977],[8.7726997,53.0181447],[8.7733022,53.0183023],[8.7749211,53.0187321],[8.7765423,53.0191278],[8.7781675,53.0195149],[8.7795078,53.0198211],[8.7812865,53.0202023],[8.7822983,53.0204168],[8.7828684,53.0205279],[8.7837049,53.0206902],[8.7838383,53.020716],[8.784449,53.0208345],[8.7851968,53.0209785],[8.7867081,53.0212452],[8.787583,53.0213999],[8.7889898,53.0216207],[8.7907888,53.0219038],[8.7926138,53.022159],[8.7932488,53.0222364],[8.7962712,53.0226046],[8.7973353,53.0227305],[8.7987626,53.022876],[8.7992822,53.022929],[8.8000909,53.0230067],[8.8020531,53.023169],[8.8028812,53.0232342],[8.8058435,53.0234203],[8.8064887,53.0234531],[8.8072936,53.0234924],[8.8073777,53.0234965],[8.8086376,53.0235579],[8.8108625,53.0236376],[8.8135601,53.0236846],[8.8153904,53.0236972],[8.8172196,53.023694],[8.8176706,53.0236932],[8.8199707,53.0236891],[8.8221652,53.0236852],[8.8246337,53.0236809],[8.8299439,53.0236715],[8.8335162,53.0236682],[8.8349593,53.0236668],[8.8362225,53.0236656],[8.8377055,53.0236786],[8.8385986,53.0237022],[8.8394815,53.0237402],[8.8402578,53.0237929],[8.841015,53.0238558],[8.8417661,53.0239286],[8.8425271,53.0240104],[8.8434495,53.0241329],[8.8439473,53.024202],[8.844614,53.0243053],[8.845385,53.0244347],[8.8462853,53.0246094],[8.8476091,53.0248912],[8.8485992,53.0251346],[8.8495011,53.0253812],[8.8506063,53.0257137],[8.8515865,53.0260399],[8.8525205,53.0263747],[8.8527591,53.026464],[8.8531572,53.0266169],[8.8541591,53.0270249],[8.8637081,53.0310851],[8.8655073,53.0318501],[8.8666479,53.0323273],[8.8715253,53.0344004],[8.8723275,53.0347302],[8.8729287,53.0349575],[8.8734371,53.035152],[8.8740401,53.0353826],[8.8745903,53.0355828],[8.8752422,53.0357993],[8.8765144,53.0361996],[8.8773689,53.0364559],[8.8781347,53.0366704],[8.8793427,53.0369866],[8.8799611,53.0371402],[8.8808515,53.0373453],[8.8813347,53.0374472],[8.8818988,53.0375677],[8.8829712,53.0377711],[8.8838896,53.037937],[8.8843276,53.0380045],[8.8845344,53.0380363],[8.8854543,53.0381788],[8.8866313,53.0383332],[8.8870752,53.0383914],[8.888059,53.0385014],[8.8892163,53.038609],[8.8904652,53.0387],[8.8916047,53.0387651],[8.8930504,53.0388225],[8.8935184,53.038835],[8.8945738,53.0388453],[8.895009,53.0388446],[8.8958703,53.0388392],[8.8965344,53.038825],[8.8971898,53.0388036],[8.8977812,53.0387819],[8.8991804,53.0387107],[8.8996436,53.038677],[8.9003916,53.0386246],[8.900781,53.0385934],[8.90147,53.0385239],[8.9023914,53.0384193],[8.9033033,53.0383153],[8.9038312,53.0382517],[8.9045709,53.0381363],[8.9058654,53.0379266],[8.9070661,53.0377124],[8.9077161,53.0375946],[8.9082691,53.0374684],[8.9093537,53.0372331],[8.9104115,53.0369794],[8.9112852,53.0367561],[8.9121036,53.0365283],[8.9128579,53.0363053],[8.9136064,53.0360805],[8.9143621,53.0358485],[8.9151525,53.0355718],[8.9159866,53.0352719],[8.9168139,53.034945],[8.9177401,53.0345967],[8.9186224,53.0342092],[8.9192768,53.0339265],[8.9202122,53.0334853],[8.9211269,53.033032],[8.921828,53.0326685],[8.9233605,53.0318518],[8.9241807,53.0314303],[8.9250339,53.0310158],[8.9257894,53.0306743],[8.9265352,53.0303587],[8.9272334,53.0300886],[8.9279188,53.0298324],[8.9288478,53.0295131],[8.930093,53.0291232],[8.9302322,53.0290798],[8.9304759,53.029012],[8.9304954,53.0290068],[8.930963,53.028878],[8.9316907,53.0286845],[8.9319942,53.0286146],[8.9323816,53.0285124],[8.9332679,53.028319],[8.9345676,53.0280645],[8.9352672,53.0279349],[8.9360538,53.02781],[8.9368823,53.0276965],[8.9376196,53.0275987],[8.9386958,53.0274854],[8.9395226,53.0274214],[8.9402766,53.0273687],[8.9408563,53.0273361],[8.9418516,53.0273021],[8.9428216,53.0272827],[8.9435482,53.0272783],[8.9442764,53.0272885],[8.9448542,53.0272986],[8.9457578,53.0273382],[8.9466309,53.0273996],[8.947479,53.0274577],[8.9484179,53.0275469],[8.9492269,53.0276332],[8.9501241,53.0277558],[8.9510265,53.0278906],[8.9518536,53.0280357],[8.9525499,53.028162],[8.9533206,53.0283171],[8.9545408,53.0285941],[8.9554715,53.0288389],[8.9568636,53.0292419],[8.9572386,53.029355],[8.9581278,53.0296533],[8.9588035,53.0298947],[8.9592235,53.0300445],[8.959914,53.0303196],[8.960508,53.0305627],[8.9610677,53.0308035],[8.9614355,53.0309775],[8.9617994,53.0311496],[8.9621224,53.0313024],[8.9623582,53.0314175],[8.963578,53.0320529],[8.9638758,53.0322145],[8.9638847,53.0322194],[8.9653193,53.0330062],[8.9655729,53.0331446],[8.9659765,53.0333649],[8.9670224,53.0339522],[8.9678343,53.034396],[8.9684465,53.0347106],[8.9695848,53.0353066],[8.9710666,53.0360615],[8.9722596,53.0366368],[8.9731749,53.03708],[8.9737082,53.0373238],[8.9750077,53.0379261],[8.9758436,53.0382969],[8.976585,53.0386229],[8.9771852,53.0388845],[8.9783096,53.0393498],[8.9793571,53.0397702],[8.9805706,53.0402581],[8.9814574,53.0406044],[8.9832308,53.0412907],[8.9876445,53.0429659],[8.9884033,53.0432499],[8.9920723,53.0446505],[8.9930288,53.0450002],[8.9957422,53.0460417],[8.9965308,53.0463396],[8.9982467,53.0469879],[9.0010054,53.0480362],[9.0041694,53.0492479],[9.0051481,53.049605],[9.0053064,53.0496615],[9.006416,53.050022],[9.0073538,53.0503052],[9.0083679,53.0505824],[9.0094783,53.050861],[9.0104809,53.0510767],[9.0113958,53.0512581],[9.011769,53.0513321],[9.012469,53.0514456],[9.0130031,53.0515322],[9.0133782,53.0515879],[9.0145773,53.051745],[9.0152854,53.0518133],[9.0164399,53.0519272],[9.0172195,53.0519779],[9.0177209,53.0520073],[9.0180142,53.0520196],[9.0192844,53.0520698],[9.0194718,53.0520769],[9.0208962,53.052118],[9.0215963,53.0521419],[9.026065,53.0522944],[9.028487,53.0523771],[9.0294443,53.0524098],[9.0301616,53.0524342],[9.0319123,53.0524941],[9.034886,53.052591],[9.0374439,53.0526735],[9.0402005,53.0527855],[9.0413873,53.052842],[9.0425203,53.0529129],[9.0434059,53.0529729],[9.0442983,53.0530446],[9.0459616,53.0531868],[9.0472626,53.0533086],[9.0484744,53.0534234],[9.0590611,53.0545901],[9.0682905,53.0555601],[9.0738059,53.0561412],[9.0786066,53.0566498],[9.080602,53.0568723],[9.0824889,53.0571007],[9.0841434,53.0573285],[9.0858917,53.0575983],[9.0871001,53.057796],[9.0883596,53.0580162],[9.0901372,53.0583538],[9.0915841,53.0586501],[9.0932823,53.0590183],[9.0948638,53.0594023],[9.096394,53.0597864],[9.0977955,53.0601579],[9.099253,53.0605867],[9.100848,53.0610665],[9.1020725,53.0614526],[9.1058426,53.0627489],[9.1060868,53.0628329],[9.1149517,53.0658896],[9.1242735,53.0691625],[9.1277197,53.0703749],[9.1285321,53.0706672],[9.1406818,53.0748835],[9.1436287,53.0759119],[9.1498334,53.0780686],[9.1502935,53.0782287],[9.153646,53.0793948],[9.1548287,53.0798063],[9.1562524,53.0803015],[9.1583452,53.0810477],[9.1609136,53.0819324],[9.1613438,53.082083],[9.1634294,53.082813],[9.1641291,53.0830586],[9.1666594,53.0839588],[9.1670629,53.084099],[9.1675796,53.0842958],[9.1684686,53.0846334],[9.1688638,53.0847834],[9.1690727,53.0848668],[9.1699014,53.0852061],[9.1703803,53.0854085],[9.1707556,53.0855671],[9.1718321,53.086073],[9.1738076,53.0870423],[9.1753933,53.0879224],[9.1770873,53.0889589],[9.1781325,53.0896703],[9.1795505,53.0907032],[9.1801649,53.0911892],[9.1811382,53.0920026],[9.1822301,53.0929607],[9.183356,53.0939688],[9.1867201,53.0970864],[9.1870234,53.0973591],[9.1872006,53.0975292],[9.1881828,53.0984149],[9.1893124,53.0995201],[9.1896844,53.0998494],[9.190071,53.1002094],[9.1922062,53.1021206],[9.1928636,53.1027266],[9.1930285,53.102883],[9.1949551,53.1046523],[9.1962612,53.1058551],[9.1975509,53.1070428],[9.197719,53.1071976],[9.1991333,53.1085042],[9.1994059,53.1087448],[9.2007919,53.1100297],[9.2028836,53.1119534],[9.204968,53.1138727],[9.2057634,53.114605],[9.2065346,53.1153413],[9.2074741,53.1162971],[9.2080673,53.1169465],[9.2086731,53.1176697],[9.2092013,53.1183238],[9.2096033,53.1188963],[9.2102114,53.1197846],[9.2104939,53.1202738],[9.2141035,53.126523],[9.2151232,53.1282889],[9.2186079,53.1343914],[9.2199468,53.1367296],[9.2203323,53.1373934],[9.2211467,53.1387096],[9.2220203,53.140017],[9.2225697,53.1407706],[9.2233827,53.1418202],[9.2242037,53.1428457],[9.2260636,53.144925],[9.2332574,53.1528929],[9.2361355,53.1560804],[9.238342,53.1584348],[9.2407597,53.1607398],[9.2489338,53.1682161],[9.2498615,53.1689803],[9.25147,53.1702167],[9.2528885,53.1712742],[9.2539422,53.172029],[9.2585189,53.17507],[9.2621156,53.1774597],[9.2656442,53.1798443],[9.2663077,53.1803275],[9.2684564,53.1818923],[9.2705802,53.1834375],[9.2716509,53.1842165],[9.2731705,53.1853221],[9.2765071,53.1877294],[9.277974,53.1887666],[9.2811244,53.1908657],[9.2832205,53.1922453],[9.2837908,53.1926207],[9.2855543,53.1937813],[9.2876518,53.1951617],[9.2878927,53.1953203],[9.2879971,53.195389],[9.2929669,53.1986596],[9.2949444,53.1999617],[9.2950588,53.200037],[9.2980367,53.2019978],[9.3000166,53.2033013],[9.3019997,53.204607],[9.3080974,53.2086214],[9.3091819,53.2093354],[9.3100041,53.2099012],[9.3110265,53.210634],[9.3120188,53.2113653],[9.3131293,53.2122381],[9.3138414,53.2127931],[9.3150567,53.2138327],[9.3163536,53.2149946],[9.3171812,53.2157629],[9.3208975,53.219123],[9.3218334,53.2199258],[9.3228001,53.2207342],[9.3235302,53.2213351],[9.3244361,53.2220329],[9.3258065,53.2230482],[9.325844,53.223076],[9.3260323,53.2232138],[9.328646,53.2250085],[9.32982,53.2257936],[9.3312296,53.2267362],[9.3319923,53.2272314],[9.3328077,53.2277313],[9.3335831,53.2281806],[9.3339695,53.2283951],[9.3343435,53.2286027],[9.3350962,53.2289813],[9.3354302,53.2291454],[9.3360973,53.229462],[9.3372019,53.229935],[9.3380512,53.2302624],[9.3391215,53.2306541],[9.3399704,53.2309325],[9.3412453,53.2313157],[9.3435894,53.2319732],[9.3457279,53.2325751],[9.3485679,53.2333917],[9.3493848,53.233622],[9.35202,53.2343442],[9.3536789,53.2347421],[9.3552791,53.2350858],[9.3566073,53.2353456],[9.3583619,53.2356441],[9.3602645,53.235915],[9.3621288,53.2361349],[9.3637227,53.2362829],[9.3667975,53.236556],[9.3692486,53.2367801],[9.3720066,53.2370851],[9.3743086,53.2373924],[9.3784656,53.238005],[9.3822929,53.238569],[9.389544,53.2396563],[9.3913917,53.2399781],[9.3930163,53.2402996],[9.3947001,53.240669],[9.3964495,53.2411036],[9.3983425,53.2416463],[9.400006,53.2421611],[9.402217,53.2429487],[9.4036139,53.2434721],[9.4063146,53.2445686],[9.4094962,53.245823],[9.4125616,53.2470481],[9.4160507,53.2484424],[9.4173057,53.2489929],[9.4186772,53.2496053],[9.4187001,53.2496164],[9.4200776,53.2502741],[9.4215446,53.2510051],[9.4229483,53.2517399],[9.4242458,53.252462],[9.4251452,53.252974],[9.4260435,53.253494],[9.4285294,53.2549586],[9.4296512,53.2556174],[9.431019,53.2564207],[9.433173,53.2576859],[9.4343294,53.2583719],[9.4346845,53.2585736],[9.4403,53.2618714],[9.4432171,53.2635845],[9.4509976,53.2681531],[9.4573039,53.2718558],[9.4616729,53.2744208],[9.4629418,53.2751658],[9.4661413,53.2770441],[9.4723825,53.2807078],[9.4753523,53.282451],[9.4765765,53.2831128],[9.4768184,53.2832365],[9.4778372,53.2837411],[9.4793815,53.2844647],[9.4806288,53.2849876],[9.4817353,53.2854195],[9.482956,53.2858703],[9.484142,53.2862648],[9.4854321,53.2866709],[9.4864175,53.2869685],[9.4877503,53.287321],[9.4890206,53.287645],[9.4934723,53.2886944],[9.4980117,53.2897644],[9.4990088,53.2899994],[9.5070901,53.2919042],[9.5098363,53.2925515],[9.511832,53.2930219],[9.5128171,53.2932541],[9.5147044,53.2936989],[9.5156743,53.2939275],[9.5209317,53.2951666],[9.5221035,53.2954495],[9.5230354,53.2957013],[9.5241918,53.2960262],[9.5249676,53.2962617],[9.5256616,53.2964762],[9.5268318,53.2968481],[9.5278626,53.2972146],[9.5283713,53.2974038],[9.529096,53.2976758],[9.5296897,53.2979094],[9.5375055,53.3012815],[9.5380327,53.3015104],[9.5396856,53.3022238],[9.5502543,53.3067848],[9.5624456,53.3120456],[9.574642,53.3173079],[9.5763207,53.3180321],[9.5867998,53.3225529],[9.589105,53.3235473],[9.5921054,53.3248262],[9.593693,53.3254651],[9.5955937,53.3261937],[9.5976873,53.3269479],[9.599359,53.3275208],[9.6010674,53.3280643],[9.6025156,53.3285046],[9.6047529,53.3291612],[9.6129947,53.3314514],[9.6146977,53.3319248],[9.6200617,53.3334156],[9.6216569,53.333859],[9.6231351,53.3342698],[9.6266404,53.335244],[9.6283167,53.3357099],[9.6306639,53.3363622],[9.6346926,53.3374991],[9.6369341,53.3381264],[9.6401895,53.3390094],[9.6443956,53.3401782],[9.6503349,53.3418286],[9.6525647,53.3424482],[9.6535415,53.3427196],[9.6536778,53.3427575],[9.658761,53.34417],[9.6616984,53.3449862],[9.6673004,53.3465427],[9.6765974,53.3491257],[9.6810121,53.3503523],[9.6927911,53.3536246],[9.6946055,53.3541286],[9.6960789,53.3545379],[9.7029319,53.3564416],[9.7082319,53.3579138],[9.7095343,53.3582756],[9.7118927,53.3589372],[9.7149013,53.3597663],[9.7165702,53.3602299],[9.7178052,53.3605729],[9.7218309,53.3616911],[9.7223758,53.3618463],[9.7225836,53.3619039],[9.7246061,53.3624619],[9.7323626,53.3646161],[9.7348217,53.3652991],[9.7352835,53.3654273],[9.7354255,53.3654656],[9.7380431,53.3661937],[9.7421664,53.367319],[9.7454278,53.368177],[9.7461074,53.3683428],[9.7466958,53.3684823],[9.7470435,53.3685586],[9.7479701,53.3687425],[9.7492441,53.3689674],[9.7507547,53.3691827],[9.7521044,53.3693354],[9.7532499,53.3694355],[9.754525,53.3695076],[9.7566831,53.3695881],[9.7641875,53.3698334],[9.7817602,53.3703854],[9.7881658,53.3705867],[9.7942888,53.370779],[9.7957022,53.3708234],[9.7965691,53.3708506],[9.7973233,53.3708743],[9.8030521,53.3710543],[9.8059266,53.3711446],[9.808914,53.3712385],[9.8091689,53.3712465],[9.8122196,53.3713423],[9.8129766,53.3713661],[9.8181146,53.3715275],[9.823417,53.371694],[9.8241753,53.3717179],[9.8311296,53.3719372],[9.8323969,53.3719761],[9.8375087,53.3721367],[9.8390214,53.3721842],[9.8400496,53.3722165],[9.8441067,53.372347],[9.8467086,53.3724303],[9.8484308,53.3724855],[9.850686,53.3725598],[9.8537903,53.3726514],[9.8548224,53.3726834],[9.8577998,53.3727756],[9.8610717,53.3728769],[9.8627787,53.3729152],[9.8638735,53.3729114],[9.8646105,53.3728909],[9.8653474,53.3728704],[9.8665089,53.3728168],[9.867759,53.3727313],[9.8687731,53.3726358],[9.8700827,53.3724956],[9.8710849,53.3723884],[9.8788387,53.37156],[9.8813981,53.3712957],[9.8816254,53.3712723],[9.8824018,53.3712022],[9.8829263,53.3711608],[9.8835016,53.3711262],[9.8843117,53.3710815],[9.8855227,53.3710471],[9.8868451,53.3710375],[9.8876315,53.3710568],[9.8882259,53.3710757],[9.8895343,53.3711378],[9.8904288,53.3712002],[9.8915711,53.371304],[9.8922913,53.3713792],[9.8930379,53.3714603],[9.8942856,53.3715929],[9.896434,53.3718183],[9.8985748,53.3720424],[9.9044586,53.3726548],[9.90465,53.3726761],[9.9103501,53.3732749],[9.9133934,53.3735935],[9.9283421,53.3751581],[9.9323911,53.3755818],[9.9337453,53.3757236],[9.9399951,53.3763777],[9.9432069,53.3767138],[9.9474393,53.3771568],[9.9487779,53.3772969],[9.9506962,53.3774977],[9.95368,53.3778099],[9.9564702,53.378102],[9.9571023,53.3781681],[9.957763,53.3782373],[9.9590638,53.3783734],[9.9620743,53.3786885],[9.9636844,53.378857],[9.9654585,53.3790528],[9.9670001,53.3792124],[9.967713,53.3792871],[9.9713635,53.3796766],[9.9725735,53.3798008],[9.9740528,53.3799397],[9.9748671,53.3800022],[9.9754665,53.380041],[9.9763389,53.3800974],[9.9792588,53.3802821],[9.9805359,53.380362],[9.983653,53.38056],[9.9871318,53.3807801],[9.9875556,53.3808069],[9.9946115,53.3812523],[9.9984939,53.3814987],[9.9991371,53.3815301],[9.9996324,53.3815444],[10.0002294,53.3815539],[10.000788,53.3815389],[10.0013275,53.3815142],[10.0019258,53.3814746],[10.0025248,53.381421],[10.0033223,53.3813226],[10.0047126,53.381109],[10.0051281,53.3810456],[10.0064949,53.3808353],[10.0077162,53.3806477],[10.0083913,53.3805424],[10.0090791,53.380429],[10.0092618,53.3803989],[10.0117688,53.3800244],[10.0123453,53.3799377],[10.0128922,53.3798689],[10.0135215,53.379824],[10.0138091,53.3798169],[10.0141293,53.3798174],[10.0144442,53.3798195],[10.0147465,53.3798346],[10.0150385,53.3798558],[10.015333,53.3798836],[10.0156901,53.3799308],[10.0161358,53.3800103],[10.0165486,53.3801046],[10.0169525,53.3802123],[10.0173154,53.3803252],[10.0177483,53.3804854],[10.0182871,53.3807217],[10.018701,53.3809276],[10.0190342,53.3811369],[10.0193043,53.3813318],[10.0196279,53.381593],[10.0199241,53.3818707],[10.0200924,53.3820585],[10.0202658,53.3822647],[10.0204258,53.3824773],[10.0205329,53.3826462],[10.0206446,53.3828495],[10.0207784,53.3831575],[10.0208175,53.3834791],[10.0208414,53.3836404],[10.0208489,53.3838361],[10.020853,53.3840863],[10.0208484,53.3843428],[10.0208128,53.3848949],[10.0207824,53.3853661],[10.0207853,53.3857734],[10.0208068,53.386096],[10.0208496,53.3863324],[10.0210155,53.3870919],[10.021965,53.3892217],[10.022068,53.3894529],[10.0223749,53.3901413],[10.022968,53.3915271],[10.0231046,53.3918461],[10.0249733,53.3959653],[10.0252338,53.3965482],[10.025675,53.3976205],[10.0259013,53.3981342],[10.0260267,53.3984649],[10.026304,53.399195],[10.0263408,53.3992981],[10.0266053,53.4000874],[10.0282905,53.4070246],[10.0290641,53.410233],[10.0302051,53.4149812],[10.0304296,53.4158958],[10.0306927,53.4168711],[10.0309159,53.4175765],[10.031171,53.4182832],[10.0315778,53.4192479],[10.0321549,53.42046],[10.0322201,53.4205895],[10.0328455,53.4218446],[10.0330406,53.4222378],[10.0334689,53.4230961],[10.0335422,53.4232359],[10.0338285,53.4238285],[10.0339493,53.4240732],[10.0341672,53.4245045],[10.0343171,53.4248296],[10.0345722,53.4254341],[10.0347072,53.4258401],[10.0348194,53.4262856],[10.0348829,53.4266344],[10.0349253,53.4269821],[10.0349405,53.4273936],[10.0349266,53.4277991],[10.0348882,53.4281471],[10.034831,53.428492],[10.0347556,53.4288121],[10.0346158,53.4292904],[10.0343739,53.4299669],[10.0332838,53.433026],[10.0316481,53.4375847],[10.0304054,53.4410616],[10.0302001,53.4418183],[10.0300549,53.4424984],[10.0299546,53.4431814],[10.0298247,53.444489],[10.0296646,53.446225],[10.0296246,53.4466354],[10.0296066,53.4467965],[10.0293735,53.4493682],[10.0292645,53.450286],[10.0291173,53.4510901],[10.0286155,53.4529442],[10.0283809,53.4537577],[10.0278849,53.4554781],[10.0273661,53.4572463],[10.0265912,53.4599303],[10.0261949,53.4613008],[10.026167,53.4614046],[10.0259077,53.4623273],[10.0258417,53.4625392],[10.025702,53.4630023],[10.025666,53.4631529],[10.0251336,53.4650735],[10.0249901,53.4656606],[10.024731,53.4668172],[10.0246428,53.4672396],[10.0243047,53.4688642],[10.0242712,53.4690057],[10.0241223,53.4696753],[10.0240994,53.4697781],[10.0238335,53.4710175],[10.0238097,53.471127],[10.0237666,53.4713489],[10.0235994,53.4720876],[10.0233978,53.4730172],[10.0227695,53.4759355],[10.0226742,53.4764649],[10.0225682,53.4770616],[10.0225445,53.4773642],[10.0225427,53.4773873],[10.0225295,53.4776082],[10.0225499,53.4781872],[10.0225846,53.47858],[10.0226382,53.4788723],[10.0227348,53.4793127],[10.022781,53.4794772],[10.0229854,53.4800427],[10.0231006,53.4803292],[10.0234244,53.4809543],[10.0236674,53.4813441],[10.0240034,53.4818199],[10.0242827,53.4821753],[10.0252195,53.4832975],[10.0272004,53.4856905],[10.027936,53.4865396],[10.0284801,53.4871787],[10.0286585,53.487406],[10.0295771,53.4885084],[10.0296254,53.488567],[10.0327107,53.4922702],[10.0336843,53.4934421],[10.0342099,53.4940681],[10.0342593,53.494127],[10.0352356,53.4952996],[10.0377337,53.4983148],[10.0379697,53.498637],[10.0380317,53.4987249],[10.038346,53.4991968],[10.0386447,53.4997123],[10.0388353,53.5001356],[10.0389287,53.5003694],[10.0390354,53.5006857],[10.0390583,53.5007583],[10.0391628,53.5011757],[10.0392875,53.5016171],[10.0393184,53.5018375],[10.03933,53.5020008],[10.0393306,53.50201],[10.0393428,53.5021825],[10.0393458,53.5024161],[10.0393446,53.5025646],[10.0393417,53.502665],[10.0393318,53.5028412],[10.0393172,53.5029974],[10.0392824,53.5032696],[10.039189,53.5043055],[10.0391802,53.5045556],[10.0391759,53.5048593],[10.0391858,53.5050493],[10.0392104,53.5052495],[10.0392529,53.5054753],[10.0393322,53.5057696],[10.0394096,53.5059779],[10.0395073,53.5061885],[10.039606,53.5063707],[10.039759,53.5066142],[10.0399153,53.5068231],[10.0401381,53.5070794],[10.0403888,53.507338],[10.0406938,53.5075981],[10.0409638,53.5077985],[10.0412636,53.5079962],[10.041521,53.5081501],[10.0418987,53.5083517],[10.0421404,53.5084673],[10.0423462,53.5085583],[10.0424476,53.5085993],[10.0427173,53.5087054],[10.0432046,53.5088733],[10.0436923,53.5090132],[10.0440586,53.5091041],[10.0444076,53.509178],[10.0449864,53.5092777],[10.0454033,53.5093352],[10.0458291,53.5093838],[10.04634,53.5094259],[10.0468045,53.5094486],[10.0473754,53.5094635],[10.0479183,53.5094725],[10.0487548,53.5094885],[10.0502466,53.5094507],[10.0505858,53.5094432],[10.0539871,53.5093634],[10.0542473,53.5093572],[10.0549398,53.509341],[10.0549643,53.5093404],[10.0570437,53.5092978],[10.0632685,53.5091574],[10.0638385,53.5091427],[10.0643289,53.5091324],[10.0654785,53.5090846],[10.0664589,53.5090422],[10.0671947,53.508988],[10.0674026,53.5089665],[10.0681289,53.5088923],[10.0689073,53.5087984],[10.0692804,53.5087458],[10.0695459,53.5087062],[10.069779,53.5086711],[10.0704121,53.5085688],[10.0719536,53.5082862],[10.0733575,53.5080175],[10.0751431,53.5076885],[10.07586,53.5075702],[10.0765895,53.5074569],[10.0767164,53.5074392],[10.0772489,53.5073696],[10.0781677,53.5072763],[10.0793479,53.5071786],[10.0800486,53.5071368],[10.0807641,53.5071047],[10.0814031,53.507093],[10.082049,53.5070909],[10.0829574,53.5071057],[10.0835716,53.5071236],[10.08462,53.5071817],[10.0853436,53.5072391],[10.0861372,53.5073195],[10.0868278,53.507408],[10.0880095,53.5075723],[10.0893441,53.5078124],[10.0903912,53.5080261],[10.091169,53.5081936],[10.092284,53.5084474],[10.0923539,53.5084645],[10.0930626,53.508638],[10.0941503,53.5089125],[10.0948642,53.5090901],[10.0962052,53.5094441],[10.0977996,53.5098828],[10.097953,53.5099275],[10.0996234,53.5104004],[10.1004857,53.5106612],[10.1012877,53.5109036],[10.104576,53.511953],[10.1060204,53.5124381],[10.1074409,53.5129366],[10.1091821,53.5135825],[10.1100673,53.513917],[10.1116289,53.5145434],[10.113173,53.5151822],[10.1143138,53.5156781],[10.1154454,53.5161823],[10.1165288,53.5166872],[10.1168115,53.5168181],[10.1180394,53.5174149],[10.1192485,53.5180201],[10.1204654,53.5186562],[10.1219836,53.5194665],[10.1237895,53.5205134],[10.1261509,53.52199],[10.1273868,53.5227873],[10.12757,53.5229088],[10.1294567,53.5242253],[10.1310749,53.5254288],[10.1321666,53.5262786],[10.1323583,53.5264513],[10.1325179,53.5265742],[10.1328167,53.5268198],[10.1338513,53.5277253],[10.1348435,53.5286439],[10.1353215,53.5291042],[10.1369978,53.5307494],[10.1386115,53.5324077],[10.1400443,53.5339584],[10.1401357,53.534056],[10.1408464,53.5348637],[10.1417568,53.5359155],[10.1425364,53.5368499],[10.1439871,53.5386608],[10.1446898,53.5395718],[10.14534,53.5404889],[10.1457882,53.5411785],[10.1461067,53.5417208],[10.1462214,53.5419356],[10.1467029,53.5428222],[10.1471108,53.543649],[10.1471749,53.5437772],[10.1477217,53.545012],[10.1478652,53.545359],[10.1483604,53.5466045],[10.1488279,53.5478516],[10.1491381,53.5486885],[10.1492173,53.5488956],[10.149739,53.5502406],[10.1500829,53.5510643],[10.1507045,53.5523865],[10.1511264,53.5531982],[10.1515388,53.5539126],[10.1518791,53.5544377],[10.1525802,53.555486],[10.152766,53.5557194],[10.1530293,53.5560418],[10.1533963,53.5564436],[10.1537904,53.556844],[10.154162,53.5572012],[10.1545579,53.5575477],[10.1551192,53.5579985],[10.1557491,53.5584596],[10.1564929,53.558957],[10.1570618,53.5592935],[10.1577103,53.5596426],[10.1582283,53.5598938],[10.1584871,53.5600101],[10.1587084,53.560108],[10.1588614,53.560172],[10.1590571,53.5602538],[10.1593045,53.560353],[10.1597357,53.5605111],[10.1602392,53.5606824],[10.1607482,53.5608441],[10.1612621,53.5609837],[10.1616736,53.5610807],[10.1620893,53.5611659],[10.1625279,53.5612519],[10.1629671,53.5613189],[10.1634961,53.5613849],[10.1640207,53.5614268],[10.1646213,53.5614606],[10.1652077,53.5614752],[10.1685772,53.5614758],[10.1693487,53.5614829],[10.1701395,53.561495],[10.171547,53.5615372],[10.1722431,53.5615723],[10.1727723,53.5616116],[10.1736025,53.5616917],[10.1747697,53.5618523],[10.1754185,53.5619257],[10.1763828,53.5621098],[10.1773242,53.5623134],[10.1783234,53.5625492],[10.1792764,53.5628218],[10.180218,53.5630912],[10.1808996,53.5633086],[10.1815691,53.5635332],[10.1821911,53.5637467],[10.1827903,53.5639761],[10.1837361,53.5643512],[10.1845381,53.5646863],[10.1852229,53.5650042],[10.186209,53.5654782],[10.18637,53.5655643],[10.1869411,53.5658582],[10.188236,53.5666165],[10.1892373,53.5672632],[10.1901764,53.5679264],[10.1913427,53.5688587],[10.1956907,53.5726262],[10.196922,53.5736865],[10.1972889,53.5740011],[10.198869,53.5753741],[10.2004194,53.5767254],[10.2008987,53.5771324],[10.2024016,53.5784337],[10.2042465,53.5800248],[10.2127634,53.587408],[10.2132344,53.5878163],[10.2136752,53.5881924],[10.2213433,53.5948054],[10.2229406,53.5962042],[10.2230795,53.5963262],[10.2248141,53.5978208],[10.2256456,53.5985482],[10.2264382,53.5992907],[10.2269241,53.5997915],[10.2274027,53.6002986],[10.227668,53.6006206],[10.2279322,53.6009501],[10.2284139,53.6015942],[10.2287583,53.6020961],[10.2290234,53.6025302],[10.2292398,53.6028982],[10.2294409,53.603273],[10.2297695,53.6039369],[10.2300391,53.6045462],[10.2302694,53.605154],[10.2310074,53.6077863],[10.2310751,53.6080321],[10.2320254,53.6112987],[10.2320363,53.6113362],[10.2321367,53.6116813],[10.2325997,53.613316],[10.2332286,53.6154789],[10.2333872,53.6160478],[10.2334911,53.6163535],[10.2336037,53.616632],[10.2339583,53.617386],[10.2343246,53.618038],[10.2347042,53.6186095],[10.2352309,53.6193068],[10.2357996,53.6199396],[10.2366314,53.6207605],[10.2374018,53.6214125],[10.2384263,53.6221788],[10.2473433,53.6282084],[10.2517985,53.6312241],[10.2553046,53.633592],[10.2564414,53.6343596],[10.2579468,53.6353714],[10.2582422,53.6355707],[10.2586877,53.6358649],[10.2593374,53.6362712],[10.2598403,53.6365644],[10.2604842,53.6368999],[10.2610661,53.6371892],[10.2617413,53.637495],[10.2628609,53.6379624],[10.2633011,53.6381343],[10.2640642,53.6384003],[10.2645779,53.63857],[10.2651089,53.6387354],[10.2657755,53.6389309],[10.2693723,53.6399223],[10.2719233,53.6406306],[10.2737218,53.6411292],[10.2745352,53.641355],[10.2753983,53.6416043],[10.2762499,53.6418753],[10.2772301,53.6422224],[10.2778367,53.6424541],[10.2784954,53.6427293],[10.2791064,53.6430061],[10.2798503,53.6433645],[10.2801363,53.643513],[10.2806019,53.6437548],[10.2811845,53.6440878],[10.2817563,53.644432],[10.2826854,53.645077],[10.283581,53.6457362],[10.286411,53.6478145],[10.2882405,53.6491846],[10.2894964,53.6501336],[10.2913213,53.6514837],[10.2925884,53.652465],[10.2936216,53.6533101],[10.2948312,53.6544516],[10.2960838,53.6558609],[10.297473,53.6578376],[10.2975949,53.6580111],[10.2995014,53.6607237],[10.3021272,53.6644594],[10.3052153,53.6688525],[10.3069114,53.6712651],[10.3092416,53.6745794],[10.310602,53.6765143],[10.3124045,53.6790779],[10.3141717,53.681591],[10.3153922,53.6833266],[10.3170035,53.6856179],[10.3184266,53.6876414],[10.3206709,53.6908324],[10.3215192,53.6920491],[10.322176,53.6929913],[10.3233698,53.6947037],[10.3236765,53.6951983],[10.3243632,53.6962795],[10.3247055,53.696868],[10.32506,53.6974773],[10.3255164,53.698262],[10.3261646,53.6993762],[10.3269107,53.7006586],[10.3275972,53.7018387],[10.3291018,53.7044248],[10.3322065,53.7097607],[10.3325906,53.7104208],[10.3336824,53.712297],[10.333916,53.7126984],[10.3341737,53.713094],[10.3345305,53.7135927],[10.3348142,53.7139518],[10.3351999,53.7144146],[10.3365113,53.7159344],[10.3369657,53.7164623],[10.3384381,53.7181065],[10.3389453,53.7186694],[10.3400624,53.7199604],[10.3404797,53.7204283],[10.3421994,53.7223749],[10.343752,53.724143],[10.3439768,53.7243957],[10.3471533,53.7279989],[10.3540984,53.73585],[10.3572718,53.7394556],[10.3577722,53.7400242],[10.3580208,53.7403027],[10.3615249,53.7442582],[10.3631172,53.7460634],[10.3641818,53.7472448],[10.364926,53.7480066],[10.3652104,53.7482785],[10.3657196,53.7487654],[10.3667912,53.7496918],[10.3675492,53.7503341],[10.36834,53.7509656],[10.3700461,53.7523592],[10.3739033,53.7554923],[10.3771998,53.7581777],[10.3804819,53.7608532],[10.3817555,53.7618889],[10.3830521,53.7629099],[10.3838933,53.7634967],[10.3847817,53.7640643],[10.385202,53.7643206],[10.3938244,53.7690477],[10.3975874,53.7710969],[10.397698,53.7711571],[10.4022314,53.7736235],[10.4031843,53.7741441],[10.4044336,53.774826],[10.4048256,53.7750405],[10.405705,53.7755218],[10.4069424,53.7762359],[10.4078226,53.7768049],[10.408657,53.777392],[10.4099805,53.7783914],[10.4123854,53.7802402],[10.412747,53.780515],[10.413726,53.7812742],[10.4144463,53.7818243],[10.4153844,53.7825544],[10.4178206,53.7844208],[10.4186171,53.7850398],[10.4196098,53.7857914],[10.4199721,53.7860754],[10.4204989,53.7864884],[10.4218613,53.7875372],[10.4232475,53.7885835],[10.4239239,53.7890457],[10.4246248,53.7894951],[10.4252261,53.7898585],[10.4258469,53.7902163],[10.4287519,53.7917179],[10.4316929,53.7932081],[10.4352572,53.7950225],[10.4427589,53.7988372],[10.444693,53.7998194],[10.4448615,53.7999031],[10.4450598,53.8000007],[10.4467657,53.8008704],[10.4473543,53.8011704],[10.4499887,53.8025157],[10.452074,53.8035653],[10.4536079,53.8043535],[10.4542717,53.8047115],[10.4549155,53.8050837],[10.4561448,53.8058557],[10.4568609,53.8063496],[10.4577808,53.8070353],[10.4581608,53.8073206],[10.4606232,53.8091723],[10.4612611,53.809652],[10.4617272,53.8099991],[10.4633464,53.8111756],[10.4645982,53.8120216],[10.4659135,53.8128515],[10.4667842,53.8133479],[10.4676828,53.8138348],[10.4683708,53.8141959],[10.4690824,53.8145447],[10.4704522,53.8151809],[10.4718724,53.8157836],[10.4725349,53.8160439],[10.4732108,53.8162949],[10.4738867,53.8165443],[10.4745844,53.816783],[10.4758112,53.8171801],[10.4775555,53.8176876],[10.4784699,53.8179324],[10.47958,53.8182113],[10.4802265,53.8183603],[10.4805989,53.8184367],[10.4817602,53.8186833],[10.4827577,53.8188725],[10.483823,53.8190541],[10.4849377,53.8192243],[10.4866178,53.819446],[10.4882969,53.8196176],[10.4891512,53.8196922],[10.4900041,53.8197484],[10.4908745,53.8198062],[10.4917483,53.8198438],[10.4932525,53.8198924],[10.4934324,53.8198965],[10.5046625,53.8200641],[10.507865,53.820105],[10.5102198,53.8201421],[10.5109824,53.820147],[10.5137772,53.8201819],[10.5142113,53.8201898],[10.516385,53.8202171],[10.517478,53.8202369],[10.5185634,53.8202692],[10.5193689,53.8203034],[10.520177,53.8203513],[10.5217907,53.8204867],[10.5226332,53.8205797],[10.5234593,53.8206849],[10.5242801,53.8208029],[10.5250886,53.8209342],[10.5262032,53.8211378],[10.5272895,53.8213658],[10.5281492,53.8215629],[10.5290018,53.8217837],[10.5305175,53.8222105],[10.5323475,53.8228005],[10.5348301,53.8236314],[10.5351604,53.8237438],[10.5386339,53.8249156],[10.5415897,53.8259073],[10.5445217,53.8269197],[10.5466939,53.8277358],[10.5488152,53.8285772],[10.5514914,53.8297713],[10.5527557,53.8303676],[10.5540061,53.8309733],[10.55875,53.8334189],[10.5608909,53.8345338],[10.5630415,53.8356446],[10.5676358,53.8380191],[10.5702688,53.8392871],[10.5720612,53.840109],[10.5747149,53.8413308],[10.5762996,53.8420555],[10.5794007,53.84348],[10.5810272,53.8442233],[10.5834113,53.8453129],[10.5846394,53.8458839],[10.5864991,53.8467305],[10.5866699,53.8468089],[10.5921942,53.8493553],[10.5932286,53.8498312],[10.594336,53.8503332],[10.5976645,53.8518641],[10.5989941,53.8524707],[10.6018698,53.8537858],[10.603538,53.8545556],[10.6054012,53.8554085],[10.6070204,53.8561491],[10.6087229,53.8569332],[10.6111313,53.8580274],[10.6112308,53.8580675],[10.6137411,53.859092],[10.6162668,53.8600922],[10.6192366,53.8612728],[10.6228925,53.8627278],[10.623739,53.8630631],[10.6256288,53.8638081],[10.627661,53.8646163],[10.6286387,53.8650076],[10.630388,53.8657388],[10.6356096,53.867962],[10.6362134,53.8682134],[10.6383832,53.8691396],[10.6394847,53.8696107],[10.642175,53.8707521],[10.6476753,53.8730869],[10.6478167,53.8731463],[10.6483929,53.8733902],[10.6541459,53.8758393],[10.6560423,53.8766703],[10.6571696,53.8771961],[10.6583275,53.8777975],[10.6588009,53.8780578],[10.6592534,53.8783259],[10.6599993,53.8787796],[10.660245,53.8789435],[10.6604566,53.8790847],[10.6608577,53.8793559],[10.661592,53.8798919],[10.6624541,53.8805971],[10.6629104,53.8809943],[10.6631639,53.8812376],[10.6633893,53.8814562],[10.6638768,53.8819497],[10.6641003,53.8821987],[10.6645847,53.8827719],[10.6647262,53.8829363],[10.6652315,53.8836073],[10.6657103,53.8842803],[10.6658759,53.8845209],[10.6674234,53.8869336],[10.6705902,53.8920204],[10.6713748,53.8932565],[10.6716245,53.8936619],[10.6719018,53.8940661],[10.6721992,53.8944633],[10.6725334,53.8948556],[10.6729455,53.8952835],[10.6734085,53.895703],[10.6739564,53.8961399],[10.6745717,53.8965781],[10.6752351,53.8970046],[10.6787232,53.8992643],[10.6816006,53.9011465],[10.6820797,53.9014857],[10.6823024,53.9016612],[10.6825166,53.9018419],[10.6827563,53.902043],[10.6829519,53.9022071],[10.6833701,53.902604],[10.6838196,53.9030959],[10.6839815,53.9032744],[10.6840245,53.9033229],[10.6851086,53.904486],[10.6857556,53.9050794],[10.6861675,53.905419],[10.6866069,53.9057444],[10.6872685,53.9061695],[10.6879677,53.9065697],[10.6886664,53.9069206],[10.6891742,53.90715],[10.6897045,53.9073721],[10.6904952,53.9076675],[10.6913139,53.9079416],[10.6924698,53.9083002],[10.6929374,53.9084535],[10.6935214,53.9086505],[10.6941924,53.9088915],[10.6946928,53.9090908],[10.6956232,53.9095127],[10.6961322,53.9097681],[10.6981565,53.9109384],[10.698684,53.911243],[10.6992385,53.9115424],[10.6997301,53.9117833],[10.7002445,53.9120196],[10.700811,53.9122652],[10.7014146,53.9124957],[10.7017221,53.9126134],[10.7023914,53.9128485],[10.7030193,53.913044],[10.7036686,53.9132251],[10.7043019,53.91339],[10.7049495,53.9135393],[10.7061619,53.9137807],[10.7086299,53.9142444],[10.7108696,53.9146691],[10.7142141,53.9152873],[10.715586,53.9155625],[10.7161135,53.9156815],[10.7168773,53.9158735],[10.7175651,53.9160676],[10.7183787,53.9163347],[10.7190822,53.9165986],[10.719759,53.9168822],[10.7204483,53.9171959],[10.7208741,53.9174169],[10.7216412,53.917876],[10.7220189,53.9181079],[10.7226058,53.9185259],[10.722984,53.9188259],[10.7234114,53.9191891],[10.7237037,53.9194467],[10.7239547,53.9197262],[10.7240473,53.9198325],[10.7244818,53.9203438],[10.7248557,53.9208801],[10.7249461,53.9210266],[10.7253859,53.9218232],[10.7256222,53.9224194],[10.7257481,53.9227532],[10.7258039,53.9229469],[10.7260957,53.9239719],[10.7265038,53.9252939],[10.7269404,53.9264355],[10.7272698,53.9271596],[10.7273404,53.9272981],[10.7278345,53.9281629],[10.7280998,53.9285801],[10.7283947,53.9289886],[10.729027,53.9297716],[10.7297693,53.930592],[10.7303098,53.9311047],[10.7308486,53.9315788],[10.7317645,53.9323646],[10.7328213,53.9331865],[10.7338216,53.9338994],[10.7338669,53.9339322],[10.7339745,53.9340196],[10.734463,53.9343581],[10.7360512,53.9354246],[10.7372827,53.9362601],[10.7400751,53.9381473],[10.741517,53.9391866],[10.7428515,53.9402789],[10.7433345,53.9406775],[10.7440487,53.9413681],[10.7451433,53.942554],[10.7457332,53.9433238],[10.7462384,53.9440869],[10.7467125,53.9448738],[10.7468159,53.9451238],[10.7473011,53.946149],[10.7474659,53.9467488],[10.747662,53.9474623],[10.7477284,53.9477869],[10.7477926,53.9481004],[10.7478562,53.9486256],[10.7478907,53.9490123],[10.7478964,53.949255],[10.7479079,53.9497551],[10.747898,53.9501146],[10.7478479,53.9507587],[10.7477953,53.9511515],[10.7476568,53.9518777],[10.7476019,53.9521034],[10.7472579,53.9531785],[10.7468673,53.9541205],[10.7466893,53.954454],[10.7462257,53.9552456],[10.745601,53.9561907],[10.7454293,53.9564097],[10.7448479,53.9571514],[10.7440574,53.958068],[10.7428197,53.9593407],[10.7419239,53.9602321],[10.7415415,53.9606126],[10.7407433,53.9614077],[10.7404709,53.9616861],[10.7391389,53.9629989],[10.7379472,53.9643065],[10.7376829,53.9645965],[10.7368828,53.9655312],[10.7361079,53.9665946],[10.7354794,53.9675281],[10.735061,53.9682475],[10.7348376,53.9686316],[10.7342484,53.9698026],[10.7337582,53.9709207],[10.7333666,53.9720604],[10.7332705,53.97245],[10.7330116,53.9734988],[10.7327817,53.9748128],[10.732692,53.9758078],[10.732671,53.9767076],[10.732655,53.9770248],[10.7327369,53.9784949],[10.7328993,53.9800274],[10.7331652,53.9817601],[10.7335651,53.9843405],[10.7336895,53.985252],[10.7337841,53.9862335],[10.7338364,53.987483],[10.7338296,53.9884237],[10.7337671,53.9896354],[10.7336412,53.9907338],[10.7334942,53.9916605],[10.7333569,53.9923437],[10.7331967,53.9930232],[10.7328976,53.9941348],[10.7325549,53.9952521],[10.7310396,53.9994918],[10.7310074,53.9995769],[10.7309146,53.9998215],[10.7303136,54.0015099],[10.7296851,54.003483],[10.729409,54.0044832],[10.7291363,54.0056687],[10.7289504,54.0068455],[10.7288285,54.0078616],[10.7287837,54.008494],[10.728769,54.0095988],[10.7287838,54.0102497],[10.7288074,54.0107374],[10.728891,54.0116525],[10.7290247,54.0125669],[10.729075,54.0128513],[10.7292706,54.0137786],[10.7294878,54.0147046],[10.7302109,54.0173661],[10.7305324,54.0184522],[10.7306042,54.0187238],[10.7308611,54.0197427],[10.7310812,54.0207629],[10.7312098,54.0214785],[10.7313135,54.0221586],[10.7313452,54.0224139],[10.731415,54.0231484],[10.7314606,54.0239578],[10.7314638,54.0247623],[10.7314002,54.0259947],[10.73136,54.0265072],[10.731272,54.0272768],[10.7311941,54.0277106],[10.7311413,54.0280069],[10.7309643,54.0288923],[10.730743,54.0297476],[10.7305941,54.0303041],[10.7301777,54.0316918],[10.7294192,54.0341853],[10.7291218,54.0352637],[10.7289937,54.0357283],[10.7285788,54.0375871],[10.7284579,54.0385466],[10.7284266,54.0389174],[10.7284129,54.039239],[10.7283915,54.0395668],[10.7283841,54.0400506],[10.7284113,54.040804],[10.7284772,54.0416536],[10.728534,54.0420937],[10.7285669,54.0423059],[10.7286292,54.0426312],[10.7286996,54.0429618],[10.728773,54.0433764],[10.7288221,54.0435849],[10.7290768,54.0444825],[10.7293005,54.0451632],[10.7294634,54.0455862],[10.729658,54.0460598],[10.7298733,54.0465326],[10.7301061,54.04702],[10.7304138,54.0476111],[10.7307926,54.0482712],[10.7310609,54.048709],[10.7312408,54.0489815],[10.7316607,54.0495885],[10.7327095,54.0509663],[10.7337422,54.0521028],[10.7339844,54.0523503],[10.7341131,54.0524769],[10.7343373,54.0526976],[10.7351085,54.0534296],[10.7356147,54.0538719],[10.736673,54.0547483],[10.736889,54.0549249],[10.7376821,54.0555191],[10.7382107,54.0558984],[10.738596,54.0561664],[10.7396549,54.0568803],[10.7404905,54.0574195],[10.7424652,54.0586439],[10.7437248,54.0594116],[10.7445649,54.0599236],[10.745274,54.060349],[10.7459515,54.0607802],[10.7468626,54.0613556],[10.7477405,54.0619306],[10.748525,54.0624592],[10.7489217,54.0627432],[10.7491609,54.0629122],[10.7495744,54.0632067],[10.7503729,54.0638113],[10.7510445,54.0643388],[10.7522739,54.0653923],[10.7526145,54.0656842],[10.7532145,54.0662314],[10.7532531,54.0662666],[10.7534801,54.0664765],[10.7536746,54.0666731],[10.7544643,54.0674752],[10.7550184,54.0680717],[10.7555402,54.068665],[10.7560438,54.0692579],[10.7565312,54.0698786],[10.7569983,54.0705036],[10.7574081,54.0710766],[10.7576894,54.0714811],[10.7580225,54.0720017],[10.7583335,54.0725201],[10.7586281,54.0730141],[10.7591558,54.0740539],[10.7594005,54.0745232],[10.7595948,54.0749502],[10.7597335,54.0752658],[10.7603809,54.0766968],[10.7607946,54.0777631],[10.7612331,54.0788265],[10.7616198,54.0797356],[10.7620089,54.0805779],[10.7624803,54.0815177],[10.7627804,54.0820618],[10.7631619,54.0827141],[10.7635331,54.0832633],[10.7638992,54.0837786],[10.7643096,54.0843009],[10.7646059,54.0846702],[10.7650138,54.0851545],[10.7653787,54.0855559],[10.7657866,54.085975],[10.7661829,54.0863473],[10.766418,54.0865633],[10.7668291,54.0869432],[10.7675152,54.0875228],[10.7688211,54.0885347],[10.7701835,54.089511],[10.7704823,54.0897226],[10.7717048,54.0906168],[10.7729986,54.0916653],[10.7735426,54.0921394],[10.7744323,54.0929407],[10.7749523,54.0934437],[10.775258,54.0937587],[10.7758932,54.0944132],[10.7762398,54.0948073],[10.7765107,54.0951122],[10.7769653,54.0956523],[10.7774629,54.096289],[10.7779808,54.0970142],[10.7784751,54.0977583],[10.7787326,54.0981908],[10.7789759,54.0985847],[10.7792004,54.0989773],[10.7793999,54.099347],[10.7796506,54.0998535],[10.7799183,54.1004271],[10.7803715,54.1015203],[10.7804847,54.1018435],[10.7807108,54.1024739],[10.7810707,54.1036041],[10.7810907,54.1036737],[10.7814063,54.1047802],[10.781494,54.1051167],[10.7821489,54.1073726],[10.7821947,54.1075302],[10.7827392,54.1092469],[10.7830489,54.11013],[10.7833989,54.1110093],[10.7837078,54.1117013],[10.7838938,54.1120986],[10.7841973,54.112674],[10.7844289,54.113119],[10.784677,54.113564],[10.7851919,54.1143883],[10.7856868,54.115115],[10.7862266,54.1158349],[10.7866994,54.116423],[10.7871932,54.1169993],[10.7876016,54.1174579],[10.7880062,54.117869],[10.7883769,54.1182327],[10.7887754,54.118602],[10.7893725,54.1191035],[10.7897142,54.1193691],[10.7900777,54.1196233],[10.7904826,54.1198989],[10.7908839,54.1201677],[10.7913502,54.1204313],[10.7916008,54.1205689],[10.7922845,54.1209114],[10.7930656,54.1212555],[10.7938698,54.1215708],[10.7952836,54.1220506],[10.796079,54.1222812],[10.7969024,54.1225039],[10.7983254,54.1228463],[10.7997621,54.1231512],[10.8010301,54.1233812],[10.8023081,54.123597],[10.8037604,54.1238163],[10.8045144,54.1239201],[10.8065973,54.1241934],[10.8086961,54.1244387],[10.8112268,54.1247137],[10.8127697,54.1248756],[10.8134977,54.1249538],[10.8161154,54.1252763],[10.818016,54.1255574],[10.8185921,54.1256525],[10.8196194,54.1258336],[10.8210524,54.1261151],[10.8213896,54.1261859],[10.8220772,54.1263425],[10.8226706,54.1264823],[10.823413,54.1266759],[10.823983,54.1268291],[10.8255831,54.1273124],[10.8257316,54.1273622],[10.8262753,54.1275445],[10.8269635,54.1277876],[10.8277762,54.1281],[10.828362,54.1283207],[10.8289822,54.1285814],[10.8296421,54.1288759],[10.8302146,54.1291487],[10.8307184,54.1294],[10.8312444,54.1296714],[10.8317676,54.1299527],[10.832352,54.1302805],[10.8337554,54.1311513],[10.8345513,54.1317027],[10.8353213,54.1322816],[10.8363938,54.1331655],[10.8369949,54.1336992],[10.837543,54.1342194],[10.8383467,54.1350221],[10.8390735,54.1358179],[10.8397233,54.1365922],[10.8403588,54.1373826],[10.8412201,54.1384783],[10.8419105,54.1394598],[10.8424212,54.1402205],[10.8433119,54.1415635],[10.8450636,54.1442332],[10.8459054,54.1454532],[10.846415,54.1461574],[10.8468646,54.1467458],[10.8478824,54.1479889],[10.8486383,54.1488305],[10.8494318,54.1496659],[10.8495096,54.1497482],[10.850269,54.150494],[10.8510495,54.1512196],[10.8522529,54.1522803],[10.8531439,54.1530127],[10.8540563,54.1537236],[10.8549986,54.1544247],[10.8559942,54.1551357],[10.8570065,54.1558363],[10.857571,54.1562055],[10.8587755,54.1569876],[10.8590856,54.157189],[10.8608483,54.1582932],[10.8635393,54.1599257],[10.8692694,54.1633592],[10.869614,54.1635657],[10.8741648,54.1662758],[10.8786962,54.1689981],[10.8802441,54.1699838],[10.881746,54.1709817],[10.8835382,54.1722806],[10.8844525,54.1729952],[10.8853294,54.1737193],[10.8862603,54.1745272],[10.8864568,54.174704],[10.8875002,54.1756849],[10.8884919,54.1766845],[10.8888345,54.1770479],[10.8894759,54.1777559],[10.8899242,54.1782795],[10.8903626,54.1788128],[10.8910413,54.1796852],[10.8916866,54.1805606],[10.892365,54.1815665],[10.8931907,54.1829274],[10.8932897,54.1831038],[10.8940339,54.1845271],[10.8944177,54.1853858],[10.8946837,54.1860257],[10.894874,54.186519],[10.8951759,54.1873692],[10.8954471,54.188225],[10.8956493,54.1888931],[10.8962346,54.1911243],[10.8970427,54.1943855],[10.8983973,54.1998516],[10.8992425,54.203277],[10.8997308,54.2053205],[10.9000059,54.2064306],[10.900296,54.2074966],[10.9003473,54.2077201],[10.9013534,54.211777],[10.9014444,54.2121728],[10.9017329,54.213406],[10.9019566,54.214497],[10.9021205,54.2154593],[10.9022157,54.2161004],[10.902289,54.2169638],[10.9023326,54.2173818],[10.9023488,54.2180444],[10.9023486,54.2187093],[10.9023119,54.2193908],[10.9022757,54.2198662],[10.9022198,54.2203405],[10.9020872,54.2211553],[10.9019847,54.2216939],[10.9018576,54.2222459],[10.901702,54.222815],[10.9015153,54.2234031],[10.9013122,54.2239884],[10.9009383,54.2249328],[10.9005927,54.2257109],[10.9001939,54.2265363],[10.8997373,54.2274089],[10.8992314,54.2283047],[10.8987004,54.2291973],[10.8982555,54.2299061],[10.8971393,54.2316089],[10.8957969,54.2335608],[10.8944277,54.2355076],[10.8933389,54.2371281],[10.8929584,54.2377059],[10.8926956,54.2381135],[10.8923896,54.2386129],[10.8918009,54.2395624],[10.8913527,54.2403377],[10.8910261,54.2409431],[10.8905413,54.24189],[10.8900535,54.2429166],[10.8897726,54.2435701],[10.8894038,54.2445172],[10.8892958,54.2448185],[10.8891203,54.2453265],[10.8887431,54.2465661],[10.8886796,54.2468167],[10.88845,54.2477225],[10.8882662,54.2485638],[10.8881158,54.2494261],[10.8880104,54.2502331],[10.8879366,54.2510044],[10.8878895,54.251747],[10.8878557,54.2526329],[10.8878558,54.2535093],[10.8878803,54.2542407],[10.8879279,54.2549723],[10.8879976,54.2557075],[10.8880982,54.2564641],[10.8882864,54.2576428],[10.8884705,54.2584495],[10.8886152,54.2590399],[10.8887638,54.2596256],[10.8891069,54.2607126],[10.8895836,54.2620473],[10.8898116,54.2627097],[10.8899029,54.2630209],[10.8900175,54.2635177],[10.8900544,54.2637703],[10.8900811,54.2640719],[10.8900811,54.2643672],[10.8900771,54.2645763],[10.8900561,54.2647798],[10.8900073,54.2650392],[10.8899429,54.2652907],[10.8898582,54.2655186],[10.8897646,54.2657575],[10.8896372,54.2659871],[10.8893967,54.2663711],[10.8890867,54.2667926],[10.8888215,54.2671046],[10.8885431,54.2674147],[10.8881182,54.2678657],[10.8878349,54.2681516],[10.8868703,54.2691754],[10.8862181,54.2699353],[10.8858606,54.2704049],[10.8855627,54.2708062],[10.8852021,54.2713447],[10.8849701,54.2717128],[10.8847408,54.2721059],[10.8845226,54.2724995],[10.884317,54.272936],[10.8840743,54.2734646],[10.8838463,54.2739924],[10.883397,54.2750488],[10.8831985,54.2755171],[10.8829693,54.2759818],[10.8826449,54.2765912],[10.8823055,54.2771688],[10.8820423,54.2775757],[10.8817988,54.2779432],[10.8813491,54.2785536],[10.8810271,54.2789518],[10.8804172,54.2796889],[10.8790795,54.2813279],[10.8782699,54.2823131],[10.8781173,54.2824873],[10.8766969,54.284197],[10.8753019,54.2858479],[10.875081,54.286069],[10.8747321,54.286493],[10.8743995,54.2868871],[10.8737906,54.2876336],[10.8728077,54.2888137],[10.8725252,54.289172],[10.8721508,54.2896382],[10.8719244,54.2899473],[10.8717189,54.290249],[10.8715526,54.2905118],[10.8713906,54.2908073],[10.871217,54.2911145],[10.871072,54.291462],[10.8709485,54.2918028],[10.8708471,54.2922784],[10.870807,54.2926002],[10.8708013,54.2927872],[10.8708052,54.29301],[10.8708145,54.293204],[10.8708282,54.2933496],[10.8708537,54.2935677],[10.8709188,54.2938867],[10.8710244,54.2941988],[10.8711525,54.2945094],[10.8712392,54.2946853],[10.8713049,54.2948032],[10.8714065,54.294973],[10.8716535,54.2953649],[10.8718769,54.2956441],[10.8720757,54.2958695],[10.872324,54.296123],[10.8724719,54.2962638],[10.8727647,54.2965109],[10.8729586,54.2966561],[10.8731646,54.2968175],[10.8734863,54.2970465],[10.8737231,54.2971933],[10.8739159,54.297313],[10.8740962,54.2974209],[10.874415,54.2975878],[10.8747129,54.2977437],[10.8749162,54.2978361],[10.8753714,54.2980353],[10.8760142,54.2982812],[10.8766922,54.2985011],[10.8772388,54.2986601],[10.8781882,54.2989018],[10.8789519,54.2990865],[10.8797952,54.2992764],[10.8832273,54.3000475],[10.8858429,54.30062],[10.888131,54.3011534],[10.8905876,54.3017045],[10.8908753,54.3017735],[10.8921665,54.3020682],[10.8934456,54.3023817],[10.8941057,54.3025596],[10.8952704,54.3028981],[10.8960233,54.3031343],[10.8967146,54.303371],[10.8974173,54.3036168],[10.8985597,54.3040724],[10.899226,54.3043537],[10.8998107,54.3046122],[10.9016887,54.3054707],[10.9028177,54.3059955],[10.904626,54.3068406],[10.9049067,54.3069831],[10.9054518,54.3072743],[10.9056978,54.3074143],[10.9060329,54.3076172],[10.9065044,54.3079181],[10.9069971,54.3082707],[10.9073719,54.3085453],[10.9076937,54.3088128],[10.908355,54.3094329],[10.9095758,54.310674],[10.9096504,54.3107445],[10.9098093,54.3109019],[10.9107845,54.3118861],[10.9111896,54.3122893],[10.9123055,54.313421],[10.912743,54.3138314],[10.9130588,54.3141044],[10.913466,54.3144188],[10.9138853,54.3147142],[10.9145042,54.3151098],[10.9148176,54.3152937],[10.915261,54.3155314],[10.9156691,54.3157388],[10.9163117,54.3160306],[10.9172481,54.3164262],[10.9183372,54.316875],[10.9192808,54.3172996],[10.9198647,54.3175892],[10.9207038,54.3180476],[10.9218759,54.3187539],[10.9230397,54.3194551],[10.9254251,54.3208803],[10.9257236,54.3210603],[10.9263284,54.3214317],[10.9266672,54.3216423],[10.9272956,54.3220189],[10.9280321,54.3224703],[10.9286139,54.3228255],[10.92898,54.3230563],[10.9292289,54.3232148],[10.9295817,54.3234624],[10.9298717,54.3236824],[10.9302382,54.3239928],[10.9304839,54.324217],[10.9306651,54.3243994],[10.9307647,54.3244997],[10.9310233,54.3247883],[10.9312613,54.3250819],[10.9314762,54.3253884],[10.9315849,54.3255614],[10.9316737,54.32571],[10.9318309,54.3260007],[10.9319696,54.3263153],[10.9320568,54.3265391],[10.9321513,54.3268401],[10.9322745,54.3274344],[10.9323292,54.3279385],[10.9323806,54.3285475],[10.9323947,54.328707],[10.9324278,54.3289345],[10.9324701,54.3291585],[10.9325002,54.329356],[10.9325532,54.3295542],[10.9326747,54.3299602],[10.9328224,54.3303515],[10.9329642,54.3306845],[10.9330797,54.3309027],[10.9332476,54.3311738],[10.9335504,54.3316162],[10.9338007,54.3319521],[10.9342052,54.3324005],[10.934554,54.3327668],[10.934891,54.3330936],[10.9352162,54.3334291],[10.9356217,54.3338994],[10.935754,54.3340639],[10.9361858,54.3346005],[10.9364922,54.3349545],[10.9368467,54.3353272],[10.9372219,54.335695],[10.9415007,54.3399291],[10.9424847,54.3409113],[10.9434758,54.3418858],[10.9475129,54.3458909],[10.9476055,54.3459828],[10.9488012,54.3471517],[10.9505402,54.3488683],[10.9513856,54.3497042],[10.953805,54.3521061],[10.9574032,54.355655],[10.9586196,54.3568676],[10.9587084,54.3569578],[10.9590678,54.3573094],[10.9596395,54.3578705],[10.9608744,54.3590504],[10.9613372,54.3594661],[10.9619495,54.3599627],[10.9622359,54.3601716],[10.9624915,54.3603476],[10.962678,54.3604792],[10.9628525,54.3605952],[10.9632392,54.3608402],[10.9635,54.3609918],[10.963809,54.3611649],[10.9643416,54.3614246],[10.9647937,54.361637],[10.96514,54.3617921],[10.9655105,54.3619332],[10.9659809,54.3621059],[10.9664593,54.3622593],[10.9669612,54.3624051],[10.9674687,54.3625254],[10.9680045,54.3626339],[10.9684961,54.3627246],[10.9690405,54.3628076],[10.9696059,54.3628779],[10.9699026,54.3629089],[10.9701744,54.3629373],[10.9707172,54.3629787],[10.9713061,54.3630069],[10.9720951,54.3630295],[10.9732645,54.3630249],[10.9747444,54.3629775],[10.9756293,54.3629299],[10.9767349,54.3628596],[10.9777012,54.362793],[10.9779101,54.3627762],[10.9790425,54.36268],[10.9819443,54.3624316],[10.9834488,54.3623055],[10.9849542,54.3621927],[10.9852827,54.3621668],[10.9855548,54.3621484],[10.9876401,54.3620071],[10.9889312,54.3619265],[10.9915483,54.361787],[10.9932336,54.3617077],[10.9944291,54.3616619],[10.9957546,54.3616048],[10.9969218,54.361573],[10.9976129,54.3615576],[10.9987597,54.3615444],[10.9999284,54.3615455],[11.0008801,54.361564],[11.0015601,54.3615893],[11.0023345,54.3616301],[11.0032043,54.3616943],[11.0040696,54.3617796],[11.0045463,54.3618397],[11.0053597,54.3619468],[11.006218,54.3620765],[11.0070735,54.3622284],[11.00793,54.362392],[11.0084496,54.3624883],[11.0089693,54.3625714],[11.0096172,54.3626724],[11.0099398,54.3627186],[11.0105038,54.3627911],[11.011042,54.3628609],[11.0119622,54.3629636],[11.0129942,54.3630598],[11.0142442,54.3631454]]}},{"type":"Feature","properties":{"route":"A 1","section":"northern","direction":"south","length_km":606.723},"geometry":{"type":"LineString","coordinates":[[11.0158443,54.3633334],[11.0134473,54.3631971],[11.0125509,54.3631256],[11.0115149,54.3630191],[11.0104426,54.3628929],[11.0099519,54.3628244],[11.0096316,54.3627809],[11.0087628,54.3626444],[11.0083826,54.3625804],[11.0075885,54.3624346],[11.0066541,54.3622598],[11.0059962,54.3621478],[11.0049265,54.3619905],[11.0040674,54.3618852],[11.0030459,54.3617817],[11.0020378,54.3617147],[11.0010291,54.3616712],[11.0008375,54.3616672],[10.9998838,54.3616475],[10.9983551,54.361646],[10.9969746,54.3616718],[10.995806,54.3617139],[10.994537,54.361753],[10.9932665,54.3618089],[10.9911132,54.3619015],[10.987314,54.3621287],[10.9855335,54.3622521],[10.985361,54.3622641],[10.9849464,54.3622926],[10.9823142,54.3625024],[10.9796924,54.3627313],[10.979559,54.3627429],[10.9778945,54.3628798],[10.9776828,54.3628957],[10.977352,54.3629177],[10.9762779,54.3629931],[10.9752022,54.3630578],[10.9739605,54.363108],[10.9727246,54.3631321],[10.9716391,54.3631186],[10.9711047,54.3630974],[10.9705395,54.3630667],[10.970189,54.3630409],[10.9695154,54.3629717],[10.9689957,54.3629064],[10.9684935,54.3628262],[10.9679362,54.3627282],[10.9673979,54.3626146],[10.9667949,54.3624706],[10.9663732,54.3623479],[10.9659158,54.3622021],[10.9654306,54.3620335],[10.9650129,54.3618688],[10.9645733,54.361675],[10.964149,54.3614725],[10.963746,54.3612687],[10.9633592,54.3610593],[10.9630884,54.3608937],[10.9627602,54.3606893],[10.9619644,54.3601439],[10.9615884,54.3598415],[10.9614552,54.3597363],[10.9612337,54.3595572],[10.9608942,54.3592636],[10.960639,54.3590294],[10.9604397,54.3588446],[10.9601556,54.358569],[10.9594019,54.357815],[10.9585635,54.3570088],[10.9584768,54.3569225],[10.9572664,54.3557232],[10.9542199,54.3526981],[10.9530701,54.3515684],[10.9523668,54.3508707],[10.951256,54.3497736],[10.9503908,54.3489189],[10.9486223,54.3471697],[10.947462,54.346036],[10.9473585,54.3459354],[10.9456252,54.3442127],[10.9449641,54.3435592],[10.9447919,54.3433953],[10.9433409,54.3419477],[10.9430855,54.3416929],[10.9424146,54.3410365],[10.9416589,54.3402859],[10.9411283,54.3397678],[10.939775,54.338431],[10.9388438,54.3375099],[10.9382219,54.336892],[10.9377316,54.3364035],[10.9370923,54.3357732],[10.9364618,54.3351427],[10.9359907,54.3346052],[10.9357862,54.3343511],[10.9356038,54.3341273],[10.9350624,54.3334631],[10.9347749,54.3331665],[10.9344664,54.3328583],[10.9340849,54.3324557],[10.9337274,54.3320514],[10.9334082,54.3316479],[10.9331209,54.3312226],[10.9329446,54.330946],[10.9328151,54.3307073],[10.9326666,54.3304051],[10.9324857,54.3299561],[10.9323561,54.3294979],[10.9322857,54.3291884],[10.9322369,54.3288647],[10.9321668,54.3280436],[10.9321158,54.3276504],[10.9320603,54.3272416],[10.9319717,54.3268548],[10.9318579,54.3264989],[10.9317414,54.3262057],[10.9314887,54.3257094],[10.9314305,54.3256191],[10.9312939,54.325407],[10.9310848,54.3251104],[10.9308562,54.3248234],[10.9305908,54.3245288],[10.9303102,54.3242515],[10.9300644,54.3240301],[10.9296995,54.323723],[10.9294053,54.3235019],[10.9289927,54.3232173],[10.9278874,54.3225269],[10.9271433,54.3220757],[10.9265276,54.3217045],[10.9261756,54.3214919],[10.9256066,54.3211479],[10.9253118,54.3209728],[10.9206281,54.3181543],[10.9197405,54.3176632],[10.9191539,54.3173738],[10.9182434,54.3169649],[10.9171155,54.3164954],[10.9162119,54.3161171],[10.9155927,54.3158364],[10.9151173,54.3155956],[10.914506,54.3152595],[10.9137788,54.3147951],[10.9133747,54.3145095],[10.9129502,54.3141863],[10.9126056,54.3138933],[10.9122989,54.3136115],[10.9110074,54.3123156],[10.9106301,54.311937],[10.9094826,54.3107848],[10.9092939,54.3105915],[10.9082198,54.3095109],[10.9075325,54.308875],[10.9072128,54.3086089],[10.9068629,54.3083448],[10.9063401,54.3079753],[10.9058169,54.3076409],[10.9055676,54.3074938],[10.9051909,54.307278],[10.9046581,54.3070027],[10.9045252,54.3069368],[10.9024671,54.3059639],[10.9020233,54.3057638],[10.9016468,54.3055847],[10.8996027,54.3046475],[10.8991067,54.3044285],[10.8987843,54.304291],[10.8977932,54.3038901],[10.897205,54.3036684],[10.8966018,54.3034536],[10.8959368,54.3032338],[10.8950713,54.302954],[10.8941968,54.302702],[10.894003,54.3026497],[10.8927096,54.3023083],[10.8922598,54.302206],[10.8919446,54.3021342],[10.8908089,54.3018654],[10.8886436,54.3013787],[10.8882598,54.3012907],[10.8878693,54.3012012],[10.8850327,54.3005654],[10.8831778,54.3001491],[10.88235,54.2999618],[10.8797425,54.2993718],[10.8789062,54.2991848],[10.8781383,54.2990027],[10.8771506,54.298745],[10.8766407,54.2985961],[10.8760976,54.2984295],[10.8752421,54.2981077],[10.8747998,54.2979144],[10.874246,54.2976355],[10.8737715,54.297384],[10.873577,54.2972635],[10.8733778,54.2971343],[10.8730387,54.2969078],[10.8726876,54.2966342],[10.8724779,54.2964599],[10.8723058,54.2963149],[10.8720841,54.2960955],[10.8717128,54.295689],[10.8714904,54.2953982],[10.8713118,54.2951398],[10.8712548,54.2950561],[10.8711558,54.2948687],[10.8710856,54.2947467],[10.8709584,54.2944856],[10.8708332,54.2941775],[10.8707412,54.293885],[10.8706675,54.2935343],[10.8706351,54.2932987],[10.8706111,54.2929786],[10.8706055,54.2927844],[10.8706175,54.2925679],[10.8706568,54.292247],[10.8707703,54.2917626],[10.8708836,54.291448],[10.8710353,54.2911191],[10.8711905,54.2908125],[10.8713528,54.2905192],[10.871714,54.289959],[10.8721039,54.2894363],[10.872168,54.2893541],[10.8725441,54.2888919],[10.8730272,54.288323],[10.8736497,54.2875604],[10.8741729,54.2869117],[10.8744896,54.2865134],[10.8746488,54.2863284],[10.8748432,54.2861189],[10.875946,54.2848362],[10.8765597,54.2841398],[10.8766894,54.2839843],[10.8779896,54.2824391],[10.8781003,54.2823048],[10.8789089,54.2813203],[10.8802926,54.2796355],[10.8807631,54.2790688],[10.8812056,54.278502],[10.8815146,54.2780913],[10.88192,54.2774821],[10.8821458,54.2771291],[10.8824813,54.276573],[10.8828259,54.2759548],[10.8832393,54.2750399],[10.8840473,54.273141],[10.8841601,54.2729114],[10.8843714,54.2724814],[10.8848609,54.2716021],[10.8851999,54.2710913],[10.8853888,54.2708068],[10.8856743,54.2704045],[10.8860668,54.2699052],[10.8867233,54.2691346],[10.887791,54.2680156],[10.8880118,54.2677884],[10.8884437,54.2673448],[10.8886865,54.267066],[10.8889536,54.2667412],[10.889247,54.2663515],[10.8894896,54.2659582],[10.8897123,54.2654983],[10.8898515,54.2650549],[10.8899014,54.2647654],[10.8899093,54.2646511],[10.8899289,54.2643655],[10.8899268,54.2640735],[10.8898938,54.2637807],[10.8898357,54.2634155],[10.8897392,54.2630485],[10.889609,54.2626064],[10.8894592,54.2621664],[10.8892033,54.2614961],[10.8890177,54.260959],[10.8888213,54.260359],[10.8886094,54.2596755],[10.8883644,54.2587248],[10.8881254,54.2576623],[10.8879227,54.2564634],[10.8878309,54.2556735],[10.8877585,54.2550117],[10.8876786,54.2535166],[10.887682,54.2527236],[10.887716,54.2517573],[10.8877662,54.250979],[10.8878367,54.2502547],[10.8879433,54.2494251],[10.8881017,54.2485509],[10.8882758,54.2477205],[10.8885029,54.2468027],[10.8889494,54.2453102],[10.8891605,54.2447102],[10.8892519,54.2444678],[10.8896754,54.2433896],[10.8898878,54.2428682],[10.890316,54.2419724],[10.8904737,54.2416579],[10.8907916,54.2410386],[10.8911854,54.2403163],[10.8916514,54.2395285],[10.8925019,54.238161],[10.892544,54.2380931],[10.8933012,54.2369115],[10.8957986,54.2332937],[10.8970132,54.2315149],[10.8981281,54.2298092],[10.8985534,54.2291313],[10.8990826,54.228253],[10.8995821,54.2273663],[10.9000139,54.2265262],[10.9004192,54.2256997],[10.9007651,54.2249187],[10.9011423,54.223942],[10.9014869,54.2228892],[10.9016803,54.2222004],[10.9018323,54.2215087],[10.9018971,54.2211695],[10.9019713,54.2207624],[10.9020865,54.219833],[10.9021363,54.2192749],[10.9021639,54.2187211],[10.9021639,54.2178856],[10.9021274,54.2171895],[10.9020505,54.2163344],[10.9019432,54.2155354],[10.9018265,54.2148264],[10.9016956,54.2141154],[10.901451,54.2129976],[10.9012462,54.2121726],[10.9011748,54.211885],[10.9006771,54.2098315],[10.9001726,54.2077874],[10.9001125,54.2075463],[10.8995721,54.2053309],[10.8990608,54.2032855],[10.8982269,54.1999222],[10.8968648,54.1944237],[10.8960678,54.1912142],[10.8956587,54.1896142],[10.8951997,54.1880139],[10.8947656,54.1867351],[10.8945215,54.1860932],[10.8942628,54.1854656],[10.8938355,54.1845345],[10.8934741,54.1838158],[10.893109,54.1831378],[10.8930049,54.1829528],[10.8923086,54.1817768],[10.8915178,54.1806037],[10.8908992,54.1797605],[10.8902461,54.1789253],[10.8893088,54.1777976],[10.8886612,54.1770941],[10.8884741,54.1768908],[10.8874057,54.175796],[10.8863063,54.1747698],[10.8861123,54.1745949],[10.8851488,54.1737541],[10.8842969,54.173054],[10.8834153,54.1723713],[10.8825615,54.1717329],[10.8816717,54.1710991],[10.8801649,54.1700913],[10.8786166,54.1691076],[10.8752487,54.1670786],[10.8730774,54.1657798],[10.8713163,54.1647283],[10.8691399,54.1634343],[10.8663154,54.1617414],[10.8634982,54.1600592],[10.8600779,54.1579738],[10.8591299,54.1573732],[10.8586227,54.1570454],[10.8576789,54.1564322],[10.856686,54.1557507],[10.8548382,54.1544596],[10.854055,54.1538736],[10.8532937,54.1532781],[10.8529652,54.1530222],[10.8521855,54.1523782],[10.8514362,54.1517252],[10.8506253,54.1509949],[10.8493809,54.1497938],[10.8491978,54.1496171],[10.8484612,54.1488257],[10.8477515,54.1480261],[10.8469579,54.1470741],[10.8462079,54.146105],[10.8455457,54.1451787],[10.8449055,54.14425],[10.8434709,54.1420474],[10.8431968,54.1416352],[10.8431214,54.1415216],[10.8424517,54.140503],[10.8417553,54.139492],[10.841071,54.1385248],[10.8402266,54.1374063],[10.8395858,54.1366226],[10.8392626,54.1362337],[10.8387463,54.135635],[10.8381972,54.1350453],[10.8374093,54.1342538],[10.8368459,54.1337272],[10.8365593,54.1334717],[10.8362627,54.1332072],[10.8357435,54.132767],[10.8351939,54.1323411],[10.8344005,54.1317418],[10.8336282,54.1312136],[10.83294,54.13077],[10.8322271,54.1303362],[10.8316682,54.1300259],[10.8311432,54.1297427],[10.8299299,54.1291416],[10.828881,54.1286656],[10.8280939,54.1283406],[10.8272911,54.1280288],[10.8261345,54.1276098],[10.8254543,54.1273706],[10.8246687,54.1271279],[10.8239318,54.1269147],[10.8233598,54.1267557],[10.8226217,54.1265683],[10.8220216,54.126422],[10.821339,54.1262661],[10.8207536,54.1261424],[10.8201426,54.1260181],[10.8194955,54.1258947],[10.8189073,54.1257924],[10.8179737,54.1256533],[10.8162954,54.1254093],[10.8154185,54.125289],[10.8133048,54.1250204],[10.8128788,54.1249775],[10.8096103,54.1246335],[10.8087024,54.1245264],[10.8076136,54.1243997],[10.806532,54.1242634],[10.8045233,54.1240067],[10.8037519,54.1239028],[10.8022776,54.1236798],[10.8010261,54.1234712],[10.7997946,54.1232444],[10.7982963,54.1229325],[10.7968853,54.1225849],[10.7952261,54.1221251],[10.7937588,54.1216448],[10.7921546,54.1209759],[10.7915034,54.1206386],[10.7912505,54.120498],[10.7909278,54.1203172],[10.7905655,54.1201033],[10.7902185,54.1198796],[10.7898945,54.1196535],[10.7891588,54.1190997],[10.7887499,54.1187594],[10.7882312,54.1182881],[10.7877193,54.1177846],[10.7875237,54.1175794],[10.7868182,54.1167709],[10.7861174,54.1159402],[10.7850541,54.1144557],[10.7839985,54.1127739],[10.783209,54.1110928],[10.7825529,54.1093292],[10.7819965,54.1075413],[10.78136,54.1051882],[10.7812469,54.1048092],[10.7805285,54.1025909],[10.7801953,54.1015847],[10.7797637,54.1005112],[10.7792582,54.0994136],[10.778961,54.0988846],[10.7786254,54.0983417],[10.7782483,54.0977382],[10.7775282,54.0966477],[10.7769472,54.0958879],[10.7764625,54.0952935],[10.7760975,54.0948663],[10.7755098,54.0942308],[10.7747934,54.0934866],[10.7743046,54.0930176],[10.7733489,54.0921555],[10.7724592,54.0913927],[10.7716927,54.0907889],[10.7709427,54.0902324],[10.7702613,54.0897396],[10.7699939,54.0895516],[10.7683289,54.088364],[10.7673259,54.0875572],[10.7662624,54.0866241],[10.7660313,54.0864171],[10.7655788,54.0859834],[10.7651962,54.085586],[10.7648339,54.0851906],[10.7644422,54.0847357],[10.7640905,54.0843046],[10.7636128,54.0836728],[10.7633591,54.0833059],[10.762998,54.082763],[10.7626177,54.0821285],[10.7622916,54.0815291],[10.7618535,54.0806668],[10.7614349,54.0797624],[10.7608103,54.0782856],[10.7602283,54.0768039],[10.76001,54.0763061],[10.7595553,54.0753127],[10.759263,54.0746521],[10.7591682,54.0744548],[10.7589885,54.0741051],[10.7585459,54.0732518],[10.7583858,54.0729689],[10.7580269,54.072351],[10.7576295,54.0717149],[10.7572027,54.0710833],[10.7568613,54.0706036],[10.7563843,54.0699533],[10.7558663,54.0693067],[10.7553632,54.0687056],[10.7543625,54.0675913],[10.7533047,54.0665312],[10.7531129,54.0663481],[10.7530712,54.066309],[10.7527587,54.066016],[10.7523384,54.0656424],[10.7516538,54.0650278],[10.7509159,54.0644252],[10.749497,54.0633308],[10.7484159,54.0625523],[10.7475861,54.0619975],[10.746797,54.0614736],[10.7458147,54.0608601],[10.7445197,54.0600596],[10.7436249,54.0595126],[10.7421962,54.0586393],[10.7413007,54.0580952],[10.7404301,54.0575451],[10.739521,54.0569596],[10.7388252,54.0565038],[10.7381711,54.0560476],[10.7375323,54.0555861],[10.7371123,54.0552759],[10.7363887,54.0547206],[10.7358293,54.0542594],[10.7354884,54.0539614],[10.7349446,54.0534862],[10.7344288,54.0530076],[10.7339463,54.0525249],[10.7338436,54.052426],[10.7335973,54.0521745],[10.7330502,54.0515772],[10.7325798,54.051059],[10.7315231,54.0496897],[10.7310764,54.049041],[10.7306779,54.0484175],[10.7302561,54.0476884],[10.7299302,54.0470625],[10.7296906,54.0465643],[10.7294909,54.0461165],[10.7292733,54.0455879],[10.7291504,54.0452667],[10.7289799,54.0447872],[10.7288766,54.0444658],[10.7286547,54.0436607],[10.7285712,54.0433433],[10.7284805,54.04286],[10.72841,54.0425081],[10.7283817,54.042351],[10.728342,54.0420634],[10.7282973,54.0417046],[10.7282214,54.0408827],[10.7281929,54.0400657],[10.7281981,54.039618],[10.7282162,54.0392511],[10.728403,54.0376136],[10.728613,54.0365053],[10.7288428,54.0355502],[10.728971,54.0350731],[10.7294669,54.0333622],[10.7298829,54.0320321],[10.7303726,54.0303993],[10.7307874,54.028818],[10.730949,54.0280016],[10.7309994,54.0277122],[10.7310696,54.0272522],[10.7311555,54.0266038],[10.7311857,54.0263002],[10.7312199,54.0259553],[10.7312601,54.02537],[10.73127,54.0247789],[10.7312644,54.0239788],[10.7312247,54.0231779],[10.7311535,54.022426],[10.7311202,54.0221692],[10.7310198,54.0214786],[10.7308946,54.0207865],[10.7306812,54.0198177],[10.7304235,54.0187895],[10.7303202,54.0185053],[10.7300034,54.0173542],[10.7295961,54.0159279],[10.7292182,54.0145006],[10.7289942,54.0135139],[10.7288046,54.0125263],[10.7285941,54.0107275],[10.7285771,54.0099768],[10.7285912,54.0086935],[10.7286158,54.008166],[10.7287607,54.0068313],[10.7289178,54.005823],[10.7289825,54.0055512],[10.729233,54.0044037],[10.729387,54.0038439],[10.7295324,54.0030497],[10.7301766,54.0012054],[10.7306947,53.9998016],[10.7308024,53.9995157],[10.7319744,53.9963093],[10.7326864,53.9940877],[10.733032,53.9929641],[10.7332856,53.9916326],[10.7334132,53.9907941],[10.7335481,53.9896482],[10.7336316,53.9884398],[10.7336429,53.9874699],[10.7335645,53.9861544],[10.7333722,53.984351],[10.7329242,53.9815495],[10.7327141,53.980043],[10.7325411,53.9785347],[10.7324559,53.9766868],[10.732507,53.9758199],[10.7325798,53.9747791],[10.7328202,53.9734874],[10.7331839,53.9720459],[10.7336018,53.970898],[10.7340926,53.9697558],[10.7346564,53.9685913],[10.7353249,53.9674686],[10.7359352,53.9665512],[10.7367325,53.9654595],[10.737502,53.964546],[10.7390053,53.9629295],[10.7403028,53.9616302],[10.7405802,53.9613492],[10.7414451,53.9604884],[10.7426887,53.9592578],[10.7439067,53.958008],[10.7447102,53.9570605],[10.7454122,53.9561622],[10.7460488,53.9552153],[10.7465451,53.9543549],[10.7467201,53.9540097],[10.7468868,53.953621],[10.7470394,53.9532672],[10.7471467,53.9529854],[10.7474158,53.9520902],[10.7476143,53.9509882],[10.7477002,53.9501114],[10.7477277,53.9496648],[10.7477119,53.9491818],[10.7476941,53.9489362],[10.7476515,53.9484895],[10.7476042,53.9481485],[10.7475321,53.9477455],[10.7474878,53.9475466],[10.7472918,53.9468167],[10.7470803,53.9461747],[10.7467947,53.9454793],[10.7464886,53.9448676],[10.7460463,53.9441052],[10.7455599,53.9433536],[10.7449526,53.9425863],[10.7438735,53.9414005],[10.7431656,53.9407515],[10.7427509,53.9403844],[10.7413627,53.9392481],[10.7399267,53.9382047],[10.7371528,53.9363304],[10.7364659,53.9358785],[10.7344106,53.9345051],[10.7339186,53.9341513],[10.7337593,53.9340449],[10.7329848,53.9334821],[10.7326674,53.9332515],[10.7316078,53.932435],[10.7310777,53.9320118],[10.7301726,53.9311638],[10.7296501,53.9306818],[10.7289107,53.929874],[10.7282343,53.9290557],[10.7279325,53.9286324],[10.7276513,53.9282028],[10.7274547,53.9278842],[10.7271562,53.9273352],[10.7270903,53.9271933],[10.7267544,53.9264706],[10.7263322,53.9253336],[10.7259295,53.9240459],[10.7255635,53.9228032],[10.7254564,53.9225141],[10.7252053,53.9218546],[10.7250705,53.9215814],[10.7249161,53.9212686],[10.7246931,53.9209234],[10.7243152,53.9203938],[10.7239358,53.9199577],[10.7237488,53.9197449],[10.7232493,53.9192865],[10.7228154,53.9188813],[10.7223259,53.9184997],[10.7217429,53.9181064],[10.7214612,53.9179238],[10.7206997,53.9174925],[10.7200846,53.9171766],[10.7190463,53.9167221],[10.7189113,53.9166729],[10.7182553,53.9164338],[10.7174757,53.9161813],[10.7167982,53.9159903],[10.7161241,53.9158175],[10.7156529,53.9157112],[10.7148591,53.9155433],[10.7140705,53.9153909],[10.7071307,53.9141276],[10.7048754,53.9136802],[10.7042,53.9135267],[10.7035328,53.9133575],[10.7032096,53.91327],[10.7028863,53.9131758],[10.7022544,53.9129773],[10.7016732,53.9127763],[10.7010951,53.9125656],[10.7005642,53.9123544],[10.6997479,53.9119906],[10.6990276,53.9116444],[10.6981637,53.9111695],[10.6973466,53.9106817],[10.6966791,53.9102848],[10.6963277,53.9100911],[10.6959713,53.9099006],[10.695443,53.9096287],[10.6945765,53.9092236],[10.694033,53.9090118],[10.6933702,53.9087767],[10.6925682,53.9085169],[10.6924177,53.9084681],[10.6912649,53.9080964],[10.6904134,53.9078192],[10.6896047,53.9075181],[10.6888447,53.9072006],[10.6884361,53.9070092],[10.6876863,53.9066238],[10.6874308,53.9064901],[10.6869062,53.9061616],[10.6864305,53.9058587],[10.6859905,53.9055256],[10.6855661,53.9051868],[10.6846917,53.9043972],[10.6838396,53.9034433],[10.683798,53.9033989],[10.683469,53.9030383],[10.6831084,53.9026489],[10.6827162,53.9022745],[10.6825142,53.9020928],[10.6823129,53.9019117],[10.681863,53.9015833],[10.6814073,53.9012492],[10.6809273,53.9009256],[10.6785652,53.8994052],[10.6770815,53.8984444],[10.6742856,53.8966283],[10.673731,53.8962268],[10.6732319,53.8958295],[10.6726625,53.8953067],[10.6722836,53.8949117],[10.6719605,53.8945212],[10.6716508,53.8941255],[10.6711264,53.8933163],[10.6703292,53.8920646],[10.6693033,53.8904194],[10.667295,53.8872192],[10.6671982,53.8870699],[10.6663022,53.8856327],[10.6656197,53.8845746],[10.6652744,53.884067],[10.6649257,53.8835611],[10.6644715,53.8829967],[10.6641205,53.8825563],[10.6636507,53.8820301],[10.6631562,53.881529],[10.6629431,53.8813249],[10.6626925,53.8810894],[10.6622368,53.8806832],[10.6617628,53.8802947],[10.6613663,53.8799762],[10.6609424,53.879655],[10.6603117,53.8792148],[10.6598991,53.8789454],[10.6590512,53.8784182],[10.6581444,53.8779144],[10.6574719,53.8775581],[10.6567792,53.8772172],[10.6553989,53.8765761],[10.6515442,53.8749147],[10.6482206,53.8735074],[10.6476648,53.8732721],[10.6475234,53.8732127],[10.6427589,53.8711884],[10.6390932,53.86963],[10.6379166,53.8691277],[10.6363778,53.868479],[10.6355166,53.8681093],[10.6306218,53.866022],[10.6280326,53.8649584],[10.6245522,53.8635683],[10.62308,53.8629842],[10.6212627,53.8622592],[10.6179854,53.860951],[10.6165094,53.8603698],[10.6136875,53.8592533],[10.612286,53.858691],[10.6109014,53.8581114],[10.6096982,53.8575674],[10.6068361,53.8562618],[10.605292,53.8555511],[10.6028024,53.8544115],[10.6010742,53.8536111],[10.5988038,53.8525738],[10.5975171,53.851986],[10.5950924,53.8508693],[10.5940932,53.8504138],[10.5929845,53.8499095],[10.5865966,53.8469742],[10.5850719,53.8462877],[10.5834348,53.8455396],[10.5788359,53.8434095],[10.5778597,53.8429639],[10.5748229,53.8415661],[10.5718599,53.8402194],[10.5690314,53.8389089],[10.5674643,53.83813],[10.5630633,53.83586],[10.5585223,53.8335069],[10.5538087,53.8310787],[10.5514012,53.829922],[10.5500293,53.8293078],[10.5486372,53.8287087],[10.546525,53.8278569],[10.5443812,53.8270393],[10.538645,53.8250947],[10.5350178,53.8238713],[10.5346775,53.8237582],[10.5318171,53.8227979],[10.5303808,53.8223356],[10.5296485,53.822121],[10.5289101,53.8219232],[10.528062,53.8217054],[10.5272104,53.8215122],[10.5263534,53.8213286],[10.5254938,53.8211676],[10.5250375,53.8210897],[10.5242801,53.8209604],[10.5230606,53.8207853],[10.521771,53.8206428],[10.5202959,53.8205069],[10.5185622,53.8204206],[10.5147697,53.8203474],[10.5119672,53.820313],[10.5116945,53.8203124],[10.5071532,53.8202429],[10.5042482,53.820214],[10.495354,53.8200868],[10.4934226,53.8200465],[10.4932426,53.820044],[10.4917568,53.819993],[10.4908651,53.8199534],[10.4899853,53.8199051],[10.4882526,53.8197657],[10.4873045,53.819674],[10.4863506,53.8195656],[10.4855369,53.8194618],[10.4847286,53.8193448],[10.4837469,53.8191929],[10.4822205,53.8189238],[10.4811115,53.8187075],[10.4805167,53.8185802],[10.4795617,53.8183667],[10.4783446,53.8180646],[10.4774336,53.8178227],[10.4753593,53.8172109],[10.4744577,53.8169134],[10.4730915,53.8164334],[10.4717543,53.8159165],[10.4703006,53.8153012],[10.4695871,53.8149821],[10.4688955,53.8146517],[10.4674964,53.8139441],[10.4666206,53.8134619],[10.4657694,53.8129693],[10.4644145,53.8121205],[10.4630184,53.8111703],[10.4615775,53.8101277],[10.4611064,53.8097778],[10.457594,53.8071337],[10.4568158,53.8065655],[10.456035,53.8060095],[10.4554439,53.8056294],[10.4548397,53.8052551],[10.454316,53.8049491],[10.4537849,53.8046521],[10.4516165,53.8035302],[10.4478333,53.8016187],[10.4446942,53.8000205],[10.4445258,53.7999368],[10.4356583,53.7954226],[10.4315275,53.7933315],[10.4291979,53.7921354],[10.4274295,53.791239],[10.4262167,53.7906123],[10.4257458,53.7903624],[10.425096,53.7900003],[10.4244826,53.7896274],[10.4237376,53.7891567],[10.4231232,53.7887347],[10.422006,53.7879018],[10.4210204,53.787131],[10.420149,53.7864711],[10.4189457,53.7855405],[10.4177242,53.7846136],[10.4159208,53.7832027],[10.4142364,53.7819125],[10.4125679,53.7806344],[10.4122758,53.7804141],[10.4116127,53.7799026],[10.4104678,53.7790184],[10.4099619,53.7786278],[10.4084895,53.7775067],[10.4076375,53.7769119],[10.4067358,53.7763338],[10.4057063,53.7757279],[10.4046346,53.7751438],[10.4024442,53.7739562],[10.4002306,53.7727439],[10.3946365,53.7696901],[10.3935191,53.7690856],[10.3907546,53.7675898],[10.3879139,53.7660405],[10.3851069,53.7644851],[10.38475,53.7642672],[10.3838112,53.7636702],[10.3829147,53.7630459],[10.3816046,53.762026],[10.3804332,53.7610666],[10.3727511,53.7548191],[10.3706544,53.7531012],[10.3699676,53.752543],[10.3689409,53.7517155],[10.367986,53.7509376],[10.3669611,53.750106],[10.366329,53.7495827],[10.3655116,53.7488524],[10.3646961,53.7480918],[10.3639352,53.7473051],[10.3626636,53.7458883],[10.3601241,53.7430019],[10.3577227,53.7402866],[10.3538506,53.7359203],[10.3502994,53.7318869],[10.3469157,53.7280537],[10.3437334,53.7244447],[10.343549,53.7242355],[10.3421325,53.7226321],[10.3408316,53.7211692],[10.3384686,53.718475],[10.3367276,53.7165222],[10.334959,53.7145013],[10.3345753,53.7140173],[10.3342877,53.7136468],[10.3339356,53.7131456],[10.3336796,53.7127488],[10.3330345,53.7116757],[10.3324077,53.7106052],[10.3315814,53.7091665],[10.3310074,53.7081793],[10.3288553,53.7044778],[10.3273407,53.7018721],[10.326671,53.7007206],[10.3260934,53.6997261],[10.3259197,53.6994271],[10.3252673,53.6983046],[10.3251368,53.6980783],[10.3248097,53.6975172],[10.3244675,53.6969283],[10.3240818,53.6962837],[10.3236275,53.6955045],[10.3231924,53.6948438],[10.3219341,53.6930453],[10.3212726,53.6920999],[10.3204704,53.6909871],[10.3193889,53.6894176],[10.3181887,53.6877132],[10.3167611,53.685686],[10.3151529,53.6834021],[10.314863,53.6829904],[10.3139206,53.681652],[10.3121545,53.6791436],[10.3104034,53.6766564],[10.3089194,53.6745238],[10.3067468,53.6714326],[10.3049483,53.6689072],[10.3034417,53.6667226],[10.3019101,53.6645361],[10.2992941,53.6608158],[10.2972448,53.657886],[10.2965498,53.6568965],[10.2958212,53.655916],[10.2952301,53.6552235],[10.2945986,53.654545],[10.2940057,53.6539677],[10.2933885,53.6533981],[10.2923247,53.6525531],[10.2911002,53.6516339],[10.2880107,53.6493063],[10.2862669,53.647951],[10.2834244,53.645822],[10.2825115,53.6451772],[10.2815771,53.6445466],[10.2810183,53.6442012],[10.2804486,53.6438716],[10.2799522,53.6436108],[10.2791531,53.6432176],[10.2783347,53.6428444],[10.2777012,53.6425794],[10.2772476,53.6424038],[10.2767983,53.6422343],[10.2760368,53.6419665],[10.2752691,53.6417249],[10.2744774,53.6414969],[10.2737613,53.6412976],[10.2707137,53.6404555],[10.2689562,53.6399655],[10.2677917,53.6396523],[10.2673593,53.6395307],[10.2656856,53.6390598],[10.2648032,53.6388037],[10.2639332,53.6385302],[10.2631697,53.6382615],[10.2624707,53.637983],[10.2615813,53.6376127],[10.2609093,53.6373061],[10.2603258,53.6370142],[10.2596427,53.6366567],[10.2591705,53.6363802],[10.2584773,53.6359608],[10.2580026,53.6356442],[10.2577428,53.6354682],[10.2550734,53.6336621],[10.254366,53.6331835],[10.2527748,53.6321044],[10.2502076,53.6303686],[10.2494933,53.6298763],[10.246246,53.6276842],[10.2443988,53.6264586],[10.2393073,53.6229995],[10.2382199,53.6222638],[10.2371894,53.6214943],[10.2364424,53.6208415],[10.2356342,53.620079],[10.2350097,53.619373],[10.2344647,53.6186573],[10.2341814,53.6182286],[10.2339211,53.6177986],[10.2336113,53.6172131],[10.2333619,53.6166671],[10.2331067,53.615988],[10.2329522,53.6154245],[10.2324444,53.6137149],[10.232331,53.6132902],[10.2318768,53.6117087],[10.2308116,53.6079994],[10.2307382,53.6077435],[10.2300035,53.605185],[10.2297812,53.6045772],[10.229523,53.6039678],[10.2292066,53.6033026],[10.2288249,53.6026392],[10.2285263,53.602135],[10.2282022,53.6016354],[10.2277055,53.6010002],[10.2274501,53.6006778],[10.2271827,53.6003699],[10.2267104,53.5998686],[10.2262359,53.5993702],[10.2257034,53.5988728],[10.2251577,53.5983885],[10.2229782,53.5965031],[10.2228378,53.5963839],[10.2211123,53.594889],[10.2134731,53.5882778],[10.2130606,53.5879015],[10.2125293,53.587463],[10.2040247,53.5800967],[10.2024258,53.5787094],[10.2018303,53.5781907],[10.200237,53.5768356],[10.19866,53.5754522],[10.1965206,53.5736072],[10.1959426,53.5731087],[10.1954828,53.5727122],[10.1945998,53.5719423],[10.1920687,53.5697454],[10.1920483,53.5697285],[10.1913319,53.5691059],[10.1901315,53.5681351],[10.1890603,53.5673699],[10.1881577,53.5667802],[10.1868113,53.5659845],[10.1867227,53.5659387],[10.186193,53.5656655],[10.1855656,53.5653516],[10.1850509,53.565102],[10.1843706,53.5648034],[10.1835932,53.5644748],[10.1826792,53.5641134],[10.1814187,53.5636693],[10.1803636,53.5633192],[10.1801004,53.5632417],[10.1786563,53.5628386],[10.1772377,53.5624508],[10.1760845,53.5622008],[10.1753362,53.5620618],[10.1744155,53.5619091],[10.1735401,53.5617995],[10.1727168,53.5617172],[10.1722296,53.5616786],[10.1708257,53.5616116],[10.1696775,53.5615909],[10.168581,53.5615836],[10.1651859,53.5615862],[10.1646253,53.5615786],[10.1638603,53.5615349],[10.1628629,53.5614448],[10.1624501,53.5613802],[10.1615904,53.5612049],[10.1611773,53.5611027],[10.1606476,53.5609636],[10.1601305,53.5608004],[10.1596048,53.5606174],[10.1594849,53.5605756],[10.1589053,53.5603543],[10.1586262,53.560247],[10.1581592,53.560029],[10.1575916,53.5597492],[10.1569291,53.5593974],[10.1563574,53.5590541],[10.1559458,53.5588079],[10.1555595,53.558539],[10.1551935,53.5582776],[10.1547492,53.5579391],[10.1541593,53.557437],[10.1537513,53.5570659],[10.1534512,53.5567618],[10.1531401,53.5564275],[10.1528384,53.556093],[10.1523752,53.5555431],[10.1519895,53.5550359],[10.1516332,53.5545228],[10.151272,53.5539547],[10.1508567,53.5532404],[10.1504435,53.5524231],[10.1500368,53.5515438],[10.1494959,53.5502739],[10.1487146,53.5482161],[10.1486528,53.5480484],[10.148173,53.5467518],[10.1477344,53.5456365],[10.1472603,53.5445248],[10.1470438,53.5440451],[10.146594,53.5430955],[10.145984,53.5419658],[10.1458787,53.5417805],[10.1455058,53.5411597],[10.1451136,53.5405446],[10.1442059,53.5392728],[10.1432066,53.5380137],[10.1423096,53.5368897],[10.1406204,53.5349074],[10.1398915,53.5340878],[10.1398313,53.5340214],[10.1393929,53.5335374],[10.1385915,53.5326889],[10.1380273,53.5320859],[10.1363683,53.5304064],[10.1363142,53.5303499],[10.1354545,53.5295012],[10.1345749,53.5286592],[10.1336237,53.5277764],[10.1326014,53.5268869],[10.132295,53.5266431],[10.1321407,53.5265159],[10.13198,53.5263884],[10.1319448,53.5263605],[10.1306986,53.5253771],[10.1289725,53.5241105],[10.1279545,53.5234026],[10.1272654,53.5229265],[10.1260882,53.5221537],[10.1249293,53.5214185],[10.1237275,53.5206911],[10.1222977,53.5198672],[10.1204164,53.5188207],[10.1192093,53.5181981],[10.1186455,53.5179043],[10.1175452,53.5173653],[10.1167067,53.5169653],[10.1165092,53.5168711],[10.1154162,53.5163511],[10.1142977,53.5158472],[10.1131759,53.5153589],[10.1116303,53.5147188],[10.1100652,53.5140946],[10.1100465,53.5140882],[10.1091891,53.5137548],[10.1073202,53.5130646],[10.1044627,53.5120753],[10.101182,53.5110317],[10.1000493,53.5107007],[10.0999667,53.5106761],[10.0996553,53.5105876],[10.0967225,53.5097491],[10.0961577,53.5095943],[10.0961249,53.509585],[10.0947607,53.5092232],[10.0933872,53.5088724],[10.0918456,53.5084999],[10.0908981,53.5082869],[10.0899512,53.508083],[10.0882977,53.5077757],[10.0873072,53.5076197],[10.0861025,53.5074709],[10.0853066,53.5073883],[10.0846038,53.5073264],[10.0835874,53.5072691],[10.0833191,53.5072576],[10.0828287,53.5072437],[10.0823464,53.50724],[10.081739,53.5072401],[10.0807685,53.5072495],[10.0800472,53.507282],[10.0793315,53.5073227],[10.0782218,53.5074223],[10.0775154,53.5074992],[10.0767844,53.5075919],[10.0766537,53.5076103],[10.0752064,53.5078338],[10.0739386,53.5080564],[10.073053,53.5082208],[10.071542,53.5085135],[10.0700149,53.5087853],[10.0698047,53.5088176],[10.0695643,53.5088546],[10.0691269,53.5089128],[10.0690884,53.508918],[10.068271,53.5090207],[10.0671964,53.5091214],[10.0664698,53.5091751],[10.0654984,53.5092287],[10.064339,53.5092765],[10.0638764,53.5092864],[10.0632783,53.5093025],[10.0570535,53.5094429],[10.0549722,53.5094951],[10.0549491,53.5094957],[10.0542456,53.509511],[10.0539893,53.5095166],[10.0531812,53.5095342],[10.0509815,53.5095914],[10.0476785,53.5096733],[10.047011,53.5096919],[10.0456809,53.5096916],[10.0427608,53.5097628],[10.041714,53.509766],[10.0411294,53.5097587],[10.0405356,53.5097391],[10.0400495,53.5097061],[10.0395548,53.5096611],[10.039098,53.5096061],[10.0386383,53.5095322],[10.0379691,53.5093884],[10.0376281,53.5092927],[10.0372956,53.5091856],[10.0369173,53.5090454],[10.0365574,53.5088852],[10.0361462,53.5086596],[10.0357569,53.5084115],[10.0355326,53.5082238],[10.0353194,53.5080214],[10.0352513,53.5079505],[10.035091,53.5077648],[10.0348862,53.5074869],[10.0347549,53.5072128],[10.0346667,53.5069994],[10.0345875,53.5067138],[10.0345593,53.506542],[10.0345486,53.5063266],[10.0345795,53.506031],[10.034628,53.5058295],[10.0347002,53.5055971],[10.0347731,53.5054323],[10.034877,53.5052484],[10.0349746,53.5051053],[10.0351562,53.5048797],[10.0354008,53.5046155],[10.0356545,53.5043881],[10.0358187,53.5042634],[10.0364557,53.5038517],[10.0368613,53.5036144],[10.0374428,53.503239],[10.0377213,53.5030499],[10.0379998,53.5028151],[10.0381545,53.502672],[10.038383,53.5024066],[10.0385277,53.5021959],[10.0385992,53.5020736],[10.0386887,53.5018704],[10.0387676,53.5016303],[10.0387867,53.5013527],[10.0387788,53.5011809],[10.0387521,53.5009608],[10.0386956,53.5006679],[10.0385542,53.5001529],[10.0383675,53.499746],[10.0381652,53.4993796],[10.0380693,53.4992202],[10.0379151,53.4989784],[10.0377415,53.4987355],[10.0376734,53.4986466],[10.0362296,53.4968997],[10.0357398,53.4962688],[10.0339984,53.4941861],[10.0339573,53.4941375],[10.0335355,53.4936385],[10.0325188,53.4924131],[10.0306517,53.4901728],[10.029835,53.4891922],[10.0287183,53.4878582],[10.0269629,53.4857456],[10.0240218,53.4822211],[10.0237536,53.4818734],[10.0234131,53.4813915],[10.0231695,53.4809979],[10.0229529,53.4805798],[10.0227355,53.4800823],[10.0225102,53.4794353],[10.0224736,53.4792784],[10.0224083,53.4790167],[10.0223342,53.4785641],[10.0222875,53.4781887],[10.0222771,53.4777139],[10.022304,53.4772405],[10.0223581,53.47679],[10.0224202,53.4764485],[10.0225163,53.4759163],[10.023141,53.4729978],[10.023555,53.4711454],[10.0235748,53.4710397],[10.0238337,53.4697584],[10.0238559,53.4696555],[10.0240149,53.4689727],[10.0241756,53.4682455],[10.0242368,53.467954],[10.0245219,53.4666083],[10.0246924,53.4658957],[10.0249882,53.4646162],[10.0253498,53.4633407],[10.0255682,53.4625735],[10.0256261,53.4623637],[10.0257978,53.4617907],[10.0263391,53.4599149],[10.0271623,53.4570565],[10.0283604,53.4529141],[10.0286239,53.4519983],[10.02886,53.451083],[10.0290026,53.4502769],[10.0291236,53.4493577],[10.0293546,53.4468416],[10.0293699,53.4466799],[10.0294702,53.4455617],[10.0295679,53.444495],[10.0296929,53.4431654],[10.0299528,53.4418],[10.0301693,53.4410303],[10.0309889,53.4386788],[10.0330444,53.4329833],[10.0343793,53.4292355],[10.0344872,53.4288694],[10.0345756,53.428501],[10.0346388,53.4281287],[10.0346854,53.4277522],[10.0346898,53.4274007],[10.0346768,53.4270472],[10.0346348,53.4266776],[10.0345715,53.426306],[10.0344841,53.4259405],[10.0343356,53.4254776],[10.03409,53.4248973],[10.0339341,53.4245627],[10.033783,53.4242546],[10.0336557,53.4240058],[10.0332563,53.4231945],[10.0331958,53.4230711],[10.0328416,53.4223772],[10.0326477,53.4219755],[10.0319746,53.4206318],[10.0319099,53.4204989],[10.0313376,53.4193094],[10.030939,53.4183434],[10.0306233,53.4174523],[10.0304576,53.4169324],[10.0303324,53.4165082],[10.0301766,53.4159047],[10.0291337,53.4115883],[10.0280919,53.4072949],[10.0280315,53.4070521],[10.0272294,53.4037125],[10.0267947,53.4019079],[10.0265761,53.4010068],[10.0263313,53.4001027],[10.0260898,53.399329],[10.0260519,53.399224],[10.0258613,53.3987039],[10.0256553,53.3981854],[10.0254157,53.39762],[10.0253468,53.3974569],[10.0249175,53.3965014],[10.0228561,53.3918527],[10.0225475,53.3912129],[10.0218094,53.3895071],[10.0207859,53.387229],[10.0204197,53.3863947],[10.0202613,53.3860763],[10.0200084,53.3856741],[10.0197233,53.3852718],[10.0193577,53.3848014],[10.0185646,53.3838225],[10.0180879,53.3833572],[10.0177651,53.3830229],[10.0174604,53.382723],[10.0171379,53.3824361],[10.0168426,53.3821936],[10.0164742,53.3819422],[10.0159433,53.3816385],[10.0157479,53.3815367],[10.015151,53.3812729],[10.0147553,53.3811194],[10.0144078,53.3810086],[10.0140477,53.3809126],[10.0135896,53.3807955],[10.0131176,53.3807027],[10.0125799,53.3806257],[10.0120614,53.3805689],[10.0115339,53.3805356],[10.0112374,53.3805261],[10.0107192,53.380528],[10.010284,53.3805392],[10.0096621,53.3805777],[10.0091333,53.3806204],[10.0084432,53.3806926],[10.0077548,53.3807854],[10.0049595,53.3812047],[10.0047719,53.3812344],[10.00334,53.3814483],[10.0025629,53.3815406],[10.0024804,53.3815487],[10.0019418,53.3815967],[10.0013462,53.3816363],[10.0007907,53.3816645],[10.0002333,53.3816748],[9.9996195,53.3816683],[9.9991183,53.3816557],[9.9984669,53.3816258],[9.9972093,53.3815454],[9.9898968,53.3810781],[9.9875391,53.3809275],[9.9811265,53.3805177],[9.9796256,53.3804218],[9.9767404,53.3802374],[9.9760739,53.3801948],[9.9748456,53.3801174],[9.9736201,53.3800169],[9.9725318,53.3799118],[9.9713239,53.3797891],[9.9676729,53.3794133],[9.9669786,53.3793403],[9.9647736,53.3791108],[9.964028,53.3790322],[9.9616437,53.3787785],[9.9577145,53.3783785],[9.9574288,53.3783485],[9.9544741,53.3780381],[9.9540727,53.3779959],[9.9489032,53.3774528],[9.9451905,53.3770627],[9.9431606,53.3768494],[9.9399356,53.3765106],[9.9337955,53.3758655],[9.9324042,53.3757193],[9.9283117,53.3752893],[9.9133603,53.3737183],[9.9045154,53.3727803],[9.9043179,53.3727598],[9.9020337,53.3725281],[9.8985396,53.372161],[9.8942527,53.3717065],[9.8930229,53.3715761],[9.8922537,53.3714952],[9.8915309,53.3714232],[9.8904123,53.3713201],[9.8894884,53.371248],[9.8881687,53.3711832],[9.8863998,53.3711536],[9.8853685,53.3711664],[9.8845464,53.3711872],[9.8835406,53.3712368],[9.8828673,53.3712776],[9.8822866,53.3713288],[9.881824,53.3713693],[9.8803112,53.3715336],[9.8784799,53.3717276],[9.8773183,53.3718506],[9.8750562,53.3720902],[9.8742623,53.3721743],[9.8740438,53.3721974],[9.8705966,53.3725626],[9.8688221,53.3727505],[9.8677494,53.3728589],[9.8665286,53.3729543],[9.865358,53.3730175],[9.8638745,53.3730543],[9.8627578,53.373057],[9.8619022,53.3730339],[9.8602635,53.3729918],[9.8590737,53.3729494],[9.8550748,53.3728251],[9.8540359,53.3727927],[9.8538653,53.3727874],[9.8530564,53.3727623],[9.8484277,53.3726183],[9.8469949,53.3725606],[9.8434584,53.3724637],[9.8390339,53.3723261],[9.8371147,53.3722664],[9.8260743,53.3719231],[9.8241561,53.3718634],[9.8185978,53.3716905],[9.8183691,53.3716834],[9.8116207,53.3714735],[9.8091755,53.3713974],[9.8086471,53.3713805],[9.8059396,53.3712967],[9.8026553,53.3711946],[9.8011105,53.3711465],[9.7972556,53.3710266],[9.7964175,53.3710006],[9.7942754,53.3709339],[9.7641648,53.3699973],[9.7579377,53.3697945],[9.7566836,53.3697536],[9.7545114,53.3696786],[9.753207,53.3695989],[9.7520745,53.3695025],[9.7507158,53.3693448],[9.749162,53.3691224],[9.7490222,53.3690981],[9.7478683,53.3689013],[9.7469524,53.3687145],[9.7466034,53.3686375],[9.7460354,53.3685129],[9.7453171,53.3683371],[9.7420489,53.36746],[9.7389331,53.36659],[9.7385793,53.3664933],[9.7353899,53.3656213],[9.735265,53.3655869],[9.7322759,53.3647628],[9.7248727,53.3627134],[9.7223235,53.3619886],[9.7221296,53.361933],[9.7217403,53.3618239],[9.7186131,53.3609735],[9.7116578,53.3590299],[9.7090721,53.3583123],[9.7081121,53.358046],[9.7068095,53.3576847],[9.7044568,53.357033],[9.6954099,53.3545433],[9.6944578,53.3542788],[9.6926487,53.3537762],[9.6910141,53.3533221],[9.6848518,53.3516102],[9.6808674,53.3505032],[9.6781119,53.3497377],[9.6764256,53.3492692],[9.6753451,53.348969],[9.6694948,53.3473435],[9.6672807,53.3467283],[9.6669692,53.3466418],[9.6537088,53.3429573],[9.6502032,53.3419831],[9.6434784,53.3401144],[9.6400953,53.3391743],[9.6367539,53.3382286],[9.6342606,53.3375299],[9.6312682,53.3367039],[9.6310908,53.3366546],[9.6290755,53.3361118],[9.6265015,53.3353964],[9.6201752,53.3336382],[9.6129014,53.3316165],[9.6046561,53.329305],[9.6024393,53.3286701],[9.6009279,53.3282016],[9.5992574,53.3276707],[9.5975808,53.3270943],[9.5954794,53.3263361],[9.5935593,53.325595],[9.5919503,53.3249602],[9.5889066,53.3236586],[9.5866417,53.3226818],[9.5827042,53.3209827],[9.5761559,53.3181569],[9.5744737,53.3174309],[9.5622498,53.3121553],[9.5518858,53.3076818],[9.550096,53.3069092],[9.5457392,53.3050285],[9.5399214,53.302517],[9.5379658,53.3016727],[9.5373443,53.3014044],[9.530152,53.2982763],[9.5293853,53.2979682],[9.5282534,53.2975344],[9.5277443,53.2973466],[9.5267338,53.2969883],[9.5262364,53.2968213],[9.5255989,53.2966137],[9.5248667,53.2963855],[9.5240784,53.2961541],[9.5229375,53.2958326],[9.5219634,53.2955736],[9.5208626,53.2953058],[9.5155555,53.2940655],[9.512795,53.2934178],[9.511698,53.2931574],[9.5094775,53.2926476],[9.5070105,53.2920485],[9.4979197,53.2899136],[9.4933998,53.2888494],[9.4889167,53.2877939],[9.4876507,53.287474],[9.4863235,53.2871116],[9.485265,53.2867918],[9.484018,53.2864035],[9.4827942,53.2859838],[9.4816548,53.2855625],[9.4804909,53.2851027],[9.4792383,53.2845781],[9.4776893,53.2838702],[9.476434,53.2832457],[9.475184,53.2825855],[9.4721705,53.2808189],[9.4707934,53.2800103],[9.4660067,53.2772192],[9.4614852,53.2745595],[9.4572087,53.2720357],[9.455063,53.2707774],[9.4507948,53.2682665],[9.444818,53.264765],[9.4431248,53.2637794],[9.4400817,53.2620099],[9.4389172,53.2613248],[9.4345031,53.258699],[9.4341101,53.2584629],[9.4338218,53.2582933],[9.4317136,53.25704],[9.4315231,53.2569316],[9.4299081,53.2559872],[9.4294762,53.2557299],[9.4269402,53.2542381],[9.4249765,53.2530824],[9.4240633,53.2525598],[9.4228332,53.2518942],[9.4214354,53.251146],[9.419868,53.2503724],[9.4185229,53.2497451],[9.4172721,53.2491584],[9.4159216,53.2485611],[9.4094366,53.245979],[9.4061857,53.2446964],[9.4038946,53.2437833],[9.4021379,53.2430838],[9.400014,53.2423243],[9.3982806,53.2417686],[9.396767,53.2413374],[9.3949935,53.2408895],[9.3929467,53.2404234],[9.3913667,53.2401079],[9.389515,53.2397931],[9.3823586,53.2387336],[9.3784006,53.2381464],[9.3743694,53.2375599],[9.3719814,53.237238],[9.3692256,53.2369272],[9.366767,53.2367014],[9.3637001,53.2364338],[9.3620683,53.236275],[9.3602436,53.2360656],[9.3583654,53.2358006],[9.3566,53.2354988],[9.3552124,53.2352313],[9.3536321,53.2348926],[9.3519254,53.2344792],[9.3492801,53.2337717],[9.3484664,53.2335325],[9.3455894,53.2327143],[9.3433601,53.2320948],[9.3411596,53.2314746],[9.3403782,53.2312514],[9.3398402,53.2310803],[9.3390182,53.2308096],[9.3379106,53.2304074],[9.3369979,53.2300551],[9.335947,53.2296076],[9.3355176,53.2294216],[9.335154,53.2292485],[9.3341554,53.228748],[9.3333573,53.2283192],[9.3325606,53.2278459],[9.3317507,53.2273478],[9.3310386,53.2268783],[9.3283965,53.2251141],[9.3257758,53.2233128],[9.3256026,53.2231919],[9.3255691,53.2231677],[9.3241932,53.2221502],[9.3233086,53.2214299],[9.322565,53.2208366],[9.3215641,53.2200022],[9.3206617,53.2192165],[9.3182278,53.2170134],[9.3169371,53.2158392],[9.316106,53.2150529],[9.3148019,53.2138625],[9.3135833,53.2128366],[9.3127852,53.2122017],[9.3118242,53.211453],[9.3107335,53.2106436],[9.309793,53.2099861],[9.3089765,53.2094366],[9.3079134,53.208733],[9.3069217,53.2080815],[9.3018986,53.2047817],[9.299861,53.2034548],[9.298628,53.202633],[9.2981155,53.2022963],[9.2977642,53.2020655],[9.2950845,53.2003126],[9.2934447,53.1992275],[9.2887283,53.1961074],[9.287807,53.1954979],[9.2866564,53.1947367],[9.2842179,53.1931407],[9.2826619,53.1921222],[9.2809269,53.1909823],[9.2777696,53.1888416],[9.276333,53.1878324],[9.2703368,53.1834816],[9.2682529,53.181961],[9.2654735,53.1799328],[9.2619318,53.1775341],[9.2583524,53.175158],[9.2537979,53.1721461],[9.2526895,53.1713656],[9.2512364,53.1703083],[9.2496317,53.1690583],[9.2487091,53.1682805],[9.2404607,53.1607752],[9.238083,53.1585052],[9.2358809,53.1561491],[9.2329942,53.1529448],[9.2258216,53.1449821],[9.2239618,53.1429105],[9.2231752,53.141954],[9.2223159,53.1408489],[9.2217293,53.1400184],[9.220861,53.1387215],[9.2200393,53.1373952],[9.2196596,53.1367417],[9.2183484,53.1344092],[9.2173672,53.1327346],[9.21484,53.1283168],[9.2132072,53.1254929],[9.2111266,53.1218732],[9.2102254,53.1203299],[9.2099151,53.1198139],[9.209347,53.1189463],[9.2089515,53.1183832],[9.208435,53.1177507],[9.2078185,53.1170269],[9.2072526,53.1163938],[9.2063129,53.1154345],[9.2055188,53.1146793],[9.2047854,53.1139878],[9.2032756,53.1125642],[9.2026608,53.1120002],[9.201855,53.1112645],[9.2016948,53.1111183],[9.2004248,53.109949],[9.2001334,53.1096817],[9.2001256,53.1096746],[9.1999625,53.1095249],[9.1987357,53.1083995],[9.1974915,53.107258],[9.1973079,53.1070957],[9.1947057,53.1047473],[9.1928133,53.1029716],[9.1926469,53.1028158],[9.1902286,53.1005863],[9.1897832,53.1002077],[9.1893768,53.0998381],[9.1869868,53.0976026],[9.1868164,53.0974411],[9.1865061,53.097153],[9.1858288,53.0965164],[9.1831285,53.0940505],[9.1816851,53.0927315],[9.1809437,53.092082],[9.1801315,53.0913932],[9.1792736,53.090711],[9.1779378,53.089735],[9.1768888,53.0890368],[9.1757715,53.0883341],[9.1752455,53.0880246],[9.1739308,53.0872942],[9.173646,53.0871429],[9.1726884,53.0866506],[9.171712,53.086186],[9.170623,53.0856858],[9.1697789,53.0853269],[9.1689492,53.0849877],[9.1683458,53.0847519],[9.1675319,53.0844455],[9.1670241,53.084256],[9.1665327,53.0840826],[9.1634933,53.0830182],[9.1614274,53.0822835],[9.1584043,53.0812468],[9.1579974,53.0811021],[9.1561123,53.0804345],[9.1535271,53.079529],[9.1502214,53.0783669],[9.1480834,53.0776196],[9.1405673,53.0750029],[9.1276197,53.0705026],[9.1244029,53.0693661],[9.1204468,53.067996],[9.1147983,53.0660313],[9.1059405,53.0629326],[9.1057322,53.062861],[9.1019652,53.0615653],[9.1007373,53.0611832],[9.0991485,53.0607072],[9.0976998,53.0602854],[9.0962005,53.059887],[9.0947878,53.0595286],[9.0932177,53.0591591],[9.0915081,53.0587924],[9.0900578,53.0584967],[9.0882573,53.0581429],[9.0870234,53.0579237],[9.0858221,53.0577325],[9.0840855,53.0574707],[9.0824541,53.0572382],[9.0805578,53.0570069],[9.0785826,53.0567902],[9.0737768,53.056282],[9.068252,53.0556956],[9.0627844,53.0551125],[9.0590355,53.0547282],[9.0484484,53.0536023],[9.0472127,53.0534747],[9.0459348,53.0533469],[9.044294,53.053199],[9.0433736,53.053131],[9.0424911,53.053068],[9.0414021,53.053],[9.0401838,53.0529333],[9.0374279,53.0528186],[9.0340525,53.0527082],[9.032838,53.0526677],[9.0301518,53.052578],[9.0294502,53.0525546],[9.0265907,53.0524591],[9.0263185,53.0524501],[9.0233498,53.052351],[9.0218288,53.0523002],[9.0214196,53.0522873],[9.0194567,53.0522201],[9.0192693,53.0522129],[9.0189479,53.052204],[9.0180132,53.0521728],[9.0172017,53.0521288],[9.0163885,53.0520706],[9.0149713,53.0519314],[9.0145445,53.0518895],[9.0133197,53.0517341],[9.0124194,53.0515895],[9.0116943,53.0514644],[9.0104219,53.0512161],[9.009382,53.0509919],[9.008264,53.050718],[9.0079969,53.0506442],[9.0072871,53.0504435],[9.0063332,53.0501581],[9.0051884,53.0497809],[9.0050301,53.0497243],[9.004059,53.0493704],[9.0034765,53.0491482],[9.0019138,53.0485521],[9.0008846,53.0481696],[8.998126,53.0471135],[8.9958993,53.0462696],[8.9956227,53.0461613],[8.9929114,53.0451302],[8.9920144,53.0447983],[8.9882755,53.0433772],[8.9875253,53.043096],[8.9831013,53.0414296],[8.9813352,53.0407459],[8.9803025,53.0403348],[8.9792142,53.0399058],[8.9781417,53.0394664],[8.9770507,53.0390084],[8.976427,53.0387395],[8.9760319,53.038571],[8.9757049,53.0384299],[8.9748771,53.0380659],[8.9741337,53.0377264],[8.9731391,53.0372609],[8.9720972,53.0367642],[8.9715246,53.0364804],[8.970916,53.0361788],[8.970544,53.0359945],[8.9694223,53.0354241],[8.9682851,53.034829],[8.9676706,53.0344977],[8.966888,53.0340668],[8.9665321,53.0338724],[8.9657291,53.0334385],[8.9653739,53.0332442],[8.9648889,53.0329785],[8.9642593,53.032629],[8.9637094,53.032323],[8.962175,53.031516],[8.9618868,53.0313807],[8.9609528,53.0309336],[8.9603591,53.0306812],[8.9597855,53.0304478],[8.959024,53.0301535],[8.9580201,53.0297836],[8.9571202,53.0294916],[8.9567539,53.0293628],[8.9553548,53.0289774],[8.9544378,53.0287312],[8.9532411,53.0284524],[8.9524707,53.0282954],[8.9517787,53.02817],[8.9509589,53.0280403],[8.9500514,53.0279003],[8.9491808,53.0277824],[8.9482871,53.0276845],[8.9474334,53.0276057],[8.946593,53.0275442],[8.9457403,53.0274882],[8.9448708,53.027452],[8.9442111,53.0274378],[8.9435642,53.027423],[8.9428541,53.027431],[8.9417908,53.0274465],[8.9409298,53.0274854],[8.9403583,53.0275217],[8.939568,53.0275675],[8.9387831,53.0276347],[8.9376727,53.0277508],[8.9369608,53.02784],[8.935987,53.0279693],[8.9346517,53.0281946],[8.9333401,53.0284644],[8.9325933,53.028626],[8.932064,53.0287525],[8.9317846,53.0288208],[8.9309278,53.0290465],[8.9299308,53.0293325],[8.9289223,53.0296557],[8.928008,53.0299818],[8.9273095,53.0302343],[8.9266268,53.0305073],[8.9258709,53.0308254],[8.9251177,53.0311647],[8.9242623,53.0315772],[8.9234521,53.0319937],[8.9220034,53.0327697],[8.9212383,53.0331718],[8.9203878,53.0335919],[8.9193293,53.0340853],[8.9187757,53.0343275],[8.9178144,53.0347412],[8.9170401,53.0350425],[8.916157,53.0353758],[8.9152796,53.0356881],[8.9145117,53.0359517],[8.9137317,53.036201],[8.9129746,53.036441],[8.9122131,53.0366558],[8.9120821,53.0366907],[8.9105005,53.037112],[8.9094168,53.0373748],[8.908327,53.0376111],[8.9077707,53.0377278],[8.9071183,53.0378521],[8.9065302,53.0379617],[8.9059362,53.0380645],[8.9045959,53.0382832],[8.9038028,53.0383941],[8.9032095,53.0384654],[8.9027673,53.0385275],[8.9023297,53.0385751],[8.9015187,53.0386647],[8.900822,53.0387301],[8.9004256,53.0387648],[8.8996484,53.0388243],[8.8992123,53.0388543],[8.8987135,53.038879],[8.8977862,53.038925],[8.8971937,53.0389477],[8.8965482,53.0389713],[8.8958809,53.0389806],[8.8949995,53.038986],[8.8945737,53.038995],[8.8935112,53.0389811],[8.8934548,53.0389796],[8.8925823,53.0389574],[8.8915818,53.0389071],[8.890388,53.0388356],[8.8891836,53.0387459],[8.8880655,53.0386427],[8.8870143,53.0385303],[8.8865692,53.0384768],[8.8854181,53.0383189],[8.8844741,53.0381762],[8.8842668,53.0381416],[8.8838023,53.038064],[8.8829159,53.0379034],[8.882519,53.0378283],[8.8818524,53.037702],[8.8812317,53.0375749],[8.880747,53.0374689],[8.8798787,53.0372712],[8.8789011,53.0370291],[8.8780353,53.0367969],[8.8772745,53.0365846],[8.8764226,53.036332],[8.8751452,53.0359238],[8.8745055,53.0357054],[8.8739424,53.035501],[8.8728145,53.0350838],[8.8722034,53.0348378],[8.8714125,53.0345154],[8.8661376,53.0322795],[8.8656674,53.0320804],[8.8653834,53.0319561],[8.8610156,53.0301086],[8.8540335,53.0271551],[8.8530437,53.0267467],[8.8525542,53.0265615],[8.8523055,53.0264701],[8.8520115,53.0263699],[8.8505009,53.0258553],[8.8498635,53.0256627],[8.8493963,53.0255216],[8.8484907,53.0252771],[8.8475244,53.0250372],[8.8462108,53.024751],[8.8453028,53.024573],[8.8445469,53.024446],[8.8438796,53.0243452],[8.843414,53.0242749],[8.8424735,53.024153],[8.8417337,53.0240673],[8.8409834,53.0240001],[8.8402376,53.0239387],[8.8394556,53.0238878],[8.8385961,53.0238507],[8.8377052,53.0238282],[8.8362187,53.023811],[8.8349644,53.0238137],[8.8335265,53.0238167],[8.829935,53.0238228],[8.8247102,53.0238317],[8.822349,53.0238357],[8.8200265,53.0238397],[8.8176254,53.0238438],[8.8171717,53.0238446],[8.815379,53.0238476],[8.8135072,53.0238377],[8.8108352,53.0237879],[8.8086079,53.0237144],[8.8073592,53.0236561],[8.8072719,53.0236513],[8.8051408,53.023534],[8.8029064,53.0233885],[8.8024115,53.0233507],[8.8000645,53.0231554],[8.7989945,53.0230523],[8.7984402,53.0230004],[8.7972943,53.0228834],[8.7962107,53.0227638],[8.7931732,53.022385],[8.7925592,53.0223084],[8.7907189,53.0220529],[8.7888911,53.0217685],[8.787624,53.0215582],[8.7866051,53.0213902],[8.7851991,53.0211322],[8.7843338,53.0209767],[8.7837597,53.0208612],[8.7836225,53.0208336],[8.7822801,53.0205717],[8.7811992,53.0203462],[8.7794953,53.0199782],[8.778098,53.0196661],[8.776494,53.0192846],[8.7748287,53.0188764],[8.7732881,53.018464],[8.77242,53.0182302],[8.7722409,53.0181785],[8.7715638,53.0179976],[8.7708989,53.0178104],[8.7706993,53.0177541],[8.7686873,53.0171683],[8.7665859,53.0165689],[8.7661326,53.0164454],[8.7648967,53.0161034],[8.7637769,53.0158025],[8.7621574,53.0153892],[8.7602694,53.0149266],[8.7584958,53.014524],[8.756717,53.0141326],[8.7547197,53.013724],[8.7527122,53.0133399],[8.7517686,53.0131693],[8.7507046,53.0129804],[8.7496958,53.012812],[8.7486876,53.0126513],[8.7476098,53.0124823],[8.7465277,53.0123228],[8.7443565,53.0120167],[8.7421782,53.011749],[8.7408911,53.0115998],[8.7402314,53.0115275],[8.7387851,53.0113628],[8.7374993,53.0112101],[8.7364141,53.0110836],[8.7355609,53.010977],[8.735114,53.0109188],[8.7346688,53.0108628],[8.7343414,53.010822],[8.7330377,53.010643],[8.7321504,53.0105099],[8.73068,53.0102831],[8.7300246,53.0101817],[8.7298995,53.0101624],[8.7290245,53.0100128],[8.7280682,53.0098491],[8.7270283,53.0096689],[8.7256473,53.0094107],[8.7237299,53.0090315],[8.7222219,53.0087217],[8.7209941,53.0084623],[8.7208342,53.0084285],[8.7194652,53.0081304],[8.7183023,53.0078988],[8.7167168,53.0075734],[8.7156291,53.00737],[8.7136424,53.0069985],[8.7134272,53.0069583],[8.7119072,53.0067021],[8.7099312,53.0063898],[8.7085484,53.0061814],[8.7069788,53.0059645],[8.7052812,53.0057485],[8.7033849,53.0055196],[8.7014823,53.0053197],[8.7006108,53.0052281],[8.6995101,53.0051136],[8.6990697,53.0050678],[8.6982751,53.0049829],[8.6966684,53.004794],[8.6955795,53.0046576],[8.6954424,53.0046405],[8.6943845,53.004508],[8.6933455,53.0043669],[8.693177,53.0043425],[8.6919452,53.0041517],[8.6899205,53.0038327],[8.6881604,53.0035105],[8.6865364,53.0032029],[8.6850334,53.0029051],[8.6832812,53.0025447],[8.682703,53.0024167],[8.6819006,53.002238],[8.6807706,53.0019693],[8.679603,53.0016772],[8.6785006,53.0013856],[8.6774266,53.0010844],[8.6763171,53.0007679],[8.6760629,53.0006955],[8.6749372,53.0003743],[8.6732262,52.9998606],[8.6719358,52.9994509],[8.6706398,52.9990234],[8.6702108,52.9988665],[8.6659491,52.9973556],[8.663997,52.9965942],[8.6618739,52.9957401],[8.6597187,52.9948279],[8.6574143,52.9938073],[8.6557996,52.9930635],[8.654547,52.9924754],[8.6522202,52.9913646],[8.6507114,52.9906077],[8.6478871,52.9891769],[8.6450928,52.9877271],[8.6424987,52.9863419],[8.6365333,52.9831163],[8.6284054,52.9787306],[8.6255927,52.9772594],[8.6225645,52.9757243],[8.6203081,52.9746074],[8.6179228,52.9734708],[8.6147973,52.9720362],[8.6130837,52.9712715],[8.6116102,52.9706334],[8.6114689,52.9705723],[8.6087656,52.9694347],[8.6066016,52.9685671],[8.6048184,52.9678726],[8.60285,52.9671048],[8.6025265,52.9669827],[8.5990612,52.9657137],[8.5970422,52.9650075],[8.5951171,52.9643459],[8.5915171,52.963168],[8.5887142,52.9622984],[8.5856435,52.9613783],[8.5822991,52.9604355],[8.5789262,52.9595246],[8.5769346,52.959004],[8.5743061,52.9583399],[8.5696717,52.9571962],[8.5617678,52.9553168],[8.5595719,52.9547946],[8.5583021,52.95449],[8.5556523,52.9538598],[8.5514546,52.9528392],[8.5490905,52.9522604],[8.5478622,52.9519459],[8.5466981,52.9516438],[8.5442923,52.9510231],[8.5412129,52.9501926],[8.5396033,52.9497448],[8.5380094,52.9492876],[8.535339,52.9484983],[8.5337007,52.9479985],[8.5318215,52.9473952],[8.5307632,52.9470509],[8.5284706,52.9462698],[8.5262783,52.9454848],[8.5240837,52.9446648],[8.523104,52.9442919],[8.5214194,52.9436123],[8.519386,52.9427676],[8.5174685,52.9419272],[8.5153775,52.940972],[8.5135313,52.940082],[8.5110395,52.9388314],[8.5089472,52.9377021],[8.5071334,52.9366883],[8.5058061,52.935903],[8.5050219,52.9354468],[8.504267,52.9349835],[8.5031977,52.9343099],[8.5016638,52.9333306],[8.5009592,52.9328692],[8.4989597,52.9315508],[8.4966116,52.9300006],[8.4947796,52.928806],[8.4928245,52.9275994],[8.4927054,52.9275268],[8.4906345,52.9263133],[8.4884432,52.9251138],[8.4861687,52.9239929],[8.4851816,52.9235372],[8.4841792,52.9230934],[8.4823304,52.9223341],[8.4804326,52.9216041],[8.4784562,52.9209097],[8.4767702,52.9203741],[8.4750722,52.9198611],[8.4728904,52.9192615],[8.4706802,52.9187093],[8.4695511,52.9184513],[8.4684125,52.9182006],[8.4661174,52.9177319],[8.4639169,52.9173151],[8.4610677,52.9168518],[8.4593432,52.916603],[8.4571017,52.9163031],[8.4556334,52.9161279],[8.4525866,52.9158005],[8.4512134,52.915675],[8.450038,52.9155713],[8.4489127,52.915476],[8.4482677,52.9154236],[8.4472659,52.915353],[8.4454531,52.915229],[8.4428655,52.9150739],[8.4406242,52.9149589],[8.4369327,52.914795],[8.4336406,52.9146928],[8.4311357,52.9146293],[8.428767,52.9145779],[8.4197108,52.9143971],[8.4166178,52.9143461],[8.4140089,52.9142967],[8.4129265,52.9142714],[8.4093273,52.9141748],[8.4060315,52.9140525],[8.4036468,52.9139553],[8.4012901,52.9138339],[8.3984094,52.9136667],[8.3955762,52.9134638],[8.3921086,52.913164],[8.388504,52.9127964],[8.3864521,52.912558],[8.3860787,52.9125158],[8.383092,52.9121299],[8.3815339,52.9119101],[8.3782832,52.911407],[8.3753508,52.9109207],[8.3743045,52.9107349],[8.3734858,52.9105828],[8.3719446,52.9102893],[8.368895,52.9096854],[8.3664225,52.9091333],[8.3637172,52.908517],[8.3615741,52.9079969],[8.359659,52.9075083],[8.3581349,52.9071016],[8.3559735,52.9065093],[8.3539797,52.9059305],[8.3509083,52.9049967],[8.3475396,52.9039105],[8.3454662,52.9031847],[8.3419659,52.9018977],[8.3407326,52.9014353],[8.3395017,52.9009627],[8.3375996,52.9001941],[8.3359372,52.8994978],[8.3344337,52.8988444],[8.3336569,52.898511],[8.3327986,52.8981259],[8.3319044,52.8977167],[8.3306545,52.8971434],[8.3296884,52.8966893],[8.3288759,52.8963052],[8.3268175,52.8953567],[8.3262876,52.8951242],[8.3240953,52.8941516],[8.3219721,52.8932743],[8.3210713,52.8929302],[8.3199003,52.8924831],[8.3182942,52.8919065],[8.3166917,52.8913654],[8.3154725,52.8909744],[8.3135593,52.8903948],[8.3116037,52.8898457],[8.3112612,52.8897502],[8.3092166,52.889247],[8.3079398,52.8889366],[8.3061994,52.8885443],[8.3051813,52.8883335],[8.3034811,52.8879959],[8.3013644,52.887619],[8.2989733,52.8872383],[8.2964891,52.8868982],[8.294347,52.8866437],[8.2919148,52.8863685],[8.2896893,52.8861262],[8.2873595,52.8858614],[8.2852988,52.8855999],[8.2837384,52.8853754],[8.2811514,52.8849574],[8.2798665,52.8847212],[8.2797512,52.8846994],[8.2786247,52.8844702],[8.2766959,52.8840378],[8.2755756,52.8837711],[8.2743446,52.8834538],[8.2731221,52.8831236],[8.2720884,52.8828218],[8.2709153,52.8824677],[8.2697202,52.8820866],[8.2685626,52.8817011],[8.266273,52.8808848],[8.2638615,52.8799399],[8.2627989,52.8795047],[8.2616983,52.8790255],[8.2606329,52.8785514],[8.2595279,52.878042],[8.2585223,52.8775578],[8.2574901,52.8770485],[8.2561673,52.8763718],[8.2553547,52.8759429],[8.2532195,52.8747724],[8.2518095,52.8739398],[8.2508554,52.8733774],[8.2492013,52.8723722],[8.2479288,52.8715486],[8.2455969,52.8699652],[8.2438821,52.8687194],[8.2422602,52.8675007],[8.2410443,52.866543],[8.2393421,52.8651681],[8.2380159,52.8640086],[8.236731,52.8628695],[8.2347885,52.8610668],[8.233062,52.8593765],[8.2318926,52.8581591],[8.23122,52.8574396],[8.230402,52.8565318],[8.2298855,52.8559497],[8.2293636,52.8553607],[8.2280184,52.8537689],[8.2271218,52.8526528],[8.226903,52.8523732],[8.2253911,52.8503633],[8.2247798,52.849509],[8.2237859,52.8480546],[8.2227671,52.8464725],[8.2223658,52.8458307],[8.2215698,52.8445069],[8.2208152,52.8431794],[8.219449,52.8405978],[8.2187615,52.8391584],[8.2179455,52.8372983],[8.2174137,52.8359676],[8.2167184,52.8341109],[8.21538,52.8302],[8.214015,52.8256938],[8.2133289,52.8232415],[8.2127133,52.8209617],[8.2121328,52.818782],[8.2116457,52.8169624],[8.2112679,52.8156404],[8.2108113,52.8138823],[8.2103622,52.8122238],[8.2098631,52.8104978],[8.2093173,52.8086777],[8.2092854,52.8085713],[8.2092161,52.8083403],[8.209037,52.8077445],[8.2082189,52.8051968],[8.2072176,52.8022942],[8.2062877,52.7997535],[8.2056295,52.7980241],[8.2047904,52.7959085],[8.2035895,52.7930362],[8.2026068,52.7907895],[8.2016646,52.7887535],[8.201307,52.7879627],[8.2006131,52.7865164],[8.1995958,52.7844262],[8.198242,52.7817853],[8.1975421,52.7804496],[8.1972496,52.7799056],[8.1967989,52.779078],[8.1963255,52.7782175],[8.1948673,52.7756256],[8.1932855,52.7729095],[8.1920479,52.7708413],[8.1907068,52.7686174],[8.1881034,52.764329],[8.1866344,52.7618913],[8.1849617,52.7590663],[8.1842883,52.7578993],[8.1840204,52.7574418],[8.1833973,52.7563413],[8.1827837,52.7552378],[8.1817903,52.7534177],[8.1813951,52.7526722],[8.180869,52.7516645],[8.1804956,52.7509281],[8.1797817,52.7494835],[8.1792904,52.748462],[8.1786007,52.7469544],[8.178111,52.7458357],[8.1778042,52.7451118],[8.1773859,52.744086],[8.1769791,52.7430608],[8.176709,52.7423372],[8.1760329,52.7404153],[8.1755808,52.7390122],[8.1752957,52.738071],[8.1749114,52.7367],[8.1746162,52.7355777],[8.1744198,52.7347798],[8.1740753,52.7332415],[8.1739414,52.7324793],[8.1734663,52.7297734],[8.1732964,52.7286565],[8.1732632,52.7283911],[8.1730531,52.7265502],[8.1729847,52.7258582],[8.1728507,52.7240947],[8.1727612,52.7224431],[8.1726981,52.7206721],[8.1726592,52.7178639],[8.1726591,52.7174622],[8.1726629,52.7167692],[8.1726979,52.7147677],[8.1727345,52.7134362],[8.1727632,52.7124716],[8.1728351,52.7105585],[8.1728944,52.709194],[8.1729745,52.7073276],[8.1730481,52.705619],[8.1731846,52.7013853],[8.1732346,52.6970754],[8.1732097,52.6946228],[8.1731452,52.6926427],[8.1730481,52.6907651],[8.1729189,52.6889018],[8.1725885,52.6857285],[8.1723849,52.6841799],[8.1720795,52.6822621],[8.1717741,52.6806516],[8.1714395,52.6790541],[8.1710345,52.6773302],[8.1705865,52.6756141],[8.1699365,52.6733624],[8.1692015,52.6711219],[8.1687256,52.6697846],[8.1682232,52.6684496],[8.1679107,52.6676291],[8.1675734,52.6668054],[8.166949,52.6653394],[8.166308,52.663895],[8.165708,52.662606],[8.1654891,52.6621554],[8.1651418,52.6614441],[8.1650719,52.6613081],[8.1641959,52.6596088],[8.1635761,52.6584444],[8.1630255,52.6574571],[8.1626763,52.65684],[8.16213,52.6558904],[8.1612894,52.6544774],[8.1604678,52.6531407],[8.1592248,52.6512657],[8.1580934,52.6494837],[8.1578512,52.6491575],[8.1570037,52.6479195],[8.1568347,52.6476809],[8.1544572,52.6444924],[8.1525231,52.6419296],[8.1495751,52.6382593],[8.1472717,52.6355523],[8.1460431,52.6341373],[8.144722,52.632666],[8.1422167,52.6299579],[8.1390755,52.6266919],[8.1357087,52.623305],[8.1323588,52.6199588],[8.1299222,52.6175069],[8.1283308,52.6159046],[8.1262323,52.6137894],[8.1241541,52.611601],[8.1229805,52.6103652],[8.1213292,52.608506],[8.1197018,52.6065457],[8.11827,52.6047292],[8.1169624,52.6028915],[8.1156384,52.6009034],[8.1149417,52.5997162],[8.1142442,52.5984389],[8.1136918,52.5973605],[8.1133786,52.5967613],[8.1128935,52.5957061],[8.112351,52.5944094],[8.1115656,52.5923377],[8.111073,52.5907933],[8.110745,52.5896165],[8.1103428,52.5879761],[8.1099795,52.5859368],[8.1097799,52.5844893],[8.1096619,52.5832793],[8.1095459,52.5810726],[8.1095527,52.579229],[8.1095789,52.578776],[8.1096418,52.5777355],[8.1098244,52.5760708],[8.1100678,52.5741344],[8.11045,52.5717183],[8.1113866,52.5670383],[8.1121245,52.5636649],[8.1127264,52.5607503],[8.112768,52.5604974],[8.1132697,52.5574352],[8.1132879,52.557305],[8.1138116,52.552199],[8.1138275,52.551912],[8.1139052,52.5498417],[8.1139316,52.5479105],[8.1139307,52.5476332],[8.1139415,52.5467619],[8.1138699,52.5449516],[8.1136908,52.5426331],[8.1134045,52.5399494],[8.1133871,52.5397858],[8.1129187,52.5367658],[8.1124493,52.5347478],[8.1121278,52.5336197],[8.1118025,52.5326061],[8.1116648,52.532177],[8.111362,52.5313673],[8.1105293,52.5295124],[8.109705,52.5279246],[8.1091829,52.5270215],[8.1084184,52.5257871],[8.1075573,52.5245417],[8.1068762,52.523651],[8.1054227,52.5218544],[8.1044095,52.5207086],[8.1029642,52.5191881],[8.1014903,52.5176993],[8.0998448,52.5161433],[8.0981796,52.5145823],[8.0973688,52.5138921],[8.0963144,52.5129638],[8.0954921,52.5122527],[8.0927732,52.5099667],[8.092205,52.5095037],[8.0907866,52.5082896],[8.0892456,52.5069602],[8.0884971,52.5062893],[8.0873098,52.5052764],[8.0853721,52.5035752],[8.0836019,52.5019567],[8.0825753,52.5010409],[8.0805136,52.4991489],[8.0789744,52.497704],[8.0767435,52.4955885],[8.0755641,52.4944412],[8.0745865,52.4934747],[8.0719886,52.4908844],[8.070732,52.4896165],[8.0688033,52.4876243],[8.0670934,52.4858206],[8.065135,52.4837617],[8.0633565,52.4817542],[8.0599912,52.4778919],[8.0583964,52.4759987],[8.0571955,52.4745431],[8.0557701,52.4727875],[8.0554527,52.4723939],[8.0543867,52.471055],[8.0537658,52.4702416],[8.0531764,52.4694844],[8.0519897,52.4679221],[8.0506038,52.4660701],[8.0502866,52.4656271],[8.0480113,52.4624488],[8.0466695,52.4604949],[8.0451657,52.4582279],[8.043867,52.4562497],[8.04262,52.4542665],[8.0407489,52.4512081],[8.039095,52.4482321],[8.0377035,52.4455693],[8.0363228,52.4427123],[8.035561,52.4409934],[8.0341958,52.4376189],[8.0338631,52.4367055],[8.033394,52.4352273],[8.0328387,52.4333294],[8.0324462,52.4319534],[8.0321173,52.4305773],[8.0318186,52.4290918],[8.0314758,52.4269211],[8.0314469,52.4267392],[8.0313723,52.4261876],[8.0312954,52.4256102],[8.0312461,52.4252157],[8.0311185,52.4240061],[8.0310654,52.4233599],[8.0310292,52.4228089],[8.0309936,52.422213],[8.030966,52.4216295],[8.0309321,52.4205411],[8.030916,52.4196153],[8.0309239,52.4191369],[8.0309566,52.4179073],[8.0309677,52.41757],[8.0309986,52.4169129],[8.0310371,52.4163291],[8.0310889,52.4157434],[8.0311463,52.4151468],[8.0312892,52.4139257],[8.031686,52.4114928],[8.0317816,52.4110431],[8.0319143,52.4104281],[8.0320557,52.4098345],[8.0321674,52.4093992],[8.0322801,52.4089593],[8.0324975,52.4081902],[8.0327752,52.4072837],[8.0332605,52.4058265],[8.0335119,52.4051211],[8.033633,52.4047984],[8.0338619,52.4041885],[8.0339311,52.4040042],[8.0341913,52.403375],[8.0343924,52.4028886],[8.0357571,52.3997782],[8.0364786,52.3982309],[8.036643,52.3978784],[8.03768,52.3956919],[8.0385941,52.3937714],[8.0387253,52.3934767],[8.0392371,52.3923372],[8.0404018,52.3897442],[8.0407351,52.3889574],[8.0415236,52.3869878],[8.0425482,52.3839698],[8.0433107,52.3804713],[8.0436167,52.3780728],[8.04372,52.375845],[8.0436659,52.3751332],[8.0436536,52.3747917],[8.0435683,52.3734317],[8.0432265,52.3712353],[8.0426558,52.3688877],[8.0425156,52.3683622],[8.04174,52.3662583],[8.0406717,52.3639117],[8.039075,52.3610133],[8.0374733,52.3585517],[8.0360567,52.3566033],[8.0357872,52.3562707],[8.0336354,52.3537099],[8.0315695,52.3514456],[8.0291195,52.3490417],[8.0272257,52.3473327],[8.0259982,52.3462788],[8.0256177,52.3459649],[8.0254073,52.3457914],[8.0246644,52.3451864],[8.0235969,52.3443454],[8.0229296,52.3438435],[8.0222561,52.3433464],[8.0215647,52.3428555],[8.0208605,52.3423712],[8.0202987,52.3419955],[8.0197199,52.3416216],[8.0191236,52.341247],[8.018518,52.3408812],[8.0178088,52.3404674],[8.0167756,52.3398947],[8.016245,52.3396155],[8.0157031,52.3393383],[8.0144196,52.3387252],[8.0137556,52.3384318],[8.0130505,52.3381321],[8.0120766,52.3377347],[8.0116142,52.3375568],[8.0108658,52.3372874],[8.0100791,52.3370203],[8.0091719,52.3367323],[8.0081422,52.3364342],[8.0074472,52.336249],[8.0064061,52.3359859],[8.005376,52.3357441],[8.0011423,52.3347808],[7.9988249,52.3342298],[7.9974979,52.3338996],[7.996548,52.3336645],[7.9955781,52.3334104],[7.9948118,52.3332103],[7.9938923,52.3329637],[7.9929097,52.3326977],[7.991343,52.3322593],[7.9902611,52.3319516],[7.9858592,52.3306434],[7.9829955,52.3297253],[7.9826664,52.3296177],[7.9813675,52.3291981],[7.9780229,52.3280907],[7.9759148,52.3273431],[7.9738642,52.3266077],[7.9721198,52.3259392],[7.9696769,52.3249314],[7.9692926,52.3247729],[7.9669385,52.3236726],[7.9661777,52.3233004],[7.965133,52.3227706],[7.9645205,52.322448],[7.9639736,52.3221532],[7.9635156,52.3219041],[7.9630662,52.3216584],[7.9628298,52.3215256],[7.9616434,52.3208336],[7.9610327,52.3204473],[7.9608592,52.320336],[7.9595861,52.3195281],[7.9575683,52.318185],[7.9566558,52.3174999],[7.9559851,52.3169732],[7.9543859,52.3156877],[7.952815,52.3142967],[7.9510737,52.312628],[7.9509272,52.3124696],[7.9494564,52.3109104],[7.9492928,52.3107229],[7.9476798,52.3087296],[7.9473005,52.308261],[7.9458043,52.3060281],[7.9453763,52.3053729],[7.9448323,52.3044314],[7.9443395,52.3035811],[7.9442014,52.3033093],[7.9439713,52.3029074],[7.9434845,52.3018839],[7.9429513,52.3006615],[7.942608,52.2998207],[7.9423568,52.2991434],[7.9422655,52.2988945],[7.9419942,52.2980588],[7.9412684,52.2953531],[7.9411312,52.2947017],[7.941084,52.2945014],[7.9409451,52.2937251],[7.9405065,52.2914444],[7.9404572,52.2912082],[7.9401798,52.2899446],[7.9398123,52.2888485],[7.9391796,52.2871002],[7.9388749,52.2863865],[7.9381555,52.2849228],[7.9380788,52.2847667],[7.937361,52.2834645],[7.9368495,52.2826288],[7.9358289,52.2811341],[7.9345581,52.2792831],[7.9342682,52.278865],[7.931172,52.2744681],[7.930581,52.2736381],[7.9299524,52.2727028],[7.9289971,52.2714149],[7.9276308,52.2694717],[7.9270376,52.268639],[7.9260032,52.2671994],[7.924936,52.2656824],[7.9240327,52.2643022],[7.9228617,52.2626393],[7.9196328,52.258076],[7.919014,52.2572543],[7.9188924,52.2570848],[7.9175941,52.2554488],[7.9161926,52.2539232],[7.9154551,52.2532021],[7.9140588,52.2518813],[7.9124973,52.2506308],[7.9114318,52.2498411],[7.9099691,52.2488593],[7.9086178,52.248037],[7.9082668,52.247822],[7.90685,52.2470142],[7.9063273,52.2467187],[7.9050453,52.2460869],[7.9031318,52.2451862],[7.9010707,52.2443473],[7.9003822,52.2440911],[7.8965237,52.2426831],[7.8949005,52.2421228],[7.8927703,52.2412803],[7.8918285,52.2408812],[7.8878871,52.2389619],[7.8875688,52.2387768],[7.8855283,52.2375425],[7.8844441,52.2368151],[7.8830447,52.2357799],[7.8817837,52.2347598],[7.8813925,52.2344066],[7.8806745,52.2337875],[7.8795975,52.23276],[7.8788242,52.2319196],[7.8780056,52.2309416],[7.8773981,52.2301745],[7.8769508,52.2295536],[7.8768908,52.2294686],[7.8746831,52.2260872],[7.8740007,52.2250644],[7.8730389,52.2238201],[7.872579,52.2232714],[7.8721865,52.2228137],[7.8712516,52.2218371],[7.8704932,52.221095],[7.8698146,52.2204669],[7.8690727,52.2198372],[7.8681624,52.2191515],[7.8669472,52.2182974],[7.8654715,52.2173595],[7.8632636,52.2160795],[7.86249,52.2156838],[7.8612976,52.2151116],[7.8598438,52.2144559],[7.8585263,52.2139447],[7.8573743,52.2135054],[7.8565995,52.213234],[7.8546912,52.2126197],[7.853204,52.2121939],[7.8521629,52.2119167],[7.8508365,52.2116126],[7.8493969,52.2113067],[7.8472087,52.2109113],[7.846452,52.2107852],[7.845321,52.2106152],[7.8418078,52.2101128],[7.8407348,52.2099629],[7.838156,52.2095834],[7.8359167,52.2092218],[7.8334028,52.2087805],[7.8315697,52.208414],[7.8307313,52.2082336],[7.830396,52.2081631],[7.8293714,52.2079361],[7.8287978,52.207809],[7.8267636,52.2073263],[7.8246753,52.2067902],[7.8231104,52.2063691],[7.8230203,52.2063449],[7.8226671,52.2062474],[7.820116,52.2055005],[7.8197612,52.2053929],[7.8167043,52.2043915],[7.8146934,52.2036667],[7.813553,52.2032495],[7.8129633,52.203015],[7.8124883,52.202825],[7.8120893,52.2026573],[7.8115113,52.2024078],[7.8102064,52.2018535],[7.8089653,52.2012719],[7.8067445,52.2001586],[7.8045642,52.1990096],[7.8035767,52.1984282],[7.8033083,52.1982647],[7.8018529,52.197373],[7.8008293,52.1967138],[7.7998278,52.1960366],[7.7991317,52.1955389],[7.7987278,52.1952732],[7.7974532,52.1943244],[7.796924,52.1938614],[7.7959426,52.1930531],[7.7948373,52.1920772],[7.7930917,52.1904254],[7.7913644,52.1886823],[7.7904377,52.1877777],[7.7891291,52.1865409],[7.7854007,52.183499],[7.7828363,52.1816615],[7.7809897,52.1804577],[7.7786583,52.1790613],[7.7754715,52.1772896],[7.7656538,52.1719702],[7.7631743,52.1706071],[7.7595419,52.168654],[7.7577379,52.1676595],[7.7548277,52.1659818],[7.754653,52.1658731],[7.7512299,52.1637409],[7.7480798,52.1615619],[7.7443554,52.1587188],[7.7409004,52.1557373],[7.7392392,52.1542058],[7.7361731,52.1510613],[7.7351165,52.1499386],[7.7338634,52.1485033],[7.731969,52.1463],[7.7309018,52.1450304],[7.7303047,52.1443121],[7.7296674,52.1435312],[7.728639,52.1422815],[7.7284193,52.1420103],[7.7271956,52.1405192],[7.725838,52.1388377],[7.7244634,52.1371349],[7.7239041,52.1364468],[7.7227841,52.1351352],[7.7218368,52.1340225],[7.7194904,52.1313605],[7.7192135,52.1310581],[7.713766,52.1253755],[7.7132181,52.1248361],[7.7096396,52.1215881],[7.7087411,52.1207917],[7.7060112,52.1183714],[7.7030061,52.1159781],[7.7021037,52.1153282],[7.7002296,52.113973],[7.6990887,52.1131247],[7.6978851,52.1123022],[7.6965499,52.1114095],[7.6960312,52.1110592],[7.6945199,52.1100811],[7.6935234,52.1094698],[7.6913533,52.1081385],[7.6909642,52.1079107],[7.6884479,52.1064782],[7.6860306,52.105137],[7.6853935,52.1048022],[7.6845608,52.104397],[7.6840572,52.1041306],[7.6817622,52.1029708],[7.6814137,52.1028035],[7.6792108,52.1017319],[7.6752765,52.0999687],[7.6724825,52.0987848],[7.6655032,52.0959103],[7.6613963,52.0941205],[7.6599479,52.0934481],[7.6593245,52.0931547],[7.6583465,52.0926803],[7.6574691,52.0922411],[7.6566187,52.0918051],[7.6558358,52.0914049],[7.6548608,52.0908888],[7.6538169,52.0903261],[7.6521454,52.089372],[7.6505399,52.0884269],[7.6503632,52.0883183],[7.6501758,52.0882006],[7.6487754,52.0873345],[7.646569,52.0858946],[7.6458662,52.0854234],[7.6440623,52.0841386],[7.6434119,52.083662],[7.6423529,52.0828637],[7.640982,52.0817863],[7.6395673,52.0806269],[7.6388447,52.0800254],[7.6383722,52.0796086],[7.6379377,52.0792145],[7.6366583,52.0780493],[7.6352962,52.0767315],[7.6339832,52.0753892],[7.6306457,52.0716258],[7.6297998,52.0706011],[7.6287545,52.0693211],[7.6285673,52.0690894],[7.6245477,52.0640306],[7.6243782,52.0638205],[7.6240543,52.0634045],[7.6228504,52.0619102],[7.6201668,52.0585547],[7.6201472,52.0585253],[7.6197903,52.0580915],[7.6191715,52.0572862],[7.6183116,52.0562013],[7.6175784,52.0552721],[7.6161067,52.053407],[7.6151152,52.0521215],[7.614944,52.0518889],[7.6144296,52.0512247],[7.6138239,52.050405],[7.6136649,52.0501926],[7.6125498,52.0486688],[7.6115257,52.0471677],[7.6102672,52.0453124],[7.6101931,52.0451875],[7.608804,52.0429256],[7.6087937,52.0429088],[7.6086258,52.0426433],[7.6081017,52.041731],[7.6064088,52.0386769],[7.6055847,52.0371402],[7.6051557,52.0363979],[7.6045406,52.0352417],[7.6040456,52.034389],[7.6035994,52.0336204],[7.6026329,52.0319977],[7.6018765,52.0308053],[7.6014957,52.0302362],[7.6011135,52.0296719],[7.6007701,52.0291842],[7.6004523,52.028737],[7.6001237,52.0282931],[7.5997147,52.0277485],[7.5993727,52.0273095],[7.5989127,52.0267327],[7.5985238,52.0262607],[7.5981027,52.025754],[7.5974496,52.0249998],[7.5969815,52.0244783],[7.5964236,52.0238734],[7.5960723,52.0234995],[7.5954969,52.0229037],[7.5948505,52.0222551],[7.5942537,52.0216733],[7.5936784,52.0211278],[7.5929502,52.0204576],[7.5925344,52.0200854],[7.5921026,52.0197033],[7.5912926,52.0190068],[7.5907454,52.0185487],[7.5900386,52.0179726],[7.5892849,52.0173767],[7.5885862,52.0168394],[7.5881783,52.0165289],[7.5879492,52.0163566],[7.5870882,52.0157243],[7.586533,52.0153232],[7.5862178,52.0150921],[7.5861293,52.0150286],[7.5850484,52.0142519],[7.5840801,52.0135527],[7.5837019,52.0132779],[7.58349,52.0131235],[7.5830126,52.0127711],[7.582507,52.012393],[7.5818472,52.011887],[7.5814797,52.0116006],[7.5809339,52.011168],[7.580144,52.0105242],[7.579629,52.0100933],[7.5791864,52.009716],[7.5784126,52.0090408],[7.5776736,52.0083721],[7.5772619,52.0079883],[7.5766718,52.007431],[7.5762682,52.0070382],[7.575611,52.0063834],[7.575033,52.0057907],[7.574506,52.0052342],[7.5741814,52.0048825],[7.5741103,52.0048066],[7.5734693,52.0040941],[7.5727424,52.003252],[7.5721818,52.0025775],[7.5715984,52.0018542],[7.5714053,52.0016115],[7.5706811,52.0006901],[7.5702131,52.000084],[7.569501,51.9991791],[7.5680338,51.9974001],[7.5668673,51.9961066],[7.5664387,51.9956313],[7.5650315,51.9942094],[7.5638607,51.9930969],[7.5630414,51.9923491],[7.5609616,51.9905048],[7.5592164,51.9889227],[7.5588937,51.9886153],[7.5579762,51.9877071],[7.5572028,51.9869162],[7.5561657,51.9857899],[7.5552636,51.9847605],[7.5551512,51.9846291],[7.5542866,51.9835765],[7.5538091,51.9829668],[7.5522055,51.9807222],[7.5518328,51.9801522],[7.5513786,51.9794467],[7.5509575,51.9787347],[7.5501409,51.9773028],[7.5497113,51.9764843],[7.5492127,51.9754683],[7.548747,51.974447],[7.5484295,51.973688],[7.5481278,51.9729288],[7.5478336,51.9721267],[7.5475269,51.9712243],[7.5472641,51.9703585],[7.5470274,51.9694918],[7.546895,51.9689927],[7.5467531,51.9683746],[7.5466031,51.9676942],[7.5465285,51.9673254],[7.5463428,51.9662809],[7.5462965,51.9659521],[7.5462475,51.9656369],[7.5462093,51.9653266],[7.5461657,51.9649998],[7.5461322,51.9646783],[7.5460839,51.9642024],[7.5460121,51.9632615],[7.5460096,51.963221],[7.5459686,51.9622737],[7.5459572,51.9617911],[7.5459559,51.9613101],[7.5459599,51.960825],[7.5459713,51.9605048],[7.5460733,51.9586976],[7.5461639,51.9577894],[7.5465089,51.9555059],[7.5467445,51.9542538],[7.5470909,51.9526311],[7.5476727,51.9501515],[7.547761,51.9497745],[7.5481097,51.9482845],[7.5489286,51.9453295],[7.5494103,51.9435913],[7.5496461,51.942753],[7.5500792,51.9412855],[7.5502017,51.9408907],[7.5503646,51.9403531],[7.5513131,51.9373997],[7.5516133,51.9364806],[7.5516499,51.936374],[7.5519937,51.935391],[7.5524799,51.9339336],[7.5531419,51.9320814],[7.5533739,51.9314322],[7.5536761,51.9305698],[7.5548156,51.9276677],[7.5553762,51.9263517],[7.5554715,51.926105],[7.5557313,51.9254653],[7.5559611,51.9249302],[7.556651,51.923318],[7.5569612,51.9225932],[7.5575188,51.9214146],[7.5580252,51.9202845],[7.5582134,51.9198718],[7.5586176,51.918999],[7.558884,51.9184239],[7.5601914,51.9156644],[7.5604281,51.9151805],[7.5606865,51.9146814],[7.5619204,51.9122256],[7.5628784,51.9104017],[7.563112,51.9099482],[7.5633323,51.9095374],[7.5633989,51.9094095],[7.5641012,51.9081327],[7.56518,51.9061683],[7.5666671,51.9035754],[7.5676581,51.9019322],[7.5681679,51.9010485],[7.5682587,51.9008941],[7.5693334,51.8990966],[7.5701318,51.8977171],[7.5707373,51.8965681],[7.5718168,51.8944422],[7.5720025,51.894049],[7.5721245,51.8937736],[7.5722812,51.893449],[7.5729812,51.8917664],[7.5740041,51.8890759],[7.5740882,51.8888548],[7.5744998,51.8873226],[7.5749933,51.8854629],[7.5751752,51.8846211],[7.575304,51.8840255],[7.5754262,51.8834601],[7.5756958,51.8818645],[7.5758354,51.8809811],[7.5759192,51.8801208],[7.5759744,51.8794839],[7.5760337,51.8787314],[7.5760659,51.8782538],[7.5761786,51.8763539],[7.576192,51.8756075],[7.5761996,51.8752031],[7.576193,51.8749523],[7.5761838,51.8745998],[7.576123,51.8726028],[7.5760291,51.8711905],[7.5758728,51.8688412],[7.5758313,51.8666512],[7.575821,51.8661077],[7.5760367,51.863342],[7.5761493,51.8623095],[7.576218,51.8616793],[7.5764423,51.8604056],[7.576753,51.8587588],[7.5770575,51.8577234],[7.5774865,51.8562645],[7.5782058,51.8541557],[7.5785491,51.8533531],[7.57942,51.8513889],[7.5806538,51.8491115],[7.5806876,51.849053],[7.581953,51.8468642],[7.5833307,51.8448578],[7.5836969,51.8443244],[7.5848155,51.8429185],[7.5858209,51.8416841],[7.5863597,51.8410817],[7.5871726,51.8401375],[7.588486,51.8387676],[7.5889773,51.8382757],[7.5899778,51.8373112],[7.5906677,51.8366206],[7.5921049,51.8353289],[7.5945733,51.8333578],[7.5948354,51.8331475],[7.5962614,51.8320034],[7.6066086,51.8244017],[7.6128386,51.8194867],[7.61572,51.817054],[7.6179662,51.81518],[7.6184801,51.8146945],[7.6195156,51.8137651],[7.621056,51.8123941],[7.6217333,51.8117766],[7.6226534,51.8109292],[7.6240745,51.8096015],[7.6253431,51.8083807],[7.6280744,51.8055095],[7.6297654,51.8035274],[7.6311172,51.8017879],[7.6317939,51.8008444],[7.6324002,51.7999617],[7.6329892,51.7990554],[7.6334605,51.7983065],[7.6339779,51.7974426],[7.6343733,51.796738],[7.6349028,51.7957391],[7.635155,51.7952633],[7.6356767,51.7942059],[7.6358363,51.793839],[7.636288,51.7928055],[7.6367125,51.791753],[7.6374656,51.7897031],[7.6383087,51.7865547],[7.6385776,51.7853188],[7.6389442,51.7827711],[7.6391947,51.7800684],[7.6393025,51.7784571],[7.6394208,51.7766887],[7.6394774,51.775986],[7.6397263,51.7739932],[7.6398833,51.7726606],[7.6399788,51.7717002],[7.640366,51.7695791],[7.6408017,51.7672933],[7.6416143,51.7640791],[7.6425919,51.7607777],[7.6433312,51.7586522],[7.6444738,51.7556757],[7.645537,51.753255],[7.645768,51.7526792],[7.6466687,51.7506056],[7.6473946,51.7488635],[7.6479983,51.7473051],[7.6484808,51.7459112],[7.649159,51.7436793],[7.6498922,51.7409931],[7.6504421,51.7385035],[7.6511212,51.7348133],[7.6523787,51.7285864],[7.6532909,51.7251648],[7.6543174,51.7216723],[7.6561334,51.716758],[7.6573531,51.7138192],[7.6585186,51.7113954],[7.6591726,51.7099299],[7.6608332,51.7065925],[7.6622356,51.7040786],[7.6626787,51.7032664],[7.6628351,51.7029946],[7.6637369,51.7014567],[7.6642003,51.7006862],[7.6646759,51.6999218],[7.6653486,51.698869],[7.6658841,51.6980309],[7.6664031,51.6972496],[7.6672663,51.6959801],[7.6673149,51.6959073],[7.6675299,51.6955895],[7.6689898,51.6935234],[7.669843,51.6923611],[7.6700064,51.6921339],[7.6703716,51.6916312],[7.671802,51.6896923],[7.6732401,51.6876803],[7.6736455,51.6870747],[7.6740723,51.6864281],[7.6748934,51.6851462],[7.6755444,51.6840614],[7.6764656,51.6824403],[7.6767508,51.6818889],[7.6770396,51.6813548],[7.6775993,51.6802616],[7.6786565,51.6779176],[7.6788397,51.6774676],[7.6795555,51.6756396],[7.6797456,51.6751986],[7.6802548,51.6737592],[7.6807061,51.6723276],[7.6809138,51.6716533],[7.6813313,51.6700224],[7.6815173,51.669221],[7.6815399,51.6691061],[7.6815573,51.6690284],[7.6818696,51.6675403],[7.6820701,51.6664944],[7.6820984,51.6663176],[7.6821899,51.6656817],[7.6822689,51.6651639],[7.6823709,51.6643668],[7.6824992,51.6632369],[7.6827471,51.6600439],[7.6828032,51.6592096],[7.682879,51.6581641],[7.6828938,51.6579593],[7.6830295,51.6561868],[7.6831855,51.6548761],[7.6832755,51.6541529],[7.6833137,51.6538887],[7.6835065,51.6525379],[7.683618,51.6518871],[7.6836549,51.6516725],[7.6837202,51.651325],[7.6838321,51.65073],[7.684066,51.6495454],[7.68459,51.6471778],[7.6848235,51.6460893],[7.6849419,51.6454925],[7.6850508,51.6448925],[7.6852507,51.6436949],[7.6853321,51.6429938],[7.6854091,51.6422994],[7.6854718,51.6416019],[7.6855202,51.640904],[7.6855479,51.6403395],[7.6855703,51.6397739],[7.6855974,51.6386453],[7.6856114,51.6379977],[7.6856318,51.6366348],[7.6856338,51.6362766],[7.6856449,51.6358056],[7.6856794,51.6349738],[7.6856882,51.6347753],[7.6857352,51.6339356],[7.6858103,51.6330954],[7.6858906,51.6323523],[7.6859876,51.6316013],[7.686089,51.6309152],[7.6862064,51.6302362],[7.6863474,51.6295204],[7.686499,51.6288186],[7.6868406,51.6274161],[7.6870248,51.6267499],[7.6873167,51.6257811],[7.6876476,51.6248224],[7.6884527,51.6225307],[7.6887509,51.6216818],[7.6888193,51.6214726],[7.6890099,51.62089],[7.6893954,51.6196564],[7.6895107,51.6192145],[7.6896358,51.618701],[7.6897735,51.617952],[7.6898074,51.6177834],[7.6898901,51.617291],[7.6899856,51.6164438],[7.690026,51.615879],[7.6900539,51.6153239],[7.6900488,51.6144506],[7.6900354,51.6140424],[7.6899845,51.613339],[7.6898746,51.6124485],[7.6897401,51.6116618],[7.6894676,51.6103866],[7.6893253,51.6097875],[7.689228,51.6093961],[7.6890231,51.608575],[7.6887361,51.6074952],[7.6880444,51.6047197],[7.6879388,51.6043005],[7.6878754,51.6040486],[7.6876364,51.6030651],[7.6876033,51.6029362],[7.6873673,51.6019799],[7.6872588,51.6015227],[7.687174,51.6012071],[7.6870408,51.6006935],[7.6869122,51.6001331],[7.6865107,51.5985501],[7.6861993,51.5972815],[7.6853261,51.5937514],[7.6851299,51.5929596],[7.6850393,51.5926026],[7.6848811,51.5920298],[7.6848185,51.5917825],[7.6846605,51.5912251],[7.6842819,51.5902058],[7.6841741,51.5899512],[7.6838395,51.589274],[7.6834374,51.5885721],[7.6828909,51.5877661],[7.6824579,51.5871833],[7.6817905,51.5863279],[7.6813866,51.5858298],[7.6803807,51.584618],[7.6794145,51.5835071],[7.6783148,51.5823467],[7.6780647,51.5821053],[7.6778765,51.5819312],[7.6772024,51.5813298],[7.6769924,51.5811509],[7.67606,51.5804178],[7.6759454,51.5803298],[7.6756864,51.5801319],[7.6748756,51.5795194],[7.6743132,51.5790844],[7.6738369,51.5787039],[7.673088,51.5780842],[7.6724867,51.5775608],[7.6718574,51.576983],[7.670828,51.5759615],[7.6705471,51.5756682],[7.6702703,51.5753646],[7.6701084,51.5751799],[7.6696479,51.5745695],[7.6692467,51.5740704],[7.6688934,51.5736094],[7.6684122,51.5729333],[7.6681367,51.5725229],[7.6677304,51.5718838],[7.6671425,51.5708667],[7.6668935,51.5703904],[7.6664453,51.5694365],[7.6662644,51.5690162],[7.6659341,51.5681702],[7.6656246,51.56724],[7.6654481,51.5665966],[7.6653167,51.5660474],[7.6652011,51.5654803],[7.6650732,51.5647486],[7.6649738,51.5639845],[7.6648951,51.5632117],[7.6647501,51.561742],[7.6647218,51.5613981],[7.664565,51.5598706],[7.6643655,51.5578378],[7.6643491,51.5576448],[7.6639951,51.5542041],[7.6637176,51.5513836],[7.6636824,51.5510068],[7.6634574,51.548726],[7.6634334,51.5484861],[7.663182,51.5463279],[7.6630105,51.5451752],[7.6626733,51.5433648],[7.6625776,51.5429132],[7.6621581,51.5409883],[7.6620714,51.5406021],[7.6615908,51.5383329],[7.6615296,51.5380719],[7.6611478,51.5363415],[7.6609411,51.5353692],[7.6607967,51.5347183],[7.6606224,51.5339437],[7.6605195,51.5333801],[7.660249,51.5321275],[7.6601147,51.5314679],[7.659834,51.5301735],[7.6584509,51.5237945],[7.6582511,51.5229611],[7.6576962,51.5214936],[7.6573724,51.5207485],[7.6569276,51.5198055],[7.6563094,51.5185035],[7.6554374,51.5166392],[7.6541855,51.5140207],[7.653588,51.5127957],[7.6532426,51.5120832],[7.6531403,51.5118735],[7.6530359,51.5116598],[7.6518388,51.5091893],[7.6510418,51.5077709],[7.6507291,51.5073094],[7.6502431,51.506636],[7.6498489,51.5061487],[7.6492735,51.5055025],[7.6485112,51.5047394],[7.6479047,51.5041986],[7.6471569,51.5035685],[7.6458754,51.5026054],[7.6453242,51.5022088],[7.6428163,51.5004335],[7.6424597,51.5001859],[7.640278,51.498642],[7.6390765,51.4977924],[7.6365543,51.4960204],[7.6351372,51.4950278],[7.63466,51.4946895],[7.6320665,51.4928539],[7.6308407,51.4919528],[7.6302026,51.4914652],[7.6295929,51.4909683],[7.6291984,51.4906295],[7.6286309,51.4901152],[7.6281281,51.4896253],[7.627668,51.4891419],[7.6272977,51.488736],[7.6261131,51.4874529],[7.6257107,51.4870473],[7.6253213,51.4866705],[7.62462,51.4860482],[7.6240562,51.4856109],[7.6235028,51.4852044],[7.6230945,51.4849305],[7.6226702,51.4846533],[7.6221479,51.4843379],[7.6215933,51.4840223],[7.6211219,51.4837711],[7.6204175,51.4834288],[7.6196524,51.483083],[7.6187662,51.4827217],[7.61787,51.4823937],[7.6168126,51.4820425],[7.614111,51.4812106],[7.6132487,51.4809412],[7.6126067,51.4807319],[7.6119643,51.4805104],[7.611336,51.4802793],[7.6106605,51.4800084],[7.610031,51.4797283],[7.6094291,51.479432],[7.6087767,51.4790923],[7.6083433,51.4788442],[7.6078844,51.4785594],[7.6074079,51.4782405],[7.6070682,51.4779869],[7.6066705,51.4776852],[7.606218,51.4773187],[7.6057356,51.4769099],[7.6052899,51.4764884],[7.6048394,51.476062],[7.6043648,51.475563],[7.6038845,51.4750588],[7.6034068,51.4745551],[7.6029195,51.4740307],[7.6017385,51.4727954],[7.6015638,51.4726156],[7.6012859,51.4723469],[7.6011375,51.4722123],[7.6005788,51.4717097],[7.5999855,51.4712095],[7.5996676,51.4709629],[7.5989736,51.4704356],[7.5981815,51.4698873],[7.5978801,51.4696947],[7.5974358,51.4693955],[7.5966738,51.4689491],[7.5960377,51.4685884],[7.5953756,51.4682307],[7.5948374,51.4679464],[7.5942803,51.467675],[7.5940506,51.4675634],[7.5932161,51.4671771],[7.5923957,51.4668148],[7.5918844,51.4665935],[7.5908951,51.466202],[7.5904092,51.4660024],[7.5892085,51.4655487],[7.5882319,51.4651926],[7.5875707,51.4649669],[7.5872907,51.4648763],[7.5865013,51.4646167],[7.5853544,51.4642429],[7.5841792,51.4638729],[7.5826497,51.4634111],[7.581176,51.4629765],[7.579029,51.4623492],[7.5769757,51.4617572],[7.5751018,51.4612118],[7.5697641,51.4596677],[7.5605602,51.4570364],[7.5579303,51.4563131],[7.554853,51.4554883],[7.5536909,51.4551798],[7.5490745,51.4539412],[7.5481406,51.4536822],[7.5471664,51.4533963],[7.5466669,51.4532355],[7.5461807,51.4530729],[7.5456919,51.4529011],[7.5451826,51.4527098],[7.5449118,51.4526018],[7.5445888,51.4524651],[7.5441255,51.4522609],[7.5436826,51.4520571],[7.5433243,51.451878],[7.5429858,51.4516972],[7.5427047,51.4515511],[7.5422185,51.4512659],[7.5418586,51.4510484],[7.541387,51.4507407],[7.540899,51.4503974],[7.5405811,51.4501586],[7.5400823,51.4497561],[7.5396101,51.4493344],[7.5391451,51.4488912],[7.5388348,51.4485587],[7.5386201,51.4483184],[7.5384009,51.4480554],[7.5381927,51.4477876],[7.5379151,51.4474092],[7.5376691,51.4470297],[7.5374722,51.4467028],[7.5372252,51.4462433],[7.5369291,51.4456126],[7.5367456,51.4451894],[7.5364609,51.4444576],[7.5357299,51.4424308],[7.5355416,51.4419205],[7.5349137,51.4401692],[7.5347235,51.4396407],[7.5343288,51.4385462],[7.5342333,51.4382591],[7.5322966,51.432906],[7.5320745,51.4323711],[7.531932,51.4320464],[7.5317396,51.4316745],[7.5315585,51.4313583],[7.5313314,51.4310175],[7.5310449,51.4306265],[7.5308114,51.4303459],[7.5304039,51.4299018],[7.5301191,51.4296225],[7.5299272,51.4294383],[7.5296457,51.4292054],[7.5289686,51.4286811],[7.528477,51.4283494],[7.5279386,51.428021],[7.5273535,51.4276995],[7.5265278,51.4273019],[7.5261404,51.4271322],[7.5256052,51.4269202],[7.5250604,51.4267232],[7.5241761,51.4264192],[7.523629,51.4262245],[7.5230882,51.4260277],[7.5224673,51.4257844],[7.5220164,51.4255946],[7.5212487,51.425238],[7.5208898,51.4250492],[7.5205455,51.4248576],[7.5198485,51.4244355],[7.519293,51.4240471],[7.5187703,51.4236563],[7.5175772,51.4226921],[7.5144246,51.420126],[7.512175,51.4182952],[7.5111705,51.417531],[7.5105794,51.4170932],[7.5098912,51.4166146],[7.5082307,51.4155233],[7.5071689,51.4148885],[7.5044944,51.413429],[7.504312,51.4133263],[7.5038107,51.413085],[7.5026766,51.4125518],[7.5025591,51.4124941],[7.5022042,51.4123313],[7.5019588,51.4122142],[7.5010112,51.411803],[7.5003819,51.4115405],[7.4992599,51.4110962],[7.4984943,51.4107991],[7.4965628,51.4101175],[7.4951181,51.4096533],[7.4944448,51.409458],[7.4934561,51.4091662],[7.4925471,51.4089081],[7.492213,51.408823],[7.4915801,51.4086531],[7.4906837,51.4084359],[7.4885637,51.4079688],[7.4858825,51.4073944],[7.4838057,51.4069573],[7.4803786,51.4062205],[7.480025,51.4061497],[7.4773739,51.4055813],[7.4739801,51.4048684],[7.4732539,51.4047113],[7.4726172,51.4045724],[7.4718436,51.4043875],[7.4711274,51.4042084],[7.471005,51.4041779],[7.4696182,51.4037857],[7.468708,51.4034992],[7.4679553,51.4032399],[7.4671899,51.402962],[7.4665015,51.4026962],[7.4659534,51.4024731],[7.4643387,51.4017886],[7.4630624,51.4012544],[7.462468,51.4010397],[7.4616431,51.4007343],[7.4607002,51.400412],[7.459616,51.4000993],[7.4586671,51.3998531],[7.4572914,51.3995355],[7.4557518,51.3991995],[7.454523,51.3989369],[7.453102,51.398618],[7.4520958,51.3983736],[7.4512212,51.3981426],[7.4503393,51.3978806],[7.4496264,51.3976428],[7.4483209,51.397133],[7.447675,51.3968388],[7.4471199,51.3965733],[7.4466737,51.3963512],[7.4463786,51.3961914],[7.4459563,51.3959557],[7.4456472,51.3957664],[7.4450826,51.3954111],[7.4444846,51.3950062],[7.4438481,51.394519],[7.4435747,51.3942935],[7.4432556,51.3940095],[7.4428703,51.3936604],[7.4424813,51.3932678],[7.4422361,51.392998],[7.4414754,51.392075],[7.4410989,51.3915197],[7.4407267,51.3908825],[7.4404452,51.390333],[7.440177,51.38976],[7.4396405,51.3886754],[7.4388985,51.3871559],[7.4384924,51.3863178],[7.437635,51.3845387],[7.4372323,51.3837025],[7.4368783,51.3829783],[7.4364558,51.3822044],[7.4361863,51.381803],[7.4359503,51.3814954],[7.4356325,51.3811271],[7.4350608,51.3805691],[7.4344991,51.3801174],[7.4341505,51.3798729],[7.433868,51.3796907],[7.433547,51.379493],[7.4329488,51.3791649],[7.4325492,51.3789677],[7.4317113,51.3785936],[7.4309443,51.3782888],[7.4287498,51.3774468],[7.4185648,51.3735391],[7.4160206,51.3725665],[7.4144341,51.3719344],[7.4124639,51.3711089],[7.4117355,51.3707845],[7.40984,51.3698926],[7.4092508,51.3696076],[7.406247,51.368139],[7.4024087,51.3663315],[7.4016014,51.365943],[7.3997174,51.3651151],[7.3973601,51.3642042],[7.3958653,51.3637104],[7.3945024,51.3632825],[7.3923799,51.3626203],[7.3913473,51.3623056],[7.3903071,51.3619902],[7.3884519,51.3614307],[7.3859992,51.3607532],[7.3845009,51.3604008],[7.3834009,51.3601663],[7.3827559,51.3600443],[7.3821148,51.3599224],[7.3807783,51.3597005],[7.3801298,51.3595997],[7.379479,51.3595008],[7.3781645,51.3592957],[7.3773675,51.3591644],[7.3771087,51.3591191],[7.3769016,51.3590828],[7.3764722,51.3590035],[7.3759453,51.3588985],[7.3749686,51.3586787],[7.3739751,51.3584098],[7.3731232,51.3581482],[7.3721901,51.3578015],[7.3713574,51.3574373],[7.3705645,51.3570342],[7.3704564,51.3569814],[7.3701657,51.3568147],[7.3698795,51.3566473],[7.3694435,51.3563656],[7.3691876,51.356188],[7.3686866,51.355811],[7.3679676,51.355213],[7.3675006,51.3548062],[7.3664919,51.3538982],[7.366166,51.3536244],[7.3656836,51.3532403],[7.365177,51.352862],[7.3644326,51.352385],[7.3639863,51.3521253],[7.3636183,51.3519363],[7.3630179,51.3516455],[7.3626072,51.3514681],[7.3623637,51.3513716],[7.3619637,51.351213],[7.3613342,51.3509819],[7.3608696,51.3508373],[7.3606572,51.3507742],[7.3603412,51.3506804],[7.3597812,51.3505404],[7.3590604,51.3503733],[7.3584935,51.3502621],[7.357155,51.3500286],[7.3563106,51.3498947],[7.3553505,51.3497434],[7.3545573,51.3496028],[7.354083,51.3495038],[7.3536093,51.3494086],[7.353036,51.3492708],[7.3522637,51.3490648],[7.351617,51.3488579],[7.3508117,51.3485678],[7.3498061,51.3481598],[7.3492288,51.3478841],[7.3488154,51.3476777],[7.3485035,51.347522],[7.3471403,51.3468423],[7.3460308,51.3462759],[7.3441696,51.3453317],[7.3423006,51.3443802],[7.3420877,51.3442776],[7.3418882,51.3441787],[7.3393038,51.3428609],[7.3350676,51.3407222],[7.3328897,51.3396202],[7.331238,51.3387781],[7.3261635,51.3361909],[7.3259489,51.3360853],[7.3246243,51.3354329],[7.3236215,51.3349184],[7.3230228,51.3345904],[7.3221509,51.3340728],[7.3219675,51.3339598],[7.3214231,51.3336124],[7.3210211,51.3333343],[7.3204119,51.3329021],[7.3199584,51.3325607],[7.3195277,51.3322257],[7.3187569,51.3315872],[7.3182629,51.3311721],[7.3180428,51.3309857],[7.3174415,51.3304854],[7.316417,51.3297252],[7.3153794,51.3290487],[7.3151085,51.3288851],[7.3148091,51.3287184],[7.3143298,51.3284468],[7.3135115,51.3280231],[7.3126517,51.3276267],[7.3121261,51.3273919],[7.3111807,51.3270183],[7.3100349,51.3266122],[7.3091992,51.3263561],[7.3083997,51.3261361],[7.3074236,51.3258961],[7.3067808,51.3257562],[7.3064327,51.3256707],[7.3055003,51.3255039],[7.3044685,51.3253317],[7.3042148,51.3252904],[7.3039138,51.3252473],[7.303585,51.325204],[7.3033854,51.3251753],[7.3031765,51.3251436],[7.3014584,51.3248826],[7.3005546,51.3247409],[7.29979,51.3246116],[7.2988197,51.3244297],[7.2974505,51.3241579],[7.2957933,51.3237826],[7.2951616,51.3236396],[7.2942694,51.3234149],[7.2934318,51.3231931],[7.292359,51.3228983],[7.291562,51.3226664],[7.2906323,51.3223816],[7.2896698,51.3220649],[7.2891645,51.3218966],[7.2889809,51.3218305],[7.2876976,51.3213836],[7.2861624,51.3207838],[7.2844897,51.3200848],[7.2841975,51.3199602],[7.2832684,51.3195376],[7.2828461,51.3193393],[7.2823922,51.3191158],[7.2819165,51.3188849],[7.2814123,51.3186314],[7.2807577,51.3182868],[7.2803055,51.3180383],[7.2797798,51.3177453],[7.2792056,51.3174244],[7.2781662,51.3168451],[7.2779051,51.3166937],[7.2771876,51.3162861],[7.2766701,51.3159841],[7.2740564,51.3145218],[7.2732547,51.3140659],[7.2723977,51.3135887],[7.2697293,51.3120579],[7.2685569,51.3113482],[7.2675284,51.3106593],[7.2666903,51.3100133],[7.2659967,51.3093981],[7.2654612,51.3088583],[7.2650222,51.3083583],[7.2648129,51.3081002],[7.2646111,51.3078403],[7.2644038,51.3075468],[7.264165,51.3071881],[7.2639414,51.3067929],[7.2636141,51.306144],[7.2632393,51.3051552],[7.2631183,51.3047466],[7.2629485,51.3040686],[7.262914,51.3039172],[7.2628033,51.3034014],[7.2626655,51.3025956],[7.2625357,51.3018361],[7.2623861,51.3009918],[7.2623615,51.3008324],[7.2622215,51.300038],[7.2621632,51.2996945],[7.2618748,51.2980468],[7.2618048,51.2976753],[7.2617703,51.2975183],[7.2616705,51.2971088],[7.2615068,51.29655],[7.2614419,51.2963989],[7.2612379,51.2959272],[7.2610556,51.2955648],[7.2610022,51.2954619],[7.2607605,51.2950458],[7.2606905,51.2949411],[7.2600823,51.2940878],[7.2597446,51.2936666],[7.2591054,51.2928693],[7.2589142,51.2926308],[7.2585036,51.2921058],[7.2580949,51.2915489],[7.257804,51.2911163],[7.2575631,51.2907261],[7.2574286,51.2904786],[7.2573218,51.2902629],[7.257214,51.2900366],[7.2571346,51.289826],[7.2570813,51.2896885],[7.2570024,51.2894537],[7.2568981,51.2890861],[7.2568846,51.2890318],[7.2568238,51.2887383],[7.2567716,51.2884133],[7.2567381,51.2879211],[7.2567326,51.2876773],[7.256738,51.2874184],[7.2567619,51.2871464],[7.2567743,51.2870057],[7.2568292,51.2866021],[7.2569056,51.2862984],[7.2569646,51.2860719],[7.2570303,51.285848],[7.2571056,51.285619],[7.2571874,51.2853704],[7.2573134,51.2850292],[7.2574782,51.2845722],[7.2575292,51.2844124],[7.2575862,51.2842559],[7.2576438,51.2840994],[7.257843,51.2835525],[7.2584948,51.2817416],[7.2587244,51.2811083],[7.2588547,51.2806764],[7.2588985,51.2805533],[7.2591452,51.2799401],[7.2594473,51.2790563],[7.2595073,51.2788533],[7.2595711,51.278591],[7.2595952,51.2784884],[7.2596126,51.2783827],[7.2596364,51.2782227],[7.2596528,51.2780626],[7.2596633,51.2779038],[7.2596625,51.2777406],[7.2596515,51.2775278],[7.2596252,51.2773121],[7.2595979,51.2771516],[7.2595633,51.2769924],[7.2595193,51.2768341],[7.2594691,51.2766759],[7.2593896,51.2764676],[7.259321,51.2763129],[7.2592579,51.2761878],[7.259191,51.2760532],[7.2589935,51.2757302],[7.2587735,51.2754232],[7.2584867,51.2750893],[7.2581027,51.2747222],[7.2577188,51.2744079],[7.2568962,51.2738244],[7.2564439,51.2735379],[7.2555899,51.2729871],[7.2551061,51.2726569],[7.254679,51.2723336],[7.2543447,51.2720621],[7.2540736,51.271802],[7.2537654,51.2714699],[7.2534922,51.2711239],[7.2531691,51.2706494],[7.2528697,51.2701659],[7.252713,51.2698989],[7.2523553,51.2693026],[7.2521556,51.2689932],[7.2519565,51.2687196],[7.2517328,51.2684228],[7.2512994,51.2679504],[7.2509234,51.2676129],[7.2505359,51.267322],[7.2502029,51.2670868],[7.2498994,51.2669157],[7.2493809,51.2666329],[7.2490091,51.2664608],[7.2486345,51.2663006],[7.2478354,51.2659918],[7.2471628,51.2657587],[7.2458889,51.2653196],[7.2452433,51.2650896],[7.2446623,51.2648675],[7.2440841,51.2646245],[7.2433484,51.2642553],[7.2429812,51.2640507],[7.2423276,51.2636356],[7.2417692,51.2632244],[7.2400974,51.2618488],[7.2394674,51.2613533],[7.2390967,51.2610948],[7.2385492,51.260739],[7.2376798,51.2602524],[7.2368836,51.2598374],[7.2348605,51.258826],[7.2301325,51.2564761],[7.2295364,51.2561766],[7.2292668,51.2560333],[7.2289791,51.2558618],[7.2286659,51.2556606],[7.2283821,51.2554693],[7.2279896,51.2551654],[7.2277728,51.2549858],[7.2275886,51.254826],[7.2270343,51.2543061],[7.2267819,51.2540302],[7.2265159,51.2537064],[7.2262832,51.2534057],[7.2261259,51.253161],[7.2260562,51.2530582],[7.2259086,51.2528253],[7.2257871,51.2526139],[7.225635,51.2523217],[7.2255315,51.25207],[7.2254743,51.2519302],[7.2253802,51.2516787],[7.2253169,51.2514697],[7.2252327,51.251123],[7.2251755,51.2508075],[7.2251219,51.2503715],[7.225104,51.2500788],[7.2251201,51.2493804],[7.2252032,51.2487424],[7.2253078,51.2482035],[7.2254745,51.2475044],[7.2257833,51.2464718],[7.2261842,51.2452543],[7.2264546,51.244581],[7.226808,51.2438177],[7.2272269,51.2430365],[7.2276569,51.2423705],[7.2281434,51.2417396],[7.2284775,51.2413523],[7.2285868,51.2412257],[7.2286636,51.2411424],[7.2290738,51.2406972],[7.229392,51.2403484],[7.229562,51.2401439],[7.229721,51.239924],[7.2297976,51.2398095],[7.2299339,51.2396056],[7.2301278,51.2392638],[7.2303046,51.2388772],[7.2304253,51.2385657],[7.2305165,51.2382388],[7.2305822,51.2379633],[7.2306236,51.2376939],[7.2306439,51.237403],[7.2306563,51.2370849],[7.2306345,51.2367514],[7.2305884,51.2364172],[7.2304963,51.2360401],[7.2304097,51.2357612],[7.2302542,51.2353683],[7.2301147,51.234993],[7.229948,51.234522],[7.2298543,51.2341804],[7.2298199,51.2340233],[7.2297625,51.2336766],[7.2297377,51.2333728],[7.2297375,51.2330174],[7.2297564,51.2327691],[7.2297845,51.2325028],[7.2298573,51.2321654],[7.2299098,51.2319537],[7.2299916,51.2317],[7.2301733,51.2312785],[7.230384,51.2308729],[7.2304822,51.2307013],[7.2306866,51.2303965],[7.2309691,51.230034],[7.2311514,51.2298163],[7.2316972,51.2292783],[7.2321073,51.2289312],[7.232489,51.2286502],[7.2328881,51.2283832],[7.23359,51.227961],[7.2354761,51.2268822],[7.2376079,51.2256184],[7.2400109,51.2242161],[7.2421966,51.2229566],[7.2426743,51.2226836],[7.2439468,51.2219179],[7.245416,51.2210676],[7.2464405,51.220452],[7.2470668,51.2200411],[7.2476548,51.2196286],[7.2481239,51.2192636],[7.2486214,51.2188572],[7.2491754,51.2183548],[7.2493917,51.218141],[7.2495843,51.2179506],[7.2496816,51.2178446],[7.2498183,51.2176958],[7.2501036,51.2173852],[7.2505664,51.2168102],[7.2507959,51.216511],[7.2510618,51.2161324],[7.251381,51.2156204],[7.2516296,51.2151719],[7.2519838,51.214408],[7.2521781,51.2139245],[7.2523753,51.2133148],[7.2525212,51.212718],[7.2526243,51.212135],[7.2526976,51.2114479],[7.2526842,51.2106171],[7.2526695,51.2103418],[7.2526413,51.2100582],[7.2526004,51.2096971],[7.252472,51.2089889],[7.2523329,51.2084416],[7.2521796,51.207968],[7.2520085,51.2075302],[7.2517588,51.2069895],[7.2516098,51.2066941],[7.2514308,51.2063886],[7.2510742,51.2058077],[7.2507747,51.2053699],[7.2505331,51.2050486],[7.2502077,51.2046505],[7.2498404,51.2042238],[7.2494265,51.2037949],[7.248655,51.2030614],[7.2471204,51.2017564],[7.2465236,51.2012413],[7.2456093,51.2004617],[7.244584,51.1995932],[7.2429013,51.1981573],[7.2427605,51.1980368],[7.2411617,51.1966762],[7.2403805,51.1960122],[7.2399701,51.1956647],[7.2395176,51.1952777],[7.2389169,51.1947511],[7.238515,51.1943714],[7.2381032,51.1939605],[7.2377074,51.1934786],[7.2374122,51.1930446],[7.2371794,51.1926788],[7.2369709,51.1922917],[7.2367958,51.1919117],[7.2366687,51.1915712],[7.2365542,51.1912832],[7.2364182,51.1907093],[7.2363786,51.1903873],[7.23633,51.190156],[7.2363167,51.1899078],[7.2362903,51.1892905],[7.2363002,51.1887587],[7.2363196,51.1882846],[7.2363659,51.187803],[7.2364216,51.1872819],[7.2365154,51.1865891],[7.2366364,51.1856822],[7.2366997,51.1850736],[7.2368784,51.1839139],[7.2370081,51.1829903],[7.237163,51.1818656],[7.2372591,51.1812165],[7.2373731,51.1804545],[7.2375275,51.1792701],[7.2377813,51.1774181],[7.2380154,51.1758058],[7.2380545,51.1755295],[7.238109,51.1751449],[7.2381667,51.1745209],[7.2381718,51.1739901],[7.2381679,51.173607],[7.2381356,51.173256],[7.2381071,51.1729215],[7.2380629,51.1726475],[7.2379826,51.1722598],[7.237892,51.1718272],[7.2377699,51.1713735],[7.2376309,51.1709842],[7.2374428,51.1704813],[7.2371666,51.1698866],[7.2368507,51.1692927],[7.2366496,51.1689771],[7.2365562,51.1688306],[7.2361568,51.1682517],[7.2355667,51.1675105],[7.2350092,51.166823],[7.2347625,51.1665178],[7.2326405,51.1638646],[7.2307971,51.1615595],[7.23029,51.1609433],[7.2295892,51.1600735],[7.2293764,51.1598171],[7.2291407,51.1595331],[7.2287812,51.159131],[7.2283979,51.1587303],[7.2280525,51.1583857],[7.2276762,51.158055],[7.2274895,51.1579015],[7.2272712,51.1577229],[7.2269835,51.1575118],[7.2265607,51.1572302],[7.2261473,51.1569772],[7.225611,51.1566819],[7.2250323,51.1563878],[7.2246132,51.1562032],[7.2241189,51.1559988],[7.2236782,51.1558368],[7.2232485,51.1556959],[7.2227286,51.1555458],[7.2219644,51.1553395],[7.2203519,51.1549512],[7.217072,51.1541681],[7.2155385,51.1537796],[7.2153826,51.1537401],[7.2139107,51.1533512],[7.2096494,51.1522314],[7.2090836,51.1520939],[7.2085394,51.1519384],[7.2080009,51.1517598],[7.2075057,51.1515661],[7.2071745,51.1514159],[7.2066931,51.1511657],[7.2061911,51.1508581],[7.2057024,51.1505223],[7.2052991,51.1501904],[7.2049243,51.1498303],[7.204503,51.1493216],[7.2041299,51.1487851],[7.2037577,51.1482506],[7.2032006,51.1474482],[7.2027203,51.1467451],[7.2023411,51.1462192],[7.2020692,51.1458664],[7.2017209,51.1454627],[7.2014201,51.1451536],[7.2009068,51.1446877],[7.2003765,51.1442628],[7.2001683,51.1441121],[7.1995015,51.1436606],[7.1986497,51.1431564],[7.1973315,51.1424796],[7.1963131,51.1419917],[7.1953199,51.1415205],[7.1948547,51.1412827],[7.1945381,51.141122],[7.1941227,51.1409239],[7.1937425,51.1407255],[7.1933373,51.140498],[7.192977,51.1402747],[7.1926314,51.140033],[7.1923522,51.1398228],[7.1920091,51.1395598],[7.1917423,51.1393129],[7.1914288,51.1390056],[7.1911115,51.1386627],[7.1908523,51.1383265],[7.19067,51.1380693],[7.190489,51.1377886],[7.1903292,51.1374959],[7.1901188,51.1370615],[7.1900439,51.1368673],[7.1899813,51.1366922],[7.1898326,51.1362694],[7.1896486,51.1356886],[7.1894233,51.1349684],[7.1892191,51.1343862],[7.1890329,51.1339225],[7.1888231,51.133453],[7.1886991,51.1332028],[7.1884209,51.132699],[7.1882419,51.1324044],[7.1879792,51.13202],[7.1876284,51.1315379],[7.1872077,51.1310177],[7.1868363,51.1306015],[7.1863078,51.1300584],[7.1857338,51.1295248],[7.1851276,51.1290211],[7.1846467,51.1286512],[7.1843584,51.1284479],[7.1840383,51.1282275],[7.1836004,51.127931],[7.1834604,51.127841],[7.1830551,51.1275938],[7.1826601,51.1273846],[7.182293,51.1271805],[7.1819048,51.126971],[7.1816087,51.1268218],[7.1813241,51.1266853],[7.1810171,51.1265384],[7.1806556,51.1263748],[7.1801915,51.1261737],[7.1797517,51.1259922],[7.1791714,51.1257762],[7.1786079,51.1255748],[7.1780016,51.1253698],[7.1773982,51.1251903],[7.1770811,51.1250953],[7.1767551,51.1250088],[7.1760881,51.12483],[7.1756347,51.1247096],[7.1751844,51.1245977],[7.1736373,51.1242042],[7.1724162,51.1238951],[7.1710415,51.1235438],[7.1705009,51.1234082],[7.1699574,51.1232652],[7.1692155,51.1230799],[7.1686373,51.1229355],[7.1685495,51.1229136],[7.1676359,51.1226757],[7.1668914,51.1224883],[7.1661258,51.1222929],[7.1653655,51.1221],[7.1645478,51.1218839],[7.1635386,51.1216198],[7.162519,51.1213361],[7.161555,51.1210556],[7.1605913,51.1207527],[7.159935,51.1205374],[7.1592576,51.1203115],[7.1587289,51.120128],[7.1581934,51.1199346],[7.1577088,51.1197515],[7.1572202,51.1195575],[7.1567996,51.1193854],[7.1563455,51.119192],[7.1553877,51.1187663],[7.1549287,51.1185396],[7.1546816,51.1184159],[7.154055,51.1180799],[7.1538277,51.1179549],[7.153616,51.1178384],[7.1531749,51.117593],[7.1527381,51.1173241],[7.1523055,51.1170508],[7.1520839,51.1169068],[7.1518127,51.1167286],[7.1514011,51.1164216],[7.1509416,51.1161079],[7.1505375,51.1158057],[7.1501116,51.1154741],[7.1496452,51.1150826],[7.1490334,51.1145495],[7.1484122,51.1139828],[7.1474561,51.1130828],[7.1467374,51.1123893],[7.1460644,51.1117259],[7.1451773,51.1108397],[7.1444791,51.1101289],[7.1437274,51.109317],[7.1433296,51.1088498],[7.1429482,51.1083506],[7.1425374,51.1077171],[7.1423168,51.1073128],[7.1420203,51.1066705],[7.1417111,51.1058292],[7.1415236,51.1049035],[7.1414638,51.1043522],[7.1414514,51.1037384],[7.1414865,51.1029932],[7.1415509,51.10217],[7.1416141,51.1013201],[7.1416091,51.1007883],[7.1415988,51.1004354],[7.1415677,51.10014],[7.1415216,51.0998084],[7.1414846,51.0996331],[7.1414261,51.099398],[7.1413215,51.099052],[7.1412114,51.0987417],[7.1410598,51.0983993],[7.140908,51.0980756],[7.1407564,51.0977943],[7.140602,51.0975323],[7.1404074,51.0971916],[7.1401504,51.0967924],[7.1394923,51.0958034],[7.1392924,51.0955165],[7.138697,51.0946455],[7.1379844,51.0936061],[7.1369293,51.0920605],[7.1360213,51.0907359],[7.1358855,51.0905363],[7.1340268,51.0877909],[7.1329782,51.0862657],[7.1319352,51.084733],[7.1312358,51.0837274],[7.1309856,51.0833849],[7.1306067,51.0828198],[7.1301711,51.0822558],[7.1297147,51.0817189],[7.1293011,51.0812714],[7.128932,51.0809055],[7.1286137,51.0806088],[7.127937,51.0800407],[7.1274407,51.0796543],[7.126923,51.0792843],[7.1264456,51.0789636],[7.1259615,51.0786609],[7.1252991,51.0782784],[7.1246274,51.0779244],[7.1239064,51.0775608],[7.123148,51.0772265],[7.1225351,51.0769696],[7.1217841,51.0766836],[7.12101,51.0764155],[7.1204071,51.076224],[7.1197933,51.0760487],[7.1191429,51.0758698],[7.1179727,51.075574],[7.1167875,51.0752829],[7.1161306,51.0751216],[7.1116882,51.0740305],[7.1099328,51.0736008],[7.1088958,51.0733472],[7.108128,51.0731735],[7.1073616,51.0730012],[7.1064363,51.0728095],[7.1056635,51.0726696],[7.1050909,51.0725686],[7.1044552,51.072461],[7.1035699,51.072316],[7.1021829,51.0720905],[7.1014662,51.0719741],[7.1006307,51.0718382],[7.0992858,51.0716229],[7.0972709,51.0712967],[7.0949654,51.0709244],[7.0930645,51.0706163],[7.0902338,51.0701577],[7.0879511,51.0697771],[7.0868567,51.0695801],[7.0858647,51.0693775],[7.0848896,51.0691513],[7.0837079,51.0688442],[7.0830935,51.0686719],[7.0822735,51.0684262],[7.0816204,51.0682089],[7.0811202,51.0680376],[7.0805215,51.0678208],[7.0801179,51.0676611],[7.0794543,51.0673897],[7.0783845,51.0669387],[7.0779556,51.0667404],[7.0772987,51.0664279],[7.0767789,51.0661738],[7.0741099,51.0648574],[7.0736969,51.0646537],[7.0726823,51.064153],[7.0716162,51.063627],[7.0665564,51.0611151],[7.0654386,51.0605709],[7.0634469,51.059587],[7.0616425,51.0587027],[7.0613977,51.0585831],[7.0607158,51.0582722],[7.0600095,51.0579608],[7.0593297,51.0576807],[7.0584983,51.0573583],[7.0576374,51.0570542],[7.0568939,51.0568093],[7.0565237,51.0566937],[7.0556433,51.0564182],[7.0549037,51.0561977],[7.0536601,51.0558323],[7.051961,51.0553088],[7.0512426,51.0550782],[7.0500116,51.0546678],[7.0487749,51.0542402],[7.0470702,51.0536267],[7.0440235,51.0525216],[7.0418742,51.0517404],[7.0402152,51.0511418],[7.0392805,51.0508135],[7.0386853,51.0506182],[7.0381561,51.0504494],[7.0376193,51.0502886],[7.0368696,51.0500797],[7.0361257,51.0498888],[7.0352288,51.0496759],[7.034452,51.0495031],[7.0335311,51.0493399],[7.0326189,51.0491674],[7.0311122,51.0488903],[7.0297567,51.0486384],[7.0280926,51.0483247],[7.027244,51.048167],[7.026508,51.0480292],[7.0261712,51.0479643],[7.0256871,51.0478686],[7.0251915,51.0477651],[7.0247007,51.0476591],[7.0242514,51.047555],[7.0238006,51.0474457],[7.023483,51.0473657],[7.0228506,51.0471988],[7.0223045,51.0470453],[7.0212815,51.0467343],[7.0206814,51.0465576],[7.0203764,51.046471],[7.0180384,51.0456995],[7.0171107,51.0453965],[7.0162052,51.0450964],[7.0151782,51.0447574],[7.0147356,51.0445736],[7.0143049,51.0444301],[7.0136407,51.0442105],[7.0123898,51.0437861],[7.011388,51.043441],[7.0107013,51.0432079],[7.0100833,51.0429867],[7.0091953,51.04265],[7.0082906,51.0423152],[7.0079005,51.0421616],[7.0067234,51.0417212],[7.0057101,51.0413446],[7.0048166,51.0410173],[7.0042595,51.0408041],[7.0032237,51.0404315],[7.0027252,51.0402521],[7.0024568,51.0401583],[7.0009057,51.0396473],[6.9999717,51.0393543],[6.9995568,51.0392239],[6.9986368,51.0389553],[6.9981425,51.0388222],[6.9976437,51.0386957],[6.9971408,51.0385758],[6.9966341,51.0384626],[6.9961237,51.0383561],[6.9956099,51.0382564],[6.9951499,51.0381734],[6.9946875,51.0380957],[6.9942229,51.0380236],[6.9937563,51.0379569],[6.9935306,51.0379267],[6.9933192,51.0378996],[6.9927059,51.0378276],[6.9920901,51.0377651],[6.991472,51.037712],[6.9909443,51.0376743],[6.9904154,51.0376434],[6.9898856,51.0376195],[6.9893551,51.0376024],[6.9885686,51.0375899],[6.987941,51.0375909],[6.9872333,51.0376035],[6.9864585,51.0376255],[6.9854218,51.037584],[6.9843234,51.0376312],[6.9832894,51.0377316],[6.9820918,51.0378421],[6.9810444,51.0379525],[6.9802335,51.0380316],[6.9785929,51.038214],[6.9778995,51.0382763],[6.9766992,51.0383784],[6.9761601,51.0384071],[6.9756961,51.0384256],[6.9750497,51.0384442],[6.974087,51.0384413],[6.9728073,51.0383767],[6.9715226,51.0382806],[6.970439,51.0381187],[6.9699238,51.0380425],[6.9696263,51.0380107],[6.9690979,51.0380107],[6.9685855,51.038004],[6.9680759,51.0379382],[6.9675583,51.0378438],[6.9671822,51.0377308],[6.9667324,51.0375792],[6.9662603,51.0374129],[6.9655664,51.0371564],[6.9647877,51.0368031],[6.9641688,51.0364938],[6.9625448,51.0356186],[6.9527237,51.030137],[6.9516065,51.0295557],[6.9497028,51.0284306],[6.9489344,51.0279676],[6.9487804,51.0278726],[6.9483519,51.0276008],[6.9479254,51.0273066],[6.9435828,51.0245915],[6.941957,51.0236971],[6.9401209,51.0227601],[6.9396653,51.0225404],[6.9381185,51.02181],[6.9358898,51.0208087],[6.9339109,51.0199646],[6.9324489,51.0193886],[6.9273376,51.0174217],[6.9250687,51.0164582],[6.922467,51.0152034],[6.9221601,51.015042],[6.9208299,51.0143393],[6.9194053,51.0135485],[6.9179911,51.0126969],[6.916541,51.0117517],[6.9156921,51.0111983],[6.9128981,51.0092392],[6.9099417,51.007164],[6.9074559,51.0054359],[6.9046279,51.0035014],[6.9031957,51.0025952],[6.9021513,51.0019602],[6.900536,51.0010754],[6.899315,51.0004244],[6.8982472,50.9999188],[6.8975759,50.9996095],[6.894754,50.9984458],[6.8931102,50.9978252],[6.89002,50.9968295],[6.8887422,50.9964448],[6.8873651,50.9960237],[6.886879,50.9958693],[6.8857616,50.9955595],[6.8825242,50.9945726],[6.8811617,50.9941514],[6.8809841,50.9940972],[6.880777,50.9940344],[6.8805772,50.9939728],[6.8780248,50.9931705],[6.8726153,50.9915089],[6.8679547,50.9900746],[6.8678333,50.9900364],[6.8676676,50.989984],[6.8659042,50.989421],[6.8648833,50.9890638],[6.8639459,50.9887278],[6.8629327,50.9883276],[6.861798,50.9878312],[6.8606087,50.9872662],[6.8594374,50.9866265],[6.8592479,50.9865203],[6.8590845,50.9864284],[6.8588867,50.9863152],[6.8581429,50.985849],[6.857305,50.9852932],[6.8562641,50.9845147],[6.8557592,50.9841088],[6.8551907,50.9836074],[6.8545907,50.983054],[6.8540724,50.9825376],[6.8536964,50.9821535],[6.8533379,50.9817324],[6.8528429,50.9811329],[6.8522851,50.9803784],[6.8519739,50.9798387],[6.8514893,50.9790036],[6.8511311,50.9782817],[6.8510671,50.9781417],[6.8509369,50.9778504],[6.8508828,50.9777268],[6.8507361,50.977352],[6.8505312,50.9767953],[6.850303,50.9759739],[6.8502548,50.9757749],[6.8502154,50.9756013],[6.8501851,50.9754673],[6.8500604,50.9747475],[6.8499809,50.9740605],[6.849947,50.9736607],[6.8499219,50.9729591],[6.8499147,50.9722666],[6.8499285,50.9714627],[6.8499721,50.9707806],[6.8500246,50.9700423],[6.8501576,50.9686868],[6.8502427,50.967791],[6.8504008,50.9661742],[6.8505232,50.9647203],[6.8505998,50.9632564],[6.8506282,50.9618144],[6.8506028,50.9604043],[6.850538,50.95891],[6.8503277,50.9563769],[6.8501523,50.9549375],[6.8499569,50.9533774],[6.8498473,50.9524651],[6.8497543,50.9515584],[6.8495805,50.9495894],[6.8495047,50.9480149],[6.8494563,50.9464697],[6.8494547,50.9457205],[6.8494546,50.9456474],[6.8494527,50.9447754],[6.8494277,50.9417195],[6.8493018,50.9396528],[6.8492023,50.937644],[6.8490284,50.9347743],[6.8490051,50.9335618],[6.8489568,50.9328029],[6.8488839,50.9323827],[6.8487829,50.9319685],[6.8485652,50.9313736],[6.8483456,50.9308882],[6.8481875,50.930605],[6.8478135,50.9300005],[6.8474281,50.9293889],[6.847135,50.9288413],[6.8469193,50.9284887],[6.8460284,50.9271246],[6.845324,50.9260923],[6.8450045,50.9256085],[6.844913,50.9254725],[6.8447104,50.9251158],[6.8441159,50.9242123],[6.8438233,50.9237549],[6.8436361,50.9234507],[6.8434623,50.9231404],[6.8433086,50.9228276],[6.8431488,50.9224632],[6.8430169,50.9221269],[6.842933,50.9218567],[6.842863,50.9215857],[6.8428203,50.9213762],[6.8427715,50.9210534],[6.8427378,50.9207266],[6.84272,50.9203879],[6.8427167,50.9200884],[6.8427242,50.9199081],[6.8427372,50.9193224],[6.8427878,50.9190516],[6.8429078,50.9185767],[6.8429793,50.9183637],[6.8432638,50.9177325],[6.8434808,50.917304],[6.8438083,50.9167589],[6.8443483,50.9160014],[6.8448881,50.9152541],[6.8449676,50.9151407],[6.845197,50.9148166],[6.8452172,50.9147872],[6.845411,50.9145231],[6.8456436,50.9141507],[6.8462751,50.913098],[6.8466717,50.9122557],[6.846752,50.9120515],[6.8468192,50.9118808],[6.8470006,50.9113249],[6.8471586,50.9106386],[6.8472318,50.9101435],[6.8472605,50.9098405],[6.8472753,50.9094826],[6.8472732,50.909081],[6.8472545,50.9087347],[6.8472061,50.908316],[6.8471371,50.9079075],[6.8470276,50.9074041],[6.8468571,50.9068542],[6.8466564,50.9063244],[6.8464642,50.9058952],[6.8462036,50.9054105],[6.8458732,50.9048689],[6.8456074,50.9044868],[6.8452482,50.9040004],[6.844404,50.903085],[6.8437901,50.9025104],[6.8432098,50.9020312],[6.8423014,50.9013711],[6.8417754,50.9010285],[6.8407919,50.9004627],[6.8399802,50.9000532],[6.8389716,50.8995914],[6.8379515,50.8991531],[6.8330546,50.8973742],[6.8319704,50.8969597],[6.8317373,50.896866],[6.8295467,50.8959524],[6.826941,50.8946112],[6.8266317,50.8944456],[6.8229538,50.8923851],[6.8214986,50.891571],[6.8200934,50.8908424],[6.8190745,50.8903978],[6.8182684,50.8900661],[6.8175328,50.8897745],[6.816238,50.88929],[6.8154896,50.8890177],[6.8150204,50.888835],[6.8136093,50.8882796],[6.8120086,50.8876411],[6.810541,50.8869777],[6.8098966,50.8866746],[6.8092625,50.8863519],[6.8086335,50.8859974],[6.8080164,50.8856354],[6.8075749,50.8853487],[6.8071388,50.8850487],[6.8066446,50.8846937],[6.8061688,50.8843267],[6.8057532,50.8839777],[6.8053526,50.883619],[6.80494,50.8832246],[6.8046443,50.8829191],[6.8043594,50.8826086],[6.8040899,50.882293],[6.8038231,50.8819701],[6.8036027,50.8816772],[6.8033948,50.8813836],[6.8031915,50.8810769],[6.8030078,50.880779],[6.8028159,50.8804462],[6.8026347,50.8801058],[6.8024573,50.8797334],[6.8023259,50.8794414],[6.8021656,50.8790303],[6.802031,50.878675],[6.8019321,50.8783498],[6.8018397,50.8780038],[6.8017744,50.8776903],[6.801676,50.8771097],[6.8016409,50.8767997],[6.8016017,50.8759575],[6.801613,50.8756577],[6.8016296,50.875343],[6.8016526,50.8750387],[6.8016954,50.8747354],[6.8017423,50.8744182],[6.8018017,50.8740899],[6.8019163,50.8735572],[6.8020849,50.8729842],[6.8022284,50.8725086],[6.8023784,50.8720375],[6.8026306,50.8713168],[6.8029446,50.8704959],[6.8032645,50.8696725],[6.8039997,50.8678154],[6.8043456,50.8668907],[6.8045086,50.8664222],[6.8046644,50.8659571],[6.8047962,50.865501],[6.804941,50.8649566],[6.8051533,50.8637514],[6.8052919,50.8625661],[6.8053553,50.8617863],[6.8053706,50.8608418],[6.8053621,50.86038],[6.8053698,50.8600356],[6.8053394,50.8589449],[6.8052798,50.8581467],[6.8051674,50.8569971],[6.8050502,50.8560731],[6.8049219,50.8554425],[6.8048175,50.8547367],[6.8046548,50.8539315],[6.8045608,50.8535038],[6.804315,50.8524771],[6.8039578,50.8511529],[6.8038186,50.8506817],[6.8030586,50.8484576],[6.8030169,50.8483357],[6.8029462,50.8481439],[6.8024736,50.8469644],[6.8020952,50.846108],[6.8013717,50.8446],[6.8010681,50.843981],[6.8006089,50.8431594],[6.799908,50.8419423],[6.7995398,50.8413569],[6.7989658,50.8405406],[6.7986788,50.8401574],[6.7982192,50.8395848],[6.797699,50.8389831],[6.7971906,50.8384221],[6.7966472,50.8378704],[6.7958269,50.8370733],[6.7941152,50.8355304],[6.7910214,50.8327857],[6.7909538,50.8327257],[6.7903052,50.8321503],[6.7892197,50.8310409],[6.7886388,50.8304112],[6.7880688,50.8297494],[6.7875928,50.8291253],[6.7871517,50.8284984],[6.7866325,50.8276734],[6.7861952,50.8268244],[6.7859057,50.8262028],[6.7856535,50.8255545],[6.7854363,50.8248727],[6.7852421,50.824164],[6.7850768,50.8233333],[6.7849914,50.8225917],[6.7849287,50.8218343],[6.7849485,50.8211006],[6.7849952,50.8202087],[6.7850337,50.819912],[6.7853323,50.8185286],[6.7857703,50.8171671],[6.7860108,50.8166074],[6.7862698,50.8160793],[6.7866567,50.8153479],[6.7870458,50.8146657],[6.7872387,50.8143904],[6.7877497,50.8136694],[6.7879602,50.813382],[6.7880861,50.8132197],[6.788392,50.8128251],[6.7894923,50.8114999],[6.7898756,50.8110483],[6.7909566,50.8097745],[6.7915611,50.8090441],[6.7921784,50.8082781],[6.7929575,50.8072939],[6.7941357,50.8057238],[6.7948292,50.8047795],[6.7959044,50.8032528],[6.798322,50.7998198],[6.7990962,50.7986977],[6.8051813,50.7899062],[6.8057549,50.7890905],[6.8082637,50.7854975],[6.8097605,50.7833237],[6.8102829,50.7825714],[6.8120364,50.7800852],[6.8124612,50.7795213],[6.8129118,50.7789615],[6.8137872,50.7779611],[6.8143334,50.777378],[6.8149139,50.7767976],[6.8159188,50.7758608],[6.8166136,50.7752575],[6.8174903,50.7745415],[6.8181166,50.7740646],[6.8185024,50.7736344],[6.8190336,50.7732221],[6.8194366,50.7728999],[6.8202118,50.7722821],[6.8203265,50.7721907],[6.820537,50.7719287],[6.8209582,50.7715064],[6.8212198,50.7712003],[6.8213891,50.7709787],[6.8216042,50.770607],[6.821736,50.7703192],[6.8218556,50.7699928],[6.821912,50.7697577],[6.821959,50.7694331],[6.8219791,50.7691458],[6.8219849,50.768881],[6.8219791,50.7685785],[6.8219407,50.7682209],[6.821881,50.76791],[6.8218208,50.7675926],[6.8216679,50.7670487],[6.821595,50.7667713],[6.821479,50.7664096],[6.8213258,50.7659963],[6.8210446,50.7653436],[6.8206652,50.7646053],[6.8203224,50.7640189],[6.8200218,50.7635492],[6.8195104,50.7627626],[6.8185651,50.7613472],[6.8178837,50.7603004],[6.8167981,50.7586718],[6.8161246,50.7576979],[6.8151868,50.756398],[6.8146254,50.7556556],[6.8141914,50.7550893],[6.8132507,50.7539472],[6.8124612,50.7530205],[6.811891,50.7523946],[6.8116384,50.7521196],[6.8111237,50.7515574],[6.810967,50.7513856],[6.8102257,50.7506188],[6.8098475,50.7502538],[6.8096922,50.7500853],[6.8087762,50.7491983],[6.8081258,50.7485785],[6.8066704,50.7472541],[6.8059403,50.7465988],[6.8046608,50.7454891],[6.8038918,50.7448357],[6.8020846,50.7433376],[6.8004663,50.7419624],[6.7988592,50.7406255],[6.798233,50.7401301],[6.7967064,50.7388236],[6.7959861,50.7382055],[6.7949992,50.7373559],[6.7939657,50.7364497],[6.7936945,50.7362144],[6.7926773,50.7352877],[6.7919225,50.7345858],[6.7910038,50.733718],[6.7901463,50.7328839],[6.7894669,50.7322008],[6.7888335,50.7315507],[6.7881433,50.7308245],[6.7873946,50.7300157],[6.7867065,50.7292402],[6.7859741,50.7284085],[6.7852076,50.7274894],[6.7844892,50.7266064],[6.7839789,50.7259581],[6.7836339,50.7255189],[6.7828234,50.7244315],[6.7821843,50.723553],[6.7816115,50.7227234],[6.7811032,50.721969],[6.7805448,50.7211122],[6.7799567,50.7201705],[6.7794381,50.7193111],[6.7793749,50.7192064],[6.7793569,50.7191766],[6.7787072,50.7180383],[6.7780618,50.7168554],[6.777293,50.7153458],[6.7761947,50.7130396],[6.7753024,50.7110495],[6.7726032,50.7049334],[6.7718099,50.7032435],[6.7712373,50.7020824],[6.7709026,50.7014504],[6.7708732,50.7013941],[6.7706188,50.7009125],[6.7697445,50.6993605],[6.7689779,50.6980926],[6.7681162,50.6967513],[6.76745,50.6957851],[6.7667587,50.6948347],[6.7657187,50.6935346],[6.7645608,50.6922278],[6.7637566,50.6913769],[6.7629567,50.6905724],[6.7624404,50.6900877],[6.7620653,50.68975],[6.7619438,50.6896402],[6.7617936,50.6895055],[6.7616535,50.6893806],[6.7615002,50.6892455],[6.7613548,50.6891186],[6.7611992,50.6889836],[6.761049,50.6888549],[6.7608998,50.6887283],[6.7607458,50.6885977],[6.7605926,50.6884704],[6.7604384,50.6883441],[6.7602835,50.688217],[6.760127,50.6880905],[6.75997,50.6879643],[6.7598145,50.6878402],[6.7596562,50.6877164],[6.7594412,50.6875479],[6.7591515,50.6873263],[6.7590021,50.6872132],[6.7588399,50.6870915],[6.7586728,50.6869668],[6.7585139,50.6868499],[6.7583401,50.6867226],[6.7581735,50.686601],[6.7569481,50.6857406],[6.7559585,50.6850855],[6.7552363,50.6846282],[6.7540529,50.6839389],[6.7531191,50.683405],[6.7521316,50.6828666],[6.750912,50.6822104],[6.7506171,50.6820517],[6.7503665,50.6819168],[6.7487452,50.6811022],[6.7469933,50.6802406],[6.7452625,50.6793815],[6.7436296,50.678557],[6.7420503,50.677716],[6.7415727,50.6774617],[6.7414692,50.6774066],[6.74008,50.676607],[6.7390074,50.6759514],[6.7380862,50.6753578],[6.7374877,50.6749621],[6.736878,50.6745364],[6.7359531,50.673876],[6.7355444,50.6735791],[6.7352425,50.6733477],[6.7344928,50.6727632],[6.7338214,50.6722209],[6.7335883,50.6720284],[6.733099,50.6716113],[6.7325766,50.6711589],[6.7318896,50.6705246],[6.7309023,50.669559],[6.7298424,50.6684613],[6.7295515,50.6681456],[6.7289986,50.6675131],[6.7285783,50.6670113],[6.7281966,50.666538],[6.7279504,50.6662229],[6.7276222,50.6657934],[6.7271818,50.6652003],[6.7268639,50.6647542],[6.7264633,50.664143],[6.7260872,50.6635582],[6.725804,50.6631007],[6.7255508,50.6626654],[6.7252035,50.6620449],[6.7249791,50.6616211],[6.7247117,50.6610828],[6.7244009,50.6604387],[6.7241055,50.6597761],[6.7237376,50.6588735],[6.723491,50.65821],[6.7233896,50.6579151],[6.7232827,50.657597],[6.7230906,50.6569705],[6.7228361,50.6560449],[6.7226144,50.6551054],[6.7224371,50.6541623],[6.7222825,50.6531193],[6.722175,50.6523042],[6.7221141,50.6513672],[6.7220797,50.650779],[6.7220682,50.6504774],[6.7220586,50.6496381],[6.7220491,50.6491171],[6.7220433,50.6484134],[6.7220432,50.6481086],[6.7220433,50.6479107],[6.7220435,50.6474954],[6.7220534,50.6465964],[6.7220496,50.6460184],[6.7220465,50.6453724],[6.7220345,50.6448265],[6.7220206,50.6442859],[6.7219927,50.6436425],[6.7219368,50.6429212],[6.7218597,50.6422426],[6.7217361,50.6414888],[6.7215608,50.6406627],[6.7214837,50.6403673],[6.7214101,50.6400961],[6.7212932,50.6396905],[6.7212021,50.6394073],[6.7211108,50.6391312],[6.7209192,50.6386076],[6.7206808,50.6380378],[6.7203977,50.6374027],[6.7198056,50.6361824],[6.7191954,50.6349662],[6.7187058,50.6339591],[6.7185014,50.6335267],[6.7182693,50.6329998],[6.7180593,50.6324922],[6.7178592,50.6319654],[6.717657,50.6313819],[6.7174954,50.630814],[6.7173331,50.6301164],[6.7172579,50.6297522],[6.7171984,50.6293771],[6.717125,50.6288619],[6.7170445,50.6281277],[6.7169414,50.6267803],[6.716893,50.6258255],[6.7167419,50.6234278],[6.7166277,50.6222733],[6.7165688,50.6218769],[6.7164216,50.6208544],[6.7161845,50.6197567],[6.7160933,50.6193497],[6.7159093,50.6186082],[6.7157304,50.6180194],[6.7154888,50.6172875],[6.7151809,50.6164814],[6.7148446,50.6156641],[6.7144401,50.6147784],[6.7141688,50.6142131],[6.7138972,50.6136823],[6.7136181,50.6131552],[6.7133393,50.6126432],[6.7129815,50.612049],[6.7121355,50.6106442],[6.7118232,50.6101446],[6.7109802,50.6088696],[6.7101232,50.6076244],[6.709077,50.6061822],[6.708294,50.6051186],[6.7080637,50.6048096],[6.7075254,50.6040739],[6.7073924,50.6038973],[6.706142,50.602235],[6.7040241,50.5993524],[6.7019079,50.5964989],[6.6996705,50.593478],[6.6952696,50.58757],[6.6939733,50.5858376],[6.6929007,50.5844179],[6.6915477,50.5825304],[6.6910073,50.5817569],[6.6901599,50.580549],[6.6895843,50.5796475],[6.6890452,50.578803],[6.6883075,50.5776473],[6.6876015,50.5765416],[6.6870549,50.5756001],[6.6869496,50.5754081],[6.6862849,50.5743059],[6.6860857,50.5739215],[6.6856911,50.5732104],[6.6848284,50.5716237],[6.6841944,50.5703903],[6.6837214,50.5694292],[6.6832009,50.5683137],[6.6826753,50.567078],[6.6824599,50.5665532],[6.6822372,50.5659604],[6.6817639,50.5646621],[6.6813781,50.5634886],[6.6810104,50.562265],[6.6806826,50.5610745],[6.6804046,50.5598716],[6.6800199,50.5579917],[6.6798492,50.5570665],[6.6796988,50.5561112],[6.6794744,50.5546769],[6.6792395,50.5530984],[6.6792132,50.5529359],[6.6790112,50.5514889],[6.6788295,50.5501886],[6.678611,50.5487618],[6.6783703,50.5473346],[6.6782244,50.5465059],[6.6780275,50.545525],[6.6775884,50.5437184],[6.6772816,50.5426095],[6.6769493,50.5414431],[6.6765791,50.5403558],[6.6761929,50.5392427],[6.6755893,50.5377265],[6.6751586,50.536783],[6.674792,50.5360235],[6.674668,50.5357772],[6.6741467,50.5347422],[6.6733484,50.5332292],[6.6726959,50.532033],[6.6719175,50.5306428],[6.6716528,50.530183],[6.6707175,50.5285967],[6.6705609,50.5283214],[6.6693584,50.5262862],[6.6691014,50.5258431],[6.6684971,50.5248013],[6.6678668,50.5237348],[6.6674116,50.5229491],[6.6672509,50.5226552],[6.6666493,50.5215297],[6.6662295,50.5206799],[6.6658444,50.5198455],[6.6656595,50.5194026],[6.6651137,50.5180757],[6.6647898,50.5171772],[6.6645161,50.5162961],[6.6642507,50.5154252],[6.6640261,50.5145484],[6.6637791,50.5134634],[6.6636883,50.5129654],[6.6636173,50.5125074],[6.6635284,50.5119717],[6.6634426,50.5111779],[6.6633878,50.5103493],[6.6633585,50.5095473],[6.6633666,50.508692],[6.6634132,50.5079062],[6.6634969,50.507063],[6.6635941,50.5062929],[6.6637158,50.5056179],[6.6638275,50.505062],[6.6639598,50.5045152],[6.6641845,50.503695],[6.6643769,50.5030383],[6.66457,50.5024634],[6.6647538,50.5019671],[6.6649444,50.5014916],[6.6652751,50.5007036],[6.6656319,50.4999596],[6.6660801,50.4991271],[6.666376,50.4985706],[6.6667598,50.4979157],[6.6673212,50.4970241],[6.6676103,50.496598],[6.6679389,50.4961329],[6.6689627,50.4947669],[6.6698876,50.4936797],[6.670382,50.4931104],[6.6709036,50.4925418],[6.672179,50.4912149],[6.6728198,50.4905788],[6.6737554,50.489667],[6.6750286,50.4884852],[6.6761095,50.487518],[6.6773519,50.4864293],[6.6786406,50.4853368],[6.6790249,50.485018],[6.6797344,50.4844113],[6.6811749,50.4831832],[6.6824077,50.4821215],[6.6834376,50.481226],[6.6842087,50.4805513],[6.6847521,50.4800591],[6.685209,50.4796494],[6.6852398,50.4796217],[6.6862512,50.4787182],[6.6863365,50.4786384],[6.6873461,50.4776935],[6.6873843,50.4776551],[6.6892217,50.4758061],[6.6898458,50.4751463],[6.6907055,50.4741897],[6.6919668,50.4727238],[6.6923967,50.4722021],[6.6929162,50.4715732],[6.6933373,50.4710231],[6.6936015,50.4706652],[6.6941334,50.4699446],[6.6953807,50.468162],[6.695895,50.4674308],[6.6964108,50.4667099],[6.6968875,50.4660939],[6.6971267,50.4658189],[6.6974755,50.4654752],[6.6977019,50.4652513]]}},{"type":"Feature","properties":{"route":"A 1","section":"southern","direction":"north","length_km":139.426},"geometry":{"type":"LineString","coordinates":[[6.9577675,49.260116],[6.9577009,49.2603294],[6.9576512,49.2605341],[6.9576235,49.2606754],[6.9576137,49.2608527],[6.9576164,49.2610208],[6.9576298,49.2611556],[6.9576557,49.2613038],[6.9576943,49.2614415],[6.9577573,49.2616287],[6.9578281,49.2618086],[6.9579037,49.2619737],[6.9580372,49.2621775],[6.9581516,49.2623237],[6.958272,49.2624624],[6.9584123,49.2626047],[6.9585972,49.2627866],[6.9587771,49.2629285],[6.9589816,49.2630851],[6.9594679,49.2634209],[6.9597569,49.2636032],[6.9605127,49.2640542],[6.9606683,49.2641589],[6.9608284,49.2642757],[6.9609919,49.2644081],[6.9611287,49.2645328],[6.96128,49.2646857],[6.9614164,49.264845],[6.9615487,49.2650254],[6.9616469,49.2651849],[6.9617345,49.2653373],[6.9618022,49.2654783],[6.9618633,49.2656325],[6.9619151,49.2657794],[6.9619598,49.2659317],[6.9619925,49.2660913],[6.9620106,49.2662575],[6.9620056,49.266434],[6.9619887,49.2666003],[6.9619599,49.2667677],[6.9619207,49.2669269],[6.9618679,49.2670846],[6.9618006,49.2672472],[6.9617249,49.2674052],[6.9616372,49.2675577],[6.9614426,49.2678629],[6.9611629,49.268281],[6.9610941,49.2683927],[6.9610281,49.2685185],[6.9609777,49.2686408],[6.9609243,49.2687815],[6.9608842,49.268923],[6.9608448,49.269094],[6.9608253,49.2692305],[6.9608189,49.2693633],[6.9608157,49.2695716],[6.9608273,49.2696772],[6.9608562,49.2698203],[6.960901,49.270001],[6.9609466,49.2701489],[6.9609936,49.2702771],[6.9610564,49.2704019],[6.9612291,49.2707123],[6.9613952,49.2709769],[6.9614737,49.2711123],[6.9615494,49.2712596],[6.9615904,49.2713703],[6.9616388,49.2715077],[6.9616819,49.2716429],[6.9617106,49.2717802],[6.9617228,49.2719436],[6.9617315,49.2721085],[6.9617243,49.2722217],[6.961708,49.2724095],[6.9616476,49.2728181],[6.9616331,49.2729907],[6.9616257,49.2730785],[6.9616191,49.2733291],[6.9616399,49.2735743],[6.9616904,49.2738298],[6.9617882,49.2741624],[6.9619139,49.2744902],[6.9620291,49.2747863],[6.96216,49.2751375],[6.9623312,49.275594],[6.9626288,49.2763666],[6.9627241,49.2766287],[6.962754,49.2767787],[6.9627748,49.2769712],[6.9627967,49.2771793],[6.9628062,49.2774976],[6.9627907,49.2777091],[6.9627688,49.2779036],[6.9626369,49.2786952],[6.9625355,49.2794554],[6.962469,49.2800501],[6.9624106,49.2805784],[6.9623583,49.2809532],[6.9622743,49.2812686],[6.9621653,49.2815399],[6.9620024,49.2818399],[6.9617977,49.2821122],[6.9614999,49.2824236],[6.9612703,49.2826192],[6.9609962,49.2828177],[6.9607638,49.282963],[6.9604955,49.2831002],[6.9600045,49.2833542],[6.9594121,49.2836535],[6.9591554,49.2838184],[6.9589052,49.2840184],[6.958663,49.2842249],[6.9584659,49.2844276],[6.9582451,49.2846483],[6.9579023,49.2850839],[6.9575239,49.2855502],[6.957386,49.2857157],[6.9573115,49.2858051],[6.9570409,49.2861556],[6.9567001,49.2866408],[6.9565341,49.2869456],[6.9564008,49.2871983],[6.9562778,49.2874936],[6.9561769,49.2877832],[6.9561202,49.2880232],[6.9560925,49.2883176],[6.956068,49.2885632],[6.9560663,49.2888418],[6.9560726,49.2891511],[6.9561036,49.2894545],[6.9561533,49.2896247],[6.9562002,49.2897552],[6.9562842,49.2899624],[6.956379,49.290211],[6.9565031,49.2904682],[6.9566416,49.2907293],[6.9567897,49.2909514],[6.9571448,49.2914203],[6.9575446,49.2919153],[6.9577144,49.2921427],[6.9578761,49.2923821],[6.9581023,49.2927908],[6.958454,49.2936201],[6.9586893,49.2942173],[6.958931,49.2947604],[6.9591415,49.2951681],[6.9592812,49.2954244],[6.9596648,49.2961126],[6.9598308,49.2963805],[6.9601771,49.2968979],[6.9605108,49.2973419],[6.9611086,49.2980735],[6.961404,49.2984142],[6.9617387,49.2987793],[6.9621639,49.2992115],[6.9625775,49.2996119],[6.9630245,49.3000198],[6.96332,49.3002787],[6.9636796,49.3005743],[6.964169,49.300968],[6.9649693,49.3015669],[6.965591,49.3020209],[6.9658864,49.302242],[6.9664503,49.3026842],[6.9667804,49.3029883],[6.9671709,49.3034004],[6.9674355,49.3037195],[6.9676166,49.303964],[6.9677874,49.3042421],[6.9679326,49.3045068],[6.9680328,49.3047362],[6.9681077,49.3049223],[6.9682447,49.3052656],[6.9683269,49.3055277],[6.9683783,49.3057631],[6.9684348,49.3061416],[6.9684759,49.3065512],[6.9685299,49.3075126],[6.9685467,49.3079129],[6.9685885,49.3087371],[6.9686032,49.3089907],[6.9686468,49.3098232],[6.968684,49.3105794],[6.9687393,49.3112778],[6.9687598,49.3115014],[6.9688356,49.3119762],[6.9688703,49.3121529],[6.9689628,49.3124711],[6.9690886,49.3128287],[6.9692171,49.3131118],[6.9693725,49.3133981],[6.9695729,49.3137222],[6.9697874,49.3140103],[6.9700186,49.3142941],[6.97035,49.3146467],[6.970648,49.3149272],[6.9709948,49.3152169],[6.9713943,49.3155033],[6.9717476,49.3157327],[6.9720815,49.315927],[6.9724322,49.3161154],[6.9727675,49.3162829],[6.9732234,49.3164813],[6.9736627,49.316653],[6.9741753,49.3168246],[6.9745722,49.3169519],[6.975059,49.3170934],[6.9760005,49.3173413],[6.9777626,49.3177857],[6.9795973,49.3182488],[6.9810518,49.3186195],[6.9845841,49.3195097],[6.9857235,49.3197972],[6.9868915,49.3201216],[6.987798,49.3204023],[6.9887732,49.320748],[6.9895237,49.3210393],[6.9903866,49.3214218],[6.9910079,49.321719],[6.9917981,49.3221322],[6.9923903,49.3224756],[6.9930606,49.3228959],[6.9936964,49.3233233],[6.9941251,49.3236276],[6.9948299,49.3241426],[6.995502,49.3246731],[6.9960179,49.3250875],[6.9965956,49.3255835],[6.9970116,49.3259589],[6.9975039,49.32642],[6.9979525,49.3268587],[6.9982985,49.327226],[6.9985466,49.3275063],[6.9988263,49.3278591],[6.999017,49.3281302],[6.9992314,49.3284617],[6.9994388,49.328817],[6.9996874,49.329243],[6.9999344,49.329642],[7.0001324,49.3299308],[7.0003704,49.3302351],[7.0006065,49.3305062],[7.0008445,49.3307572],[7.0011025,49.3310081],[7.0014022,49.3312733],[7.0017976,49.3315857],[7.0020949,49.3318029],[7.0024013,49.3319931],[7.0027446,49.3322073],[7.0031134,49.3324121],[7.0034767,49.3325956],[7.0038963,49.3327957],[7.004345,49.3329851],[7.0048591,49.3331792],[7.007034,49.3339513],[7.0079036,49.3342683],[7.0088228,49.3346589],[7.0092897,49.3348744],[7.0096454,49.3350567],[7.0100381,49.335278],[7.010447,49.3355309],[7.0107774,49.3357574],[7.0111972,49.3360651],[7.0115541,49.3363645],[7.0118608,49.3366509],[7.0122155,49.3370085],[7.0125705,49.3374433],[7.0128965,49.337912],[7.0131699,49.3384126],[7.0132733,49.3386325],[7.0133758,49.3388791],[7.0134602,49.3391073],[7.0135657,49.3394496],[7.0136548,49.3398548],[7.0137092,49.340247],[7.0137454,49.3407277],[7.0137549,49.3412046],[7.0136971,49.3426379],[7.0136749,49.3434711],[7.0136883,49.3438313],[7.0136945,49.3439119],[7.0137007,49.3440745],[7.0137578,49.3445138],[7.0138668,49.3450681],[7.0140364,49.3456959],[7.0141646,49.3460481],[7.0143001,49.3463752],[7.0144389,49.3466847],[7.014707,49.3471861],[7.0149919,49.3476478],[7.0151877,49.3479374],[7.0155278,49.3483955],[7.0159063,49.3488725],[7.0167692,49.3498732],[7.0170416,49.3501907],[7.0171934,49.35037],[7.017561,49.3508052],[7.0179681,49.3513112],[7.0181714,49.351588],[7.0183046,49.3517801],[7.0183918,49.3519058],[7.0185944,49.352214],[7.0188033,49.352577],[7.0189946,49.3529496],[7.0191492,49.3533168],[7.019215,49.3535127],[7.0192868,49.3537584],[7.0193513,49.354029],[7.0194379,49.3544824],[7.0194596,49.3547012],[7.0194686,49.3549134],[7.0194671,49.3550849],[7.0194273,49.3555236],[7.0194006,49.355737],[7.019354,49.3560052],[7.0192721,49.3563297],[7.0191912,49.3565911],[7.0190889,49.3568756],[7.0189428,49.3571975],[7.0187971,49.3574701],[7.0186077,49.357797],[7.0184009,49.3580908],[7.0182113,49.3583315],[7.0179806,49.3585963],[7.01769,49.3589062],[7.017457,49.3591312],[7.0171552,49.3593968],[7.0167597,49.3597051],[7.016359,49.3599816],[7.0158609,49.3603035],[7.015262,49.3606364],[7.0146386,49.3609364],[7.0141312,49.3611783],[7.0136141,49.3613689],[7.0129259,49.3616059],[7.0122255,49.3618482],[7.0114553,49.3620934],[7.0106388,49.3623693],[7.0099971,49.3625864],[7.0093566,49.362832],[7.0087583,49.3630755],[7.0082021,49.3633332],[7.0077613,49.3635535],[7.0071623,49.3638677],[7.0066163,49.364189],[7.006088,49.3645168],[7.0056293,49.3648516],[7.0052356,49.3651567],[7.0048505,49.3654779],[7.0044956,49.3657993],[7.0041859,49.3660946],[7.0038956,49.3664096],[7.0035399,49.3668223],[7.0032234,49.3672074],[7.0029386,49.3675891],[7.0026699,49.3680112],[7.0023897,49.3684845],[7.0021649,49.3689328],[7.0018616,49.3695652],[7.0016032,49.3701784],[7.0013333,49.3709358],[7.0011525,49.371492],[7.0010007,49.37209],[7.0009672,49.3722405],[7.0008803,49.3725752],[7.0007578,49.3732027],[7.0006716,49.3737604],[7.0006104,49.3742922],[7.0005687,49.3749911],[7.0005604,49.3755232],[7.0005715,49.3760902],[7.0005993,49.3766166],[7.0006493,49.3770558],[7.000716,49.3775211],[7.0007798,49.3778786],[7.0009271,49.3785121],[7.0010394,49.3789502],[7.0011196,49.3792062],[7.0012325,49.3795371],[7.0013723,49.3799201],[7.0015373,49.3803093],[7.001854,49.3809941],[7.0020753,49.3814363],[7.0022505,49.3817754],[7.0025404,49.3822341],[7.0030646,49.3830503],[7.003294,49.3833713],[7.0036121,49.3837867],[7.0037842,49.3840006],[7.0041484,49.3844323],[7.0045984,49.3849322],[7.0050084,49.3853584],[7.0054214,49.3857663],[7.0066339,49.3869771],[7.0095378,49.3898193],[7.0098713,49.3901772],[7.0101051,49.3904525],[7.0103586,49.3907707],[7.0105626,49.3910693],[7.0107519,49.3913891],[7.0109066,49.3916984],[7.0110172,49.3920017],[7.0110786,49.3922617],[7.0111409,49.39257],[7.0111539,49.3930022],[7.0111375,49.3933601],[7.0110737,49.3936581],[7.0109901,49.3939345],[7.010856,49.3942605],[7.0106656,49.3946254],[7.0104868,49.3949107],[7.01025,49.395231],[7.0099274,49.3956564],[7.0095334,49.3961606],[7.0091473,49.3966601],[7.0088513,49.3971151],[7.0086603,49.3974839],[7.0085308,49.3977989],[7.0084038,49.3981559],[7.0083249,49.3984784],[7.0082782,49.3987492],[7.0082528,49.3990738],[7.0082528,49.3994288],[7.0082761,49.3997464],[7.0083164,49.4000061],[7.0083737,49.4002851],[7.0084756,49.4006166],[7.0086305,49.401002],[7.0087897,49.4013183],[7.0089744,49.401629],[7.0092121,49.4019522],[7.0094838,49.4022782],[7.00973,49.4025475],[7.0100101,49.4028362],[7.0104028,49.4032105],[7.0109949,49.403785],[7.0113195,49.404118],[7.011602,49.4044342],[7.0118248,49.40472],[7.0120074,49.4049976],[7.0121326,49.4052159],[7.0122536,49.4054645],[7.0123342,49.405673],[7.0124043,49.4059105],[7.0124701,49.4062669],[7.0125019,49.4066867],[7.012487,49.4070223],[7.0124191,49.4074352],[7.0123661,49.4076576],[7.0123024,49.407862],[7.0122281,49.4080663],[7.0121496,49.4082528],[7.0120307,49.4085248],[7.0118885,49.4088052],[7.0116954,49.409138],[7.0114789,49.4094763],[7.011094,49.4100376],[7.0107767,49.4104618],[7.0104204,49.4108786],[7.010123,49.4112011],[7.0096745,49.411645],[7.0092669,49.4120088],[7.008871,49.4123111],[7.0085301,49.4125343],[7.0081396,49.4127575],[7.0076304,49.4130165],[7.0071724,49.4132061],[7.006707,49.4133691],[7.0062203,49.4135108],[7.0055318,49.4136575],[7.0050498,49.4137342],[7.0045442,49.4137854],[7.0039712,49.4138206],[7.0034307,49.4138213],[7.0028343,49.4137918],[7.0023385,49.4137379],[7.0018681,49.4136723],[7.0012617,49.4135678],[7.0000839,49.4133053],[6.9987554,49.4130105],[6.9979583,49.4128619],[6.9971447,49.4127195],[6.9965622,49.4126419],[6.9960326,49.4125898],[6.9954422,49.4125575],[6.9948881,49.4125492],[6.9941228,49.4125655],[6.9935753,49.4126079],[6.9929972,49.4126735],[6.9925915,49.4127346],[6.9917728,49.4128974],[6.9912993,49.4130154],[6.9906231,49.4132126],[6.9900666,49.4134017],[6.9895641,49.4135746],[6.9892024,49.413722],[6.9889407,49.4138236],[6.9886985,49.4139062],[6.9883868,49.4140109],[6.9878824,49.414162],[6.9873423,49.4143067],[6.9868023,49.4144384],[6.9861439,49.4145618],[6.9853865,49.4146678],[6.9844566,49.414799],[6.9837526,49.4148941],[6.9832491,49.4149818],[6.9828737,49.4150592],[6.9824719,49.4151551],[6.9820662,49.4152667],[6.9817212,49.4153856],[6.981292,49.4155383],[6.9809301,49.4156922],[6.980603,49.4158266],[6.9803664,49.415945],[6.9800694,49.4161047],[6.9797908,49.4162645],[6.9794967,49.4164464],[6.9791499,49.4166833],[6.9787899,49.4169638],[6.9783698,49.4173294],[6.9773204,49.4183244],[6.9770631,49.4185498],[6.9767841,49.4187733],[6.9764703,49.4190019],[6.976103,49.4192421],[6.9757456,49.4194565],[6.9748501,49.4199435],[6.9741691,49.4203284],[6.973764,49.4205738],[6.9732835,49.4209032],[6.9729553,49.4211444],[6.9726167,49.4214431],[6.9723634,49.4217084],[6.972118,49.4219933],[6.9718713,49.4222875],[6.9716677,49.422631],[6.9715278,49.4229038],[6.9714109,49.42318],[6.9713261,49.4234515],[6.971248,49.4237408],[6.9712139,49.4240176],[6.9711852,49.4242631],[6.9711769,49.4245407],[6.9711956,49.4248278],[6.9712414,49.4251203],[6.9713226,49.4255144],[6.9715059,49.4260792],[6.9716401,49.4264521],[6.9717821,49.4268812],[6.9718496,49.4271633],[6.9719233,49.4275081],[6.9719673,49.4279098],[6.9719724,49.4282814],[6.9719416,49.4286473],[6.9718954,49.4289625],[6.971822,49.4292916],[6.9717486,49.4295893],[6.9715934,49.430098],[6.9713173,49.4309867],[6.9712536,49.4312754],[6.9712179,49.4315001],[6.9712005,49.4317032],[6.9711923,49.4319016],[6.9712107,49.4321404],[6.9712284,49.4324303],[6.9712867,49.4327526],[6.9713971,49.4331507],[6.9715199,49.4334825],[6.9716282,49.4337397],[6.9717677,49.4339875],[6.9719593,49.434303],[6.9721446,49.4345386],[6.9723902,49.4348283],[6.9726109,49.4350585],[6.9728795,49.4352887],[6.9731898,49.435546],[6.9734313,49.4357301],[6.9737665,49.4359725],[6.9744307,49.4364301],[6.9751379,49.4369204],[6.9756085,49.437244],[6.9759603,49.4374999],[6.9763039,49.4377747],[6.9766599,49.438078],[6.9770617,49.4384693],[6.9773303,49.4387658],[6.9776468,49.4391571],[6.9778821,49.4394807],[6.9781569,49.4399098],[6.9784255,49.4403634],[6.9788336,49.4410701],[6.9791147,49.4415317],[6.9792979,49.4418147],[6.9795498,49.4421382],[6.9797726,49.4423873],[6.9800308,49.4426351],[6.9802577,49.4428382],[6.9806346,49.4431482],[6.9810531,49.4434568],[6.9816173,49.4438697],[6.9819921,49.4441513],[6.9823252,49.4444221],[6.9826396,49.4447077],[6.9828999,49.4449798],[6.9831622,49.4452925],[6.983358,49.4455565],[6.9835287,49.4458367],[6.9837036,49.4461738],[6.9838348,49.4465135],[6.9839222,49.4468019],[6.9839867,49.4470713],[6.9840284,49.4473339],[6.9840492,49.447656],[6.9840346,49.4480635],[6.9840013,49.4483477],[6.9839347,49.4486334],[6.9838322,49.4489567],[6.9837012,49.4492878],[6.9835552,49.449583],[6.9833646,49.4499083],[6.9831665,49.4502133],[6.9829938,49.4504679],[6.9826558,49.4509123],[6.9823832,49.4512927],[6.9821107,49.4516729],[6.9819225,49.4519473],[6.9817497,49.4522511],[6.981598,49.4525564],[6.9814843,49.4528165],[6.9813685,49.4531506],[6.9812969,49.4534559],[6.9812463,49.4537174],[6.9812126,49.4540103],[6.9811958,49.4543156],[6.9812042,49.4546018],[6.9812295,49.4549139],[6.9812927,49.4552589],[6.9813474,49.4555108],[6.9814569,49.4558695],[6.9817771,49.4568342],[6.9819405,49.4573393],[6.982056,49.4577337],[6.9821217,49.4580678],[6.9821415,49.4582775],[6.9821508,49.4590744],[6.9821383,49.4593644],[6.9820878,49.459775],[6.982014,49.4600858],[6.9819656,49.4603335],[6.9817992,49.4608304],[6.9816623,49.4611425],[6.9814981,49.4614752],[6.9813043,49.4618187],[6.98102,49.4622444],[6.9807652,49.4625784],[6.9804282,49.4629767],[6.9800836,49.4633303],[6.9797977,49.4636137],[6.9796181,49.4637837],[6.9791489,49.4642064],[6.9786423,49.4646014],[6.9777768,49.4652926],[6.9767877,49.4661023],[6.9764449,49.4663971],[6.9762177,49.4665978],[6.976003,49.4667941],[6.9755986,49.4672019],[6.975169,49.4676933],[6.9748004,49.4681942],[6.9746067,49.468509],[6.9744445,49.4688142],[6.9742402,49.469281],[6.9741289,49.4696183],[6.9740475,49.4699532],[6.9740007,49.4702035],[6.9739713,49.4705186],[6.9739588,49.4708376],[6.9739803,49.4712069],[6.974018,49.4715328],[6.9740896,49.4718191],[6.9741878,49.4722069],[6.9742889,49.4724715],[6.9744379,49.4727879],[6.9746976,49.4732863],[6.9749199,49.4736169],[6.975085,49.473865],[6.9752661,49.4740922],[6.9755399,49.4743946],[6.9758221,49.4746751],[6.9760769,49.4748941],[6.9765339,49.4752608],[6.9768814,49.4755126],[6.9772879,49.4757672],[6.9777259,49.4760094],[6.9781929,49.4762371],[6.9787073,49.4764705],[6.9791412,49.4766375],[6.9796908,49.4768359],[6.9801436,49.4769823],[6.9807312,49.4771616],[6.9816263,49.477438],[6.9823971,49.4776706],[6.983111,49.4779142],[6.9835554,49.4780852],[6.983985,49.4782617],[6.984402,49.4784538],[6.984939,49.4787174],[6.9853602,49.4789541],[6.9858488,49.4792716],[6.9862448,49.4795493],[6.9865922,49.4798189],[6.986906,49.4801021],[6.987283,49.4804853],[6.9875547,49.480815],[6.9878264,49.481168],[6.9880749,49.4815429],[6.988256,49.4818522],[6.9884371,49.4822147],[6.9886456,49.4827429],[6.9887972,49.4832409],[6.9888688,49.4836473],[6.9889046,49.4840687],[6.9889068,49.4843273],[6.9888836,49.4847692],[6.9888288,49.485181],[6.9887488,49.4855271],[6.9886422,49.4858822],[6.9885309,49.4861936],[6.9883769,49.4865799],[6.9881578,49.4870657],[6.9880081,49.4873978],[6.987863,49.4877262],[6.9877086,49.4880865],[6.9874696,49.4887572],[6.9873748,49.4890787],[6.9873179,49.4893797],[6.9872758,49.4896314],[6.9872484,49.4901554],[6.9872632,49.4905001],[6.9873011,49.4908325],[6.9873853,49.4912101],[6.987513,49.4916047],[6.9875653,49.4917576],[6.9877297,49.4921554],[6.9879049,49.4924989],[6.9880842,49.4928198],[6.988229,49.4930297],[6.9883529,49.4932226],[6.9886402,49.4936098],[6.9889797,49.4940404],[6.9893351,49.4944932],[6.9898249,49.4951029],[6.9902031,49.4956223],[6.9905858,49.4962067],[6.9909321,49.4968252],[6.9911895,49.4974201],[6.9913946,49.4980045],[6.9915723,49.4986304],[6.9916907,49.4992089],[6.9918297,49.499999],[6.9920578,49.5012758],[6.9921869,49.5020883],[6.9923394,49.5029382],[6.9923948,49.5033362],[6.9925612,49.5043176],[6.9927109,49.5051477],[6.9927858,49.5056285],[6.992983,49.5067143],[6.9931438,49.5075134],[6.9933239,49.5082529],[6.9934079,49.5085387],[6.9934963,49.5088273],[6.9937212,49.509512],[6.9938869,49.509973],[6.9940479,49.5104101],[6.9941879,49.5108026],[6.9943563,49.511188],[6.9945048,49.5115214],[6.994803,49.5121283],[6.9954307,49.5132924],[6.9955321,49.5134805],[6.9957817,49.51397],[6.9960226,49.5145448],[6.9962098,49.5151008],[6.996314,49.5155287],[6.9963775,49.5159272],[6.9964127,49.5162235],[6.9964249,49.5163395],[6.9964317,49.5164957],[6.996431,49.516848],[6.9964001,49.5174389],[6.9963009,49.5180354],[6.9962443,49.5182709],[6.9960685,49.5188317],[6.9959251,49.5192032],[6.9957654,49.5195756],[6.9956141,49.5198938],[6.9952813,49.5205459],[6.994937,49.5212287],[6.994745,49.5216291],[6.9945679,49.5220252],[6.9944344,49.5223581],[6.9943079,49.5227235],[6.9941779,49.5231814],[6.9941155,49.5234958],[6.994071,49.5238357],[6.9940318,49.5242994],[6.9940354,49.5248612],[6.9940868,49.5254099],[6.9941916,49.5260539],[6.9943232,49.5266669],[6.9944652,49.5272832],[6.9947692,49.528601],[6.9949133,49.5292067],[6.9952172,49.5305572],[6.9952955,49.5309128],[6.995436,49.5314926],[6.9956189,49.5322851],[6.9957199,49.5327509],[6.9958488,49.5333919],[6.9959701,49.5340481],[6.9960648,49.5346853],[6.9961467,49.5354314],[6.9961781,49.5359707],[6.996185,49.536485],[6.9961711,49.5369474],[6.9961432,49.5372831],[6.9960892,49.5377511],[6.9959829,49.5383446],[6.9958906,49.5387256],[6.9957495,49.5391936],[6.9956137,49.5395655],[6.9954387,49.5399604],[6.9953027,49.5402273],[6.9951599,49.5404658],[6.9948672,49.5408976],[6.9945284,49.5413537],[6.9941652,49.5417991],[6.9938499,49.542154],[6.9935642,49.5424468],[6.9933382,49.5426635],[6.9931717,49.5428098],[6.993005,49.5429611],[6.9926218,49.543255],[6.9922595,49.5435195],[6.9917898,49.5438312],[6.9911638,49.5442022],[6.9906081,49.5444927],[6.9901621,49.5447086],[6.9895908,49.5449583],[6.9890072,49.5451821],[6.9884951,49.545363],[6.9879986,49.5455235],[6.9873175,49.5457348],[6.9862462,49.5460276],[6.9846924,49.546413],[6.9836785,49.5466594],[6.9827692,49.54689],[6.982001,49.5470957],[6.9811666,49.5473421],[6.98032,49.5476156],[6.979726,49.547828],[6.9790379,49.5481219],[6.9783882,49.5484338],[6.9778029,49.5487582],[6.9771932,49.54913],[6.9767646,49.5494194],[6.9763675,49.5497211],[6.9759773,49.5500455],[6.9755993,49.5503857],[6.9751829,49.5508129],[6.9748258,49.5512344],[6.9744896,49.5516684],[6.9742161,49.552091],[6.9739601,49.5525035],[6.9734915,49.5533477],[6.9731483,49.5540235],[6.9728567,49.5546704],[6.9725055,49.555488],[6.9723252,49.5559978],[6.9722046,49.5563435],[6.9719839,49.5570483],[6.9718261,49.5576003],[6.9717109,49.5580958],[6.9716094,49.5585513],[6.9714316,49.5594879],[6.9713611,49.5598526],[6.9713356,49.5600793],[6.9712848,49.5604857],[6.9712206,49.5611793],[6.9711918,49.5615971],[6.9711628,49.5621943],[6.9711509,49.5627874],[6.971153,49.5631371],[6.9711805,49.5636618],[6.9712267,49.5642558],[6.9712983,49.5648978],[6.9714225,49.565548],[6.9715405,49.566011],[6.9717448,49.5666776],[6.9719259,49.5671297],[6.9721323,49.5676173],[6.9724882,49.5683562],[6.9728294,49.5690036],[6.9730737,49.5694229],[6.973379,49.5698859],[6.973815,49.5704705],[6.9741962,49.5709376],[6.97467,49.5714538],[6.9749754,49.5717652],[6.9754892,49.5722432],[6.9758073,49.5725232],[6.9762135,49.5728603],[6.9767071,49.5732484],[6.9773357,49.5737187],[6.977834,49.5740692],[6.9791769,49.5750034],[6.9797498,49.5754146],[6.9806918,49.5761399],[6.9813079,49.5766784],[6.9817478,49.5771022],[6.9821446,49.5775636],[6.9822811,49.577737],[6.9825506,49.5780796],[6.9827803,49.578417],[6.9829185,49.5786713],[6.9830561,49.5789315],[6.9831715,49.5791512],[6.9832575,49.5793333],[6.9834226,49.5796665],[6.9835427,49.5799789],[6.9836923,49.5803899],[6.9838042,49.5807177],[6.9838935,49.5810413],[6.9839322,49.5811816],[6.9840257,49.5815134],[6.9842724,49.5822731],[6.9844343,49.5826804],[6.9845751,49.5829817],[6.9846883,49.5831933],[6.9848152,49.583416],[6.9850103,49.5837406],[6.9852852,49.5841563],[6.9855598,49.5845376],[6.9858231,49.5848671],[6.9860243,49.5851049],[6.9862869,49.5854012],[6.9867099,49.5858628],[6.9869593,49.5861444],[6.9873895,49.5866332],[6.9878073,49.5871296],[6.9881917,49.5876106],[6.9885344,49.5880831],[6.9888922,49.5886607],[6.9890715,49.5889769],[6.9892425,49.5893509],[6.9894235,49.5898382],[6.989564,49.5903547],[6.9896179,49.5906493],[6.9896645,49.5910193],[6.989678,49.5912825],[6.9896958,49.5916289],[6.9896833,49.5919379],[6.9896475,49.5922579],[6.9895718,49.5926509],[6.9894473,49.5931115],[6.9893989,49.5932412],[6.9890768,49.5940212],[6.9887576,49.5945716],[6.9884351,49.5950374],[6.9881716,49.5953708],[6.9878036,49.5957908],[6.9875394,49.5960537],[6.9874244,49.5961647],[6.9871465,49.5964087],[6.9869708,49.5965527],[6.9868402,49.596658],[6.9864066,49.5969868],[6.9859555,49.5972974],[6.9855597,49.5975389],[6.9852649,49.5977001],[6.9850101,49.5978328],[6.9847017,49.59797],[6.984369,49.5981051],[6.9841368,49.5981866],[6.9837568,49.5982932],[6.983232,49.5984166],[6.9828031,49.5984847],[6.9822853,49.5985215],[6.9817996,49.5985268],[6.9814588,49.5985093],[6.9811548,49.5984807],[6.9808161,49.5984343],[6.979774,49.5982534],[6.9792742,49.598184],[6.9788233,49.5981602],[6.9781524,49.5981609],[6.9775193,49.5981814],[6.9769023,49.5982118],[6.9757237,49.5983271],[6.9744586,49.5984749],[6.9729984,49.5986796],[6.9713944,49.598948],[6.9702571,49.5991824],[6.9695622,49.5993666],[6.9689339,49.5995623],[6.9681811,49.5998161],[6.967784,49.5999673],[6.9669848,49.600289],[6.9663941,49.6005544],[6.9657546,49.6008854],[6.9652329,49.6011865],[6.9647595,49.6014917],[6.9640916,49.6019735],[6.9636527,49.6023346],[6.9631583,49.602787],[6.9627776,49.6031807],[6.9623706,49.6036749],[6.9621252,49.6040058],[6.9618851,49.6043754],[6.961554,49.6049434],[6.9613554,49.6053385],[6.961008,49.6061208],[6.9607404,49.6068142],[6.9605497,49.6073294],[6.9601318,49.6084187],[6.9598286,49.6091921],[6.9594909,49.6098975],[6.9591385,49.6105843],[6.9589238,49.6109492],[6.9585409,49.61153],[6.9580421,49.6121765],[6.9575804,49.6126863],[6.9571387,49.6131254],[6.9566125,49.6135821],[6.9560888,49.6139841],[6.9555974,49.6143298],[6.9544671,49.6150216],[6.9541601,49.6151917],[6.9535898,49.6154836],[6.9530563,49.6157474],[6.9520349,49.6162125],[6.9505545,49.6168171],[6.9494419,49.6172321],[6.9483169,49.6176278],[6.9435206,49.6192503],[6.9416831,49.6198961],[6.9397824,49.6206045],[6.9387276,49.6210344],[6.9381148,49.6213026],[6.932659,49.6238895],[6.9312056,49.62463],[6.9303957,49.6250815],[6.9297437,49.6254622],[6.9280174,49.6265463],[6.9272047,49.627098],[6.9264124,49.6276655],[6.9260048,49.6279836],[6.9252195,49.6286286],[6.9245705,49.6292254],[6.9237656,49.6300775],[6.9233771,49.6305604],[6.9230038,49.6310794],[6.9227059,49.6315622],[6.9224572,49.6320326],[6.9221899,49.6326587],[6.921987,49.6332588],[6.9218707,49.6337595],[6.9217892,49.6342814],[6.9217449,49.6349041],[6.9217527,49.6354294],[6.9218445,49.6361617],[6.921943,49.6365951],[6.9220741,49.6370584],[6.9222983,49.6376407],[6.9226621,49.6384046],[6.922904,49.6388716],[6.9234887,49.6398303],[6.924177,49.6408662],[6.9246655,49.6415786],[6.9253762,49.6426398],[6.9257299,49.6431909],[6.9263806,49.6443083],[6.9266901,49.6449392],[6.9270327,49.6457734],[6.9272634,49.6465402],[6.9273774,49.6470543],[6.9274565,49.6477029],[6.9274592,49.6485027],[6.9273988,49.649153],[6.9273264,49.6496046],[6.927136,49.6503435],[6.9268624,49.6511015],[6.926507,49.6518595],[6.9260926,49.6526166],[6.9257935,49.6531133],[6.9242821,49.6554974],[6.9236867,49.656538],[6.9235126,49.6568793],[6.9233523,49.6572098],[6.9230833,49.6578655],[6.9230165,49.6580372],[6.9228556,49.6584942],[6.9226883,49.6591054],[6.9226042,49.6595178],[6.9225493,49.6598318],[6.9224814,49.6604432],[6.9224547,49.6609583],[6.9224751,49.6618135],[6.922501,49.6622091],[6.9225314,49.6624994],[6.9225657,49.6628215],[6.9225989,49.6630852],[6.9226376,49.6634077],[6.9227161,49.6639662],[6.9228997,49.6652379],[6.9229858,49.6659646],[6.9230243,49.6670689],[6.9230068,49.6673902],[6.9229186,49.6680829],[6.9227425,49.6687983],[6.9225178,49.669404],[6.9222218,49.6700139],[6.9220546,49.6703007],[6.9216408,49.6709113],[6.9214139,49.6712086],[6.9209434,49.671742],[6.9206284,49.6720638],[6.9202909,49.672381],[6.9197714,49.6728316],[6.919469,49.6730736],[6.9192877,49.6732186],[6.9188342,49.6735681],[6.9183983,49.6738967],[6.9168974,49.6750046],[6.9163163,49.6754354],[6.915203,49.6762845],[6.9145909,49.6767594],[6.9144079,49.6769058],[6.9141664,49.6770894],[6.9119991,49.6788292],[6.9109215,49.6797221],[6.9098525,49.6806238],[6.9093329,49.6810868],[6.9079488,49.6822851],[6.9060101,49.6840415],[6.9051661,49.6847815],[6.9041094,49.6856877],[6.9040012,49.68578],[6.9027511,49.6868367],[6.9011998,49.6880944],[6.9002271,49.6888668],[6.8992752,49.6896056],[6.898783,49.6899839],[6.8982906,49.6903541],[6.8972931,49.6911004],[6.8966138,49.6916015],[6.8959217,49.6920968],[6.8945393,49.6930879],[6.8940804,49.6934198],[6.8936003,49.6937799],[6.8932618,49.6940393],[6.8928492,49.6943624],[6.8924839,49.6946561],[6.8919763,49.695095],[6.8915042,49.6955366],[6.8912172,49.6958246],[6.8909088,49.6961551],[6.8906647,49.6964318],[6.8903885,49.6967942],[6.8902332,49.6970226],[6.8900049,49.6973305],[6.8898882,49.6975326],[6.8897581,49.6977616],[6.8895503,49.6981798],[6.8894188,49.698492],[6.8893035,49.698813],[6.8891962,49.6991565],[6.8891157,49.6994878],[6.889038,49.6999302],[6.8890031,49.7002815],[6.8889856,49.7005765],[6.8889897,49.7009711],[6.8890178,49.7013597],[6.8890594,49.701691],[6.8891238,49.7020718],[6.8892244,49.7024994],[6.8893665,49.7029808],[6.8895221,49.7034084],[6.8896588,49.7037494],[6.8898279,49.7041552],[6.8900451,49.7046201],[6.8902637,49.7050486],[6.8904957,49.7054805],[6.8907894,49.7059965],[6.8910687,49.7064986],[6.8911583,49.7066495],[6.8914198,49.7070815],[6.8917792,49.7076687],[6.8921319,49.7082853],[6.8924792,49.7088881],[6.8929312,49.709718],[6.89319,49.7102488],[6.8933804,49.7106884],[6.8936058,49.7112712],[6.893756,49.7117126],[6.8938834,49.7121748],[6.8939638,49.7125408],[6.8940309,49.7129579],[6.8940698,49.7133455],[6.8940899,49.7137314],[6.8940845,49.7141399],[6.894055,49.7146428],[6.8940202,49.7149784],[6.8939652,49.7153157],[6.8938887,49.715666],[6.8938016,49.7160016],[6.8936594,49.7164508],[6.8935226,49.7167976],[6.8933429,49.7172217],[6.8931739,49.7175668],[6.8929553,49.7179561],[6.8927059,49.718374],[6.8924859,49.7187035],[6.8921279,49.7192134],[6.8917839,49.7196789],[6.8917018,49.7197878],[6.8916133,49.7199097],[6.8906668,49.7211594],[6.8901498,49.7218806],[6.8898674,49.7223077],[6.889555,49.7228157],[6.8893559,49.7232009],[6.8891949,49.7235305],[6.8891253,49.7236883],[6.8889941,49.7240378],[6.8888546,49.7244613],[6.8887728,49.72477],[6.8887054,49.72513],[6.888667,49.7254292],[6.8886378,49.7258279],[6.8886339,49.7261778],[6.8886511,49.7265075],[6.888691,49.7269251],[6.888711,49.7270558],[6.8887548,49.7273417],[6.8888495,49.7278196],[6.8889902,49.728465],[6.888998,49.7285024],[6.8891272,49.7291195],[6.8891863,49.7294205],[6.8892911,49.7299549],[6.8893478,49.7302892],[6.8893897,49.7306004],[6.8894181,49.7308861],[6.8894559,49.7313874],[6.889464,49.7317444],[6.8894531,49.7320416],[6.8894233,49.7323838],[6.8893843,49.732694],[6.8893092,49.7330662],[6.8892294,49.7333873],[6.8891547,49.733649],[6.889009,49.7340356],[6.888879,49.734341],[6.888766,49.7345851],[6.8885348,49.7350023],[6.8882689,49.7354249],[6.8880495,49.7357324],[6.8877239,49.7361366],[6.8875011,49.7363875],[6.8871972,49.7366908],[6.8868428,49.7370327],[6.8864674,49.7373614],[6.8860785,49.7376673],[6.8857495,49.7379054],[6.885404,49.7381392],[6.8850795,49.7383489],[6.8846117,49.7386285],[6.8840695,49.7389282],[6.8837225,49.7391102],[6.8833192,49.7393198],[6.883248,49.7393545],[6.8824919,49.7397231],[6.8813849,49.7402592],[6.8800852,49.7408615],[6.8791361,49.7413336],[6.8786892,49.7415751],[6.8777806,49.7420864],[6.8773786,49.7423358],[6.8769684,49.7426001],[6.8767285,49.7427696],[6.876318,49.7430736],[6.8760213,49.743302],[6.8757208,49.7435678],[6.8754441,49.7438238],[6.8752181,49.7440314],[6.8750899,49.7441722],[6.8748486,49.7444392],[6.8746358,49.7447048],[6.874479,49.744916],[6.8743067,49.7451541],[6.8740186,49.7456045],[6.8739063,49.7458036],[6.8737605,49.7460835],[6.8736413,49.7463336],[6.8735367,49.746579],[6.8733743,49.7470126],[6.873198,49.7475406],[6.8730753,49.7479459],[6.8728932,49.7486031],[6.8727216,49.7492521],[6.8725387,49.7499168],[6.8722976,49.7506775],[6.872166,49.7510298],[6.8720038,49.7514019],[6.8718509,49.7517306],[6.8716224,49.752163],[6.8713613,49.752614],[6.8710407,49.7531],[6.8707349,49.7535205],[6.8704844,49.7538336],[6.8702787,49.7540784],[6.8700838,49.7542974],[6.8698373,49.7545613],[6.8692709,49.7551294],[6.8689874,49.7553915],[6.8686496,49.7556865],[6.8682109,49.7560534],[6.867786,49.7564028],[6.8671446,49.7568921],[6.8667102,49.7572118],[6.8663212,49.7574961],[6.865894,49.7577956],[6.8644523,49.7587764],[6.8629933,49.7597527],[6.862086,49.7603725],[6.8615887,49.7607283],[6.8606682,49.7614035],[6.8599802,49.7619415],[6.85937,49.7624552],[6.8589436,49.7628295],[6.8584219,49.7633267],[6.8579257,49.7638465],[6.8574904,49.7643429],[6.8572457,49.7646542],[6.8570452,49.7649133],[6.8568045,49.7652706],[6.8565845,49.7656084],[6.8563566,49.7659965],[6.8561822,49.7663066],[6.8560374,49.7666046],[6.8559301,49.7668489],[6.8558335,49.7671243],[6.8557048,49.767521],[6.8555465,49.7680252],[6.8554352,49.7684167],[6.8553051,49.7690178],[6.8551965,49.7695115],[6.8551364,49.7698537],[6.8548621,49.7711559],[6.8547001,49.7717281],[6.8546081,49.7720287],[6.8545015,49.772334],[6.8544076,49.7725445],[6.8542581,49.7728412],[6.8540497,49.7732187],[6.8538587,49.7735394],[6.853638,49.7738508],[6.8534561,49.7740963],[6.85323,49.7743787],[6.85293,49.7747168],[6.852624,49.7750234],[6.8522457,49.7753841],[6.8517384,49.7758215],[6.851389,49.776085],[6.8510055,49.77636],[6.8506442,49.7765854],[6.8502494,49.7768184],[6.849835,49.7770483],[6.8494122,49.7772659],[6.8489827,49.7774648],[6.8483695,49.7777357],[6.8481067,49.7778411],[6.8478344,49.7779465],[6.8475245,49.7780588],[6.8471476,49.7781912],[6.8465694,49.7783661],[6.846124,49.7784813],[6.8454375,49.7786651],[6.8451349,49.7787373],[6.8450644,49.7787547],[6.8444964,49.7788816],[6.8430153,49.7792463],[6.842241,49.7794487],[6.840235,49.7799932],[6.8392119,49.7802821],[6.838335,49.7805467],[6.8364565,49.7811557],[6.8351939,49.7815836],[6.8333702,49.7821896],[6.832537,49.7824451],[6.8319073,49.782631],[6.8314183,49.7827754],[6.830367,49.7830553],[6.8292863,49.7833147],[6.8286866,49.7834475],[6.8280906,49.7835735],[6.8267657,49.7838254],[6.8257631,49.783982],[6.8250532,49.7840799],[6.8241337,49.7841986],[6.8238295,49.7842359],[6.8229763,49.7843225],[6.8220883,49.7843983],[6.8213679,49.7844561],[6.8200018,49.7845165],[6.8187629,49.7845414],[6.8170741,49.7845426],[6.8168511,49.7845381],[6.8163245,49.784519],[6.8155608,49.7844846],[6.8147915,49.7844358],[6.8135923,49.7843529],[6.8116245,49.7841701],[6.8077938,49.7837934],[6.8026528,49.7832642],[6.8023172,49.7832304],[6.798098,49.7828061],[6.7957142,49.7825739],[6.7952641,49.7825353],[6.7947659,49.7824981],[6.7941287,49.7824616],[6.7935035,49.7824392],[6.7929028,49.7824333],[6.792359,49.7824405],[6.791715,49.7824704],[6.7911739,49.7825044],[6.7906317,49.7825597],[6.7900616,49.7826251],[6.7895516,49.7826973],[6.7890465,49.7827908],[6.788585,49.7828859],[6.7876359,49.783119],[6.787154,49.7832491],[6.7865703,49.7834384],[6.7860184,49.7836402],[6.7856421,49.7837804],[6.7851406,49.7839888],[6.7843835,49.7843556],[6.7837952,49.7846759],[6.7832804,49.7849905],[6.7827496,49.7853266],[6.7823399,49.7856454],[6.7819193,49.7859949],[6.7814112,49.7864527],[6.7810747,49.786812],[6.7805376,49.7874643],[6.7802152,49.7879163],[6.7799129,49.7884078],[6.7797175,49.7887912],[6.7795221,49.7891746],[6.7793947,49.789448],[6.7791692,49.7899317],[6.7787777,49.7907641],[6.7782828,49.7917771],[6.7779561,49.7924239],[6.7776612,49.7929296],[6.7772591,49.7935351],[6.7769462,49.7939349],[6.7765369,49.7944377],[6.7760054,49.7949979],[6.7756094,49.7953688],[6.775201,49.7957476],[6.774881,49.7960122],[6.7747686,49.7961038],[6.7745164,49.7963096],[6.7739776,49.7967135],[6.7731891,49.7972368],[6.772229,49.7977764],[6.7718439,49.7979623],[6.7714198,49.7981528],[6.7708038,49.7984222],[6.7701235,49.7987071],[6.7693324,49.7990162],[6.7677289,49.7996165],[6.7665858,49.8000482],[6.765943,49.8002954],[6.7651206,49.8006449],[6.7644714,49.8009353],[6.764041,49.8011458],[6.7636198,49.8013663],[6.7629195,49.8017829],[6.762265,49.8022341],[6.7618427,49.8025554],[6.7613163,49.8030069],[6.7609941,49.803318],[6.7606704,49.8036591],[6.7604317,49.8039356],[6.7603611,49.8040263],[6.7600704,49.804391],[6.7600274,49.8044547],[6.7598202,49.8047613],[6.7595317,49.8052519],[6.7590971,49.8061596],[6.7588436,49.8069251],[6.7587148,49.8074551],[6.7584477,49.8084931],[6.7583458,49.8089609],[6.7582971,49.8092214],[6.7581126,49.8103187],[6.7579895,49.8114129],[6.7579354,49.8121211],[6.7579157,49.8127473],[6.7579058,49.8132044],[6.7578928,49.8136975],[6.7579436,49.8150242],[6.7579731,49.8154125],[6.7580128,49.8158181],[6.7581428,49.8169566],[6.7582548,49.8175888],[6.7583671,49.8182072],[6.7585613,49.8191553],[6.7587954,49.8204464],[6.7589135,49.8210534],[6.7593421,49.8232812],[6.759566,49.8244308],[6.7597506,49.8253544],[6.7599753,49.8265286],[6.760087,49.8270538],[6.7602161,49.8276775],[6.7603669,49.8283064],[6.7604746,49.8286766],[6.7606997,49.8292756],[6.760854,49.8296318],[6.7610904,49.830099],[6.7613911,49.8306323],[6.7617352,49.831154],[6.7619698,49.8314831],[6.7623304,49.8319509],[6.7626459,49.8323136],[6.7629634,49.8326562],[6.7632857,49.8329775],[6.7634519,49.8331356],[6.7636181,49.8332937],[6.7637444,49.833396],[6.764052,49.8336454],[6.7650543,49.8344217],[6.7655746,49.8347742],[6.7658453,49.8349683],[6.7660185,49.8350847],[6.7667804,49.8355738],[6.7675219,49.8360098],[6.7684346,49.8365381],[6.7706487,49.8378687],[6.7723247,49.8388615],[6.7739509,49.8398214],[6.7769582,49.841544],[6.7818389,49.8444199],[6.7890266,49.8487159],[6.7951185,49.8523214],[6.7964132,49.8531155],[6.7975574,49.8538592],[6.7985956,49.8545756],[6.800397,49.8559282],[6.800719,49.85617],[6.8008412,49.8562605],[6.8019858,49.8571808],[6.8029871,49.8579713],[6.803722,49.8585678],[6.8040316,49.8588278],[6.8047971,49.8594533],[6.8056328,49.8601259],[6.8063147,49.8606935],[6.8077838,49.8618559],[6.809078,49.8627889],[6.8102848,49.8636367],[6.8114753,49.8644134],[6.8128835,49.8652931],[6.8141116,49.8659965],[6.816513,49.8672863],[6.8191552,49.8685589],[6.8242403,49.8709118],[6.8246406,49.8710961],[6.8272934,49.8723364],[6.8277999,49.8725701],[6.8288514,49.87306],[6.830101,49.8736332],[6.8317249,49.8743877],[6.832972,49.8749671],[6.8421277,49.8792589],[6.8440702,49.8803583],[6.8458815,49.8815751],[6.8471015,49.882626],[6.8476977,49.8832274],[6.8482483,49.8838141],[6.8491075,49.8848347],[6.8492223,49.8849721],[6.849325,49.8851045],[6.8495272,49.8853907],[6.8498814,49.8859435],[6.8503016,49.8866639],[6.8505282,49.8871226],[6.8507463,49.8875803],[6.8508861,49.8879447],[6.8510154,49.8883355],[6.8512464,49.8890991],[6.8513799,49.889621],[6.8514761,49.8901441],[6.8516427,49.8912016],[6.8520168,49.8937089],[6.8522085,49.8949697],[6.8524008,49.8961995],[6.8525156,49.89682],[6.8525625,49.8970691],[6.8525812,49.8972291],[6.8526094,49.897457],[6.8527055,49.8981002],[6.8528026,49.8987121],[6.852963,49.8997406],[6.8530922,49.9005548],[6.8533439,49.9020609],[6.8535117,49.9032312],[6.8537057,49.904384],[6.8540296,49.9065685],[6.8543824,49.9087435],[6.8544524,49.9093581],[6.8545508,49.9099648],[6.85475,49.9111782],[6.8549422,49.9124007],[6.855126,49.9136038],[6.8554742,49.9158083],[6.8557076,49.9169051],[6.8557281,49.9169965],[6.8558341,49.917468],[6.8559091,49.9177411],[6.8559881,49.9179788],[6.8561247,49.9183794],[6.8562401,49.9186624],[6.8564904,49.9191882],[6.8567214,49.919642],[6.856945,49.9200333],[6.8571815,49.9203959],[6.8574512,49.9207877],[6.8577324,49.9211689],[6.8584127,49.9219734],[6.8592021,49.9227414],[6.8594054,49.9229306],[6.860167,49.9235956],[6.8604951,49.9238506],[6.8608628,49.9241162],[6.8615732,49.924596],[6.8622952,49.925039],[6.8636272,49.9257839],[6.8650372,49.9264953],[6.8684437,49.928225],[6.8697185,49.9289542],[6.8703558,49.9293538],[6.8709559,49.9297763],[6.8715172,49.9302203],[6.8720378,49.9306845],[6.8725162,49.9311675],[6.873163,49.9319383],[6.8734168,49.9322955],[6.873635,49.9326321],[6.8740139,49.9332963],[6.8746602,49.934512],[6.874845,49.9348586],[6.8750715,49.9352833],[6.875309,49.9356952],[6.8757256,49.9363053],[6.8760091,49.9366723],[6.8763685,49.9370763],[6.8767613,49.9374689],[6.8772402,49.9378963],[6.8776935,49.938264],[6.8782149,49.9386645],[6.8795787,49.939715],[6.880181,49.9402162],[6.8805072,49.9405254],[6.8808008,49.9408208],[6.8811107,49.941171],[6.881427,49.9415579],[6.8817636,49.9420477],[6.8820885,49.9425877],[6.8822533,49.9429162],[6.8823143,49.9430643],[6.8824605,49.9434214],[6.8825699,49.9437385],[6.8826683,49.9440893],[6.8827427,49.9444012],[6.8828119,49.9448462],[6.8828596,49.9453671],[6.8828814,49.9460293],[6.8828865,49.9468526],[6.8828934,49.947633],[6.8828926,49.948186],[6.8829022,49.9492404],[6.8829428,49.9544937],[6.8829569,49.9550338],[6.883007,49.9558438],[6.8830832,49.9564414],[6.8831958,49.956977],[6.8832534,49.957177],[6.883347,49.9575024],[6.8835505,49.9580208],[6.8837508,49.9584645],[6.8839971,49.9589256],[6.8843781,49.9595502],[6.8847202,49.9600224],[6.8851042,49.9605152],[6.8854603,49.9609464],[6.8858849,49.9614298],[6.8863795,49.9619565],[6.8869781,49.9625525],[6.8874471,49.9629975],[6.8879633,49.9634664],[6.8884602,49.9638915],[6.8890689,49.9643983],[6.8896928,49.9648913],[6.8904913,49.9654873],[6.8912958,49.9660579],[6.8927141,49.9670147],[6.8941417,49.9679198],[6.8947395,49.9682769],[6.8961156,49.9691043],[6.9002443,49.9715111],[6.9013457,49.9721456],[6.9038709,49.9736124],[6.9059315,49.9748241],[6.9069702,49.9754778],[6.9082223,49.9763094],[6.9094279,49.9771738],[6.9104379,49.9779268],[6.9114331,49.9787237],[6.9116819,49.9789329],[6.9121872,49.9793553],[6.9129323,49.9799788],[6.9153844,49.9820235],[6.9165701,49.9830086],[6.9167364,49.9831468],[6.9201349,49.9859843],[6.9210706,49.986772],[6.9221629,49.9876699],[6.9222553,49.9877556],[6.9229826,49.9883905],[6.9234018,49.9887729],[6.9236463,49.9890144],[6.923938,49.9893164],[6.9241628,49.9895631],[6.9245303,49.9899908],[6.9248384,49.990382],[6.9251606,49.9908203],[6.9253671,49.9911358],[6.9257265,49.9917273],[6.926051,49.9923551],[6.9261815,49.9926381],[6.926325,49.9929582],[6.927656,49.996214],[6.9284152,49.9980612],[6.9286536,49.9986434],[6.9286995,49.9987536],[6.9306995,50.0036306],[6.93074,50.0037229],[6.931276,50.0049688],[6.9316582,50.0057697],[6.9321543,50.0067225],[6.9326159,50.0075359],[6.93299,50.0081613],[6.9331694,50.0084398],[6.9334107,50.0088144],[6.9336927,50.0092404],[6.9341807,50.0099355],[6.9343512,50.0101682],[6.9367027,50.0134502],[6.9383329,50.0157144],[6.9386136,50.0161379],[6.9388607,50.0165781],[6.9390604,50.0170014],[6.9392127,50.0174069],[6.9393575,50.0179274],[6.9394547,50.0184372],[6.9394997,50.0189098],[6.9395045,50.0194053],[6.9394541,50.0198404],[6.9393783,50.0202872],[6.9392833,50.0206527],[6.9391517,50.0210486],[6.938974,50.0214758],[6.9387096,50.0219768],[6.9384235,50.0224311],[6.9381317,50.0228217],[6.9379609,50.0230287],[6.9378054,50.0232171],[6.93748,50.0235507],[6.9371179,50.0238936],[6.9366941,50.0242567],[6.9362864,50.0245639],[6.9358137,50.0248832],[6.9352596,50.0252094],[6.9347493,50.0254788],[6.9341659,50.0257536],[6.9336283,50.0259804],[6.9330514,50.0261938],[6.9324535,50.0263888],[6.9318044,50.0265752],[6.9311125,50.0267411],[6.9304149,50.0268838],[6.9298252,50.026977],[6.9292208,50.027056],[6.9285737,50.0271193],[6.9232074,50.0275954],[6.9224384,50.0276642],[6.9218266,50.02774],[6.9213303,50.0278185],[6.9207779,50.027931],[6.9203392,50.0280349],[6.9198203,50.0281825],[6.9192064,50.0283802],[6.9188734,50.02851],[6.9183773,50.028715],[6.9180533,50.0288706],[6.9176987,50.029051],[6.9173527,50.0292526],[6.9169487,50.0295021],[6.9167813,50.0296192],[6.9166138,50.0297363],[6.9163588,50.0299365],[6.916064,50.0301905],[6.9157782,50.0304673],[6.9154907,50.0307764],[6.9152927,50.0310152],[6.9152283,50.031099],[6.9151228,50.0312362],[6.9149547,50.0314962],[6.9148019,50.0317475],[6.9146612,50.0320257],[6.9145551,50.0322764],[6.9144689,50.0325163],[6.9143888,50.0327649],[6.9143379,50.032957],[6.9142869,50.0332671],[6.9142557,50.0335996],[6.9142511,50.0339057],[6.9142655,50.0342095],[6.9143051,50.0344897],[6.9143551,50.0347394],[6.9144073,50.0349484],[6.9144398,50.0350778],[6.914564,50.035423],[6.9148855,50.0362514],[6.9150364,50.0366494],[6.9158697,50.0388489],[6.9160786,50.0394004],[6.9162015,50.0397226],[6.9163079,50.0400402],[6.9163951,50.0403582],[6.9164645,50.0407223],[6.9164991,50.041049],[6.9165155,50.0413391],[6.9165125,50.04167],[6.9164872,50.0419969],[6.9164352,50.0423147],[6.9163705,50.0426027],[6.9163003,50.0428494],[6.9162545,50.0430018],[6.9161623,50.0432466],[6.9160529,50.043505],[6.9159914,50.0436262],[6.9158292,50.0439186],[6.9156446,50.0442298],[6.9155704,50.0443441],[6.9152904,50.0447206],[6.9150303,50.0450266],[6.9149053,50.0451618],[6.9147697,50.0453085],[6.9145466,50.0455215],[6.9142084,50.0458245],[6.9138785,50.0460919],[6.913581,50.0463097],[6.9129767,50.0467048],[6.9125987,50.0469246],[6.9114034,50.0475424],[6.9110403,50.0477301],[6.9106736,50.0479162],[6.9089102,50.0488197],[6.9085237,50.0490271],[6.9081478,50.0492364],[6.9077784,50.0494612],[6.907427,50.049691],[6.9070842,50.0499283],[6.9067637,50.0501692],[6.9064536,50.0504231],[6.9061479,50.0506864],[6.9058711,50.0509482],[6.9056034,50.0512211],[6.9053499,50.051505],[6.9051153,50.0517856],[6.9048975,50.052076],[6.904695,50.0523727],[6.904451,50.0527627],[6.9042582,50.0531243],[6.9041126,50.0534308],[6.9038521,50.0540553],[6.9037705,50.0542583],[6.9036256,50.0546161],[6.9018883,50.0589178],[6.9015782,50.0596756],[6.9014416,50.0599762],[6.9012625,50.0603106],[6.9010724,50.0606225],[6.900893,50.0608776],[6.9006433,50.0612044],[6.900431,50.0614494],[6.9001756,50.0617209],[6.8999227,50.0619641],[6.8996625,50.0621934],[6.8994006,50.0624076],[6.8991149,50.0626208],[6.8987801,50.0628537],[6.8984184,50.0630825],[6.8980449,50.0632982],[6.8976419,50.0635137],[6.8972244,50.0637139],[6.8968222,50.0638925],[6.8963937,50.0640618],[6.8959406,50.0642258],[6.8955122,50.0643662],[6.8903871,50.0659042],[6.8856262,50.0673434],[6.8851743,50.0674831],[6.8847224,50.0676228],[6.8842106,50.06779],[6.8834196,50.0680712],[6.8831985,50.0681501],[6.8825283,50.068422],[6.8821059,50.0686013],[6.8817137,50.0687753],[6.8811786,50.0690272],[6.8807419,50.0692493],[6.8802535,50.0695101],[6.8797527,50.0697986],[6.8792296,50.0701167],[6.8787209,50.0704441],[6.8783831,50.0706772],[6.8780534,50.0709164],[6.8776238,50.0712496],[6.8772268,50.0715777],[6.8769307,50.0718335],[6.8766842,50.0720549],[6.8764045,50.0723206],[6.8761386,50.0725869],[6.8758087,50.0729409],[6.8755084,50.073283],[6.8752139,50.0736436],[6.8749525,50.0739967],[6.8746947,50.0743609],[6.8744529,50.0747323],[6.8742223,50.0751225],[6.8740266,50.075484],[6.8738315,50.0758851],[6.8736726,50.0762477],[6.8735229,50.0766326],[6.8734148,50.0769511],[6.8732966,50.0773414],[6.8731759,50.0778137],[6.8703961,50.0903749],[6.8698638,50.0927272],[6.8697915,50.0930343],[6.8697087,50.0933458],[6.8696114,50.0936757],[6.8695013,50.0940024],[6.8693681,50.0943465],[6.8692398,50.0946532],[6.8690979,50.0949607],[6.8689637,50.0952275],[6.8687881,50.0955531],[6.8686123,50.0958508],[6.8684354,50.096134],[6.8682362,50.0964287],[6.8680335,50.0967173],[6.8678183,50.0970028],[6.8675881,50.0972897],[6.8673695,50.0975508],[6.8671247,50.0978283],[6.866893,50.0980765],[6.8667238,50.0982557],[6.866539,50.0984455],[6.8663542,50.0986353],[6.8658447,50.0991669],[6.8653734,50.0996582],[6.8651424,50.099893],[6.8641943,50.1008745],[6.8638559,50.1012248],[6.8632922,50.1018083],[6.8622943,50.1028374],[6.8621262,50.1030116],[6.8613644,50.103801],[6.8605525,50.1046432],[6.8590679,50.1061763],[6.8575565,50.1077334],[6.8569184,50.1083946],[6.8561278,50.1092137],[6.8547569,50.1106297],[6.8544925,50.1109062],[6.8541873,50.1112305],[6.8539338,50.1115209],[6.8536514,50.111874],[6.8534472,50.1121568],[6.8531874,50.1125677],[6.8530737,50.1127653],[6.8528965,50.1131158],[6.8527449,50.1134482],[6.8526164,50.1137824],[6.8524855,50.1141982],[6.8523921,50.114594],[6.8523293,50.1149768],[6.852293,50.1153215],[6.8522788,50.1156595],[6.8522813,50.1159733],[6.8523037,50.1163085],[6.8523589,50.1167099],[6.8524283,50.1170609],[6.8525078,50.1173793],[6.8526057,50.1176915],[6.8527701,50.1181119],[6.8528889,50.1183851],[6.8597577,50.1331595],[6.8599624,50.133582],[6.8601218,50.1338897],[6.8602787,50.1341686],[6.8604494,50.134453],[6.8606327,50.1347207],[6.8607844,50.1349313],[6.8609947,50.1351981],[6.8612554,50.1355014],[6.8615095,50.1357699],[6.8617266,50.135987],[6.8619882,50.1362314],[6.8622092,50.1364238],[6.8624652,50.1366337],[6.8627078,50.1368215],[6.8629608,50.1370075],[6.8632272,50.1371943],[6.8634913,50.1373674],[6.8637454,50.1375251],[6.8640359,50.1376972],[6.8644512,50.137933],[6.8653043,50.1383951],[6.8655357,50.1385189],[6.867238,50.1394297],[6.8675483,50.1395964],[6.8686212,50.1401717],[6.869522,50.1406577],[6.870082,50.1409715],[6.8705876,50.1412739],[6.8710243,50.1415519],[6.8715276,50.1418933],[6.8720179,50.14225],[6.8723706,50.1425223],[6.872563,50.1426783],[6.8726304,50.1427328],[6.8727966,50.1428722],[6.8730245,50.1430679],[6.8732954,50.1433106],[6.8736129,50.1436131],[6.8739913,50.143979],[6.8780547,50.1479683],[6.8782929,50.1482056],[6.8786573,50.1485579],[6.8790454,50.1489402],[6.8798094,50.1496918],[6.8801576,50.150052],[6.8805398,50.1504743],[6.8808008,50.150797],[6.8810263,50.1511055],[6.8812356,50.1514192],[6.8814229,50.1517337],[6.881595,50.1520564],[6.8817382,50.1523684],[6.8818713,50.1526909],[6.8819727,50.1529889],[6.8820797,50.1533688],[6.8821479,50.1536688],[6.8821903,50.1539101],[6.8822286,50.1541781],[6.8822482,50.1544524],[6.8822586,50.1547346],[6.8822577,50.1551146],[6.8822419,50.1555117],[6.8819555,50.1598422],[6.8819429,50.16012],[6.881949,50.1603811],[6.8819761,50.1606539],[6.8820269,50.1609726],[6.8821055,50.1612839],[6.8822094,50.161599],[6.8823389,50.1619121],[6.8824918,50.1622165],[6.8826721,50.1625172],[6.8828769,50.1628145],[6.8831024,50.1630998],[6.8833509,50.1633796],[6.8836215,50.1636513],[6.8839123,50.1639124],[6.8841955,50.1641402],[6.8844845,50.1643523],[6.8847371,50.1645234],[6.8864308,50.1655841],[6.8866807,50.1657406],[6.8882304,50.1667088],[6.8887633,50.1670417],[6.8902731,50.1679847],[6.8906774,50.1682376],[6.8911661,50.1685532],[6.8915445,50.1688275],[6.8918683,50.1690762],[6.8921788,50.1693339],[6.8924738,50.1695978],[6.8927528,50.1698671],[6.893007,50.1701329],[6.8932525,50.1704087],[6.8934803,50.1706902],[6.8936938,50.1709728],[6.893899,50.1712738],[6.8940885,50.1715804],[6.894262,50.1718862],[6.8944248,50.1721919],[6.8945807,50.1725031],[6.8947815,50.1729213],[6.895023,50.1734426],[6.8952911,50.1740477],[6.8955008,50.1745438],[6.8957125,50.1750755],[6.8958792,50.1754989],[6.8959468,50.1756861],[6.896111,50.1761404],[6.8963353,50.176796],[6.8963307,50.1768797],[6.8966551,50.1779297],[6.8967313,50.1781217],[6.8967891,50.1783195],[6.8968347,50.1784866],[6.8970654,50.1794199],[6.8971798,50.1799482],[6.8972918,50.1805166],[6.8974263,50.1813542],[6.8974891,50.181846],[6.8975244,50.1821565],[6.8975584,50.1824794],[6.8975994,50.1829602],[6.8976238,50.1832748],[6.8976546,50.1838888],[6.8976691,50.1845575],[6.8976657,50.185195],[6.8976526,50.1856267],[6.8976461,50.1857967],[6.8976352,50.1860763],[6.8975811,50.1867943],[6.8975144,50.1874384],[6.8974544,50.187913],[6.8973875,50.188374],[6.8972918,50.1889406],[6.8971815,50.1895061],[6.8970201,50.190226],[6.896863,50.190846],[6.8967896,50.1911058],[6.8967648,50.1911902],[6.8965576,50.1918927],[6.89641,50.192348],[6.8962502,50.1928067],[6.8960662,50.1933027],[6.8959562,50.1935888],[6.8958436,50.1938741],[6.8956246,50.1943905],[6.8953904,50.1949191],[6.8950648,50.1956057],[6.8948307,50.196067],[6.8945855,50.196522],[6.8943306,50.1969678],[6.8942405,50.1971135],[6.8938617,50.1977112],[6.8935576,50.1981554],[6.8932381,50.1985948],[6.8929097,50.1990244],[6.8925634,50.1994504],[6.8920747,50.2000148],[6.8916943,50.2004293],[6.8912998,50.2008375],[6.8910307,50.2011072],[6.8903234,50.2017701],[6.8900238,50.2020377],[6.8895765,50.202419],[6.889125,50.2027869],[6.8886444,50.2031608],[6.8883193,50.2034068],[6.8879885,50.2036474],[6.8876512,50.2038864],[6.8874845,50.2040015],[6.8871347,50.2042381],[6.8867805,50.204471],[6.8865968,50.2045876],[6.8862523,50.2048061],[6.885887,50.2050281],[6.8855196,50.2052461],[6.8851528,50.2054564],[6.8847749,50.2056683],[6.8841865,50.2059824],[6.8838023,50.2061813],[6.8832087,50.2064782],[6.8826075,50.2067678],[6.8823186,50.2069027],[6.8815973,50.2072323],[6.8811592,50.2074273],[6.8810535,50.2074744],[6.880745,50.2076072],[6.8807126,50.2076219],[6.8801834,50.2078493],[6.8800863,50.2078899],[6.8789964,50.2083458],[6.8788893,50.2083906],[6.8784442,50.2085719],[6.8771439,50.2091014],[6.8768536,50.2092196],[6.8760487,50.209547],[6.8755788,50.2097376],[6.8753003,50.2098519],[6.8750348,50.2099609],[6.8744025,50.2102231],[6.8737805,50.2104896],[6.8733848,50.2106624],[6.8729484,50.2108569],[6.8725373,50.2110444],[6.8721343,50.2112328],[6.8717261,50.2114277],[6.8713253,50.2116259],[6.8709404,50.2118207],[6.8707489,50.2119211],[6.8706816,50.211957],[6.8705124,50.2120483],[6.8703444,50.2121405],[6.8701775,50.2122336],[6.8700312,50.2123164],[6.8698859,50.2123999],[6.8697415,50.212484],[6.869694,50.2125118],[6.8692969,50.2127489],[6.8689062,50.2129902],[6.8684798,50.2132631],[6.8680614,50.2135411],[6.8676896,50.2137985],[6.8675246,50.2139174],[6.8673575,50.2140403],[6.8670351,50.2142825],[6.8667174,50.2145333],[6.8664102,50.2147863],[6.8662527,50.2149206],[6.8659609,50.2151742],[6.8657167,50.2153974],[6.8656659,50.2154438],[6.8653876,50.2157093],[6.8651828,50.215912],[6.865102,50.215992],[6.8633846,50.2178196],[6.8631835,50.2180404],[6.86293,50.2183249],[6.8623086,50.2190195],[6.8619321,50.2194377],[6.8616275,50.2197691],[6.8615497,50.2198537],[6.8611601,50.220264],[6.8606269,50.2208101],[6.8600771,50.22135],[6.8595119,50.2218851],[6.8589155,50.2224285],[6.8584688,50.2228217],[6.8581684,50.2230794],[6.857689,50.2234825],[6.8575549,50.2235932],[6.8568309,50.2241817],[6.8559543,50.2248498],[6.8551244,50.2254562],[6.8543984,50.2259687],[6.8530876,50.2268684],[6.8487863,50.2298206],[6.8483098,50.2301494],[6.8466862,50.2312611],[6.8458306,50.2318513],[6.8449718,50.232449],[6.8439609,50.233165],[6.843568,50.2334495],[6.8431647,50.2337414],[6.8421752,50.2344805],[6.8414074,50.2350742],[6.8404603,50.2358301],[6.8396905,50.2364699],[6.8393901,50.2367246],[6.8391548,50.2369267],[6.8386406,50.2373757],[6.8382034,50.2377654],[6.8379104,50.238032],[6.8376207,50.2382981],[6.8371967,50.2386962],[6.8366429,50.2392288],[6.8358218,50.2400475],[6.8352915,50.2405964],[6.8352483,50.2406421],[6.8348996,50.2410113],[6.8346384,50.2412928],[6.8340156,50.2419857],[6.833648,50.2424101],[6.833359,50.2427396],[6.8325054,50.2437873],[6.8323481,50.2439823],[6.832122,50.2442702],[6.8318903,50.2445711],[6.8313548,50.2452845],[6.8310338,50.2457251],[6.8308248,50.2460191],[6.8306181,50.2463121],[6.8304122,50.2466114],[6.8303263,50.2467472],[6.8300567,50.2471475],[6.8298241,50.2474991],[6.8295403,50.2479461],[6.8290933,50.2486764],[6.8289857,50.2488565],[6.828811,50.2491549],[6.8283811,50.2499157],[6.8281748,50.2502949],[6.8280635,50.2505044],[6.8279767,50.2506684],[6.8277374,50.2511364],[6.8275783,50.2514503],[6.8273671,50.2518897],[6.8268903,50.2529252],[6.8267879,50.2531568],[6.8266605,50.2534567],[6.826466,50.2539253],[6.8262792,50.2543935],[6.8261572,50.2547101],[6.8260401,50.2550267],[6.8258167,50.255652],[6.8257103,50.2559662],[6.8255545,50.2564423],[6.8254059,50.2569231],[6.8253473,50.2571288],[6.8253041,50.2572841],[6.8250442,50.2582182],[6.8250082,50.258349],[6.8248097,50.259146],[6.8246017,50.2601069],[6.8245727,50.2602706],[6.8245456,50.2604238],[6.824517,50.2605851],[6.8244931,50.2607468],[6.8244703,50.2609069],[6.8244506,50.2610695],[6.8244302,50.2612316],[6.8244179,50.2613912],[6.824405,50.2615527],[6.8243939,50.2617174],[6.8243834,50.2618735],[6.8243764,50.2620376],[6.8243729,50.2622008],[6.8243707,50.2623633],[6.8243729,50.2626826],[6.824384,50.2630061],[6.8243936,50.2631692],[6.8244064,50.2633272],[6.8244202,50.2634952],[6.8244355,50.2636534],[6.8244542,50.2638135],[6.8244758,50.2639763],[6.8244986,50.2641389],[6.824524,50.2642973],[6.8245529,50.2644594],[6.8245808,50.2645961],[6.824607,50.2647268],[6.8246877,50.265092],[6.8247233,50.2652534],[6.8247625,50.2654139],[6.8248051,50.2655747],[6.8248508,50.2657374],[6.8248979,50.2658895],[6.8249506,50.2660518],[6.824984,50.2661546],[6.8250009,50.2662064],[6.8250915,50.2664497],[6.8252699,50.2668908],[6.8255047,50.2674259],[6.8256818,50.2677892],[6.8258417,50.2680652]]}},{"type":"Feature","properties":{"route":"A 1","section":"southern","direction":"south","length_km":139.004},"geometry":{"type":"LineString","coordinates":[[6.8253662,50.2675467],[6.8252503,50.2672768],[6.8251196,50.2669635],[6.8249955,50.2666476],[6.8249097,50.2664109],[6.824828,50.2661779],[6.8247732,50.2660042],[6.8247243,50.2658422],[6.8246751,50.2656819],[6.8246311,50.2655226],[6.8245851,50.2653591],[6.8245429,50.2652039],[6.8245218,50.265107],[6.8244407,50.2647418],[6.8244047,50.2645498],[6.8243771,50.2643844],[6.8243545,50.2642283],[6.8243296,50.2640592],[6.8243065,50.2639004],[6.824285,50.2637347],[6.8242687,50.2635685],[6.8242533,50.2634083],[6.8242407,50.263242],[6.8242282,50.2630724],[6.8242157,50.2627552],[6.8242105,50.2624277],[6.8242127,50.2622642],[6.8242175,50.2620945],[6.824221,50.2619294],[6.824234,50.261711],[6.8242402,50.2616072],[6.8242529,50.2614435],[6.8242658,50.2612803],[6.824286,50.2611152],[6.8243043,50.2609528],[6.8243265,50.2607849],[6.8243511,50.2606216],[6.8243773,50.2604609],[6.824407,50.2602959],[6.8244363,50.2601385],[6.8246457,50.2591657],[6.824842,50.2583523],[6.8248818,50.2581998],[6.82514,50.2572638],[6.8251824,50.2571102],[6.8252423,50.2569043],[6.8253967,50.256423],[6.8255561,50.2559392],[6.8256658,50.2556198],[6.8258918,50.2549854],[6.8260127,50.2546638],[6.8261621,50.2542726],[6.8262621,50.254025],[6.8263252,50.2538689],[6.8265237,50.2533943],[6.8266565,50.25308],[6.8267373,50.2528969],[6.8268834,50.252572],[6.8269595,50.2524028],[6.8270079,50.2523006],[6.8272891,50.2517061],[6.8275559,50.2511626],[6.8277824,50.2507233],[6.8279996,50.2503128],[6.8284674,50.2494634],[6.8285562,50.2493042],[6.8286758,50.2491],[6.8289449,50.2486391],[6.8294017,50.2478929],[6.829689,50.2474442],[6.8299064,50.2471065],[6.8301733,50.2467056],[6.8302748,50.2465518],[6.8304779,50.2462572],[6.830686,50.2459603],[6.8308937,50.2456663],[6.8312152,50.2452256],[6.8317399,50.2445237],[6.8318752,50.2443495],[6.832214,50.2439176],[6.8323551,50.2437363],[6.8332191,50.2426922],[6.8335137,50.2423512],[6.8338822,50.2419326],[6.8345162,50.2412305],[6.8347735,50.2409538],[6.8351146,50.2405909],[6.8351655,50.2405367],[6.8356911,50.2399934],[6.8365119,50.2391751],[6.8370735,50.2386348],[6.8373575,50.2383686],[6.8377851,50.2379725],[6.8380793,50.2377047],[6.8385148,50.2373147],[6.8390304,50.2368661],[6.8392634,50.2366634],[6.8395672,50.2364062],[6.8403409,50.2357644],[6.8412871,50.2350085],[6.8420964,50.2343851],[6.8430813,50.2336514],[6.8434515,50.2333837],[6.8439199,50.2330448],[6.8449424,50.2323222],[6.8456254,50.2318472],[6.8464793,50.2312572],[6.8481957,50.2300815],[6.8486793,50.2297567],[6.852976,50.2268031],[6.8542867,50.2259021],[6.8549025,50.2254689],[6.8554327,50.2250858],[6.8559004,50.2247374],[6.8567189,50.2241116],[6.8573632,50.2235912],[6.8575681,50.2234221],[6.8579778,50.2230788],[6.8584312,50.2226887],[6.858725,50.222429],[6.8593092,50.221899],[6.8600165,50.2212308],[6.8604332,50.2208224],[6.8609703,50.2202753],[6.8613718,50.2198528],[6.8614947,50.2197182],[6.8617484,50.2194404],[6.8621241,50.2190221],[6.862754,50.2183172],[6.8630011,50.218034],[6.8632468,50.2177666],[6.8649554,50.2159357],[6.8650433,50.2158506],[6.8651971,50.2157015],[6.8654807,50.2154366],[6.8657584,50.2151836],[6.8660507,50.2149274],[6.8663511,50.2146726],[6.8666663,50.214416],[6.8669821,50.214168],[6.8673093,50.2139211],[6.867475,50.2137994],[6.8676466,50.2136758],[6.867946,50.2134659],[6.8683459,50.2131987],[6.8687537,50.2129364],[6.869162,50.2126838],[6.8695777,50.2124362],[6.8696253,50.2124084],[6.8697951,50.2123091],[6.8699671,50.2122114],[6.8701411,50.2121151],[6.8703186,50.2120196],[6.8704981,50.2119257],[6.8708868,50.2117216],[6.8712817,50.2115225],[6.8716825,50.2113243],[6.8720884,50.2111309],[6.8724957,50.2109423],[6.8729075,50.2107541],[6.8732992,50.2105805],[6.8737413,50.2103877],[6.8743656,50.2101203],[6.8747894,50.2099416],[6.8752131,50.2097653],[6.875424,50.2096776],[6.8758937,50.2094868],[6.8768808,50.2090878],[6.8779463,50.2086569],[6.8791935,50.2081475],[6.8794501,50.208039],[6.8800653,50.2077791],[6.8806582,50.2075254],[6.8809644,50.2073905],[6.8810693,50.2073443],[6.8817009,50.2070651],[6.8819181,50.2069657],[6.8821352,50.2068663],[6.8825363,50.2066787],[6.8826584,50.2066207],[6.8828794,50.2065157],[6.8832905,50.2063132],[6.8841184,50.2058903],[6.8843072,50.2057912],[6.8844983,50.205686],[6.8846887,50.205583],[6.884959,50.2054334],[6.8852229,50.2052839],[6.8854346,50.2051607],[6.8858037,50.2049424],[6.886168,50.2047207],[6.8864894,50.2045167],[6.8866991,50.2043835],[6.8870458,50.204156],[6.8873931,50.20392],[6.887559,50.2038041],[6.8878974,50.2035634],[6.8882279,50.2033229],[6.8885527,50.2030786],[6.889015,50.2027173],[6.8894528,50.2023595],[6.8898958,50.2019812],[6.8902035,50.2017116],[6.8906593,50.2012853],[6.8909013,50.201052],[6.890937,50.2010177],[6.8911636,50.2007913],[6.8915593,50.2003832],[6.891933,50.1999787],[6.8924231,50.1994094],[6.8927652,50.1989884],[6.8930996,50.1985517],[6.8934121,50.198122],[6.8937176,50.1976747],[6.8940993,50.1970767],[6.8942185,50.1968768],[6.894341,50.1966661],[6.8944381,50.1964923],[6.8946891,50.1960289],[6.894918,50.1955714],[6.8951812,50.1950183],[6.895239,50.1948953],[6.8954738,50.1943685],[6.8956924,50.193853],[6.8959163,50.1932842],[6.8961005,50.1927844],[6.8962557,50.1923344],[6.8964037,50.1918783],[6.8965821,50.191302],[6.8967088,50.1908389],[6.8968351,50.1903543],[6.8968656,50.1902139],[6.8970266,50.1895021],[6.897137,50.1889275],[6.8972347,50.1883637],[6.8973011,50.1879012],[6.8973627,50.1874233],[6.8974259,50.1867876],[6.8974787,50.1860817],[6.8974906,50.1858434],[6.897499,50.1856734],[6.8975121,50.1851889],[6.8975165,50.1845597],[6.8975026,50.1838907],[6.8974467,50.1829584],[6.8974055,50.1824962],[6.897371,50.1821689],[6.8973329,50.1818548],[6.897266,50.1813665],[6.8972322,50.181136],[6.8971908,50.1809035],[6.8970797,50.1802783],[6.8970136,50.1799531],[6.8968951,50.1794351],[6.8967876,50.1789783],[6.8965728,50.1781831],[6.8964322,50.1776892],[6.8962775,50.1771994],[6.8960786,50.1766348],[6.8959606,50.1762998],[6.895677,50.1755051],[6.8955074,50.1750176],[6.8954444,50.1748303],[6.8953764,50.1746492],[6.895315,50.174473],[6.8951984,50.174175],[6.8951141,50.1740596],[6.8948506,50.1734562],[6.8946154,50.1729454],[6.8944111,50.1725239],[6.8942557,50.1722242],[6.8940887,50.171914],[6.893921,50.171611],[6.8937315,50.1713028],[6.8935256,50.1710055],[6.8933161,50.1707273],[6.8930915,50.1704549],[6.892848,50.1701749],[6.8925962,50.1699135],[6.8923167,50.1696457],[6.8920345,50.1693922],[6.8917125,50.169123],[6.8913878,50.1688773],[6.8910268,50.1686196],[6.8905581,50.1683148],[6.8885362,50.167054],[6.8884256,50.1669845],[6.8877086,50.1665391],[6.886822,50.1659862],[6.8866064,50.1658505],[6.886198,50.1655934],[6.8851032,50.1649074],[6.884869,50.1647607],[6.8846096,50.1645962],[6.8843152,50.1643952],[6.8840644,50.1642099],[6.8837794,50.1639793],[6.8834853,50.1637177],[6.8832266,50.1634561],[6.8829628,50.1631648],[6.8827271,50.162868],[6.8825138,50.1625599],[6.8823253,50.1622416],[6.8821806,50.1619537],[6.8820437,50.1616292],[6.8819369,50.1613115],[6.8818577,50.1609783],[6.8818047,50.1606797],[6.8817806,50.1603916],[6.8817736,50.1601253],[6.8817835,50.1598338],[6.881933,50.1575486],[6.8819501,50.157299],[6.8820447,50.1559171],[6.8820532,50.1557849],[6.8820669,50.1555328],[6.882088,50.155107],[6.8820909,50.1547413],[6.8820825,50.1544502],[6.8820395,50.1539996],[6.8819718,50.1536863],[6.8819041,50.153373],[6.881801,50.1529987],[6.8816517,50.1526132],[6.8815639,50.1523843],[6.8815068,50.1522357],[6.8814314,50.1520792],[6.8812546,50.1517509],[6.881074,50.1514422],[6.8808638,50.1511336],[6.8806489,50.1508438],[6.8803898,50.1505245],[6.8800209,50.1501243],[6.8796558,50.1497477],[6.8784969,50.1486068],[6.8782416,50.1483555],[6.8779993,50.1481134],[6.8778476,50.1479643],[6.8738377,50.1440244],[6.8734703,50.1436683],[6.8730707,50.1433022],[6.8728832,50.1431279],[6.8726629,50.1429375],[6.872496,50.142797],[6.8722881,50.1426285],[6.8722339,50.1425846],[6.8718754,50.1423073],[6.8713811,50.14195],[6.870892,50.1416145],[6.8704468,50.1413312],[6.869964,50.1410448],[6.8693973,50.1407275],[6.8685092,50.1402496],[6.8674444,50.1396823],[6.8671294,50.1395088],[6.8652017,50.1384803],[6.8643362,50.1380159],[6.8639051,50.1377743],[6.8636,50.1375911],[6.8633554,50.13744],[6.8631,50.1372653],[6.8628317,50.1370808],[6.8625718,50.1368867],[6.862316,50.1366908],[6.8620643,50.1364789],[6.8618445,50.1362903],[6.8615788,50.1360497],[6.8613594,50.1358246],[6.8611037,50.1355507],[6.8608396,50.1352439],[6.8606319,50.1349731],[6.8604785,50.1347647],[6.8602874,50.1344853],[6.8601077,50.1341915],[6.8599582,50.1339264],[6.8597865,50.1336126],[6.8595941,50.1331996],[6.8527184,50.1184151],[6.8526013,50.1181369],[6.8524393,50.1177201],[6.8523351,50.1174026],[6.8522548,50.1170794],[6.8521835,50.1167267],[6.8521266,50.116317],[6.8521063,50.1159829],[6.852102,50.1156677],[6.8521173,50.1153139],[6.8521532,50.1149602],[6.8522214,50.114574],[6.8523125,50.1141639],[6.8523624,50.1139944],[6.8524181,50.1138254],[6.8524714,50.113679],[6.8525781,50.113428],[6.8527205,50.1130892],[6.8529203,50.1127057],[6.8530534,50.1124714],[6.8532775,50.1121253],[6.8534879,50.1118374],[6.8537808,50.1114699],[6.8540202,50.1111962],[6.8543387,50.1108542],[6.8546252,50.1105681],[6.8559622,50.1091725],[6.8574325,50.1076455],[6.8583516,50.1066947],[6.858846,50.1061832],[6.8589161,50.1061106],[6.8603961,50.104581],[6.8612073,50.1037408],[6.8617997,50.1031419],[6.8619257,50.1030116],[6.8620103,50.1029242],[6.8623114,50.1026032],[6.8625786,50.1023303],[6.8631478,50.1017489],[6.8637637,50.1011028],[6.8638663,50.1009986],[6.8647454,50.1000854],[6.8650025,50.0998189],[6.8656685,50.0991287],[6.8662053,50.0985766],[6.8664065,50.0983662],[6.8665384,50.0982309],[6.8667104,50.0980524],[6.8667608,50.0979982],[6.8669508,50.0977938],[6.8672008,50.0975171],[6.8674244,50.0972556],[6.8676552,50.0969663],[6.8678657,50.0966908],[6.868081,50.0963879],[6.8682655,50.096116],[6.8684436,50.0958256],[6.8686159,50.0955322],[6.8687928,50.0952116],[6.8689324,50.0949374],[6.8690777,50.0946146],[6.869206,50.0943136],[6.8693296,50.0939838],[6.8694381,50.0936654],[6.8695333,50.093336],[6.869619,50.093027],[6.8696968,50.0927052],[6.8702206,50.0903538],[6.8718283,50.083082],[6.873013,50.0777924],[6.8731355,50.0773216],[6.8732519,50.0769383],[6.8733628,50.0766133],[6.8735136,50.0762178],[6.8736699,50.0758603],[6.8738714,50.075447],[6.8740626,50.075092],[6.8742955,50.0746937],[6.8745323,50.0743189],[6.8747864,50.0739545],[6.8750504,50.0736022],[6.875351,50.073234],[6.8756493,50.072899],[6.8759819,50.0725438],[6.8762517,50.0722737],[6.8765332,50.072005],[6.876853,50.0717213],[6.8771096,50.0714938],[6.8777462,50.0709842],[6.8780107,50.0707846],[6.8782424,50.0706159],[6.8785818,50.0703818],[6.8791034,50.0700423],[6.8796294,50.0697233],[6.8801384,50.0694311],[6.8806224,50.0691706],[6.8810616,50.0689472],[6.8815967,50.0686954],[6.8820051,50.0685126],[6.8824287,50.0683324],[6.8828462,50.0681625],[6.8832764,50.0679978],[6.8837494,50.0678251],[6.8843348,50.0676267],[6.8850567,50.0673988],[6.8857231,50.0671965],[6.8861528,50.0670661],[6.8903078,50.0658117],[6.895439,50.064269],[6.8958661,50.0641326],[6.8963128,50.0639721],[6.8967491,50.0637954],[6.8971487,50.0636194],[6.8975551,50.063424],[6.8979382,50.0632207],[6.8983182,50.0630008],[6.8986655,50.062778],[6.8989808,50.0625603],[6.8992546,50.0623542],[6.8995236,50.0621354],[6.8997875,50.0619043],[6.9000331,50.0616689],[6.9002729,50.0614173],[6.9004838,50.0611757],[6.9007295,50.0608607],[6.9009181,50.0605879],[6.9011043,50.0602842],[6.9012735,50.0599693],[6.9014177,50.0596523],[6.901841,50.0586168],[6.9034648,50.0545892],[6.9036097,50.0542315],[6.9036936,50.0540272],[6.9039536,50.0534024],[6.9040971,50.0530865],[6.9042944,50.052716],[6.9045338,50.0523274],[6.9047322,50.0520333],[6.9049558,50.0517424],[6.9051865,50.0514573],[6.9054508,50.0511643],[6.9057069,50.0509026],[6.906008,50.0506196],[6.9063082,50.0503566],[6.9066358,50.050094],[6.9069541,50.0498577],[6.9073059,50.0496147],[6.9076718,50.0493773],[6.9080129,50.0491721],[6.9084084,50.0489495],[6.9088309,50.0487222],[6.9106007,50.0478177],[6.9121043,50.0470442],[6.9124896,50.0468375],[6.9129788,50.0465469],[6.9134121,50.0462612],[6.9137321,50.0460249],[6.913906,50.0458888],[6.9140566,50.0457659],[6.9143315,50.0455225],[6.9146169,50.0452485],[6.9148605,50.0449881],[6.9148755,50.0449721],[6.9151205,50.0446842],[6.9153853,50.0443339],[6.9155872,50.044009],[6.9158523,50.04353],[6.9159113,50.0434083],[6.9160569,50.0430351],[6.9161266,50.0428327],[6.9161954,50.0425843],[6.9162517,50.0423458],[6.9163107,50.0420011],[6.9163382,50.0416724],[6.9163433,50.0413442],[6.9163295,50.0410535],[6.916291,50.0407266],[6.9162272,50.0403837],[6.9161464,50.0400783],[6.9160359,50.0397569],[6.9159132,50.0394345],[6.915698,50.0388702],[6.9148607,50.0366809],[6.9147142,50.0362776],[6.9143985,50.0354501],[6.9142745,50.0351054],[6.9141914,50.0348056],[6.9141332,50.03451],[6.9140955,50.0342164],[6.9140745,50.0339169],[6.9140806,50.033603],[6.914114,50.0332752],[6.9141662,50.0329449],[6.9142197,50.0327616],[6.914293,50.0324941],[6.9143819,50.0322534],[6.9144363,50.0321307],[6.9144974,50.031993],[6.9146436,50.0317044],[6.9147877,50.0314608],[6.9149701,50.0311911],[6.9151425,50.0309566],[6.9153367,50.0307181],[6.9156334,50.0304001],[6.9159327,50.0301189],[6.9162279,50.0298741],[6.9165051,50.0296575],[6.9168317,50.0294217],[6.9172293,50.0291733],[6.9175941,50.0289665],[6.9179682,50.0287728],[6.9182751,50.0286328],[6.9187786,50.028418],[6.9191192,50.028288],[6.9197407,50.028085],[6.9202707,50.0279375],[6.9207242,50.027825],[6.9212859,50.027712],[6.921801,50.0276303],[6.9224162,50.0275551],[6.9231867,50.027485],[6.9285587,50.0270065],[6.9291893,50.0269453],[6.9298093,50.0268646],[6.9303658,50.0267731],[6.9310601,50.0266354],[6.931757,50.026464],[6.9323811,50.0262888],[6.9329652,50.0260966],[6.9335291,50.0258873],[6.9340776,50.0256586],[6.934661,50.0253859],[6.935146,50.0251233],[6.9356962,50.0247967],[6.9361603,50.0244795],[6.9365521,50.0241869],[6.9369569,50.0238454],[6.9373459,50.0234886],[6.9376491,50.0231593],[6.9379789,50.0227735],[6.9381958,50.0224776],[6.9382587,50.0223917],[6.938541,50.0219469],[6.9388023,50.0214465],[6.9389809,50.0210223],[6.9391113,50.0206366],[6.9391985,50.0202743],[6.9392824,50.0198214],[6.9393176,50.0194058],[6.9393226,50.0189115],[6.9392829,50.0184563],[6.9391859,50.0179446],[6.939041,50.0174345],[6.9388879,50.017018],[6.9386939,50.0166077],[6.9384523,50.01618],[6.9381639,50.0157506],[6.9365404,50.0134918],[6.9341692,50.0101878],[6.9340218,50.0099775],[6.9335371,50.0092956],[6.9332412,50.0088454],[6.9328263,50.0081975],[6.9324442,50.0075695],[6.9319841,50.0067582],[6.9314886,50.0057963],[6.9311044,50.0049912],[6.9305729,50.0037493],[6.9305374,50.0036564],[6.9285323,49.9987843],[6.9284886,49.9986742],[6.9283539,49.9983416],[6.9282349,49.9980518],[6.9275002,49.9962662],[6.9260886,49.9928296],[6.9260085,49.9926654],[6.9258769,49.9923826],[6.9257203,49.9920578],[6.9255415,49.9917359],[6.9251742,49.9911309],[6.9249997,49.9908737],[6.9246653,49.9904193],[6.924372,49.990046],[6.9240099,49.9896183],[6.9237519,49.989339],[6.9234789,49.9890612],[6.9232509,49.9888337],[6.9228297,49.9884474],[6.9221201,49.9878284],[6.9220219,49.9877458],[6.9209213,49.9868286],[6.9200029,49.9860631],[6.9177946,49.9842174],[6.9169798,49.9835378],[6.91678,49.983371],[6.9155857,49.9823734],[6.9131678,49.9803603],[6.9121759,49.9795307],[6.9118299,49.9792414],[6.9115146,49.978979],[6.9112699,49.9787716],[6.9102909,49.9779826],[6.9093003,49.9772468],[6.9080895,49.9763845],[6.9068347,49.9755517],[6.9058154,49.9749152],[6.9037522,49.9736968],[6.9012249,49.9722318],[6.9001199,49.9715884],[6.8959887,49.9691847],[6.8942092,49.9681136],[6.8925966,49.9670976],[6.891168,49.966136],[6.8903586,49.9655678],[6.889574,49.9649708],[6.8889331,49.9644702],[6.8883258,49.9639677],[6.8878344,49.9635402],[6.8872883,49.963041],[6.8868293,49.9626056],[6.8862277,49.9620077],[6.8857403,49.961485],[6.8853211,49.9610192],[6.884932,49.9605613],[6.8845596,49.9600728],[6.8842211,49.9595968],[6.8838358,49.958971],[6.8835834,49.9585041],[6.8833713,49.958038],[6.8831642,49.9575199],[6.8830254,49.9570072],[6.8829049,49.9564438],[6.8828287,49.9558516],[6.8827689,49.9550499],[6.8827611,49.9541545],[6.8827507,49.9524727],[6.8827328,49.9492542],[6.8827157,49.9481871],[6.8827151,49.9476341],[6.8827099,49.9468567],[6.8826962,49.9459639],[6.8826881,49.9453548],[6.8826386,49.9448286],[6.8825658,49.9444065],[6.8824912,49.9440941],[6.8823956,49.9437594],[6.8822896,49.9434429],[6.8821495,49.9431022],[6.8820457,49.9428796],[6.8819151,49.9426196],[6.8815988,49.9420861],[6.8814436,49.9418579],[6.8812579,49.9415981],[6.8809605,49.9412332],[6.8806431,49.9408738],[6.8803489,49.9405789],[6.8800446,49.9402929],[6.8794452,49.9397969],[6.8780901,49.9387466],[6.8775675,49.9383434],[6.8770954,49.9379654],[6.8766153,49.9375372],[6.8762159,49.9371328],[6.8758482,49.9367172],[6.875567,49.9363599],[6.8751379,49.9357309],[6.8748951,49.935318],[6.8746777,49.9349036],[6.8744919,49.9345494],[6.8738475,49.9333381],[6.8733882,49.9325734],[6.8731853,49.9322528],[6.8729294,49.9319103],[6.8723184,49.9312008],[6.8719277,49.9308065],[6.8715097,49.9304239],[6.8710652,49.9300539],[6.8705954,49.9296971],[6.8701009,49.9293543],[6.869583,49.9290262],[6.8683054,49.928309],[6.8648998,49.9265799],[6.8635257,49.925888],[6.8621692,49.9251361],[6.8614632,49.9246936],[6.8607621,49.9242188],[6.8603785,49.9239424],[6.8600369,49.9236867],[6.8596853,49.9233909],[6.8592942,49.9230622],[6.8590561,49.9228452],[6.8583254,49.9221084],[6.8579106,49.9216418],[6.8576689,49.9213478],[6.8575479,49.9211904],[6.8572778,49.920827],[6.8570192,49.9204482],[6.8568556,49.920192],[6.8567927,49.9200936],[6.8565634,49.919705],[6.8562865,49.9191641],[6.8560332,49.9186014],[6.8559677,49.9184443],[6.8558072,49.9179961],[6.8556537,49.9174755],[6.8555201,49.9169141],[6.8552867,49.9158144],[6.8549359,49.9135919],[6.8547523,49.9123856],[6.8545578,49.9111813],[6.8543727,49.9099769],[6.8542742,49.9093747],[6.8542089,49.9088614],[6.8538538,49.9065896],[6.8537626,49.9060755],[6.8536031,49.90505],[6.8534262,49.903905],[6.8532478,49.9027253],[6.8530844,49.9016613],[6.8527911,49.8998843],[6.8526348,49.8987879],[6.8525742,49.8984655],[6.8525273,49.8981515],[6.8524242,49.8975174],[6.8522374,49.8962486],[6.8520428,49.8949868],[6.8519948,49.8946697],[6.8519467,49.8943526],[6.8518474,49.8937343],[6.8514667,49.8912454],[6.8513833,49.8906972],[6.8512971,49.8901676],[6.8512407,49.8898857],[6.8511978,49.8896785],[6.8511877,49.8896295],[6.8510431,49.8890917],[6.850992,49.8889289],[6.8508198,49.8883803],[6.8507171,49.8880216],[6.8505807,49.8876601],[6.8503724,49.8871866],[6.850133,49.8867102],[6.8497855,49.88611],[6.8497125,49.885984],[6.8493685,49.8854607],[6.8491726,49.8851899],[6.8489547,49.8849095],[6.8480806,49.8838556],[6.8475121,49.8832765],[6.8469157,49.8827083],[6.8457362,49.8816739],[6.8440979,49.8805612],[6.8439424,49.8804556],[6.8420825,49.8793707],[6.8364564,49.876742],[6.8336495,49.8754362],[6.8331742,49.8752095],[6.8324997,49.8748981],[6.8281585,49.8728871],[6.8266087,49.8721635],[6.8247898,49.8713199],[6.8241627,49.8710298],[6.8191082,49.868685],[6.8164404,49.8674079],[6.8139557,49.8660867],[6.8127383,49.8653773],[6.8113301,49.8645257],[6.8101687,49.863749],[6.8089184,49.8628809],[6.8076242,49.8619356],[6.806155,49.8607585],[6.805441,49.8601738],[6.8050324,49.8598377],[6.8049198,49.8597451],[6.8043601,49.8593092],[6.8038257,49.8588702],[6.8030043,49.8582008],[6.800699,49.8563367],[6.8005798,49.8562446],[6.7995008,49.855414],[6.7983478,49.8545735],[6.7972957,49.8538516],[6.7963006,49.8532049],[6.7955172,49.852714],[6.7932563,49.8513773],[6.7905991,49.8498055],[6.7889034,49.8488061],[6.785949,49.8470803],[6.7816631,49.8445545],[6.7767833,49.8416246],[6.7736082,49.8397814],[6.7721499,49.8389618],[6.7714965,49.8385661],[6.7704949,49.8379595],[6.769643,49.8374485],[6.7673612,49.8360831],[6.7669981,49.8358601],[6.7656076,49.8350059],[6.7653759,49.8348456],[6.7649437,49.8345384],[6.7642388,49.8340092],[6.7638318,49.8336732],[6.7634342,49.8333214],[6.7631247,49.833019],[6.7628301,49.8327263],[6.7625562,49.832434],[6.7622167,49.8320473],[6.7615257,49.8311588],[6.7611817,49.8306354],[6.7609194,49.8301439],[6.760748,49.829805],[6.760543,49.8293405],[6.7603732,49.8288949],[6.7602709,49.8286001],[6.7601835,49.8283201],[6.7600772,49.8279224],[6.7598987,49.8270749],[6.7597925,49.8265482],[6.759599,49.8255528],[6.7594065,49.8245894],[6.7592024,49.8234583],[6.7587329,49.8210504],[6.7586169,49.8204589],[6.7583589,49.8192041],[6.7581835,49.8182544],[6.7580136,49.8172784],[6.7579026,49.8165295],[6.7578,49.8156622],[6.7577586,49.8152982],[6.7577315,49.814974],[6.7576975,49.8140354],[6.7577327,49.812615],[6.7577491,49.8120765],[6.757778,49.8116036],[6.7578276,49.8110182],[6.7579026,49.8103865],[6.7579678,49.8099198],[6.7580643,49.809346],[6.7582742,49.8084052],[6.7584947,49.8075236],[6.7586835,49.8068934],[6.758797,49.8065363],[6.7589421,49.8061434],[6.7591399,49.8056623],[6.7593385,49.8052569],[6.7595985,49.8047754],[6.7598883,49.8043396],[6.7602449,49.8038889],[6.7604917,49.8036024],[6.7608216,49.803251],[6.7611569,49.8029221],[6.7617298,49.8024375],[6.7622216,49.8020673],[6.7627113,49.8017363],[6.7632507,49.801405],[6.7636287,49.8011922],[6.7641898,49.8009092],[6.7650833,49.8004966],[6.7662063,49.8000384],[6.7677043,49.7994777],[6.7685673,49.7991527],[6.7692531,49.7988944],[6.7700028,49.7986012],[6.7707762,49.7982789],[6.7710096,49.7981759],[6.771611,49.7979105],[6.7722223,49.7976122],[6.7730573,49.7971413],[6.7735811,49.7967983],[6.7740213,49.7964762],[6.774472,49.7961444],[6.7748452,49.7958451],[6.7753075,49.7954471],[6.7757888,49.79497],[6.7761445,49.7946028],[6.7764353,49.7942871],[6.77672,49.7939275],[6.7769974,49.7935791],[6.7772993,49.7931319],[6.7775922,49.7926505],[6.7778659,49.7921771],[6.7785991,49.7907313],[6.7789934,49.7898584],[6.7792819,49.7892375],[6.7795376,49.7887142],[6.779731,49.7883596],[6.7799771,49.7879514],[6.7801952,49.7876239],[6.7803611,49.7873866],[6.7812969,49.7863287],[6.7822854,49.7854787],[6.7830871,49.7849214],[6.7836687,49.7845719],[6.7843224,49.7842217],[6.7848554,49.7839558],[6.7854208,49.78371],[6.7858317,49.7835484],[6.7864593,49.783323],[6.7870138,49.7831466],[6.7876359,49.7829716],[6.7884723,49.7827697],[6.7890466,49.7826544],[6.7895439,49.7825653],[6.7900844,49.7824931],[6.7905894,49.7824278],[6.7911999,49.7823699],[6.7917198,49.7823357],[6.7923524,49.782307],[6.7928869,49.7822986],[6.793605,49.7823075],[6.7943078,49.7823386],[6.7948602,49.7823704],[6.7952905,49.7824043],[6.7957508,49.7824433],[6.7981457,49.7826758],[6.8028169,49.7831482],[6.8041896,49.7832879],[6.8078403,49.7836596],[6.8116686,49.78405],[6.8125615,49.784138],[6.8152011,49.7843273],[6.8163562,49.7843831],[6.8170607,49.7844063],[6.8175204,49.7844138],[6.8180366,49.7844149],[6.8184306,49.7844142],[6.8189115,49.7844134],[6.8194246,49.784404],[6.8200171,49.7843871],[6.8204889,49.7843672],[6.8211446,49.7843301],[6.8215295,49.7843106],[6.8221372,49.7842643],[6.8226566,49.7842193],[6.8232119,49.7841699],[6.8239014,49.7840917],[6.8246029,49.7840087],[6.8254419,49.7838944],[6.8263441,49.7837548],[6.8267988,49.7836787],[6.8273472,49.7835809],[6.8280263,49.7834476],[6.8286357,49.7833228],[6.8292993,49.7831712],[6.82995,49.7830178],[6.8308339,49.7827952],[6.8314073,49.7826371],[6.8315819,49.7825853],[6.832481,49.7823184],[6.8332074,49.7820829],[6.8351358,49.7814542],[6.8363312,49.7810476],[6.837964,49.7805188],[6.8391153,49.7801643],[6.8410401,49.7796007],[6.8418244,49.7793953],[6.8427506,49.7791542],[6.8440105,49.7788399],[6.8446273,49.7786873],[6.8453702,49.7785163],[6.8459962,49.7783573],[6.8464567,49.77823],[6.8470205,49.7780621],[6.847339,49.7779551],[6.8477306,49.7778165],[6.8479747,49.7777282],[6.8482357,49.7776256],[6.8488638,49.7773541],[6.8492863,49.7771584],[6.849702,49.7769445],[6.850111,49.7767175],[6.8505013,49.7764872],[6.8508553,49.7762663],[6.8512322,49.7759961],[6.8515755,49.7757372],[6.8520758,49.7753059],[6.8524499,49.7749491],[6.8527517,49.7746468],[6.8530467,49.7743142],[6.8532693,49.7740362],[6.853449,49.7737937],[6.8536663,49.7734871],[6.8538541,49.7731718],[6.8540606,49.7727977],[6.8542081,49.7725049],[6.8542993,49.7723005],[6.8544039,49.7720009],[6.8544951,49.7717029],[6.854656,49.7711347],[6.8549296,49.7698355],[6.8549913,49.7695046],[6.8550932,49.7690005],[6.85523,49.7684028],[6.8553695,49.7679247],[6.8555143,49.7674847],[6.8556324,49.7671053],[6.855737,49.7668107],[6.8558416,49.7665595],[6.8559998,49.7662685],[6.8561903,49.7659497],[6.8564062,49.7655902],[6.8566369,49.7652359],[6.8568876,49.7648721],[6.8570928,49.7646009],[6.8573396,49.7642865],[6.8577634,49.7637815],[6.8582583,49.7632782],[6.858788,49.7627688],[6.859239,49.762372],[6.8598313,49.7618757],[6.8605334,49.7613313],[6.8614598,49.760653],[6.8619584,49.7602963],[6.8628676,49.7596752],[6.8643267,49.7586988],[6.8657671,49.7577189],[6.8661922,49.7574209],[6.8665798,49.7571376],[6.867013,49.7568187],[6.8676513,49.7563318],[6.8680738,49.7559844],[6.868511,49.7556188],[6.8688463,49.7553259],[6.8691266,49.7550669],[6.8696898,49.7545019],[6.8699341,49.7542404],[6.870127,49.7540237],[6.8703309,49.7537811],[6.870579,49.7534709],[6.8708821,49.7530541],[6.8711999,49.7525723],[6.8714587,49.7521252],[6.8716854,49.7516963],[6.8718369,49.7513705],[6.8719979,49.7510014],[6.8721279,49.7506531],[6.872368,49.7498957],[6.8725504,49.7492328],[6.8727221,49.7485838],[6.8729044,49.7479252],[6.8730278,49.7475179],[6.8732049,49.7469876],[6.8733685,49.7465508],[6.8734744,49.7463021],[6.8735951,49.7460491],[6.8737423,49.7457665],[6.8738566,49.7455638],[6.8741477,49.7451088],[6.874322,49.7448679],[6.8744802,49.7446547],[6.8746962,49.7443852],[6.8749058,49.7441511],[6.875042,49.7440113],[6.8752889,49.743769],[6.8755732,49.7435004],[6.875879,49.74323],[6.8761808,49.7429977],[6.8765938,49.7426918],[6.8768379,49.7425193],[6.8772523,49.7422524],[6.8776587,49.7420002],[6.878572,49.7414863],[6.879023,49.7412425],[6.8799774,49.7407678],[6.8812781,49.740165],[6.8823834,49.7396298],[6.8832082,49.7392277],[6.883609,49.7390194],[6.8839538,49.7388385],[6.8844916,49.7385412],[6.8849543,49.7382647],[6.8852748,49.7380576],[6.8856168,49.7378262],[6.8859413,49.7375913],[6.8863249,49.7372897],[6.886695,49.7369655],[6.8870464,49.7366266],[6.8873468,49.7363267],[6.8875654,49.7360805],[6.8878873,49.735681],[6.8881032,49.7353785],[6.888366,49.7349607],[6.8885943,49.7345487],[6.8887053,49.7343088],[6.8888341,49.7340063],[6.888978,49.7336246],[6.8890513,49.7333675],[6.8891305,49.7330494],[6.8892046,49.7326817],[6.8892431,49.7323758],[6.8892726,49.7320369],[6.8892834,49.7317439],[6.8892753,49.7313911],[6.8892378,49.7308927],[6.8892096,49.7306092],[6.889168,49.7303006],[6.8891117,49.7299686],[6.8889481,49.7291346],[6.8888113,49.728481],[6.8887916,49.7283904],[6.8886705,49.7278351],[6.8885753,49.7273549],[6.8885109,49.7269344],[6.8884706,49.7265131],[6.8884532,49.7261793],[6.8884572,49.7258247],[6.8884867,49.7254216],[6.8885256,49.7251181],[6.888594,49.7247532],[6.8886772,49.7244393],[6.888818,49.7240119],[6.8889506,49.7236585],[6.8890218,49.7234969],[6.8891841,49.7231648],[6.8893853,49.7227756],[6.8897004,49.7222631],[6.8899848,49.7218331],[6.8905038,49.7211091],[6.8915437,49.7197394],[6.8916234,49.7196298],[6.8919706,49.7191657],[6.8923271,49.718658],[6.8925451,49.7183315],[6.8927927,49.7179167],[6.8930094,49.7175306],[6.8931763,49.7171899],[6.8933547,49.7167689],[6.8934901,49.7164256],[6.8936308,49.7159811],[6.8937171,49.7156489],[6.8937928,49.715302],[6.8938471,49.7149687],[6.8938816,49.7146369],[6.8939109,49.7141373],[6.8939162,49.7137328],[6.8938963,49.7133511],[6.8938578,49.7129674],[6.8937914,49.7125545],[6.8937118,49.7121926],[6.8935856,49.7117345],[6.8934367,49.7112969],[6.8932125,49.7107172],[6.8930235,49.7102808],[6.8927664,49.7097536],[6.8923159,49.7089263],[6.8919691,49.7083244],[6.891617,49.7077088],[6.8912581,49.7071227],[6.8909958,49.706689],[6.8909061,49.7065381],[6.8906262,49.7060349],[6.8903322,49.7055183],[6.8900992,49.7050846],[6.8898795,49.704654],[6.8896609,49.7041861],[6.8894909,49.7037781],[6.8893535,49.7034354],[6.8891966,49.7030042],[6.8890532,49.7025184],[6.8889515,49.7020864],[6.8888865,49.7017017],[6.8888445,49.7013669],[6.888816,49.7009741],[6.8888119,49.7005747],[6.8888296,49.7002758],[6.8888649,49.6999203],[6.8889436,49.6994728],[6.8890252,49.6991366],[6.8891338,49.6987891],[6.8892504,49.6984646],[6.8893837,49.6981478],[6.8895939,49.6977251],[6.8897261,49.6974922],[6.8898882,49.6972264],[6.8901573,49.6968536],[6.8903296,49.6966291],[6.890512,49.6963783],[6.890759,49.6960982],[6.8910699,49.6957651],[6.8913598,49.6954742],[6.8918353,49.6950294],[6.8923467,49.6945872],[6.8927056,49.6942905],[6.893107,49.6939755],[6.8934804,49.6936929],[6.8939463,49.6933457],[6.8944127,49.6930091],[6.8947692,49.6927525],[6.8958188,49.6919976],[6.8964931,49.691513],[6.8971717,49.6910156],[6.8981561,49.6902787],[6.8986428,49.6899099],[6.8991283,49.6895378],[6.9000993,49.6887877],[6.9011515,49.6879579],[6.9015449,49.6876353],[6.9017936,49.6874431],[6.9024847,49.6868683],[6.9030868,49.6863596],[6.9038343,49.685748],[6.9039429,49.6856528],[6.9050266,49.6847103],[6.9058763,49.6839612],[6.9078013,49.6822226],[6.9097206,49.6805437],[6.9107841,49.6796465],[6.9118546,49.6787593],[6.9140296,49.6770251],[6.9142554,49.6768505],[6.914437,49.6767035],[6.9150601,49.6762198],[6.9161935,49.6753574],[6.9170473,49.6747177],[6.9182635,49.6738186],[6.9186959,49.6734984],[6.9191468,49.6731478],[6.9196244,49.6727654],[6.9201326,49.672322],[6.9204708,49.6720066],[6.920793,49.6716857],[6.9212479,49.6711642],[6.921701,49.6705553],[6.9218855,49.6702609],[6.9222058,49.669683],[6.9223367,49.6693859],[6.9224621,49.6690776],[6.9226622,49.66842],[6.9227432,49.668069],[6.9228292,49.6673873],[6.9228353,49.6663918],[6.9227271,49.6652447],[6.9224616,49.6634237],[6.9224269,49.6631233],[6.9223889,49.6628573],[6.922348,49.6625089],[6.9223221,49.6622204],[6.9223017,49.6619068],[6.922285,49.6616645],[6.9222796,49.6613911],[6.9222796,49.6612252],[6.9222796,49.6609579],[6.9223025,49.6604385],[6.922371,49.6598222],[6.922558,49.6588733],[6.9226796,49.6584706],[6.9228357,49.6580134],[6.9229019,49.6578417],[6.9231779,49.6571816],[6.923338,49.6568482],[6.9235107,49.6564964],[6.9241076,49.6554532],[6.9256196,49.6530683],[6.9259173,49.6525738],[6.9263291,49.6518215],[6.9266814,49.6510701],[6.9268074,49.6507386],[6.9269524,49.6503193],[6.9271406,49.6495891],[6.9272122,49.6491425],[6.9272719,49.6484992],[6.9272692,49.6477074],[6.9271914,49.647069],[6.9270785,49.6465599],[6.9268501,49.6458005],[6.9265102,49.644973],[6.9262037,49.6443483],[6.925556,49.6432361],[6.925226,49.642711],[6.9244962,49.6416336],[6.924011,49.6409081],[6.9233202,49.6398731],[6.9227402,49.6389338],[6.9225076,49.6384894],[6.9221183,49.6376598],[6.9218954,49.6370639],[6.9217579,49.6366038],[6.9216641,49.6361551],[6.921576,49.6354106],[6.92157,49.6348706],[6.9216029,49.6342695],[6.9216915,49.633745],[6.921903,49.6329388],[6.9220079,49.6326406],[6.9222744,49.6320132],[6.9225343,49.631527],[6.9228284,49.6310405],[6.9232035,49.6305241],[6.9235954,49.630031],[6.9241387,49.6294377],[6.9244095,49.6291698],[6.9250734,49.6285625],[6.9254407,49.6282516],[6.9262741,49.6275922],[6.9270619,49.6270237],[6.9278524,49.6264832],[6.9296209,49.6253701],[6.9302445,49.6250017],[6.9310872,49.6245394],[6.9325243,49.6238027],[6.9380193,49.6212012],[6.9386498,49.6209324],[6.9396725,49.6205126],[6.9416034,49.6197922],[6.9434425,49.6191378],[6.9468612,49.6179904],[6.9493172,49.6171423],[6.9510149,49.6164967],[6.9519341,49.6161116],[6.9529616,49.6156485],[6.9540455,49.615096],[6.9543519,49.6149253],[6.954745,49.6146958],[6.9554634,49.614251],[6.9559597,49.6139037],[6.9564561,49.6135161],[6.9569748,49.6130723],[6.9574092,49.6126429],[6.9578634,49.6121395],[6.9583821,49.6114802],[6.9587544,49.6109077],[6.958972,49.6105364],[6.9593137,49.6098624],[6.9596413,49.6091623],[6.95996,49.6083736],[6.9605525,49.6067936],[6.960845,49.6060536],[6.9611842,49.6052989],[6.9613821,49.6048991],[6.9617153,49.6043403],[6.9619883,49.603935],[6.9621943,49.6036422],[6.9626361,49.6031195],[6.9630059,49.602727],[6.9634948,49.6022814],[6.9639664,49.6018938],[6.9646345,49.6014118],[6.9651656,49.6010643],[6.9656595,49.6007812],[6.9662725,49.6004579],[6.9668334,49.6002134],[6.9676721,49.5998763],[6.9681008,49.5997138],[6.9689258,49.5994268],[6.9695271,49.5992415],[6.9701834,49.5990732],[6.9713347,49.5988275],[6.9729388,49.598559],[6.9744169,49.5983519],[6.9757327,49.5981996],[6.9775085,49.5980301],[6.9781301,49.597983],[6.9809434,49.5976969],[6.9813797,49.5976432],[6.9822177,49.59754],[6.983138,49.5973864],[6.9837248,49.5972669],[6.9842932,49.597128],[6.9849238,49.5969474],[6.9855275,49.5967433],[6.9861453,49.5964841],[6.9867108,49.5962],[6.9872115,49.5958832],[6.9874504,49.5957003],[6.9876676,49.595534],[6.9879435,49.5952852],[6.9882391,49.5949726],[6.9884483,49.5947092],[6.9886115,49.5944755],[6.9888371,49.5941003],[6.989007,49.5937493],[6.9891146,49.5934834],[6.9892368,49.5931434],[6.9893495,49.5926957],[6.9894388,49.5922563],[6.9894833,49.591934],[6.9895027,49.5916372],[6.9894972,49.5912756],[6.9894807,49.5909675],[6.9894298,49.5906442],[6.989383,49.5903611],[6.9892411,49.5898466],[6.9890614,49.5893681],[6.9889014,49.5890216],[6.9887378,49.5887022],[6.9883707,49.5881346],[6.9880515,49.5876898],[6.987624,49.5871471],[6.9872324,49.5866869],[6.9868015,49.5862018],[6.9865492,49.5859212],[6.9861315,49.5854529],[6.9858613,49.5851525],[6.9856811,49.5849424],[6.9853786,49.5845635],[6.985126,49.5842008],[6.9848519,49.5837864],[6.9846056,49.58338],[6.9845183,49.5832264],[6.9843036,49.582782],[6.9841841,49.5824943],[6.9840129,49.5820196],[6.9837578,49.5811962],[6.9835196,49.5804439],[6.9833584,49.5800212],[6.9832225,49.5796924],[6.9830539,49.5793461],[6.9829225,49.579092],[6.9828161,49.5788746],[6.982732,49.5787062],[6.9825823,49.5784471],[6.9823796,49.5781486],[6.9821113,49.5777935],[6.9815709,49.5771573],[6.9811755,49.5767551],[6.9805327,49.5761973],[6.9796397,49.5755169],[6.9790013,49.5750531],[6.9776907,49.5741379],[6.9772224,49.5738084],[6.9765675,49.57333],[6.9760546,49.5729332],[6.9753105,49.5723011],[6.974803,49.5718204],[6.9744744,49.5714899],[6.9740048,49.5709791],[6.9736068,49.5704806],[6.9732045,49.5699315],[6.9728991,49.5694658],[6.9726317,49.5690288],[6.9722779,49.5683827],[6.971962,49.5677558],[6.9717237,49.5672405],[6.9715046,49.5666764],[6.9712909,49.5660694],[6.9711424,49.5655618],[6.9710055,49.5649444],[6.9709009,49.5642674],[6.9708441,49.5636555],[6.9707862,49.5627279],[6.9707899,49.5622141],[6.9708086,49.5615931],[6.9708279,49.5611825],[6.9708873,49.5604518],[6.9709403,49.5600294],[6.9710211,49.5594841],[6.9711933,49.5585622],[6.9713045,49.5580746],[6.971437,49.5575704],[6.9715918,49.557046],[6.9718091,49.5563497],[6.9719368,49.555979],[6.9721488,49.5554396],[6.9724594,49.5546757],[6.9728059,49.5539302],[6.9731407,49.5532826],[6.9736407,49.5524079],[6.9739421,49.5519525],[6.9742034,49.5515795],[6.9745883,49.5510992],[6.9749088,49.5507331],[6.9753548,49.5502912],[6.9758094,49.5499013],[6.9761875,49.5496063],[6.9766648,49.5492582],[6.9770602,49.5489971],[6.9776577,49.5486434],[6.9782517,49.548319],[6.9789293,49.5480048],[6.9795826,49.5477279],[6.9802567,49.5474827],[6.9810563,49.547225],[6.9819482,49.5469661],[6.982692,49.5467627],[6.9835943,49.5465378],[6.9846029,49.5462869],[6.9855331,49.5460552],[6.9861637,49.5458935],[6.9869929,49.5456686],[6.9878848,49.5454098],[6.9883743,49.5452436],[6.9889683,49.54503],[6.9894508,49.5448446],[6.9900483,49.5446073],[6.9904908,49.5444038],[6.9910569,49.5441043],[6.9914576,49.5438715],[6.9916893,49.5437257],[6.992137,49.5434329],[6.9924836,49.5431831],[6.9928494,49.5428937],[6.9931909,49.5425897],[6.9934336,49.5423632],[6.9936943,49.5420799],[6.9940285,49.5417162],[6.9943704,49.5412849],[6.9947006,49.5408361],[6.994996,49.5403994],[6.9951261,49.5401805],[6.99526,49.5399262],[6.9954425,49.5395046],[6.9955731,49.5391598],[6.9957142,49.5387032],[6.9958083,49.5383222],[6.9959111,49.537731],[6.9959651,49.5372585],[6.9959895,49.5369419],[6.9960069,49.5364807],[6.9959947,49.5359697],[6.9959634,49.5354192],[6.9958815,49.5346798],[6.9957909,49.5340659],[6.995669,49.5334113],[6.9955383,49.5327771],[6.995432,49.5322842],[6.9952596,49.5315075],[6.9951203,49.5309354],[6.9950395,49.5305802],[6.994734,49.5292345],[6.9945866,49.5285944],[6.9942919,49.5273053],[6.9941388,49.5266692],[6.9940127,49.5260582],[6.9939077,49.5254151],[6.9938539,49.5248567],[6.9938539,49.5242926],[6.9938891,49.5238135],[6.9939446,49.5234522],[6.994005,49.5231579],[6.9941335,49.5226951],[6.9942619,49.5223076],[6.994403,49.5219822],[6.9945793,49.5215849],[6.9947486,49.5211907],[6.9951151,49.5204975],[6.9955984,49.5195271],[6.9957366,49.5191846],[6.9958905,49.5187998],[6.9960241,49.518387],[6.996114,49.5180236],[6.9961661,49.517785],[6.9962073,49.5174631],[6.9962498,49.5168523],[6.9962421,49.5165355],[6.9962313,49.5163898],[6.9962013,49.5160201],[6.9961361,49.5156529],[6.9960753,49.5153645],[6.9960009,49.515076],[6.995836,49.5145556],[6.9955842,49.5140011],[6.9953474,49.5135201],[6.9952449,49.5133236],[6.9946187,49.5121426],[6.9943165,49.5115447],[6.9941711,49.5112138],[6.9939954,49.5108135],[6.9938346,49.5104441],[6.9936648,49.5099877],[6.993495,49.5095333],[6.9932724,49.5088475],[6.9931793,49.5085489],[6.9930123,49.5080011],[6.9929059,49.5075341],[6.9927749,49.5068182],[6.9925755,49.5056282],[6.9924896,49.50515],[6.9923506,49.5043499],[6.9921758,49.5033201],[6.9921147,49.5029303],[6.9919694,49.5020837],[6.9918472,49.5013465],[6.991624,49.5000171],[6.9914745,49.4992238],[6.9913607,49.4986261],[6.9911817,49.4980188],[6.9909817,49.4974484],[6.9907205,49.4968575],[6.9903688,49.496231],[6.9899961,49.4956511],[6.9896212,49.4951409],[6.9891494,49.4945458],[6.9887914,49.4941013],[6.9884334,49.4936498],[6.9881596,49.4932764],[6.9880189,49.4930729],[6.9879027,49.4928906],[6.9876837,49.4925186],[6.987532,49.4921971],[6.987353,49.4917744],[6.9872667,49.4915193],[6.9871919,49.4912313],[6.9871256,49.4908551],[6.9870877,49.4905309],[6.9870719,49.4902115],[6.9870924,49.4896269],[6.9871339,49.489348],[6.987186,49.4890859],[6.9873156,49.4886332],[6.9875106,49.4880866],[6.9876581,49.4877333],[6.9876872,49.4876637],[6.9879819,49.4870242],[6.9881876,49.4865569],[6.9883495,49.4861594],[6.9884599,49.4858592],[6.9885696,49.4854966],[6.9886485,49.4851532],[6.9887036,49.4847788],[6.9887349,49.4843347],[6.988723,49.4840696],[6.9886872,49.4836865],[6.9886098,49.4832792],[6.9884683,49.4827771],[6.9882732,49.4822691],[6.9880677,49.4818725],[6.9878905,49.4815735],[6.9876478,49.4812213],[6.9873663,49.4808643],[6.9870804,49.4805431],[6.9866739,49.4801493],[6.986376,49.4798852],[6.9860558,49.4796356],[6.9856538,49.4793472],[6.9851594,49.4790396],[6.9847305,49.4787899],[6.9842584,49.4785548],[6.9838534,49.4783719],[6.98342,49.47819],[6.983003,49.4780352],[6.982318,49.4777982],[6.9815213,49.4775563],[6.9806204,49.4772795],[6.9800187,49.4770947],[6.9795437,49.4769389],[6.9790314,49.4767522],[6.9785817,49.476579],[6.9780372,49.4763364],[6.9775869,49.4761049],[6.9771476,49.4758649],[6.9767321,49.4756036],[6.976339,49.4753298],[6.9759056,49.4749863],[6.9756078,49.4747163],[6.975304,49.4744183],[6.9750642,49.4741473],[6.9748885,49.4739052],[6.9747167,49.473654],[6.9745048,49.4733255],[6.9742205,49.472802],[6.9740731,49.47249],[6.9739593,49.4721985],[6.973854,49.4718098],[6.9737982,49.4714882],[6.9737635,49.4711762],[6.9737456,49.4708621],[6.9737561,49.4705706],[6.973773,49.4703209],[6.9738309,49.4699596],[6.9739035,49.4696393],[6.9740141,49.469278],[6.9742363,49.468775],[6.9744037,49.4684644],[6.9745901,49.4681503],[6.9749744,49.4676261],[6.9752566,49.4673031],[6.9754799,49.4670629],[6.9757705,49.4667709],[6.9761017,49.4664697],[6.9766282,49.4660071],[6.9775612,49.4652447],[6.9785152,49.4644851],[6.978671,49.4643632],[6.9794327,49.4637113],[6.9796304,49.4635318],[6.9799288,49.463246],[6.980235,49.4629143],[6.9805686,49.462534],[6.9808456,49.4621671],[6.9810913,49.4617984],[6.9812953,49.4614432],[6.9814785,49.461086],[6.9815812,49.4608556],[6.9817257,49.4604733],[6.9818195,49.4601529],[6.9819029,49.4598035],[6.9819714,49.4593708],[6.9819834,49.4590667],[6.981977,49.4582695],[6.9819535,49.4580873],[6.9818895,49.4577359],[6.9817905,49.4573629],[6.981582,49.4566989],[6.9814554,49.4563407],[6.9813089,49.4559224],[6.9811395,49.4553427],[6.9810878,49.4550919],[6.9810572,49.4548676],[6.9810328,49.4545901],[6.9810275,49.4543156],[6.98104,49.4540201],[6.9810787,49.4536987],[6.9811209,49.4534347],[6.9812038,49.4531111],[6.9813125,49.4528003],[6.9814369,49.4525147],[6.981594,49.4522069],[6.9817647,49.4519055],[6.9819546,49.4516315],[6.9822194,49.4512562],[6.9824756,49.4509116],[6.9828136,49.4504556],[6.9830072,49.4501787],[6.9832053,49.4498718],[6.9834152,49.4495175],[6.9835493,49.4492464],[6.9836905,49.4489019],[6.9837774,49.448609],[6.9838393,49.4483094],[6.9838805,49.4480127],[6.9838864,49.4476585],[6.9838672,49.4473312],[6.9838246,49.4470517],[6.9837554,49.4468009],[6.9836832,49.4465463],[6.9835301,49.4461883],[6.9833593,49.44586],[6.9831782,49.445569],[6.9830001,49.4453258],[6.9827439,49.4450195],[6.9824922,49.4447611],[6.9821712,49.4444701],[6.9818135,49.4441781],[6.9813644,49.4438364],[6.9808418,49.4434602],[6.980509,49.4432046],[6.9801336,49.4429145],[6.9798583,49.4426762],[6.9796154,49.4424302],[6.9793886,49.4421784],[6.9791605,49.4418855],[6.9789426,49.4415686],[6.9786628,49.4411072],[6.9782344,49.4403825],[6.9779341,49.4399259],[6.9776308,49.439497],[6.977351,49.439138],[6.9771008,49.4388278],[6.9768225,49.4385128],[6.9764852,49.4381744],[6.9761396,49.4378575],[6.9758127,49.4375881],[6.9754483,49.4373146],[6.974959,49.4369829],[6.9742761,49.436532],[6.9735203,49.4360365],[6.9731789,49.4357874],[6.9728999,49.435568],[6.9726209,49.4353446],[6.9723898,49.4351266],[6.9721649,49.4348951],[6.9719296,49.4346283],[6.9717214,49.4343575],[6.9714799,49.4339879],[6.9713529,49.4337496],[6.9712446,49.4335031],[6.9711114,49.4331687],[6.9710114,49.4327733],[6.970949,49.4324659],[6.9709365,49.4321355],[6.9709427,49.4318309],[6.9709927,49.4315045],[6.9710447,49.4312486],[6.9711333,49.4309572],[6.9711775,49.4308155],[6.9714302,49.4300648],[6.9715839,49.4295525],[6.971656,49.4292509],[6.9717326,49.4289138],[6.9717797,49.4286259],[6.9718076,49.4282732],[6.9718047,49.4279362],[6.9717561,49.4275254],[6.9716939,49.4271602],[6.9716216,49.4268878],[6.9714843,49.4264653],[6.971343,49.426019],[6.9711939,49.4255203],[6.9710932,49.4251059],[6.9710583,49.424823],[6.9710401,49.4245271],[6.9710475,49.424285],[6.9710612,49.424055],[6.9711069,49.4237256],[6.971184,49.4234229],[6.9712684,49.4231597],[6.9713925,49.4228659],[6.971529,49.4226092],[6.9717265,49.4222752],[6.9719609,49.4219602],[6.972214,49.4216712],[6.9724775,49.4213851],[6.9727952,49.4210976],[6.9731157,49.4208492],[6.9736194,49.4205074],[6.9740805,49.4202424],[6.9747332,49.419884],[6.975399,49.4195063],[6.9756334,49.4193733],[6.9759818,49.4191605],[6.9763152,49.418928],[6.9766434,49.4187077],[6.976903,49.4184994],[6.9771488,49.4182839],[6.9782068,49.4172707],[6.9786287,49.4168913],[6.9789955,49.4165951],[6.9793747,49.4163495],[6.9797031,49.4161531],[6.9799379,49.4160154],[6.9802582,49.4158522],[6.9804881,49.4157394],[6.9808384,49.4155846],[6.9811766,49.4154494],[6.9815979,49.4152977],[6.9819509,49.4151825],[6.9823703,49.4150685],[6.98283,49.4149558],[6.9831977,49.4148735],[6.9837094,49.4147847],[6.9843845,49.4146804],[6.9853121,49.4145592],[6.9861063,49.4144462],[6.9867579,49.4143312],[6.9872946,49.4142161],[6.9877141,49.4140968],[6.9888407,49.4137357],[6.989088,49.4136449],[6.9894182,49.4135163],[6.9899603,49.4133298],[6.9905616,49.4131247],[6.9912033,49.4129293],[6.9917085,49.4128047],[6.9922926,49.4126835],[6.9929497,49.4125904],[6.9935519,49.4125196],[6.994109,49.4124765],[6.9948811,49.412454],[6.9954639,49.4124682],[6.9960553,49.4124961],[6.9966026,49.4125527],[6.9972116,49.4126343],[6.9980136,49.4127634],[6.9988315,49.4129235],[7.0001733,49.4132278],[7.0013273,49.4134796],[7.0019244,49.4135823],[7.0023727,49.4136489],[7.0028581,49.4137009],[7.0034204,49.4137247],[7.0039541,49.4137247],[7.004517,49.413697],[7.0050339,49.4136384],[7.0055034,49.413566],[7.0061426,49.4134298],[7.0066252,49.4132866],[7.0071117,49.4131151],[7.007538,49.4129394],[7.0080449,49.4126854],[7.0084372,49.4124648],[7.0087646,49.4122384],[7.0091489,49.4119502],[7.0095525,49.4115892],[7.0100055,49.4111349],[7.0102843,49.410833],[7.010646,49.4104197],[7.0109666,49.409986],[7.0113469,49.4094468],[7.0115553,49.4091076],[7.0117426,49.408774],[7.0118897,49.4084864],[7.0120169,49.4082143],[7.0120859,49.4080353],[7.0121667,49.4078268],[7.0122166,49.4076322],[7.0122718,49.4074226],[7.0123381,49.4070013],[7.0123462,49.406656],[7.0123144,49.4062641],[7.012256,49.4059171],[7.0121833,49.4056703],[7.0121044,49.4054805],[7.0119825,49.4052267],[7.0118544,49.4050147],[7.0116674,49.4047417],[7.011451,49.4044638],[7.011183,49.4041659],[7.0108473,49.4038124],[7.010282,49.4032692],[7.0098867,49.4028805],[7.0096136,49.4026043],[7.0093633,49.4023351],[7.0090939,49.4020045],[7.0088598,49.401673],[7.0086717,49.4013559],[7.0084991,49.4010321],[7.0083504,49.4006699],[7.0082341,49.4002924],[7.0081723,49.4000203],[7.008131,49.3997607],[7.0081045,49.3994388],[7.0081075,49.3990756],[7.0081399,49.398748],[7.0081915,49.3984639],[7.0082709,49.3981415],[7.0083872,49.3977965],[7.0085359,49.3974628],[7.0087375,49.3970862],[7.0090299,49.3966285],[7.0094093,49.3961209],[7.0098126,49.3956132],[7.0101362,49.3951919],[7.0103665,49.3948639],[7.0105396,49.3945957],[7.0107405,49.3942184],[7.0108667,49.3939012],[7.0109447,49.3936306],[7.0109987,49.3933354],[7.0110223,49.3929916],[7.0110008,49.3925621],[7.0109448,49.3922617],[7.0108651,49.3919839],[7.0107671,49.3917178],[7.0106214,49.3914088],[7.0104332,49.3910995],[7.0102101,49.3907887],[7.0099768,49.3904935],[7.0097544,49.390233],[7.009412,49.3898699],[7.0065228,49.3870308],[7.0053047,49.3858253],[7.0048922,49.3854085],[7.0044917,49.3849825],[7.0040282,49.3844676],[7.0036704,49.384038],[7.0034773,49.3837894],[7.0031864,49.3834051],[7.0029557,49.3830846],[7.0024827,49.3823861],[7.0023942,49.3822367],[7.0022823,49.3820478],[7.0021369,49.3818041],[7.0019503,49.381475],[7.00171,49.3810198],[7.0014052,49.3803321],[7.0012463,49.3799422],[7.0011116,49.3795556],[7.0009978,49.3792219],[7.0009153,49.3789576],[7.0008046,49.3785253],[7.0006567,49.3778893],[7.0005925,49.3775295],[7.0005255,49.3770625],[7.0004753,49.3766209],[7.0004474,49.3760921],[7.0004362,49.3755233],[7.0004446,49.3749891],[7.0004864,49.3742876],[7.0005478,49.3737533],[7.0006344,49.3731936],[7.0007572,49.3725648],[7.0008255,49.3722641],[7.000852,49.3721064],[7.0010307,49.3714762],[7.0012121,49.3709182],[7.0014828,49.3701586],[7.0017424,49.3695424],[7.0020466,49.3689081],[7.0022727,49.3684574],[7.0025546,49.3679812],[7.0028253,49.3675559],[7.0031128,49.3671706],[7.003431,49.3667834],[7.0037882,49.366369],[7.0040813,49.366051],[7.0043939,49.3657529],[7.0047511,49.3654293],[7.0051391,49.3651058],[7.0055354,49.3647986],[7.0059987,49.3644605],[7.0065318,49.3641297],[7.0070817,49.3638062],[7.0076845,49.3634899],[7.0081283,49.3632682],[7.0086893,49.3630082],[7.0092922,49.3627628],[7.0099369,49.3625156],[7.0105816,49.3622975],[7.0113994,49.3620212],[7.0121691,49.3617761],[7.0128677,49.3615344],[7.0135545,49.3612979],[7.0140637,49.3611103],[7.014565,49.3608712],[7.0151847,49.360573],[7.0157466,49.3602632],[7.0162701,49.3599252],[7.0166668,49.3596514],[7.0170576,49.3593467],[7.0173556,49.3590845],[7.0175845,49.3588634],[7.0178608,49.3585498],[7.0180878,49.3582888],[7.0182694,49.3580497],[7.0184658,49.3577596],[7.0186621,49.3574417],[7.0188042,49.3571679],[7.0189443,49.3568517],[7.0190463,49.3565684],[7.0191283,49.3563112],[7.019211,49.3559909],[7.0192497,49.3557387],[7.0192753,49.355519],[7.0193096,49.355113],[7.0193118,49.3549267],[7.0193025,49.3547153],[7.0192766,49.3545041],[7.0191947,49.3540399],[7.01913,49.3537602],[7.0190674,49.3535314],[7.0189994,49.353326],[7.0188459,49.3529686],[7.018664,49.3526029],[7.0184533,49.352238],[7.018171,49.3518086],[7.0180354,49.3516229],[7.0178246,49.3513468],[7.0174242,49.3508452],[7.0170582,49.3504122],[7.0169591,49.3502983],[7.016694,49.3499895],[7.0157751,49.3489164],[7.0153996,49.3484435],[7.0150478,49.3479703],[7.0148537,49.3476795],[7.0145799,49.3472403],[7.0143153,49.3467378],[7.0141618,49.3463973],[7.0140415,49.3461085],[7.0139041,49.3457337],[7.0137359,49.3451433],[7.0136106,49.3445234],[7.0135559,49.3440822],[7.0135458,49.3439279],[7.0135397,49.3438473],[7.013529,49.3434781],[7.0135481,49.3426348],[7.0136051,49.3411975],[7.0135958,49.3407254],[7.0135567,49.3402452],[7.0135038,49.339865],[7.0134208,49.3394745],[7.0133234,49.3391242],[7.0132068,49.3388389],[7.0130743,49.338542],[7.0128551,49.3381183],[7.0124807,49.3375347],[7.0120754,49.3370325],[7.0116392,49.3366095],[7.0112696,49.3362728],[7.0108697,49.3359633],[7.0106957,49.335832],[7.010372,49.3356105],[7.0099709,49.3353633],[7.0095785,49.335141],[7.0091462,49.3349205],[7.0087237,49.3347242],[7.0078211,49.3343536],[7.0069599,49.3340317],[7.0047477,49.333249],[7.0042628,49.3330587],[7.0037781,49.3328576],[7.0033767,49.3326677],[7.0030441,49.3324934],[7.0026413,49.3322701],[7.0022445,49.3320296],[7.0019906,49.3318643],[7.0016895,49.3316493],[7.001273,49.33132],[7.0009915,49.331065],[7.0007252,49.3308035],[7.0004746,49.3305532],[7.0002461,49.3302738],[7.0000037,49.3299711],[6.9998121,49.3296888],[6.9995421,49.3292602],[6.9992972,49.3288523],[6.9990821,49.3284814],[6.9988777,49.3281573],[6.9986871,49.3278894],[6.9984177,49.3275528],[6.9981684,49.3272669],[6.9978146,49.3268952],[6.9973759,49.3264639],[6.9968872,49.3260087],[6.9964413,49.3256117],[6.9958659,49.3251233],[6.9953567,49.3247084],[6.9946968,49.3241891],[6.9939971,49.3236761],[6.9935766,49.3233816],[6.9929666,49.3229684],[6.9922643,49.3225291],[6.991702,49.3222028],[6.9908963,49.3217834],[6.9902977,49.321497],[6.9894448,49.3211236],[6.988651,49.3208138],[6.9877133,49.3204823],[6.9868296,49.3202077],[6.9856478,49.3198794],[6.9845343,49.3195969],[6.9809114,49.318686],[6.9795483,49.3183398],[6.9766194,49.3175972],[6.9756294,49.3173438],[6.9749627,49.3171721],[6.9744958,49.3170347],[6.9740817,49.3169033],[6.9735876,49.3167351],[6.9731643,49.3165729],[6.9726938,49.3163633],[6.972336,49.3161845],[6.9719672,49.3159926],[6.9716184,49.3157866],[6.9712787,49.3155663],[6.9708809,49.3152762],[6.9705412,49.3150003],[6.9702229,49.3147014],[6.9699036,49.3143573],[6.9696602,49.3140671],[6.9694349,49.3137545],[6.9692351,49.3134383],[6.9690698,49.3131316],[6.9689414,49.3128457],[6.9688227,49.3125015],[6.9687246,49.312151],[6.9686857,49.3119722],[6.9686138,49.3115304],[6.9685539,49.3109146],[6.9685375,49.3105842],[6.9685012,49.3098108],[6.9684871,49.309545],[6.9684548,49.3088526],[6.9684249,49.3082131],[6.9683868,49.3075238],[6.9683377,49.306568],[6.9682941,49.3061297],[6.9682342,49.3057578],[6.9681869,49.305534],[6.9681161,49.3052935],[6.967982,49.3049543],[6.967896,49.3047529],[6.9677964,49.304539],[6.9676492,49.3042631],[6.9674494,49.3039634],[6.9672914,49.3037502],[6.967068,49.3034718],[6.9666592,49.3030407],[6.9663359,49.3027386],[6.9657836,49.3023086],[6.9654802,49.3020819],[6.9648372,49.3016121],[6.9640494,49.3010295],[6.9635547,49.300629],[6.9632041,49.3003364],[6.9628917,49.3000698],[6.9624666,49.2996825],[6.962044,49.2992629],[6.9616124,49.2988156],[6.9612793,49.2984621],[6.9609807,49.2981176],[6.9603947,49.2973916],[6.9601016,49.2970006],[6.9599003,49.2967118],[6.9596804,49.2963977],[6.9595192,49.2961341],[6.9592968,49.2957519],[6.9590105,49.2952067],[6.9587928,49.2947884],[6.9585451,49.2942473],[6.9582706,49.2935653],[6.9579649,49.2928288],[6.957762,49.2924369],[6.9575868,49.2921644],[6.9574137,49.2919316],[6.9570179,49.2914601],[6.9566577,49.2909688],[6.9565092,49.2907343],[6.9563681,49.2904743],[6.9562502,49.2902159],[6.9561629,49.289966],[6.9560907,49.2897876],[6.9560382,49.2896356],[6.9560023,49.2894851],[6.9559622,49.2891611],[6.9559552,49.2888205],[6.9559598,49.2885621],[6.9559842,49.2882954],[6.9560151,49.2880017],[6.956073,49.2877325],[6.9561883,49.2874332],[6.9562811,49.2871754],[6.9564215,49.2869207],[6.9566052,49.2866026],[6.9569377,49.2861046],[6.9571844,49.2857442],[6.9573845,49.2854777],[6.9577749,49.2850148],[6.9581653,49.2845712],[6.9583527,49.2843748],[6.9585717,49.2841623],[6.9587993,49.2839716],[6.9590996,49.2837539],[6.95956,49.2834797],[6.9600134,49.283259],[6.9605687,49.2829781],[6.9609112,49.2827662],[6.9611856,49.2825669],[6.9614283,49.282364],[6.9617025,49.2820632],[6.9618955,49.2817988],[6.9620578,49.2814882],[6.9621515,49.2812587],[6.9622278,49.2809441],[6.9622888,49.2806106],[6.9624159,49.2794506],[6.9624495,49.2791403],[6.9625396,49.278551],[6.9625963,49.2781604],[6.9626382,49.2778794],[6.9626663,49.2776721],[6.9626797,49.2775165],[6.9626829,49.2773803],[6.9626758,49.2772227],[6.9626509,49.2769738],[6.9626273,49.2767896],[6.9625975,49.276645],[6.9625029,49.2763786],[6.9623811,49.2760635],[6.9622034,49.2756095],[6.9620183,49.275161],[6.9618839,49.2748103],[6.9618143,49.2746069],[6.9616738,49.27419],[6.9615748,49.2738416],[6.9615233,49.2735813],[6.9615021,49.2733305],[6.9615087,49.2730758],[6.9615308,49.2728132],[6.9615472,49.2726299],[6.9615745,49.2724399],[6.961593,49.272274],[6.9616017,49.2721006],[6.9615982,49.2719914],[6.9615822,49.271823],[6.9614681,49.271409],[6.9614129,49.2712591],[6.9613567,49.2711447],[6.961085,49.2707093],[6.9610113,49.2705804],[6.9609399,49.2704489],[6.9608594,49.270286],[6.9608051,49.2701351],[6.9607652,49.2699949],[6.9607325,49.2698407],[6.9607014,49.2696645],[6.9606928,49.2694796],[6.9606993,49.2693163],[6.9607129,49.2691465],[6.9607469,49.2689849],[6.9607927,49.2687917],[6.9608517,49.2686302],[6.9609231,49.268476],[6.9610015,49.268329],[6.9611162,49.2681482],[6.9614031,49.2677181],[6.9614813,49.267594],[6.9615585,49.2674651],[6.9616303,49.2673348],[6.9616914,49.2672085],[6.9617424,49.2670876],[6.961785,49.2669607],[6.9618136,49.2668506],[6.9618698,49.2665668],[6.9618774,49.2664251],[6.9618762,49.2662545],[6.9618623,49.2661008],[6.9618255,49.2659166],[6.9617664,49.2657022],[6.9617051,49.2655324],[6.9616439,49.2653925],[6.9615034,49.2651336],[6.9613484,49.2649313],[6.96122,49.2647784],[6.9610634,49.2646141],[6.9609334,49.2644962],[6.960766,49.2643569],[6.9605367,49.2641893],[6.9600065,49.2638641],[6.9594806,49.2635452],[6.9593441,49.2634583],[6.9592202,49.263376],[6.95907,49.2632772],[6.9589175,49.2631746],[6.9587789,49.263068],[6.9583905,49.2627532]]}}]}