section,direction,site_row,address,status,chain_km,power_kw,fast_points,access_m,return_m,snap_m
northern,north,26834,Bremen Flughafenallee 26 28199,unconfirmed,365.695,66.0,0,,,
northern,north,26847,Bremen Neuenlander Str. 440 28201,unconfirmed,367.113,33.0,0,,,
northern,north,26869,Bremen Föhrenstraße 70-72 28207,unconfirmed,372.021,22.0,0,,,
northern,north,26955,Bremen Kötnerweide 7 28259,unconfirmed,361.644,44.0,0,,,
northern,north,26958,Bremen Alfred-Faust-Str. 0 28277,unconfirmed,367.619,50.0,0,,,
northern,north,26959,Bremen Emanuel-Backhaus-Str. 9 28277,unconfirmed,367.411,44.0,0,,,
northern,north,26960,Bremen Ernst-Ehrhardt-Str. 1 28277,unconfirmed,367.716,44.0,0,,,
northern,north,26961,Bremen Ernst-Ehrhardt-Str. 1 28277,unconfirmed,367.716,44.0,0,,,
northern,north,26962,Bremen Hermann-Entholt-Straße 0 28277,unconfirmed,367.827,900.0,6,,,
northern,north,26963,Bremen Kattenturmer Heerstr. 28 28277,unconfirmed,367.129,300.0,2,,,
northern,north,26964,Bremen Niedersachsendamm 1 28277,unconfirmed,367.25,2000.0,8,,,
northern,north,26965,Bremen Paderborner Str. 4 28277,unconfirmed,366.721,44.0,0,,,
northern,north,26966,Bremen Arsterdamm 180 28279,unconfirmed,369.492,71.0,0,,,
northern,north,26967,Bremen Borgwardstr. 4-6 28279,unconfirmed,369.989,44.0,0,,,
northern,north,26968,Bremen Borgwardstraße 1 28279,unconfirmed,370.285,150.0,0,,,
northern,north,26969,Bremen Borgwardstraße 10 28279,unconfirmed,370.01,55.0,0,,,
northern,north,26970,Bremen Borgwardstraße 4 28279,unconfirmed,370.134,44.0,0,,,
northern,north,26971,Bremen Borgwardstraße 7 28279,unconfirmed,370.164,93.0,0,,,
northern,north,26972,Bremen Ernst-Buchholz-Str. 3 28279,unconfirmed,370.369,44.0,0,,,
northern,north,26973,Bremen Martin-Luther-King-Str. 130 28279,unconfirmed,369.269,44.0,0,,,
northern,north,26974,Bremen Adam-Smith-Str. 0 28307,unconfirmed,376.052,1200.0,6,,,
northern,north,26975,Bremen Hans-Bredow-Str. 19 28307,road_route_found_entrance_unverified,377.385,176.0,0,2886.1,2974.1,4.5
northern,north,26976,Bremen Hans-Bredow-Str. 19 28307,road_route_found_entrance_unverified,377.385,750.0,10,2928.8,2932.3,4.0
northern,north,26977,Bremen Hans-Bredow-Str. 19 28307,unconfirmed,378.928,220.0,0,,,
northern,north,26978,Bremen Hans-Bredow-Str. 52 28307,road_route_found_entrance_unverified,377.385,150.0,2,2992.4,2926.0,6.9
northern,north,26979,Bremen Hans-Bredow-Str. 7038 28307,road_route_found_entrance_unverified,377.385,150.0,2,2928.8,2932.3,4.0
northern,north,26980,Bremen Hans-Bredow-Str. 9 28307,unconfirmed,378.834,352.0,0,,,
northern,north,26981,Bremen Hans-Bredow-Straße 20 28307,unconfirmed,378.892,1200.0,8,,,
northern,north,26982,Bremen Hemslinger Weg 13 28307,road_route_found_entrance_unverified,377.385,44.0,0,2430.9,2415.9,7.2
northern,north,26983,Bremen Kronberger Str. 7 28307,unconfirmed,374.572,44.0,0,,,
northern,north,26984,Bremen Osterholzer Heerstr. 119-121 28307,unconfirmed,374.171,150.0,2,,,
northern,north,26985,Bremen Osterholzer Heerstr. 147 28307,unconfirmed,378.583,400.0,2,,,
northern,north,26986,Bremen Osterholzer Heerstr. 159 28307,unconfirmed,378.619,71.0,0,,,
northern,north,26987,Bremen Osterholzer Heerstr. 161 28307,unconfirmed,378.703,172.0,2,,,
northern,north,26988,Bremen Osterholzer Heerstr. 215 28307,unconfirmed,378.999,44.0,0,,,
northern,north,26989,Bremen Von-Thünen-Str. 14 28307,unconfirmed,378.912,66.0,0,,,
northern,north,26990,Bremen Werner-Steenken-Str. 5 28307,unconfirmed,378.865,322.0,4,,,
northern,north,26991,Bremen Zum Panrepel 11 28307,road_route_found_entrance_unverified,377.385,22.0,0,2633.1,2592.0,38.1
northern,north,26992,Bremen Europaallee 1-3 28309,road_route_found_entrance_unverified,371.723,44.0,0,1037.7,873.2,10.9
northern,north,26993,Bremen Europaallee 2 28309,road_route_found_entrance_unverified,371.723,100.0,0,983.6,1528.4,5.8
northern,north,26994,Bremen Europaallee 5 28309,road_route_found_entrance_unverified,371.723,150.0,2,766.1,807.0,4.4
northern,north,26995,Bremen Europaallee 8 28309,unconfirmed,372.249,194.0,0,,,
northern,north,26996,Bremen Funkschneise 5-7 28309,unconfirmed,373.08,176.0,0,,,
northern,north,26997,Bremen Godehardstraße 21 28309,unconfirmed,372.439,44.0,0,,,
northern,north,26998,Bremen Hannoversche Str. 138 28309,road_route_found_entrance_unverified,371.723,150.0,2,2727.1,2744.3,9.3
northern,north,26999,Bremen Hemelinger Bahnhofstraße 42 28309,unconfirmed,372.308,132.0,0,,,
northern,north,27000,Bremen Hemelinger Heerstr. 16-20 28309,unconfirmed,372.56,750.0,8,,,
northern,north,27001,Bremen Hermann-Koenen-Straße 0 28309,unconfirmed,373.288,220.0,0,,,
northern,north,27002,Bremen Hermann-Koenen-Straße 0 28309,unconfirmed,373.288,440.0,0,,,
northern,north,27003,Bremen Hermann-Koenen-Straße 0 28309,unconfirmed,373.252,385.0,0,,,
northern,north,27004,Bremen Hermann-Koenen-Straße 28 28309,unconfirmed,373.288,440.0,0,,,
northern,north,27005,Bremen Hermann-Koenen-Straße 28 28309,unconfirmed,373.288,352.0,0,,,
northern,north,27006,Bremen Hermann-Koenen-Straße 28 28309,unconfirmed,373.288,88.0,0,,,
northern,north,27007,Bremen Hinter den Ellern 2 28309,unconfirmed,372.999,44.0,0,,,
northern,north,27008,Bremen Hinter den Ellern 2 28309,unconfirmed,372.999,44.0,0,,,
northern,north,27009,Bremen Im Holter Feld 91 28309,unconfirmed,372.967,264.0,0,,,
northern,north,27010,Bremen Martensstraße 0 28309,unconfirmed,373.088,187.0,0,,,
northern,north,27011,Bremen Mercedes-Benz Parkhaus Tor 9 0 28309,unconfirmed,373.252,528.0,0,,,
northern,north,27012,Bremen Mercedesstraße 91 28309,unconfirmed,372.951,44.0,0,,,
northern,north,27013,Bremen Osterholzer Heerstraße 215 28309,unconfirmed,379.033,44.0,0,,,
northern,north,27014,Bremen Sebaldsbrücker Heerstr. 155 28309,unconfirmed,372.592,164.0,0,,,
northern,north,27015,Bremen Segelsbrück 7 28309,unconfirmed,372.701,110.0,0,,,
northern,north,27016,Bremen Steinmetzenweg 10 28309,unconfirmed,373.295,638.0,0,,,
northern,north,27017,Bremen Weser-Ems-Straße 1 28309,road_route_found_entrance_unverified,371.723,55.0,0,1706.1,1873.8,30.2
northern,north,27018,Bremen Armsener Straße 19 28325,unconfirmed,374.135,88.0,0,,,
northern,north,27021,Bremen Osterholzer Heerstr. 222 28325,unconfirmed,379.274,300.0,2,,,
northern,north,27022,Bremen Osterholzer Heerstraße 154 28325,unconfirmed,378.606,22.0,0,,,
northern,north,27023,Bremen Walliser Straße 15 28325,unconfirmed,379.077,44.0,0,,,
northern,north,27028,Bremen Osterholzer Heerstr. 84 28327,unconfirmed,373.876,44.0,0,,,
northern,north,27039,Bremen Henri-Dunant-Straße 3 28329,unconfirmed,367.29,22.0,0,,,
northern,north,27595,Hamburg Am Zollhafen 24 20539,unconfirmed,477.608,88.0,0,,,
northern,north,27597,Hamburg Billhorner Deich 11 20539,unconfirmed,477.93,88.0,0,,,
northern,north,27598,Hamburg Billhorner Deich 49 20539,unconfirmed,477.93,88.0,0,,,
northern,north,27599,Hamburg Billhorner Deich 96 20539,unconfirmed,477.957,44.0,0,,,
northern,north,27601,Hamburg Billwerder Neuer Deich 10 20539,unconfirmed,477.799,88.0,0,,,
northern,north,27602,Hamburg Großmannstraße 195-211 20539,unconfirmed,479.049,600.0,4,,,
northern,north,27603,Hamburg Harburger Chaussee 17 20539,unconfirmed,477.492,44.0,0,,,
northern,north,27604,Hamburg Hovestr. 41 20539,unconfirmed,477.748,44.0,0,,,
northern,north,27605,Hamburg Katenweide 1 20539,unconfirmed,477.574,44.0,0,,,
northern,north,27606,Hamburg Lindleystr. 7 20539,unconfirmed,477.896,88.0,0,,,
northern,north,27607,Hamburg Marckmannstr. 157 20539,unconfirmed,478.091,88.0,0,,,
northern,north,27608,Hamburg Sieldeich 11 20539,unconfirmed,477.654,88.0,0,,,
northern,north,27609,Hamburg Stresowstr. 33a 20539,unconfirmed,477.867,44.0,0,,,
northern,north,27610,Hamburg Vierländer Damm 1 20539,unconfirmed,477.896,44.0,0,,,
northern,north,27611,Hamburg Vierländer Damm 71a 20539,unconfirmed,478.079,44.0,0,,,
northern,north,27640,Hamburg Boberger Anger 0 21031,unconfirmed,484.704,28.0,0,,,
northern,north,27641,Hamburg Boberger Drift 40 21031,unconfirmed,484.684,44.0,0,,,
northern,north,27642,Hamburg Bockhorster Weg 0 21031,unconfirmed,484.79,28.0,0,,,
northern,north,27664,Hamburg Rudorffweg 10 21031,unconfirmed,484.604,22.0,0,,,
northern,north,27669,Hamburg Am Gleisdreieck 10c 21033,unconfirmed,482.442,88.0,0,,,
northern,north,27721,Hamburg Wilhelm-Iwan-Ring 1 21035,unconfirmed,481.49,600.0,4,,,
northern,north,27731,Hamburg Bremer Str. 22 21073,unconfirmed,472.224,88.0,0,,,
northern,north,27739,Hamburg Gerade Str. 24 21073,unconfirmed,471.634,44.0,0,,,
northern,north,27740,Hamburg Goldtschmidtstr. 5 21073,unconfirmed,472.251,44.0,0,,,
northern,north,27742,Hamburg Großer Schippsee 29 21073,unconfirmed,472.484,44.0,0,,,
northern,north,27744,Hamburg Harburger Rathausstr. 37 21073,unconfirmed,472.251,44.0,0,,,
northern,north,27745,Hamburg Hastedtstr. 1 21073,unconfirmed,472.131,44.0,0,,,
northern,north,27747,Hamburg Julius-Ludowieg-Str. 23 21073,unconfirmed,472.396,44.0,0,,,
northern,north,27749,Hamburg Lüneburger Straße 39 21073,unconfirmed,472.465,11.0,0,,,
northern,north,27750,Hamburg Neue Str. 26 21073,unconfirmed,472.607,44.0,0,,,
northern,north,27751,Hamburg Sand 12 21073,unconfirmed,472.521,44.0,0,,,
northern,north,27752,Hamburg Schloßmühlendamm 23 21073,unconfirmed,472.64,44.0,0,,,
northern,north,27753,Hamburg Schloßmühlendamm 30 21073,unconfirmed,472.604,88.0,0,,,
northern,north,27755,Hamburg Wallgraben 46 21073,unconfirmed,472.714,44.0,0,,,
northern,north,27756,Hamburg Wilstorfer Str. 58 21073,unconfirmed,471.936,44.0,0,,,
northern,north,27783,Hamburg Gotthelfweg 2b 21077,unconfirmed,471.062,150.0,2,,,
northern,north,27795,Hamburg Winsener Str. 213 21077,unconfirmed,467.107,22.0,0,,,
northern,north,27796,Hamburg Winsener Str. 231 21077,unconfirmed,467.012,22.0,0,,,
northern,north,27797,Hamburg Winsener Str. 84A 21077,unconfirmed,470.398,22.0,0,,,
northern,north,27800,Hamburg Blohmstr. 22 21079,unconfirmed,473.039,44.0,0,,,
northern,north,27801,Hamburg Blohmstraße 27 21079,unconfirmed,473.124,44.0,0,,,
northern,north,27802,Hamburg Buchholzer Weg 3a 21079,unconfirmed,469.381,88.0,0,,,
northern,north,27803,Hamburg Großmoorbogen 1 21079,unconfirmed,472.22,93.0,0,,,
northern,north,27804,Hamburg Großmoorbogen 23 21079,unconfirmed,471.559,22.0,0,,,
northern,north,27805,Hamburg Großmoorbogen 23 21079,unconfirmed,471.747,88.0,0,,,
northern,north,27806,Hamburg Großmoorbogen 23 21079,unconfirmed,471.543,132.0,0,,,
northern,north,27807,Hamburg Großmoorring 11 21079,unconfirmed,471.824,44.0,0,,,
northern,north,27808,Hamburg Hanhoopsfeld 19 21079,unconfirmed,469.872,88.0,0,,,
northern,north,27809,Hamburg Hannoversche Str. 100 21079,unconfirmed,471.551,132.0,0,,,
northern,north,27810,Hamburg Hüllbeen 5 21079,unconfirmed,469.624,88.0,0,,,
northern,north,27811,Hamburg Karnapp 25 21079,unconfirmed,472.636,44.0,0,,,
northern,north,27812,Hamburg Kniggestraße 6 21079,unconfirmed,470.392,44.0,0,,,
northern,north,27813,Hamburg Kuchenbergweg 43g 21079,unconfirmed,467.107,44.0,0,,,
northern,north,27814,Hamburg Musilweg 2 21079,unconfirmed,470.169,88.0,0,,,
northern,north,27815,Hamburg Reeseberg 101 21079,unconfirmed,470.304,88.0,0,,,
northern,north,27816,Hamburg Reeseberg 184 21079,unconfirmed,469.948,22.0,0,,,
northern,north,27817,Hamburg Reeseberg 184 21079,unconfirmed,469.948,22.0,0,,,
northern,north,27818,Hamburg Reeseberg 56 21079,unconfirmed,470.531,22.0,0,,,
northern,north,27819,Hamburg Rönneburger Str. 23 21079,unconfirmed,470.032,71.0,0,,,
northern,north,27820,Hamburg Schellerdamm 1 21079,unconfirmed,472.882,150.0,0,,,
northern,north,27821,Hamburg Schellerdamm 15a 21079,unconfirmed,472.68,88.0,0,,,
northern,north,27822,Hamburg Schneverdinger Weg 1 21079,unconfirmed,469.962,22.0,0,,,
northern,north,27823,Hamburg Schneverdinger Weg 4e 21079,unconfirmed,470.024,88.0,0,,,
northern,north,27825,Hamburg Theodor-Yorck-Str. 14 21079,unconfirmed,472.745,88.0,0,,,
northern,north,27826,Hamburg Veritaskai 8 21079,unconfirmed,472.954,44.0,0,,,
northern,north,27827,Hamburg Zum Handwerkszentrum 1 21079,unconfirmed,472.036,44.0,0,,,
northern,north,27828,Hamburg Eckermannstr. 1a 21107,unconfirmed,477.291,150.0,2,,,
northern,north,27829,Hamburg Fährstr. 12 21107,unconfirmed,477.337,44.0,0,,,
northern,north,27830,Hamburg Georg-Wilhelm-Str. 329 21107,unconfirmed,474.082,300.0,2,,,
northern,north,27831,Hamburg Georg-Wilhelm-Str. 69 21107,unconfirmed,477.234,150.0,2,,,
northern,north,27832,Hamburg Georg-Wilhelm-Straße 46 21107,unconfirmed,477.315,88.0,0,,,
northern,north,27833,Hamburg Kurdamm 19 21107,unconfirmed,474.874,44.0,0,,,
northern,north,27834,Hamburg König-Georg-Deich 8 21107,road_route_found_entrance_unverified,474.031,300.0,4,2738.3,3164.7,7.2
northern,north,27836,Hamburg Mengestr. 14 21107,unconfirmed,475.339,900.0,6,,,
northern,north,27838,Hamburg Pollhornweg 25 21107,unconfirmed,474.196,22.0,0,,,
northern,north,27839,Hamburg Reinstorfweg 16 21107,unconfirmed,475.389,93.0,0,,,
northern,north,27840,Hamburg Reinstorfweg 16 21107,unconfirmed,475.424,200.0,2,,,
northern,north,27841,Hamburg Stenzelring 26 21107,unconfirmed,477.391,88.0,0,,,
northern,north,27842,Hamburg Veringstr. 173 21107,unconfirmed,475.47,44.0,0,,,
northern,north,27844,Hamburg Vogelhüttendeich 102 21107,unconfirmed,477.337,44.0,0,,,
northern,north,27846,Hamburg Vogelhüttendeich 87 21107,unconfirmed,477.337,44.0,0,,,
northern,north,27847,Hamburg Weimarer Str. 71 21107,unconfirmed,477.209,88.0,0,,,
northern,north,27848,Hamburg Zeidlerstr. 55 21107,unconfirmed,477.267,44.0,0,,,
northern,north,27849,Hamburg Zeidlerstr. 59 21107,unconfirmed,477.267,44.0,0,,,
northern,north,27850,Hamburg Am Inselpark 5d 21109,unconfirmed,475.192,88.0,0,,,
northern,north,27851,Hamburg Erlerring 0 21109,road_route_found_entrance_unverified,474.031,88.0,0,2636.0,3226.7,5.1
northern,north,27852,Hamburg Georgswerder Bogen 12 21109,unconfirmed,477.55,350.0,2,,,
northern,north,27853,Hamburg Georgswerder Bogen 12 21109,unconfirmed,477.55,400.0,2,,,
northern,north,27854,Hamburg Georgswerder Bogen 12 21109,unconfirmed,477.52,400.0,2,,,
northern,north,27855,Hamburg Jaffestr. 4 21109,unconfirmed,477.198,55.0,0,,,
northern,north,27856,Hamburg Karl-Arnold-Ring 2 21109,road_route_found_entrance_unverified,474.031,44.0,0,2390.4,3001.5,0.0
northern,north,27857,Hamburg Korallusring 7 21109,unconfirmed,477.104,44.0,0,,,
northern,north,27858,Hamburg Korallusring 71 21109,unconfirmed,477.104,44.0,0,,,
northern,north,27859,Hamburg Krieterstr. 32 21109,unconfirmed,475.488,44.0,0,,,
northern,north,27860,Hamburg Leipeltstr. 2b 21109,unconfirmed,474.905,88.0,0,,,
northern,north,27861,Hamburg Leipeltstr. 33 21109,road_route_found_entrance_unverified,474.031,88.0,0,2934.1,3499.9,6.5
northern,north,27862,Hamburg Neuenfelder Str. 19 21109,unconfirmed,475.331,88.0,0,,,
northern,north,27863,Hamburg Otto-Brenner-Str. 6 21109,road_route_found_entrance_unverified,474.031,600.0,4,2843.4,3388.9,6.9
northern,north,27864,Hamburg Raststätte Hamburg-Stillhorn Ost 0 21109,unconfirmed,474.683,98.0,0,,,
northern,north,27865,Hamburg Raststätte Hamburg-Stillhorn West 0 21109,road_route_found_entrance_unverified,474.031,98.0,0,1553.1,1753.2,7.6
northern,north,27866,Hamburg Stillhorner Weg 40 21109,unconfirmed,474.168,3000.0,12,,,
northern,north,27867,Hamburg Wilhelm-Strauß-Weg 7 21109,unconfirmed,475.668,88.0,0,,,
northern,north,27947,Hamburg Barsbütteler Str. 43 22043,unconfirmed,488.517,300.0,2,,,
northern,north,27948,Hamburg Barsbütteler Str. 45 22043,unconfirmed,488.55,135.0,0,,,
northern,north,27949,Hamburg Grabkeweg 6 22043,unconfirmed,488.391,22.0,0,,,
northern,north,27953,Hamburg Holstenhofweg 85 22043,unconfirmed,487.924,44.0,0,,,
northern,north,27954,Hamburg Holstenhofweg 85 22043,unconfirmed,487.991,88.0,0,,,
northern,north,27956,Hamburg Jenfelder Allee 0 22043,unconfirmed,488.502,28.0,0,,,
northern,north,27957,Hamburg Jenfelder Allee 0 22043,unconfirmed,488.502,28.0,0,,,
northern,north,27958,Hamburg Jenfelder Allee 10 22043,unconfirmed,488.317,22.0,0,,,
northern,north,27959,Hamburg Jenfelder Allee 70 22043,unconfirmed,488.502,150.0,2,,,
northern,north,27960,Hamburg Jenfelder Allee 80 22043,unconfirmed,488.546,150.0,2,,,
northern,north,27964,Hamburg Raja-Ilinauk-Str. 31 22043,unconfirmed,488.001,22.0,0,,,
northern,north,27965,Hamburg Raja-Ilinauk-Str. 31 22043,unconfirmed,487.993,22.0,0,,,
northern,north,27966,Hamburg Schiffbeker Weg 299 22043,unconfirmed,488.142,320.0,2,,,
northern,north,27970,Hamburg Öjendorfer Damm 60 22043,unconfirmed,488.444,44.0,0,,,
northern,north,27973,Hamburg Bekkamp 27 22045,unconfirmed,488.586,88.0,0,,,
northern,north,27974,Hamburg Charlottenburger Str. 43b 22045,unconfirmed,488.599,88.0,0,,,
northern,north,27975,Hamburg Charlottenburger Str. 63 22045,unconfirmed,488.668,11.0,0,,,
northern,north,27977,Hamburg Kreuzburger Str. 6 22045,unconfirmed,488.502,88.0,0,,,
northern,north,27979,Hamburg Schweidnitzer Straße 54 22045,unconfirmed,488.656,44.0,0,,,
northern,north,27980,Hamburg Schöneberger Str. 30 22045,unconfirmed,488.744,88.0,0,,,
northern,north,28131,Hamburg Am Schiffbeker Berg 26 22111,unconfirmed,484.149,88.0,0,,,
northern,north,28132,Hamburg Am Schiffbeker Berg 6a 22111,unconfirmed,484.018,93.0,0,,,
northern,north,28136,Hamburg Billstedter Hauptstr. 54 22111,unconfirmed,484.537,44.0,0,,,
northern,north,28147,Hamburg Amandus-Stubbe-Str. 8 22113,unconfirmed,480.777,640.0,4,,,
northern,north,28148,Hamburg Amandus-Stubbe-Straße 6 22113,unconfirmed,480.776,2100.0,14,,,
northern,north,28149,Hamburg Andreas-Meyer-Straße 44 22113,road_route_found_entrance_unverified,480.327,300.0,2,2117.5,1867.8,10.3
northern,north,28150,Hamburg Andreas-Meyerstrasse 44 22113,road_route_found_entrance_unverified,480.327,600.0,4,2117.5,1867.8,10.3
northern,north,28151,Hamburg Kolumbusstr. 14 22113,unconfirmed,483.812,22.0,0,,,
northern,north,28152,Hamburg Kolumbusstraße 14 22113,unconfirmed,483.823,88.0,0,,,
northern,north,28153,Hamburg Liebigstr. 40 22113,unconfirmed,482.201,44.0,0,,,
northern,north,28154,Hamburg Neue Feldhofe 0 22113,unconfirmed,481.391,22.0,0,,,
northern,north,28155,Hamburg Unterer Landweg 77 22113,unconfirmed,481.264,84.0,0,,,
northern,north,28156,Hamburg Wöhlerstrasse 2 22113,unconfirmed,482.254,132.0,0,,,
northern,north,28157,Hamburg Wöhlerstrasse 2 22113,unconfirmed,482.253,22.0,0,,,
northern,north,28158,Hamburg Kandinskyallee 11 22115,road_route_found_entrance_unverified,484.085,44.0,0,1900.6,1829.1,5.4
northern,north,28159,Hamburg Kandinskyallee 23 22115,road_route_found_entrance_unverified,484.085,44.0,0,2425.1,2291.8,5.3
northern,north,28160,Hamburg Max-Klinger-Str. 1 22115,road_route_found_entrance_unverified,484.085,22.0,0,2749.5,2676.4,15.3
northern,north,28161,Hamburg Max-Pechstein-Str. 0 22115,unconfirmed,485.222,56.0,0,,,
northern,north,28162,Hamburg Max-Pechstein-Str. 4 22115,unconfirmed,485.348,88.0,0,,,
northern,north,28163,Hamburg Glinder Str. 1 22117,unconfirmed,486.673,600.0,4,,,
northern,north,28164,Hamburg Glitzaweg 15 22117,road_route_found_entrance_unverified,486.332,88.0,0,2489.8,2641.3,3.5
northern,north,28165,Hamburg Honsbergenstr. 5a 22117,unconfirmed,485.465,88.0,0,,,
northern,north,28166,Hamburg Kaltenbergen 1a 22117,road_route_found_entrance_unverified,486.332,88.0,0,1698.6,3312.2,8.8
northern,north,28167,Hamburg Marienblick 0 22117,road_route_found_entrance_unverified,486.332,22.0,0,2683.5,3812.1,12.3
northern,north,28168,Hamburg Merkenstr. 34 22117,road_route_found_entrance_unverified,486.332,44.0,0,2751.0,2084.7,6.9
northern,north,28169,Hamburg Morsumer Weg 17 22117,road_route_found_entrance_unverified,486.332,22.0,0,1551.5,3390.3,4.5
northern,north,28170,Hamburg Möllner Landstr. 105 22117,unconfirmed,485.068,44.0,0,,,
northern,north,28171,Hamburg Möllner Landstr. 148 22117,road_route_found_entrance_unverified,486.332,88.0,0,2660.6,3329.5,6.6
northern,north,28172,Hamburg Möllner Landstr. 221 22117,road_route_found_entrance_unverified,486.332,22.0,0,1873.1,3187.1,4.4
northern,north,28173,Hamburg Möllner Landstr. 98 22117,unconfirmed,485.053,44.0,0,,,
northern,north,28174,Hamburg Hans-Rubbert-Str. 39 22119,unconfirmed,487.993,11.0,0,,,
northern,north,28176,Hamburg Legienstr. 144 22119,unconfirmed,486.518,44.0,0,,,
northern,north,28177,Hamburg Mansardtstr. 74 22119,unconfirmed,487.315,44.0,0,,,
northern,north,28178,Hamburg Manshardtstr. 153 22119,unconfirmed,487.482,22.0,0,,,
northern,north,28179,Hamburg Querkamp 69 22119,unconfirmed,487.31,150.0,2,,,
northern,north,28180,Hamburg Schiffbeker Höhe 15 22119,unconfirmed,485.81,44.0,0,,,
northern,north,28181,Hamburg Schiffbeker Höhe 43 22119,unconfirmed,485.809,88.0,0,,,
northern,north,28182,Hamburg Schiffbeker Weg 103 22119,unconfirmed,485.923,44.0,0,,,
northern,north,28183,Hamburg Schiffbeker Weg 83 22119,unconfirmed,485.694,44.0,0,,,
northern,north,28184,Hamburg Schiffbeker Weg 90/92 22119,unconfirmed,485.992,350.0,2,,,
northern,north,28185,Hamburg Spliedtring 2 22119,unconfirmed,487.652,88.0,0,,,
northern,north,28190,Hamburg Großlohering 2 22143,unconfirmed,493.7,44.0,0,,,
northern,north,28191,Hamburg Mehlandsredder 12 22143,unconfirmed,493.951,88.0,0,,,
northern,north,28192,Hamburg Merkurring 111 22143,unconfirmed,494.45,22.0,0,,,
northern,north,28193,Hamburg Merkurring 20 22143,unconfirmed,494.381,88.0,0,,,
northern,north,28194,Hamburg Neuer Höltigbaum 6 22143,unconfirmed,494.532,44.0,0,,,
northern,north,28196,Hamburg Rahlstedter Kamp 44 22143,unconfirmed,494.016,88.0,0,,,
northern,north,28199,Hamburg Sieker Landstr. 126 22143,unconfirmed,494.657,150.0,2,,,
northern,north,28200,Hamburg Sieker Landstr. 26 22143,unconfirmed,493.869,150.0,2,,,
northern,north,28201,Hamburg Sieker Landstr. 29 22143,unconfirmed,493.876,150.0,2,,,
northern,north,28226,Hamburg Am Sooren 1 22149,unconfirmed,492.652,44.0,0,,,
northern,north,28227,Hamburg Am Sooren 3 22149,unconfirmed,492.692,44.0,0,,,
northern,north,28228,Hamburg Am Sooren 85A 22149,unconfirmed,493.049,88.0,0,,,
northern,north,28230,Hamburg Buchwaldstraße 102 22149,unconfirmed,492.918,88.0,0,,,
northern,north,28231,Hamburg Grunewaldstr. 76 22149,unconfirmed,488.901,22.0,0,,,
northern,north,28232,Hamburg Grunewaldstr. 76 22149,unconfirmed,488.901,22.0,0,,,
northern,north,28233,Hamburg Liliencronstr. 130 22149,unconfirmed,491.842,44.0,0,,,
northern,north,28240,Hamburg Schwarzenbeker Ring 65 22149,unconfirmed,492.513,22.0,0,,,
northern,north,28241,Hamburg Schwarzenbeker Ring 67 22149,unconfirmed,492.519,22.0,0,,,
northern,north,28242,Hamburg Schöneberger Str. 114 22149,unconfirmed,488.95,88.0,0,,,
northern,north,28548,Hamburg Auf der Koppel 7 22399,unconfirmed,494.016,44.0,0,,,
northern,north,28969,Hamburg/ Moorfleet Andreas- Meyer- Straße 63 22761,road_route_found_entrance_unverified,480.327,122.0,0,2326.9,2085.0,25.9
northern,north,35892,Osnabrück Benzstr. 9 49076,unconfirmed,255.099,3600.0,24,,,
northern,north,35893,Osnabrück Birkenallee 64 49076,unconfirmed,252.296,150.0,0,,,
northern,north,35894,Osnabrück Im Felde 19 49076,unconfirmed,252.28,11.0,0,,,
northern,north,35895,Osnabrück Im Felde 4 49076,unconfirmed,252.453,44.0,0,,,
northern,north,35899,Osnabrück Prof.-Porsche-Str. 1 49076,road_route_found_entrance_unverified,254.651,800.0,4,710.7,651.3,9.3
northern,north,35900,Osnabrück Quebecallee 11 49076,unconfirmed,255.638,44.0,0,,,
northern,north,35915,Osnabrück Rheiner Landstraße 215 49078,unconfirmed,251.191,84.0,0,,,
northern,north,35996,Osnabrück Eversheide 53 49090,unconfirmed,256.085,44.0,0,,,
northern,north,36008,Osnabrück Quebecallee 6 49090,unconfirmed,255.428,450.0,4,,,
northern,north,36013,Osnabrück Vehrter Landstraße 0 49090,unconfirmed,254.651,88.0,0,,,
northern,north,36014,Osnabrück Vehrter Landstraße 0 49090,unconfirmed,254.651,66.0,0,,,
northern,north,36016,Osnbrück Rubbenbruchweg 0 49090,unconfirmed,254.651,22.0,0,,,
northern,north,36854,Emstek Dr.-Richard-Straße 9 49685,unconfirmed,319.406,11.0,0,,,
northern,north,36855,Emstek ecopark-Allee 8 49685,unconfirmed,316.701,22.0,0,,,
northern,north,36856,Emstek Franz-Vorwerk-Straße 17 49685,unconfirmed,319.264,11.0,0,,,
northern,north,36857,Emstek Industriestr. 22 49685,unconfirmed,319.877,22.0,0,,,
northern,north,36859,Emstek OM-Allee 5 49685,road_route_found_entrance_unverified,317.042,4200.0,28,2989.2,2793.2,1.1
northern,north,36862,Emstek Raiffeisenstraße 4 49685,road_route_found_entrance_unverified,317.042,88.0,0,2504.7,5096.8,2.3
northern,north,36863,Emstek-Bühren Caspar-Schmitz-Straße 19 49685,road_route_found_entrance_unverified,317.042,50.0,0,1428.1,4485.9,6.2
northern,north,36867,Schneiderkrug Sülzbührener Str. 1 49685,unconfirmed,317.009,150.0,2,,,
northern,north,37081,Stuhr 3-K-Weg 23 28816,road_route_found_entrance_unverified,358.63,450.0,4,1616.9,9504.5,45.6
northern,north,37082,Stuhr Ahrstraße 1 28816,unconfirmed,364.227,44.0,0,,,
northern,north,37083,Stuhr Bassumer Str. 0 28816,unconfirmed,363.467,28.0,0,,,
northern,north,37084,Stuhr Bremer Straße 103 28816,road_route_found_entrance_unverified,366.071,75.0,0,1573.0,1180.2,8.6
northern,north,37085,Stuhr Bremer Straße 107 28816,road_route_found_entrance_unverified,366.071,75.0,0,1526.3,1195.9,1.4
northern,north,37086,Stuhr Bremer Strasse 112 28816,road_route_found_entrance_unverified,366.071,3500.0,14,1221.2,1442.7,8.2
northern,north,37087,Stuhr Bremerstr 112 28816,road_route_found_entrance_unverified,366.071,600.0,4,1204.5,1942.4,3.0
northern,north,37088,Stuhr Bruchstr. 0 28816,unconfirmed,364.56,28.0,0,,,
northern,north,37089,Stuhr Carl-Zeiss-Str. 18 28816,road_route_found_entrance_unverified,366.071,120.0,0,1615.0,1778.2,7.6
northern,north,37090,Stuhr Delmenhorster Str. 208 28816,road_route_found_entrance_unverified,358.63,600.0,4,820.9,7925.6,16.5
northern,north,37091,Stuhr Delmenhorster Str. 22 28816,unconfirmed,362.797,110.0,0,,,
northern,north,37092,Stuhr Delmenhorster Str. 240 28816,road_route_found_entrance_unverified,358.63,1600.0,9,1391.0,9090.0,0.5
northern,north,37093,Stuhr Gutenbergstraße 11 28816,unconfirmed,363.818,33.0,0,,,
northern,north,37094,Stuhr Heiderand 13 28816,road_route_found_entrance_unverified,358.63,11.0,0,2840.5,7533.5,0.4
northern,north,37096,Stuhr Henleinstr. 11 28816,road_route_found_entrance_unverified,366.071,150.0,2,1982.5,2120.3,5.9
northern,north,37097,Stuhr Henleinstr. 11 28816,road_route_found_entrance_unverified,366.071,150.0,2,1982.5,2120.3,5.9
northern,north,37098,Stuhr Henleinstr. 11 28816,road_route_found_entrance_unverified,366.071,150.0,2,1982.5,2120.3,5.9
northern,north,37099,Stuhr Henleinstr. 11 28816,road_route_found_entrance_unverified,366.071,150.0,2,1982.5,2120.3,5.9
northern,north,37100,Stuhr Henleinstr. 11 28816,road_route_found_entrance_unverified,366.071,150.0,2,1982.5,2120.3,5.9
northern,north,37101,Stuhr Henleinstr. 1a 28816,unconfirmed,366.131,84.0,0,,,
northern,north,37102,Stuhr Henleinstraße 1 28816,road_route_found_entrance_unverified,366.071,44.0,0,1647.8,1776.9,4.8
northern,north,37103,Stuhr Henleinstraße 3 28816,road_route_found_entrance_unverified,366.071,11.0,0,1784.9,1882.6,23.4
northern,north,37104,Stuhr Max-Planck-Str. 1 28816,unconfirmed,363.717,44.0,0,,,
northern,north,37105,Stuhr Moordeicher Landstr. 84 28816,road_route_found_entrance_unverified,358.63,300.0,2,1466.1,9629.8,10.0
northern,north,37106,Stuhr Moordeicher Landstraße 79 28816,road_route_found_entrance_unverified,358.63,44.0,0,1498.5,9357.9,6.7
northern,north,37107,Stuhr Posener Str. 10 28816,unconfirmed,364.163,11.0,0,,,
northern,north,37108,Stuhr Schillerstr. 0 28816,unconfirmed,359.022,28.0,0,,,
northern,north,37109,Stuhr Schulstr. 0 28816,unconfirmed,359.843,28.0,0,,,
northern,north,37110,Stuhr Syker Str. 42 28816,unconfirmed,364.719,200.0,0,,,
northern,north,37111,Stuhr Varreler Kirchweg 1d 28816,unconfirmed,360.392,11.0,0,,,
northern,north,37112,Stuhr Varreler Landstr. 6 28816,unconfirmed,361.226,150.0,2,,,
northern,north,37113,Stuhr Weser-Ems-Str. 1 28816,unconfirmed,358.458,1800.0,10,,,
northern,north,37114,Stuhr Wulfhooper Str. 1-5 28816,unconfirmed,363.025,44.0,0,,,
northern,north,37115,Stuhr Wulfhooper Str. 1-5 28816,unconfirmed,363.052,88.0,0,,,
northern,north,37116,Stuhr Wulfhooper Str. 1-5 28816,unconfirmed,363.052,88.0,0,,,
northern,north,37117,Stuhr - Groß Mackenstedt Moordeicher Landstr. 84-86 28816,road_route_found_entrance_unverified,358.63,300.0,2,1466.1,9629.8,10.0
northern,north,37130,Weyhe Hombachstr. 0 28844,unconfirmed,364.607,28.0,0,,,
northern,north,37131,Weyhe Hombachstr. 0 28844,unconfirmed,365.322,28.0,0,,,
northern,north,37138,Weyhe Ladestraße 3 28844,unconfirmed,367.2,60.0,0,,,
northern,north,38363,Seevetal Appenstedter Weg 41 21217,unconfirmed,467.362,22.0,0,,,
northern,north,38364,Seevetal Fleestedter Ring 1 21217,unconfirmed,465.908,44.0,0,,,
northern,north,38365,Seevetal Glüsinger Str. 44 21217,unconfirmed,467.028,600.0,4,,,
northern,north,38366,Seevetal Jesdal 33 21217,unconfirmed,466.038,22.0,0,,,
northern,north,38367,Seevetal Jesdal 33 21217,unconfirmed,466.038,22.0,0,,,
northern,north,38368,Seevetal Jesdal 33 21217,unconfirmed,466.038,22.0,0,,,
northern,north,38369,Seevetal Jesdal 33 21217,unconfirmed,466.019,22.0,0,,,
northern,north,38370,Seevetal Winsener Landstr. 46A 21217,unconfirmed,465.794,750.0,8,,,
northern,north,38371,Seevetal An der Reitbahn 1 21218,road_route_found_entrance_unverified,460.04,44.0,0,2329.3,2387.5,13.8
northern,north,38372,Seevetal Bahnhofstr. 17 21218,road_route_found_entrance_unverified,460.04,450.0,4,1858.9,1851.6,13.5
northern,north,38373,Seevetal Gustav-Becker-Str. 21 21218,unconfirmed,460.178,44.0,0,,,
northern,north,38374,Seevetal Gustav-Becker-Straße 2 21218,unconfirmed,460.178,100.0,0,,,
northern,north,38375,Seevetal Gustav-Becker-Straße 2 21218,unconfirmed,460.178,50.0,0,,,
northern,north,38376,Seevetal Jesteburger Str. 13 21218,road_route_found_entrance_unverified,460.04,800.0,4,867.5,868.9,5.8
northern,north,38377,Seevetal Jesteburger Straße 12 21218,road_route_found_entrance_unverified,460.04,600.0,4,811.2,694.5,13.6
northern,north,38378,Seevetal Kirchstraße 11 21218,road_route_found_entrance_unverified,460.04,110.0,0,1251.2,1183.7,6.1
northern,north,38383,Seevetal Schulstr. 61 21220,unconfirmed,464.999,150.0,2,,,
northern,north,38384,Seevetal Winsener Str. 25 21220,unconfirmed,464.462,600.0,4,,,
northern,north,38385,Seevetal Winsener Str. 25 21220,unconfirmed,464.435,150.0,2,,,
northern,north,38386,Seevetal Winsener Straße 25 21220,unconfirmed,464.451,300.0,2,,,
northern,north,38390,Rosengarten Bürgermeister-Glade-Str. 1 21224,unconfirmed,456.774,44.0,0,,,
northern,north,38391,Rosengarten Eckeler Str. 7 21224,road_route_found_entrance_unverified,453.651,300.0,4,1974.4,2153.7,5.2
northern,north,38392,Rosengarten Eckeler Str. 7 21224,road_route_found_entrance_unverified,453.651,4000.0,16,1993.8,2129.5,4.8
northern,north,38393,Rosengarten Eckeler Straße 0 21224,road_route_found_entrance_unverified,453.651,93.0,0,2025.1,2102.9,0.2
northern,north,38394,Rosengarten Kirchenstraße 2A 21224,road_route_found_entrance_unverified,453.651,22.0,0,2010.1,2108.2,2.6
northern,north,38395,Rosengarten Metzendorfer Weg 32 21224,unconfirmed,457.757,88.0,0,,,
northern,north,38396,Rosengarten Schützengrund 11 21224,unconfirmed,456.19,11.0,0,,,
northern,north,38401,Buchholz Bäckerstr. 1A 21244,unconfirmed,453.158,22.0,0,,,
northern,north,38402,Buchholz Müllerstraße 1A 21244,unconfirmed,453.159,22.0,0,,,
northern,north,38404,Buchholz Nordring 2 21244,unconfirmed,452.969,22.0,0,,,
northern,north,38419,Buchholz in der Nordheide Dibberser Str. 3 21244,unconfirmed,453.83,11.0,0,,,
northern,north,38420,Buchholz in der Nordheide Dibberser Str. 30 21244,road_route_found_entrance_unverified,453.651,1000.0,6,1563.9,1847.9,14.9
northern,north,38422,Buchholz in der Nordheide Einhornstraße 28 21244,unconfirmed,453.912,44.0,0,,,
northern,north,38423,Buchholz in der Nordheide Geißleinweg 8 21244,unconfirmed,454.0,11.0,0,,,
northern,north,38429,Buchholz in der Nordheide Im Innovationspark 1 21244,road_route_found_entrance_unverified,453.651,44.0,0,2624.8,2678.9,9.7
northern,north,38431,Buchholz in der Nordheide Maurerstr. 10 21244,unconfirmed,452.115,225.0,2,,,
northern,north,38432,Buchholz in der Nordheide Maurerstr. 10A 21244,unconfirmed,452.15,22.0,0,,,
northern,north,38435,Buchholz in der Nordheide Zimmererstr. 1 21244,unconfirmed,451.869,72.0,0,,,
northern,north,38445,Heidenau Hauptsstr. 42 21258,road_route_found_entrance_unverified,436.124,44.0,0,1371.9,1560.5,0.0
northern,north,38446,Heidenau Hauptstr. 48 21258,road_route_found_entrance_unverified,436.124,44.0,0,1371.9,1560.5,0.0
northern,north,38464,Appel Raststätte Hollenstedt 0 21279,unconfirmed,443.938,98.0,0,,,
northern,north,38465,Hollenstedt Hauptstr. 29 21279,road_route_found_entrance_unverified,442.086,11.0,0,1487.7,1583.6,0.1
northern,north,38466,Hollenstedt Hauptstr. 5 21279,road_route_found_entrance_unverified,442.086,22.0,0,1548.7,1587.9,1.1
northern,north,38467,Wenzendorf Beim alten Hof 17 21279,unconfirmed,445.824,11.0,0,,,
northern,north,38514,Neu Wulmsdorf Schlepelsberg 2 21629,road_route_found_entrance_unverified,448.594,93.0,0,640.7,679.3,13.5
northern,north,38515,Neu Wulmstdorf Zur Heidekoppel 1 21629,road_route_found_entrance_unverified,448.594,1500.0,6,2539.9,2559.6,5.8
northern,north,38524,Neu Wulmstorf Schlepelsberg 10 21629,road_route_found_entrance_unverified,448.594,44.0,0,1583.2,1763.0,14.2
northern,north,38525,Neu Wulmstorf Schlepelsberg 4-6 21629,road_route_found_entrance_unverified,448.594,1200.0,6,739.4,710.8,3.3
northern,north,38528,Neu Wulmstorf / Rade Schlepelsberg 2 21629,road_route_found_entrance_unverified,448.594,2000.0,8,662.6,657.4,8.6
northern,north,39541,Groß Ippener Birkenweg 22 27243,road_route_found_entrance_unverified,352.148,11.0,0,1115.6,1077.5,4.0
northern,north,39566,Wildeshausen An der Bahn 2B 27793,unconfirmed,337.59,22.0,0,,,
northern,north,39567,Wildeshausen Brauereiweg 22C 27793,unconfirmed,337.647,11.0,0,,,
northern,north,39568,Wildeshausen Buchbinderstr. 1 27793,unconfirmed,336.417,100.0,0,,,
northern,north,39569,Wildeshausen Burgstr. 6 27793,unconfirmed,338.04,50.0,0,,,
northern,north,39570,Wildeshausen Delmenhorster Str. 6 27793,road_route_found_entrance_unverified,339.133,44.0,0,2035.6,2037.5,2.5
northern,north,39571,Wildeshausen Delmenhorster Str. 6 27793,road_route_found_entrance_unverified,339.133,88.0,0,1899.3,1917.0,5.1
northern,north,39574,Wildeshausen Gildeplatz 11 27793,road_route_found_entrance_unverified,339.133,100.0,0,2908.2,2899.6,5.8
northern,north,39575,Wildeshausen Glaner Str. 24 27793,unconfirmed,336.755,44.0,0,,,
northern,north,39576,Wildeshausen Immelmannstr. 19 27793,unconfirmed,336.472,600.0,4,,,
northern,north,39577,Wildeshausen Kleine Wallstr. 17 27793,unconfirmed,338.0,50.0,0,,,
northern,north,39578,Wildeshausen Kolpingstraße 7 27793,unconfirmed,339.991,11.0,0,,,
northern,north,39579,Wildeshausen Krandelstr. 15 27793,road_route_found_entrance_unverified,339.133,11.0,0,2836.8,2823.1,6.6
northern,north,39580,Wildeshausen Neue Str. 16 27793,unconfirmed,337.861,250.0,2,,,
northern,north,39581,Wildeshausen Schusterstraße 10 27793,unconfirmed,335.424,3.0,0,,,
northern,north,39582,Wildeshausen Schusterstraße 4 27793,unconfirmed,335.305,3.0,0,,,
northern,north,39583,Wildeshausen Spitzwegstraße 15 27793,unconfirmed,338.152,11.0,0,,,
northern,north,39584,Wildeshausen Visbeker Str. 45 27793,unconfirmed,336.781,4.0,0,,,
northern,north,39585,Wildeshausen Westertor 5 27793,unconfirmed,337.821,150.0,2,,,
northern,north,39586,Wildeshausen Westring 10 27793,unconfirmed,336.565,540.0,6,,,
northern,north,39587,Wildeshausen Westring 6a 27793,unconfirmed,336.476,44.0,0,,,
northern,north,39594,Dötlingen Huntloser Straße 41 27801,unconfirmed,335.867,11.0,0,,,
northern,north,39595,Dötlingen Raststätte Wildeshausen Nord 0 27801,road_route_found_entrance_unverified,336.972,98.0,0,1436.5,1640.5,11.3
northern,north,39596,Dötlingen Raststätte Wildeshausen Süd 0 27801,road_route_found_entrance_unverified,336.972,98.0,0,424.4,349.0,8.4
northern,north,39597,Dötlingen Rittrumer Kirchweg 1 27801,unconfirmed,334.794,44.0,0,,,
northern,north,39599,Dötlingen Wildeshauser Str. 34 27801,road_route_found_entrance_unverified,339.133,50.0,0,1617.0,1557.2,8.0
northern,north,39600,Dötlingen Wildeshauser Str. 34 27801,road_route_found_entrance_unverified,339.133,90.0,0,1563.1,1578.2,5.1
northern,north,39615,Wallenhorst Am Pyer Kirchweg 0 49134,unconfirmed,261.966,44.0,0,,,
northern,north,39616,Wallenhorst Borsigstr. 1 49134,unconfirmed,262.392,950.0,6,,,
northern,north,39617,Wallenhorst Goethestraße 2 49134,unconfirmed,258.729,11.0,0,,,
northern,north,39618,Wallenhorst Große Straße 31z 49134,unconfirmed,262.118,150.0,0,,,
northern,north,39619,Wallenhorst Hansastr. 5 49134,unconfirmed,261.896,50.0,0,,,
northern,north,39620,Wallenhorst Hasestraße 11 49134,road_route_found_entrance_unverified,261.022,11.0,0,1817.7,2426.7,12.6
northern,north,39621,Wallenhorst Hollager Str. 0 49134,unconfirmed,259.025,44.0,0,,,
northern,north,39622,Wallenhorst Hubertusring 65A 49134,road_route_found_entrance_unverified,261.022,11.0,0,1934.8,2613.3,13.1
northern,north,39623,Wallenhorst Im Alten Dorf 3 49134,unconfirmed,262.526,22.0,0,,,
northern,north,39624,Wallenhorst Osnabrücker Str. 13 49134,road_route_found_entrance_unverified,261.022,50.0,0,1381.7,1963.6,12.7
northern,north,39625,Wallenhorst Osnabrücker Straße 6 49134,road_route_found_entrance_unverified,261.022,44.0,0,1437.5,1613.9,6.2
northern,north,39626,Wallenhorst Osnabrücker Straße 6 49134,road_route_found_entrance_unverified,261.022,44.0,0,1441.4,1610.0,0.5
northern,north,39627,Wallenhorst Otto-Lilienthal-Str. 8 49134,unconfirmed,261.545,150.0,2,,,
northern,north,39628,Wallenhorst Schnepfenweg 3 49134,unconfirmed,260.031,22.0,0,,,
northern,north,39629,Wallenhorst Wittekindplatz 1 49134,unconfirmed,262.462,44.0,0,,,
northern,north,39726,Hasbergen Im Hamme 1 49205,unconfirmed,250.832,11.0,0,,,
northern,north,39728,Hasbergen Tecklenburger Str. 40 49205,unconfirmed,249.011,88.0,0,,,
northern,north,39729,Hasbergen Tecklenburger Straße 90A 49205,unconfirmed,248.767,11.0,0,,,
northern,north,39774,Bramsche Fichtenstr. 1 49565,unconfirmed,269.655,44.0,0,,,
northern,north,39775,Bramsche Finkenstraße 2a 49565,unconfirmed,270.245,44.0,0,,,
northern,north,39777,Bramsche Hemkerstr. 9 49565,unconfirmed,269.719,44.0,0,,,
northern,north,39778,Bramsche Im Ahrensfeld 0 49565,road_route_found_entrance_unverified,269.839,1600.0,8,457.5,126.3,8.2
northern,north,39779,Bramsche Im Ahrensfeld 0 49565,unconfirmed,270.975,1600.0,8,,,
northern,north,39780,Bramsche Im Alten Dorf 29 49565,road_route_found_entrance_unverified,267.529,33.0,0,2006.2,1964.8,8.3
northern,north,39782,Bramsche In der Welle 3 49565,road_route_found_entrance_unverified,267.529,22.0,0,1212.3,1197.0,30.3
northern,north,39783,Bramsche In der Welle 3 49565,road_route_found_entrance_unverified,267.529,220.0,0,1068.2,883.0,0.1
northern,north,39786,Bramsche Malgartener Str. 49 49565,unconfirmed,270.307,44.0,0,,,
northern,north,39787,Bramsche Maschstr. 0 49565,unconfirmed,270.312,244.0,2,,,
northern,north,39788,Bramsche Maschstr. 9 49565,unconfirmed,269.914,88.0,0,,,
northern,north,39790,Bramsche Meyers Tannen 2 49565,unconfirmed,269.365,360.0,4,,,
northern,north,39791,Bramsche Meyers Tannen 24 49565,unconfirmed,269.209,300.0,4,,,
northern,north,39793,Bramsche Poggenpatt 3 49565,unconfirmed,269.839,88.0,0,,,
northern,north,39794,Bramsche Raananastraße 5 49565,unconfirmed,269.891,150.0,0,,,
northern,north,39795,Bramsche Rijswijker Str. 14 49565,unconfirmed,270.11,44.0,0,,,
northern,north,39796,Bramsche Ringstraße 4 49565,unconfirmed,270.437,11.0,0,,,
northern,north,39797,Bramsche Varusstrasse 1 49565,road_route_found_entrance_unverified,267.529,1600.0,8,1845.7,1700.2,18.1
northern,north,39843,Rieste Bahnhofstr. 31 49597,unconfirmed,276.939,44.0,0,,,
northern,north,39844,Rieste Hannoversche Str. 0 49597,road_route_found_entrance_unverified,279.37,44.0,0,2651.6,2589.0,6.3
northern,north,39846,Rieste Lage 1 49597,unconfirmed,278.162,22.0,0,,,
northern,north,39847,Rieste Meppener Str. 2 49597,road_route_found_entrance_unverified,276.653,800.0,4,2101.9,2158.9,34.1
northern,north,41290,Sottrum Am Eichkamp 13 27367,road_route_found_entrance_unverified,396.196,50.0,0,2420.6,2409.6,17.2
northern,north,41291,Sottrum Am Umspannwerk 3 27367,unconfirmed,397.986,44.0,0,,,
northern,north,41292,Sottrum Auf der Riege 1 27367,road_route_found_entrance_unverified,396.196,44.0,0,2650.5,2697.9,9.0
northern,north,41293,Sottrum Bertha-Benz-Str. 11 27367,road_route_found_entrance_unverified,396.196,5000.0,20,2133.6,2048.0,16.7
northern,north,41294,Sottrum Bettina-von-Arnim-Ring 5 27367,unconfirmed,397.445,11.0,0,,,
northern,north,41295,Sottrum Bremer Str. 40 27367,road_route_found_entrance_unverified,396.196,203.0,0,2355.6,2315.5,9.8
northern,north,41296,Sottrum Bremer Straße 32 27367,road_route_found_entrance_unverified,396.196,600.0,4,2573.6,2511.7,7.6
northern,north,41297,Sottrum Carl-von-Linde-Str. 6 27367,road_route_found_entrance_unverified,396.196,1750.0,8,2133.6,2048.0,16.5
northern,north,41298,Sottrum Carl-von-Linde-Straße 6 27367,road_route_found_entrance_unverified,396.196,3000.0,20,2234.8,2205.1,27.4
northern,north,41299,Sottrum Inspirionstr. 2 27367,unconfirmed,397.77,44.0,0,,,
northern,north,41300,Sottrum Inspirionstr. 2 27367,unconfirmed,397.915,220.0,0,,,
northern,north,41301,Sottrum Inspirionstraße 2 27367,road_route_found_entrance_unverified,396.196,22.0,0,1960.7,2003.3,7.9
northern,north,41302,Sottrum Kantstraße 7 27367,unconfirmed,397.374,22.0,0,,,
northern,north,41303,Sottrum Lienworth 10 27367,road_route_found_entrance_unverified,396.196,71.0,0,2611.4,2569.1,7.3
northern,north,41304,Sottrum Lienworth 4 27367,road_route_found_entrance_unverified,396.196,150.0,2,2651.1,2650.1,7.8
northern,north,41305,Sottrum Raststätte Grundbergsee Nord 0 27367,unconfirmed,393.872,98.0,0,,,
northern,north,41306,Sottrum Raststätte Grundbergsee Süd 0 27367,road_route_found_entrance_unverified,393.262,98.0,0,427.0,845.1,6.2
northern,north,41307,Sottrum Schillerstr. 11 27367,unconfirmed,397.466,44.0,0,,,
northern,north,41334,Elsdorf Lange Str. 10 27404,road_route_found_entrance_unverified,413.386,44.0,0,2140.5,2236.0,8.3
northern,north,41335,"Elsdorf Zeven,An der A1 0 27404",road_route_found_entrance_unverified,413.386,225.0,2,540.0,454.5,4.9
northern,north,41336,"Elsdorf Zeven,An der A1 0 27404",road_route_found_entrance_unverified,413.386,300.0,2,547.2,461.9,10.7
northern,north,41337,Gyhum An der Autobahn 1 27404,road_route_found_entrance_unverified,407.358,2400.0,16,501.2,479.0,7.5
northern,north,41338,Gyhum An der Autobahn 3 27404,road_route_found_entrance_unverified,407.358,1600.0,8,671.6,665.5,3.6
northern,north,41339,Gyhum An der Autobahn 8 27404,road_route_found_entrance_unverified,407.358,1200.0,8,480.3,490.1,0.9
northern,north,41372,Groß Meckelsen Am Kuhbach 1 27419,unconfirmed,422.968,11.0,0,,,
northern,north,41373,Sittensen Am Sportplatz 3 27419,road_route_found_entrance_unverified,426.671,100.0,0,1036.9,1133.7,4.0
northern,north,41374,Sittensen Hansestr. 3 27419,road_route_found_entrance_unverified,426.671,1200.0,8,873.5,967.5,27.8
northern,north,41375,Sittensen Stader Str. 24 27419,road_route_found_entrance_unverified,426.671,600.0,4,817.7,918.5,5.2
northern,north,41376,Sittensen Stader Str. 24 27419,road_route_found_entrance_unverified,426.671,2000.0,8,863.4,872.8,5.6
northern,north,41377,Sittensen Stader Straße 28 27419,road_route_found_entrance_unverified,426.671,1800.0,12,859.0,813.7,1.1
northern,north,41378,Sittensen Stader Straße 30 27419,road_route_found_entrance_unverified,426.671,1200.0,8,791.8,787.2,2.2
northern,north,41379,Sittensen Wolkenstieg 9 27419,unconfirmed,426.892,11.0,0,,,
northern,north,41380,Tiste Ostetal 0 27419,road_route_found_entrance_unverified,428.078,700.0,2,558.5,333.1,8.9
northern,north,41381,Tiste Ostetal 0 27419,unconfirmed,428.415,700.0,2,,,
northern,north,41382,Tiste Ostetal Nord 0 27419,unconfirmed,428.415,1400.0,4,,,
northern,north,41383,Tiste Ostetal Süd 0 27419,road_route_found_entrance_unverified,428.078,1400.0,4,558.5,333.1,8.9
northern,north,41384,Tiste Raststätte Ostetal Nord 0 27419,unconfirmed,428.372,98.0,0,,,
northern,north,41385,Tiste Raststätte Ostetal Süd 0 27419,road_route_found_entrance_unverified,428.078,98.0,0,552.8,338.8,7.0
northern,north,41789,Vechta Jans-Döpe 2 49377,unconfirmed,315.553,22.0,0,,,
northern,north,41795,Vechta Lange Str. 29 49377,unconfirmed,314.891,44.0,0,,,
northern,north,41815,Lohne Daimlerstraße 2 49393,road_route_found_entrance_unverified,299.039,11.0,0,2301.9,2276.7,4.1
northern,north,41823,Lohne Von Siemens Straße 1 49393,road_route_found_entrance_unverified,299.039,360.0,2,795.2,762.0,3.4
northern,north,41824,Lohne Von-Siemens-Str. 1 49393,road_route_found_entrance_unverified,299.039,93.0,0,872.6,845.2,3.9
northern,north,41825,Lohne Von-Siemens-Straße 1 49393,road_route_found_entrance_unverified,299.039,5000.0,20,868.5,848.8,6.5
northern,north,41848,Dinklage Am Markt 1 49413,unconfirmed,298.979,44.0,0,,,
northern,north,41849,Dinklage Burgallee 1 49413,unconfirmed,298.474,11.0,0,,,
northern,north,41850,Dinklage Haferweg 11 49413,unconfirmed,297.613,11.0,0,,,
northern,north,41851,Dinklage Kösters Gang 11 49413,unconfirmed,298.669,44.0,0,,,
northern,north,41852,Dinklage Quakenbrücker Str. 17 49413,unconfirmed,299.401,44.0,0,,,
northern,north,41853,Dinklage Quakenbrücker Straße 0 49413,unconfirmed,299.392,33.0,0,,,
northern,north,41854,Dinklage Schulstr. 6 49413,unconfirmed,298.524,22.0,0,,,
northern,north,41862,Endel Endel 28 49429,unconfirmed,325.125,11.0,0,,,
northern,north,41875,Neuenkirchen Vörden Bieste 4 49434,unconfirmed,280.957,22.0,0,,,
northern,north,41876,Neuenkirchen-Vörden Auf Dem Bolle 6 49434,road_route_found_entrance_unverified,279.37,11.0,0,2595.5,2572.7,9.5
northern,north,41877,Neuenkirchen-Vörden Bahnhofstraße 2 49434,road_route_found_entrance_unverified,279.37,22.0,0,2831.9,2781.8,9.2
northern,north,41878,Neuenkirchen-Vörden Bahnhofstraße 33 49434,road_route_found_entrance_unverified,279.37,22.0,0,2392.4,2293.5,12.9
northern,north,41879,Neuenkirchen-Vörden Feldbrügge 16 49434,road_route_found_entrance_unverified,279.37,44.0,0,1453.8,1451.1,20.1
northern,north,41880,Neuenkirchen-Vörden Feldbrügge 16 49434,road_route_found_entrance_unverified,279.37,44.0,0,1518.7,1595.6,16.3
northern,north,41881,Neuenkirchen-Vörden Hörster Heide 2 49434,road_route_found_entrance_unverified,279.37,1200.0,8,850.0,967.6,4.4
northern,north,41882,Neuenkirchen-Vörden Küsterstr. 4 49434,road_route_found_entrance_unverified,279.37,44.0,0,2716.1,2663.6,5.9
northern,north,41883,Neuenkirchen-Vörden Lindenstraße 1 49434,road_route_found_entrance_unverified,279.37,22.0,0,2379.6,2360.4,5.4
northern,north,41884,Neuenkirchen-Vörden Osnabrücker Str. 13 49434,road_route_found_entrance_unverified,279.37,44.0,0,2642.6,2667.3,13.1
northern,north,41891,Holdorf Ahornring 39 49451,unconfirmed,289.821,11.0,0,,,
northern,north,41892,Holdorf An der Bahn 2 49451,unconfirmed,289.223,22.0,0,,,
northern,north,41893,Holdorf Dammer Berge Ost 0 49451,unconfirmed,285.447,1400.0,4,,,
northern,north,41894,Holdorf Dammer Berge West 0 49451,unconfirmed,285.731,1400.0,4,,,
northern,north,41895,Holdorf Große Eschstraße 4 49451,road_route_found_entrance_unverified,291.494,22.0,0,2584.4,2650.9,7.9
northern,north,41896,Holdorf Große Str. 36 49451,road_route_found_entrance_unverified,291.494,44.0,0,2584.3,2635.9,1.4
northern,north,41897,Holdorf Große Straße 36 49451,road_route_found_entrance_unverified,291.494,200.0,0,2612.6,2540.5,1.1
northern,north,41898,Holdorf Große Straße 7 49451,road_route_found_entrance_unverified,291.494,22.0,0,2153.5,2164.2,16.4
northern,north,41899,Holdorf Raststätte Dammer Berge Ost 0 49451,road_route_found_entrance_unverified,284.923,98.0,0,628.7,734.8,9.0
northern,north,41900,Holdorf Raststätte Dammer Berge West 0 49451,unconfirmed,285.552,98.0,0,,,
northern,north,41901,Holdorf Wahlder Str. 0 49451,road_route_found_entrance_unverified,284.923,700.0,2,570.3,793.2,3.2
northern,north,41902,Holdorf Wahlder Str. 0 49451,unconfirmed,285.556,350.0,1,,,
northern,north,41903,Holdorf Zum Hansa-Center 12 49451,road_route_found_entrance_unverified,291.494,3000.0,12,766.1,714.3,8.3
northern,north,41904,Holdorf Zum Hansa-Center 4 49451,road_route_found_entrance_unverified,291.494,2100.0,14,733.8,641.1,0.2
northern,north,41905,Holdorf Zum Hansa-Center 4 49451,road_route_found_entrance_unverified,291.494,300.0,4,675.5,575.9,0.6
northern,north,41906,Holdorf Zum Heidesee 49 49451,unconfirmed,289.809,150.0,2,,,
northern,north,41907,Bakum Bahnhofstr. 18 49456,road_route_found_entrance_unverified,306.699,44.0,0,2561.0,2622.9,7.0
northern,north,41908,Bakum Harmer Str. 45 49456,road_route_found_entrance_unverified,306.699,720.0,4,678.7,724.7,9.2
northern,north,41909,Bakum Harmer Straße 45 49456,road_route_found_entrance_unverified,306.699,350.0,2,656.8,688.9,4.6
northern,north,41910,Bakum Harmerstr. 37 49456,road_route_found_entrance_unverified,306.699,22.0,0,1299.6,1323.3,1.5
northern,north,41911,Bakum Hausstetter Kirchweg 4 49456,road_route_found_entrance_unverified,306.699,11.0,0,2813.7,2924.4,15.7
northern,north,41912,Bakum Kirchstr. 3 49456,unconfirmed,309.232,170.0,0,,,
northern,north,41913,Bakum Loher Str. 8 49456,unconfirmed,309.202,33.0,0,,,
northern,north,41979,Achim Auf den Mehren 34-36 28832,unconfirmed,379.3,33.0,0,,,
northern,north,41980,Achim Auf den Mehren 40 28832,unconfirmed,379.234,22.0,0,,,
northern,north,41983,Achim Bierdener Mühle 2 28832,unconfirmed,379.129,22.0,0,,,
northern,north,41984,Achim Bremer Str. 59-63 28832,unconfirmed,379.651,44.0,0,,,
northern,north,41997,Achim Roedenbeckstr. 55 28832,unconfirmed,386.722,100.0,0,,,
northern,north,41998,Achim Roedenbeckstr. 55 28832,unconfirmed,386.725,50.0,0,,,
northern,north,41999,Achim Uphusener Dorfstraße 1 28832,road_route_found_entrance_unverified,377.385,44.0,0,880.9,926.0,12.3
northern,north,42001,Ottersberg Grüne Str. 24 28870,unconfirmed,394.529,44.0,0,,,
northern,north,42002,Ottersberg Grüne Straße 24 28870,unconfirmed,394.567,44.0,0,,,
northern,north,42005,Ottersberg Posthausen 1 28870,unconfirmed,391.327,772.0,6,,,
northern,north,42006,Ottersberg Posthausen 1 28870,unconfirmed,391.391,2500.0,20,,,
northern,north,42007,Ottersberg Posthausen 1 28870,unconfirmed,391.34,44.0,0,,,
northern,north,42008,Ottersberg Posthausen 1 28870,unconfirmed,391.298,3000.0,12,,,
northern,north,42009,Ottersberg Posthausen 1 28870,unconfirmed,391.625,1200.0,6,,,
northern,north,42010,Ottersberg Posthausen 11 28870,road_route_found_entrance_unverified,392.199,150.0,2,2964.4,2982.5,0.2
northern,north,42011,Oyten An der Autobahn 2 28876,road_route_found_entrance_unverified,383.008,480.0,4,787.1,902.3,2.6
northern,north,42012,Oyten An der Autobahn 24 28876,road_route_found_entrance_unverified,383.008,66.0,0,2977.3,2976.8,43.3
northern,north,42013,Oyten An der Autobahn 41 28876,road_route_found_entrance_unverified,383.008,44.0,0,2141.9,2306.0,0.9
northern,north,42014,Oyten Hauptstraße 54 28876,road_route_found_entrance_unverified,383.008,33.0,0,1690.0,1769.9,2.0
northern,north,42015,Oyten Hauptstraße 74 28876,road_route_found_entrance_unverified,383.008,150.0,2,1914.2,2038.5,4.8
northern,north,42016,Oyten Hauptstraße 90-92 28876,road_route_found_entrance_unverified,383.008,450.0,4,1804.4,1889.5,4.1
northern,north,42017,Oyten Oyterdamm 74 28876,unconfirmed,379.474,600.0,4,,,
northern,north,42018,Oyten Rosa-Luxemburg-Straße 1 28876,road_route_found_entrance_unverified,383.008,22.0,0,671.2,761.8,2.1
northern,north,42019,Oyten Rudolf-Diesel-Straße 34 28876,unconfirmed,383.87,44.0,0,,,
northern,north,42020,Oyten Sonnenblumenweg 2 28876,unconfirmed,387.457,250.0,2,,,
northern,north,42853,Ascheberg Altenhammstraße 31 59387,unconfirmed,179.91,44.0,0,,,
northern,north,42854,Ascheberg An der Hansalinie 48 59387,road_route_found_entrance_unverified,186.384,44.0,0,2473.3,2572.1,5.2
northern,north,42855,Ascheberg Breil 12 59387,unconfirmed,185.246,44.0,0,,,
northern,north,42856,Ascheberg Burgstraße 54 59387,unconfirmed,190.267,44.0,0,,,
northern,north,42857,Ascheberg Dieningstr. 7 59387,road_route_found_entrance_unverified,186.384,22.0,0,2614.3,2683.2,9.0
northern,north,42858,Ascheberg Eichengrund Nordrhein-Westfalen BAB 1 BAB 1 59387,unconfirmed,183.906,160.0,1,,,
northern,north,42859,Ascheberg Himmelstr. 7 59387,road_route_found_entrance_unverified,186.384,44.0,0,2556.2,2596.4,7.0
northern,north,42860,Ascheberg Münsterstraße 54 59387,unconfirmed,180.695,11.0,0,,,
northern,north,42861,Ascheberg Nordkirchener Straße 8 59387,unconfirmed,185.298,44.0,0,,,
northern,north,42862,Ascheberg Raststätte Im Mersch 0 59387,road_route_found_entrance_unverified,183.577,160.0,1,217.7,310.3,25.2
northern,north,42863,Ascheberg Sandstraße 78 59387,road_route_found_entrance_unverified,186.384,44.0,0,2804.2,2831.4,5.6
northern,north,42864,Ascheberg Südfeld 2 59387,unconfirmed,180.106,33.0,0,,,
northern,north,42865,Ascheberg Südkamp 2 59387,unconfirmed,185.023,50.0,0,,,
northern,north,42866,Ascheberg Talstraße 8 59387,unconfirmed,179.955,44.0,0,,,
northern,north,43167,Sprockhövel Eichenhofer Weg 1-7 45549,road_route_found_entrance_unverified,117.24,44.0,0,2195.7,1960.4,0.3
northern,north,43170,Sprockhövel Im Lübbering 10 45549,unconfirmed,119.185,44.0,0,,,
northern,north,43171,Sprockhövel Mittelstraße 4 - 6 45549,unconfirmed,119.51,44.0,0,,,
northern,north,43173,Sprockhövel Rathausplatz 10 45549,unconfirmed,119.63,44.0,0,,,
northern,north,43174,Sprockhövel Schmiedestrasse 33 45549,unconfirmed,117.208,66.0,0,,,
northern,north,43175,Sprockhövel Wilhelm-Kraft-Straße 5 45549,unconfirmed,119.04,44.0,0,,,
northern,north,43176,Sprockhövel Wittener Str. 68 45549,unconfirmed,120.021,150.0,2,,,
northern,north,43179,Ennepetal Kölner Straße 306 58256,unconfirmed,120.445,160.0,2,,,
northern,north,43185,Ennepetal Strückerberger Str. 32 58256,unconfirmed,120.426,60.0,0,,,
northern,north,43188,Gevelsberg Am Waldesrand 11 58285,road_route_found_entrance_unverified,123.427,44.0,0,1815.5,1793.0,8.1
northern,north,43189,Gevelsberg An der Drehbank 18 58285,unconfirmed,123.335,132.0,0,,,
northern,north,43190,Gevelsberg An der Drehbank 4 58285,unconfirmed,123.353,2400.0,12,,,
northern,north,43191,Gevelsberg Großer Markt 2 58285,unconfirmed,121.674,44.0,0,,,
northern,north,43192,Gevelsberg Mittelstraße 2 58285,unconfirmed,121.742,44.0,0,,,
northern,north,43193,Gevelsberg Ochsenkamp 59 58285,unconfirmed,121.118,44.0,0,,,
northern,north,43194,Gevelsberg Rosendahler Str. 44 58285,unconfirmed,121.063,71.0,0,,,
northern,north,43195,Gevelsberg Weststraße 1 58285,unconfirmed,121.417,44.0,0,,,
northern,north,43196,Gevelsberg Wittener Str. 19 58285,unconfirmed,121.64,150.0,2,,,
northern,north,43197,Gevelsberg Wittener Straße 140 58285,road_route_found_entrance_unverified,123.427,144.0,0,2399.8,2378.9,5.4
northern,north,43198,Wetter Bahnhofstraße 102 58300,unconfirmed,129.412,44.0,0,,,
northern,north,43199,Wetter Hauptstraße 35 58300,unconfirmed,127.913,44.0,0,,,
northern,north,43200,Wetter Kaiserstrasse 170 58300,unconfirmed,129.893,44.0,0,,,
northern,north,43202,Wetter (Ruhr) Burgstraße 9 58300,unconfirmed,129.993,22.0,0,,,
northern,north,43203,Wetter (Ruhr) Carl-Bönnhoff-Str. 1 58300,unconfirmed,129.372,1200.0,8,,,
northern,north,43204,Wetter (Ruhr) Gustav-Vorsteher-Straße 36 58300,unconfirmed,129.751,44.0,0,,,
northern,north,43205,Wetter (Ruhr) Kaiserstraße 120 58300,unconfirmed,129.477,44.0,0,,,
northern,north,43206,Wetter (Ruhr) Köhlerwaldstraße 12 58300,road_route_found_entrance_unverified,127.328,44.0,0,2947.3,3136.3,6.4
northern,north,43207,Wetter (Ruhr) Märkische Straße 7 58300,unconfirmed,129.648,11.0,0,,,
northern,north,43208,Wetter (Ruhr) Osthausstraße 10 58300,unconfirmed,127.851,44.0,0,,,
northern,north,43209,Wetter (Ruhr) Vogelsanger Str. 105 58300,road_route_found_entrance_unverified,127.328,44.0,0,1980.4,2217.5,5.9
northern,north,43210,Herdecke Nierfeldstraße 8 58311,unconfirmed,134.026,44.0,0,,,
northern,north,43211,Herdecke Am Nierkamp 2 58313,unconfirmed,133.904,44.0,0,,,
northern,north,43212,Herdecke Bahnhofstr. 45 58313,unconfirmed,133.528,22.0,0,,,
northern,north,43213,Herdecke Berliner Str. 18 58313,unconfirmed,133.595,44.0,0,,,
northern,north,43214,Herdecke Eichenstr. 11 58313,unconfirmed,132.859,22.0,0,,,
northern,north,43215,Herdecke Gahlenfeldstraße 39 58313,unconfirmed,134.104,72.0,0,,,
northern,north,43216,Herdecke Hengsteyseestr. 26 58313,road_route_found_entrance_unverified,132.057,44.0,0,2652.1,2511.9,8.3
northern,north,43217,Herdecke Hengsteyseestr. 26 58313,road_route_found_entrance_unverified,132.057,44.0,0,2652.1,2511.9,8.3
northern,north,43218,Herdecke Im Schiffwinkel 43 58313,unconfirmed,134.404,44.0,0,,,
northern,north,43219,Herdecke Kirchplatz 3 58313,unconfirmed,133.334,22.0,0,,,
northern,north,43220,Herdecke Ringstr. 51 58313,unconfirmed,133.506,44.0,0,,,
northern,north,43221,Herdecke Stiftsstr. 11 58313,unconfirmed,133.334,50.0,0,,,
northern,north,43222,Herdecke Westender Weg 3A 58313,unconfirmed,133.676,44.0,0,,,
northern,north,43223,Herdecke Wittbräucker Str. 38 58313,unconfirmed,135.183,50.0,0,,,
northern,north,43224,Schwelm Bahnhofsplatz 2 58332,unconfirmed,115.667,44.0,0,,,
northern,north,43225,Schwelm Bahnhofstrasse 1 58332,unconfirmed,113.717,44.0,0,,,
northern,north,43226,Schwelm Hattinger Straße 2a 58332,unconfirmed,115.686,44.0,0,,,
northern,north,43227,Schwelm Hauptstrasse 92-98 58332,unconfirmed,113.842,88.0,0,,,
northern,north,43228,Schwelm Holthausstr. 10 58332,unconfirmed,113.941,44.0,0,,,
northern,north,43229,Schwelm Kaiserstraße 71 58332,unconfirmed,115.688,400.0,4,,,
northern,north,43230,Schwelm Linderhauser Str. 39 58332,unconfirmed,116.243,11.0,0,,,
northern,north,43231,Schwelm Milsper Straße 35 58332,unconfirmed,120.304,44.0,0,,,
northern,north,43232,Schwelm Neumarkt 32 58332,unconfirmed,113.983,188.0,0,,,
northern,north,43233,Schwelm Prinzenstraße 11 58332,unconfirmed,115.741,44.0,0,,,
northern,north,43234,Schwelm Rheinische Str. 31-27 58332,unconfirmed,115.931,132.0,0,,,
northern,north,43235,Schwelm Straßburger Str. 13 58332,unconfirmed,115.438,44.0,0,,,
northern,north,43236,Schwelm Viktoriastr. 22 58332,unconfirmed,115.561,75.0,0,,,
northern,north,43358,Euskirchen Annaturmplatz 2 53879,unconfirmed,26.483,44.0,0,,,
northern,north,43361,Euskirchen Eupener Straße 128 53879,unconfirmed,26.137,11.0,0,,,
northern,north,43362,Euskirchen Gerberstr. 51 53879,unconfirmed,26.266,200.0,2,,,
northern,north,43364,Euskirchen In den Herrenbenden 27-29 53879,unconfirmed,26.899,150.0,2,,,
northern,north,43365,Euskirchen Jülicher Ring 32 53879,unconfirmed,26.771,44.0,0,,,
northern,north,43366,Euskirchen Jülicher Ring 32a 53879,unconfirmed,26.839,44.0,0,,,
northern,north,43369,Euskirchen Martinsgasse 6 53879,unconfirmed,26.306,80.0,0,,,
northern,north,43372,Euskirchen Rüdesheimer Ring 145 53879,unconfirmed,26.228,200.0,2,,,
northern,north,43393,Mechernich An der Zikkurat 2 53894,unconfirmed,19.606,44.0,0,,,
northern,north,43395,Mechernich Auf der Birke 0 53894,road_route_found_entrance_unverified,16.846,800.0,3,313.2,240.9,10.9
northern,north,43396,Mechernich Auf der Birke 0 53894,unconfirmed,17.104,400.0,2,,,
northern,north,43397,Mechernich Auf der Birke 0 53894,unconfirmed,17.111,400.0,2,,,
northern,north,43399,Mechernich Bergstr. 1z 53894,unconfirmed,13.741,44.0,0,,,
northern,north,43400,Mechernich Bergstraße 1 53894,unconfirmed,13.741,44.0,0,,,
northern,north,43401,Mechernich Der Acker 16 53894,unconfirmed,18.692,22.0,0,,,
northern,north,43402,Mechernich Feytalstr. 19 53894,unconfirmed,14.057,44.0,0,,,
northern,north,43404,Mechernich Gartenstr. 24 53894,unconfirmed,13.741,150.0,2,,,
northern,north,43405,Mechernich Georges-Girard-Ring 1 53894,unconfirmed,13.896,44.0,0,,,
northern,north,43406,Mechernich Heerstraße 54 53894,unconfirmed,13.404,33.0,0,,,
northern,north,43415,Mechernich Stiftsweg 17 53894,unconfirmed,13.741,44.0,0,,,
northern,north,43416,Mechernich Trierer Str. 53a 53894,unconfirmed,12.417,44.0,0,,,
northern,north,43443,Weilerstwist Rudolf-Diesel-Str. 9-11 53919,unconfirmed,35.982,97.0,0,,,
northern,north,43445,Weilerswist Bertha-Benz-Str. 3 53919,unconfirmed,36.627,132.0,0,,,
northern,north,43446,Weilerswist Bonner Straße 45 53919,unconfirmed,36.133,450.0,4,,,
northern,north,43447,Weilerswist Parkallee 1 53919,unconfirmed,35.891,600.0,4,,,
northern,north,43448,Weilerswist Parkallee 3 53919,unconfirmed,35.891,600.0,4,,,
northern,north,43449,Weilerswist Pfeilstraße 15 53919,road_route_found_entrance_unverified,34.967,44.0,0,2710.7,2703.7,5.5
northern,north,43478,Blankenheim Am Mürel 0 53945,unconfirmed,0.0,33.0,0,,,
northern,north,43481,Blankenheim Mülheimer Heide 1 53945,unconfirmed,0.0,800.0,4,,,
northern,north,43482,Blankenheim Mülheimer Heide 1A 53945,unconfirmed,0.0,400.0,4,,,
northern,north,43483,Nettersheim Auf der Heide 25 53947,unconfirmed,5.017,44.0,0,,,
northern,north,43484,Nettersheim Bahnhofstr. 16 53947,unconfirmed,4.333,44.0,0,,,
northern,north,43485,Nettersheim Nürburgstr. 24 53947,unconfirmed,5.448,300.0,4,,,
northern,north,43486,Nettersheim Parkweg 0 53947,unconfirmed,4.577,30.0,0,,,
northern,north,43487,Nettersheim Schwalbenweg 2 53947,unconfirmed,4.013,600.0,4,,,
northern,north,43488,Nettersheim Urftstr. 0 53947,unconfirmed,4.37,30.0,0,,,
northern,north,47040,Kerpen Heerstr. 507 50169,road_route_found_entrance_unverified,47.036,44.0,0,1983.1,2067.7,1.6
northern,north,47041,Kerpen Heisenbergstraße 2A 50169,unconfirmed,49.916,75.0,0,,,
northern,north,47042,Kerpen Hubertusweg 11z 50169,road_route_found_entrance_unverified,47.036,44.0,0,2971.4,3122.0,8.6
northern,north,47044,Kerpen Matthias-Werner-Straße 5z 50169,unconfirmed,46.977,44.0,0,,,
northern,north,47096,Frechen Adam-Schall-Str. 2 50226,unconfirmed,56.748,44.0,0,,,
northern,north,47097,Frechen Alfred-Nobel-Str. 11-15 50226,unconfirmed,56.43,44.0,0,,,
northern,north,47098,Frechen Alfred-Nobel-Str. 11-15 50226,road_route_found_entrance_unverified,55.881,238.0,0,2988.4,3621.6,20.2
northern,north,47099,Frechen Alfred-Nobel-Straße 16 50226,road_route_found_entrance_unverified,55.881,44.0,0,2999.5,3313.9,7.3
northern,north,47100,Frechen Alfred-Nobel-Straße 46 50226,road_route_found_entrance_unverified,55.881,600.0,4,2675.5,3110.8,3.4
northern,north,47101,Frechen Alte Straße 80 50226,unconfirmed,53.209,44.0,0,,,
northern,north,47102,Frechen Am Rinnenfeld 50 50226,unconfirmed,51.547,22.0,0,,,
northern,north,47103,Frechen Burgstr. 58 50226,unconfirmed,52.594,44.0,0,,,
northern,north,47104,Frechen Dr.-Gottlieb-Cremer-Allee 0 50226,unconfirmed,56.375,44.0,0,,,
northern,north,47105,Frechen Dürener Straße 58 50226,unconfirmed,52.686,44.0,0,,,
northern,north,47106,Frechen Europaallee 1 50226,road_route_found_entrance_unverified,55.881,150.0,0,1817.6,2991.5,7.4
northern,north,47107,Frechen Europaallee 1 50226,road_route_found_entrance_unverified,55.881,1800.0,12,1763.8,2999.5,5.0
northern,north,47108,Frechen Europaallee 113 A 50226,unconfirmed,56.898,66.0,0,,,
northern,north,47109,Frechen Europaallee 123 50226,unconfirmed,56.884,400.0,4,,,
northern,north,47110,Frechen Europaallee 13 50226,road_route_found_entrance_unverified,55.881,900.0,8,2088.6,2884.6,5.3
northern,north,47111,Frechen Europaallee 35 50226,road_route_found_entrance_unverified,55.881,100.0,0,2831.5,3736.9,7.0
northern,north,47112,Frechen Europaallee 4 50226,unconfirmed,56.357,450.0,4,,,
northern,north,47113,Frechen Europaallee 7 50226,road_route_found_entrance_unverified,55.881,600.0,4,2053.9,3042.9,8.0
northern,north,47114,Frechen Europaallee 8 50226,unconfirmed,56.357,450.0,4,,,
northern,north,47115,Frechen Europaallee 8 50226,road_route_found_entrance_unverified,55.881,4000.0,16,1855.5,2745.1,2.7
northern,north,47116,Frechen Fürstenbergstr. 0 50226,unconfirmed,52.77,44.0,0,,,
northern,north,47118,Frechen Hubert-Prott-Straße 117 50226,unconfirmed,52.793,22.0,0,,,
northern,north,47119,Frechen Johann-Schmitz-Platz 1 50226,unconfirmed,52.975,44.0,0,,,
northern,north,47120,Frechen Kapellenstr. 4 50226,unconfirmed,56.565,44.0,0,,,
northern,north,47123,Frechen Kölner Str. 199 50226,road_route_found_entrance_unverified,55.881,99.0,0,1765.6,2229.0,12.0
northern,north,47124,Frechen Matthiasstraße 17 50226,unconfirmed,52.956,22.0,0,,,
northern,north,47128,Frechen Zedernweg 3 50226,unconfirmed,56.67,97.0,0,,,
northern,north,47131,Pulheim Anemonenweg 2 50259,unconfirmed,63.431,44.0,0,,,
northern,north,47132,Pulheim Aurikelweg 57 50259,unconfirmed,63.376,44.0,0,,,
northern,north,47136,Pulheim Chrysler-Straße 4 50259,unconfirmed,61.622,22.0,0,,,
northern,north,47137,Pulheim Dieselstraße 7 50259,unconfirmed,63.329,11.0,0,,,
northern,north,47138,Pulheim Donatusstr. 145 50259,unconfirmed,61.677,160.0,0,,,
northern,north,47152,Pulheim Sachsstr. 2 50259,unconfirmed,60.541,900.0,6,,,
northern,north,47153,Pulheim Sachsstraße 15 50259,unconfirmed,60.757,88.0,0,,,
northern,north,47182,Hürth Deutscher Ring 1 50354,unconfirmed,54.313,22.0,0,,,
northern,north,47183,Hürth Deutscher Ring 1 50354,unconfirmed,54.313,22.0,0,,,
northern,north,47184,Hürth Erftstr. 12a 50354,road_route_found_entrance_unverified,47.827,22.0,0,2394.2,2546.5,9.6
northern,north,47191,Hürth Industriestr. 300 50354,unconfirmed,48.353,110.0,0,,,
northern,north,47193,Hürth Industriestraße 300 50354,unconfirmed,48.362,110.0,0,,,
northern,north,47194,Hürth Ingeborg-Bachmann-Str. 1 50354,unconfirmed,54.706,750.0,8,,,
northern,north,47196,Hürth Komturring 1 50354,unconfirmed,54.392,22.0,0,,,
northern,north,47197,Hürth Komturring 1 50354,unconfirmed,54.392,22.0,0,,,
northern,north,47203,Hürth Raststätte Ville Ost 0 50354,road_route_found_entrance_unverified,47.827,160.0,2,317.0,255.0,4.7
northern,north,47204,Hürth Raststätte Ville West 0 50354,unconfirmed,48.009,160.0,2,,,
northern,north,47208,Hürth Schnellermaarstr. 25 50354,road_route_found_entrance_unverified,52.052,22.0,0,2322.1,2349.3,6.4
northern,north,47211,Hürth Sudetenstraße 69 50354,unconfirmed,54.247,22.0,0,,,
northern,north,47212,Hürth Wendelinusplatz 8 50354,road_route_found_entrance_unverified,52.052,22.0,0,2177.7,2181.5,14.0
northern,north,47213,Hürth-Efferen Nettgesweg 1 50354,unconfirmed,54.918,44.0,0,,,
northern,north,47216,Erfstadt Gildestr. 10 50374,unconfirmed,41.399,22.0,0,,,
northern,north,47217,Erftstadt Am Giezenbach 26 50374,unconfirmed,44.918,50.0,0,,,
northern,north,47218,Erftstadt An der Patria 21 50374,unconfirmed,41.286,7000.0,28,,,
northern,north,47219,Erftstadt Bahnhofstr. 138 Z 50374,unconfirmed,40.969,44.0,0,,,
northern,north,47220,Erftstadt Bonner Ring 7 50374,unconfirmed,41.702,400.0,4,,,
northern,north,47221,Erftstadt Dahlienweg 1 50374,road_route_found_entrance_unverified,47.036,11.0,0,2384.9,2499.7,19.2
northern,north,47222,Erftstadt Erper Str. 4 50374,unconfirmed,42.427,200.0,2,,,
northern,north,47223,Erftstadt Fritz-Erler-Str. 1 50374,unconfirmed,41.881,44.0,0,,,
northern,north,47224,Erftstadt Fuchsweg 18c 50374,unconfirmed,45.327,11.0,0,,,
northern,north,47225,Erftstadt Gustav-Heinemann-Str. 2 50374,unconfirmed,40.868,143.0,0,,,
northern,north,47226,Erftstadt Haesstr. 1 50374,unconfirmed,43.251,66.0,0,,,
northern,north,47227,Erftstadt Herriger Str. 29 50374,unconfirmed,42.418,71.0,0,,,
northern,north,47228,Erftstadt Holzdamm 10 50374,unconfirmed,40.864,44.0,0,,,
northern,north,47229,Erftstadt Jakobstr. 35 50374,unconfirmed,43.842,11.0,0,,,
northern,north,47230,Erftstadt Kölner Ring 2 50374,unconfirmed,41.982,450.0,4,,,
northern,north,47231,Erftstadt Köttinger Str. 2 50374,unconfirmed,42.022,44.0,0,,,
northern,north,47232,Erftstadt Köttinger Str. 27 50374,unconfirmed,42.155,300.0,2,,,
northern,north,47233,Erftstadt Köttinger Straße 27 50374,unconfirmed,42.155,150.0,2,,,
northern,north,47234,Erftstadt Lauerheid 6 50374,unconfirmed,39.411,11.0,0,,,
northern,north,47235,Erftstadt Siemensstr. 37 50374,unconfirmed,41.193,150.0,2,,,
northern,north,47236,Erftstadt Zum Gänsgraben 3 50374,unconfirmed,45.38,450.0,4,,,
northern,north,47237,Erftstadt Zunftstraße 9 50374,unconfirmed,41.543,44.0,0,,,
northern,north,47238,Erftstadt Zunftstraße 2 2 50374,unconfirmed,41.278,1244.0,8,,,
northern,north,48012,Leichlingen Am Wallgraben 2 42799,unconfirmed,77.4,150.0,2,,,
northern,north,48016,Leichlingen Solinger Str. 7 42799,unconfirmed,89.629,72.0,0,,,
northern,north,48018,Leichlingen (Rheinland) Am Berg 4 42799,unconfirmed,89.891,11.0,0,,,
northern,north,48021,Leichlingen (Rheinland) Solinger Str. 7 42799,unconfirmed,89.629,72.0,0,,,
northern,north,48022,Wermelskirchen Remscheid Ost 0 42859,road_route_found_entrance_unverified,97.907,1400.0,4,226.0,237.5,8.2
northern,north,48023,Wermelskirchen Am Schwanenplatz 0 42929,road_route_found_entrance_unverified,94.06,44.0,0,1978.7,2045.9,7.9
northern,north,48024,Wermelskirchen Bahnhofstraße 6 42929,unconfirmed,96.988,44.0,0,,,
northern,north,48025,Wermelskirchen Bandwirkerstr. 2 42929,road_route_found_entrance_unverified,94.06,150.0,2,999.5,1020.0,1.5
northern,north,48026,Wermelskirchen Berlinerstr. 91 42929,unconfirmed,97.367,44.0,0,,,
northern,north,48027,Wermelskirchen Biberweg 1 42929,road_route_found_entrance_unverified,94.06,772.0,6,773.1,752.8,7.3
northern,north,48028,Wermelskirchen Brückenweg 14 42929,road_route_found_entrance_unverified,94.06,644.0,4,2378.1,2438.1,6.0
northern,north,48030,Wermelskirchen Hünger 12 42929,road_route_found_entrance_unverified,94.06,600.0,4,1650.2,1780.3,4.0
northern,north,48031,Wermelskirchen Kattwinkelstr. 3 42929,road_route_found_entrance_unverified,94.06,44.0,0,2469.4,2536.5,8.0
northern,north,48032,Wermelskirchen Langenbusch 12 42929,unconfirmed,97.561,44.0,0,,,
northern,north,48033,Wermelskirchen Neuenhaus 104-106 42929,unconfirmed,91.604,44.0,0,,,
northern,north,48034,Wermelskirchen Obere Remscheider Str. 23 42929,road_route_found_entrance_unverified,94.06,22.0,0,2720.3,2888.3,6.5
northern,north,48036,Wermelskirchen Technikstr. 5 42929,unconfirmed,97.956,11.0,0,,,
northern,north,48037,Wermelskirchen Telegrafenstr. 37 42929,unconfirmed,95.728,22.0,0,,,
northern,north,48039,Burscheid Am Markt 1 51399,road_route_found_entrance_unverified,86.854,44.0,0,2965.9,2668.0,8.8
northern,north,48040,Burscheid Dünweg 34-36 51399,road_route_found_entrance_unverified,86.854,44.0,0,1767.8,1723.8,4.9
northern,north,48041,Burscheid Ewald-Sträßer-Weg 4 51399,road_route_found_entrance_unverified,86.854,44.0,0,2390.6,2377.6,20.1
northern,north,48042,Burscheid Ewald-Sträßer-Weg 4 51399,road_route_found_entrance_unverified,86.854,44.0,0,2416.4,2281.4,6.1
northern,north,48043,Burscheid Hauptstr. 120-122 51399,unconfirmed,84.925,400.0,4,,,
northern,north,48044,Burscheid Hauptstraße 128a 51399,unconfirmed,84.91,44.0,0,,,
northern,north,48045,Burscheid Hauptstraße 165-167 51399,unconfirmed,84.548,33.0,0,,,
northern,north,48046,Burscheid Haus Landscheid 1-2 51399,unconfirmed,84.825,44.0,0,,,
northern,north,48047,Burscheid Höhestr. 63 51399,road_route_found_entrance_unverified,86.854,1600.0,8,598.0,618.6,7.6
northern,north,48048,Burscheid Im Hagen 9 51399,unconfirmed,84.852,44.0,0,,,
northern,north,48225,Odenthal Leimbacher Weg 33 51519,unconfirmed,84.694,11.0,0,,,
northern,north,48654,Greven Airportallee 1 48268,road_route_found_entrance_unverified,226.316,1600.0,8,2476.1,2401.1,4.7
northern,north,48655,Greven Aldruper Oberesch 12 48268,unconfirmed,219.402,11.0,0,,,
northern,north,48656,Greven Alte Bahnhofstr. 66 48268,unconfirmed,220.699,66.0,0,,,
northern,north,48657,Greven Alte Bahnhofstr. 9 48268,unconfirmed,220.754,600.0,4,,,
northern,north,48658,Greven August-Euler-Straße 1 48268,road_route_found_entrance_unverified,226.316,132.0,0,2236.6,2220.8,0.6
northern,north,48660,Greven Bernard-Schumacher-Weg 13 48268,unconfirmed,218.93,22.0,0,,,
northern,north,48662,Greven Bismarckstraße 47 48268,unconfirmed,221.565,72.0,0,,,
northern,north,48663,Greven Dorfstraße 0 48268,unconfirmed,219.172,44.0,0,,,
northern,north,48664,Greven Drechslerstr. 1 48268,road_route_found_entrance_unverified,221.543,22.0,0,2671.6,2642.0,6.2
northern,north,48665,Greven Hansaring 57 48268,road_route_found_entrance_unverified,221.543,11.0,0,2790.3,2900.7,18.9
northern,north,48667,Greven Hinter der Lake 0 48268,unconfirmed,220.932,44.0,0,,,
northern,north,48668,Greven Königstr. 69 48268,road_route_found_entrance_unverified,221.543,85.0,0,2470.8,2619.5,9.3
northern,north,48669,Greven Lindenstr. 35 48268,unconfirmed,220.686,88.0,0,,,
northern,north,48670,Greven Naendorfstr. 0 48268,unconfirmed,220.889,150.0,2,,,
northern,north,48671,Greven Saerbecker Str. 10-12 48268,unconfirmed,221.34,60.0,0,,,
northern,north,48672,Greven Saerbeckerstr. 77-81 48268,unconfirmed,221.696,44.0,0,,,
northern,north,48923,Westerkappeln Gartenkamp 130 49492,unconfirmed,254.529,44.0,0,,,
northern,north,48937,Lotte Achmerstraße 31 49504,unconfirmed,257.287,44.0,0,,,
northern,north,48938,Lotte Atterstr. 25 49504,unconfirmed,255.18,99.0,0,,,
northern,north,48939,Lotte Bahnhofstraße 17 49504,unconfirmed,251.016,44.0,0,,,
northern,north,48940,Lotte Berliner Platz 1 49504,unconfirmed,256.363,44.0,0,,,
northern,north,48941,Lotte Schoppenbusch 34 49504,road_route_found_entrance_unverified,254.651,11.0,0,2893.8,2747.7,15.0
northern,north,48942,Lotte Sperberweg 13 49504,road_route_found_entrance_unverified,254.651,11.0,0,2991.1,2951.3,24.8
northern,north,48943,Lotte Teichweg 5 49504,road_route_found_entrance_unverified,254.651,1800.0,12,2020.0,2012.0,6.1
northern,north,48944,Lotte Westfalenplatz 1 49504,unconfirmed,257.427,44.0,0,,,
northern,north,48945,Lotte - Wersen Sichterweg 6 49504,unconfirmed,255.007,11.0,0,,,
northern,north,48946,Lotte-Wersen Westerkappelner Str. 19 49504,road_route_found_entrance_unverified,254.651,44.0,0,2540.9,2480.4,5.0
northern,north,48955,Lengerich Alwin-Klein-Str. 11 49525,unconfirmed,241.773,44.0,0,,,
northern,north,48956,Lengerich An der Mühlenbreede 4 49525,unconfirmed,241.984,44.0,0,,,
northern,north,48961,Lengerich Münsterer Straße 51 49525,unconfirmed,241.242,44.0,0,,,
northern,north,48963,Lengerich Tecklenburger Str. 2 49525,unconfirmed,241.415,44.0,0,,,
northern,north,48964,Lengerich Tecklenburger Str. 48 49525,unconfirmed,241.984,44.0,0,,,
northern,north,48965,Lengerich Tecklenburger Str. 6 49525,unconfirmed,241.29,61.0,0,,,
northern,north,48966,Lengerich Teutopark 2B 49525,road_route_found_entrance_unverified,238.909,600.0,4,434.0,416.6,7.0
northern,north,48967,Lengerich Wielandstr. 19 49525,unconfirmed,241.527,44.0,0,,,
northern,north,48968,Lengerich Wielandstraße 24 49525,unconfirmed,241.449,450.0,4,,,
northern,north,48969,Lengerich Zur alten Gießerei 7 49525,unconfirmed,241.628,44.0,0,,,
northern,north,48971,Tecklenburg Am Weingarten 0 49545,unconfirmed,239.721,46.0,0,,,
northern,north,48974,Tecklenburg Gerichtsweg 1 49545,unconfirmed,240.303,22.0,0,,,
northern,north,48975,Tecklenburg Howesträßchen 0 49545,unconfirmed,240.29,46.0,0,,,
northern,north,48976,Tecklenburg Landrat-Schultz-Str. 1 49545,unconfirmed,240.144,44.0,0,,,
northern,north,48977,Tecklenburg Parkplatz an der Post 7 49545,unconfirmed,240.164,44.0,0,,,
northern,north,48978,Tecklenburg Raststätte Tecklenburger Land Ost 0 49545,road_route_found_entrance_unverified,245.067,300.0,2,223.7,379.5,11.3
northern,north,48979,"Tecklenburg Raststätte Tecklenburger Land Ost, A1 0 49545",road_route_found_entrance_unverified,245.067,100.0,0,223.7,379.5,11.3
northern,north,48980,Tecklenburg Raststätte Tecklenburger Land West 0 49545,unconfirmed,245.042,300.0,2,,,
northern,north,48981,"Tecklenburg Raststätte Tecklenburger Land West, A1 1 49545",unconfirmed,245.042,100.0,0,,,
northern,north,48984,Ladbergen Am Kanal 45 49549,unconfirmed,231.375,44.0,0,,,
northern,north,48985,Ladbergen Dorfstr. 21 49549,road_route_found_entrance_unverified,230.545,44.0,0,1956.3,2064.2,8.2
northern,north,48986,Ladbergen Espenhof 1 49549,road_route_found_entrance_unverified,230.545,1200.0,8,920.3,797.7,19.4
northern,north,48987,Ladbergen Espenhof 15 49549,road_route_found_entrance_unverified,230.545,300.0,2,998.4,1043.8,6.4
northern,north,48988,Ladbergen Grevener Str. 0 49549,road_route_found_entrance_unverified,230.545,22.0,0,1705.3,1793.6,11.4
northern,north,49534,Schwerte Alter Dortmunder Weg 89 58239,road_route_found_entrance_unverified,144.487,11.0,0,1397.1,1564.2,8.0
northern,north,49535,Schwerte Alter Hellweg 12 58239,unconfirmed,140.258,44.0,0,,,
northern,north,49536,Schwerte Am Hohenstein 28 58239,road_route_found_entrance_unverified,147.069,44.0,0,2436.7,2715.8,12.0
northern,north,49537,Schwerte Am Hohlen Wege 3 58239,unconfirmed,146.572,44.0,0,,,
northern,north,49538,Schwerte Am Kornfeld 1 58239,unconfirmed,141.34,44.0,0,,,
northern,north,49541,Schwerte Am Zimmermannswäldchen 27 58239,road_route_found_entrance_unverified,144.487,44.0,0,2706.2,2604.7,0.6
northern,north,49542,Schwerte An der Silberkuhle 2 58239,unconfirmed,147.723,44.0,0,,,
northern,north,49543,Schwerte Auf dem Spiekstück 1 58239,unconfirmed,147.607,44.0,0,,,
northern,north,49544,Schwerte Auf der Hofestatt 11 58239,unconfirmed,139.383,50.0,0,,,
northern,north,49546,Schwerte Bahnhofstraße 1 58239,road_route_found_entrance_unverified,144.487,44.0,0,2030.3,2078.3,4.0
northern,north,49547,Schwerte Bahnhofstraße 35 58239,road_route_found_entrance_unverified,144.487,88.0,0,2224.3,2202.7,0.0
northern,north,49548,Schwerte Bahnhofstraße 6 58239,road_route_found_entrance_unverified,144.487,44.0,0,2075.0,2071.0,3.5
northern,north,49549,Schwerte Bergerhofweg 24 58239,road_route_found_entrance_unverified,144.487,44.0,0,1371.5,2187.8,2.4
northern,north,49550,Schwerte Bethunestraße 17 58239,unconfirmed,144.511,55.0,0,,,
northern,north,49551,Schwerte Brinkmanns Hof 2 58239,unconfirmed,140.571,44.0,0,,,
northern,north,49552,Schwerte Buschkampweg 93 58239,unconfirmed,147.553,88.0,0,,,
northern,north,49554,Schwerte Bürenbrucher Weg 1a 58239,unconfirmed,140.964,88.0,0,,,
northern,north,49555,Schwerte Eintrachtstraße 10 58239,unconfirmed,144.153,44.0,0,,,
northern,north,49556,Schwerte Friedrich-Hegel-Str. 80 58239,unconfirmed,142.37,44.0,0,,,
northern,north,49557,Schwerte Geisecker Talstraße 76 58239,unconfirmed,147.453,44.0,0,,,
northern,north,49558,Schwerte Goethestraße 19 58239,road_route_found_entrance_unverified,144.487,44.0,0,1840.0,1845.2,4.8
northern,north,49560,Schwerte Gotenstraße 6 58239,unconfirmed,146.446,44.0,0,,,
northern,north,49561,Schwerte Grünstr. 70 58239,unconfirmed,146.267,44.0,0,,,
northern,north,49562,Schwerte Grünstraße 89 58239,unconfirmed,146.398,100.0,0,,,
northern,north,49563,Schwerte Grürmannstraße 26 58239,unconfirmed,140.657,44.0,0,,,
northern,north,49564,Schwerte Gustav-Heinemann-Str. 2 58239,unconfirmed,147.506,44.0,0,,,
northern,north,49565,Schwerte Hagener Str. 68 58239,road_route_found_entrance_unverified,144.487,600.0,6,2560.1,2588.4,8.1
northern,north,49566,Schwerte Haselackstraße 20 58239,road_route_found_entrance_unverified,144.487,44.0,0,2199.6,2481.1,1.7
northern,north,49567,Schwerte Heidekamp 78 58239,road_route_found_entrance_unverified,144.487,44.0,0,1477.4,1485.6,2.8
northern,north,49568,Schwerte Heidestraße 142/142a 58239,road_route_found_entrance_unverified,147.069,44.0,0,1868.9,1962.0,2.4
northern,north,49569,Schwerte Heidestraße 81 58239,road_route_found_entrance_unverified,144.487,44.0,0,2012.4,2323.1,6.7
northern,north,49570,Schwerte Hermann-von-Wanthoff-Str. 67 58239,unconfirmed,141.532,132.0,0,,,
northern,north,49571,Schwerte Hohlweg 2 58239,unconfirmed,139.619,44.0,0,,,
northern,north,49572,Schwerte Holbeinweg 1 58239,unconfirmed,145.503,44.0,0,,,
northern,north,49573,Schwerte Hörder Straße 131 58239,road_route_found_entrance_unverified,144.487,300.0,2,1892.3,2361.4,2.5
northern,north,49574,Schwerte Hörder Straße 131 58239,road_route_found_entrance_unverified,144.487,800.0,4,1389.7,2868.5,0.2
northern,north,49575,Schwerte Hörder Straße 32 58239,road_route_found_entrance_unverified,144.487,44.0,0,824.1,843.2,10.2
northern,north,49576,Schwerte Hörder Straße 35 58239,road_route_found_entrance_unverified,144.487,44.0,0,1095.3,1062.0,10.3
northern,north,49577,Schwerte Im Ortsstück 2 58239,unconfirmed,140.441,44.0,0,,,
northern,north,49578,Schwerte Im Ostfeld 15 58239,unconfirmed,140.359,22.0,0,,,
northern,north,49579,Schwerte IM Ostfeld 15 58239,unconfirmed,140.359,22.0,0,,,
northern,north,49580,Schwerte Im Reiche des Wassers 1 58239,road_route_found_entrance_unverified,144.487,88.0,0,2675.9,2620.5,0.1
northern,north,49582,Schwerte Im Wietloh 1a 58239,unconfirmed,140.56,44.0,0,,,
northern,north,49583,Schwerte Im Winkel 22 58239,unconfirmed,140.495,44.0,0,,,
northern,north,49584,Schwerte Kirchstraße 39 58239,unconfirmed,140.602,44.0,0,,,
northern,north,49585,Schwerte Kleine Märkische Straße 2 58239,road_route_found_entrance_unverified,144.487,11.0,0,1750.7,1830.1,14.7
northern,north,49586,Schwerte Kuhstraße 20a 58239,road_route_found_entrance_unverified,144.487,44.0,0,1721.2,1730.9,4.2
northern,north,49587,Schwerte Letmather Straße 94 58239,unconfirmed,140.849,22.0,0,,,
northern,north,49588,Schwerte Lichtendorf Süd 0 58239,road_route_found_entrance_unverified,147.069,1400.0,4,182.1,427.5,1.9
northern,north,49589,Schwerte Lichtendorfer Str. 0 58239,road_route_found_entrance_unverified,147.069,700.0,2,377.2,265.3,6.3
northern,north,49590,Schwerte Lichtendorfer Straße 45 58239,road_route_found_entrance_unverified,147.069,44.0,0,2057.8,2212.4,5.0
northern,north,49591,Schwerte Lichtendorfer Straße 5 58239,road_route_found_entrance_unverified,147.069,88.0,0,2501.8,2656.9,24.4
northern,north,49592,Schwerte Liethstraße 32-36 58239,road_route_found_entrance_unverified,144.487,264.0,0,2972.7,3210.0,6.4
northern,north,49593,Schwerte Lohbachstraße 12 58239,road_route_found_entrance_unverified,144.487,220.0,0,2740.9,2674.7,1.0
northern,north,49594,Schwerte Messingstr. 1 58239,road_route_found_entrance_unverified,144.487,44.0,0,1968.1,1938.6,5.0
northern,north,49595,Schwerte Minna-Marcus-Straße 2 58239,unconfirmed,139.967,44.0,0,,,
northern,north,49596,Schwerte Märkische Straße 69c 58239,road_route_found_entrance_unverified,144.487,44.0,0,1999.5,2047.2,4.6
northern,north,49597,Schwerte Neumarkt 2 58239,road_route_found_entrance_unverified,144.487,44.0,0,2040.6,2003.4,9.6
northern,north,49598,Schwerte Niederstraße 22 58239,unconfirmed,139.911,44.0,0,,,
northern,north,49599,Schwerte Ostenstraße 21 58239,road_route_found_entrance_unverified,144.487,44.0,0,2362.7,2318.2,7.5
northern,north,49600,Schwerte Poststraße 21 58239,unconfirmed,144.249,44.0,0,,,
northern,north,49601,Schwerte Raststätte Lichtendorf Süd 0 58239,road_route_found_entrance_unverified,147.069,98.0,0,372.2,270.3,10.0
northern,north,49602,Schwerte Rathausstraße 31 58239,road_route_found_entrance_unverified,144.487,44.0,0,1841.5,1841.1,5.0
northern,north,49603,Schwerte Reichshofstraße 41 58239,unconfirmed,140.387,44.0,0,,,
northern,north,49605,Schwerte Ruhrstraße 20 58239,road_route_found_entrance_unverified,144.487,88.0,0,2811.2,2787.4,9.2
northern,north,49606,Schwerte Ruhrtalstr. 0 58239,unconfirmed,140.387,1600.0,10,,,
northern,north,49607,Schwerte Sauerlandstr. 12 58239,road_route_found_entrance_unverified,144.487,44.0,0,2646.0,2390.2,5.6
northern,north,49608,Schwerte Schmalzkamp 21 58239,road_route_found_entrance_unverified,144.487,44.0,0,1096.2,1612.8,4.0
northern,north,49610,Schwerte Schützenstraße 22 58239,road_route_found_entrance_unverified,144.487,11.0,0,2858.6,2862.2,18.2
northern,north,49611,Schwerte Schützenstraße 39b 58239,road_route_found_entrance_unverified,144.487,44.0,0,2948.5,2877.6,18.8
northern,north,49612,Schwerte Schützenstraße 75-77 58239,unconfirmed,145.982,88.0,0,,,
northern,north,49613,Schwerte Schützenstraße 9 58239,road_route_found_entrance_unverified,144.487,44.0,0,2402.6,2287.1,9.0
northern,north,49614,Schwerte Teutonenstraße 19 58239,unconfirmed,146.641,44.0,0,,,
northern,north,49615,Schwerte Thüner Wiese 2 58239,unconfirmed,140.571,44.0,0,,,
northern,north,49616,Schwerte Untere Meischede 5 58239,unconfirmed,141.504,44.0,0,,,
northern,north,49617,Schwerte Virchowstraße 8a 58239,road_route_found_entrance_unverified,144.487,44.0,0,1612.6,2010.4,4.6
northern,north,49618,Schwerte Wasserstr. 15 58239,unconfirmed,140.224,44.0,0,,,
northern,north,49619,Schwerte Wasserstr. 40 58239,unconfirmed,140.135,22.0,0,,,
northern,north,49620,Schwerte Wasserstraße 17 58239,unconfirmed,140.195,11.0,0,,,
northern,north,49621,Schwerte Westhellweg 220 58239,road_route_found_entrance_unverified,144.487,44.0,0,2421.9,2276.8,10.3
northern,north,49622,Schwerte Westwall 7 58239,road_route_found_entrance_unverified,144.487,44.0,0,2197.1,2412.7,6.8
northern,north,49623,Schwerte Wittekindstr. 10 58239,road_route_found_entrance_unverified,144.487,300.0,2,2075.2,2077.5,5.8
northern,north,49624,Schwerte Wittekindstraße 10 58239,road_route_found_entrance_unverified,144.487,344.0,2,2067.1,2066.5,8.1
northern,north,49625,Schwerte Zum Großen Feld 40 58239,unconfirmed,141.708,44.0,0,,,
northern,north,49626,Schwerte Zum Kellerbach 19a 58239,unconfirmed,147.891,44.0,0,,,
northern,north,49627,Schwerte Zum Wellenbad 7 58239,unconfirmed,147.607,44.0,0,,,
northern,north,49628,Schwerte Zwischen den Wegen 2 58239,unconfirmed,147.43,44.0,0,,,
northern,north,49629,Unna Feldstrasse 11 58423,unconfirmed,156.092,300.0,2,,,
northern,north,49649,Kamen Am Ufer 2 59174,unconfirmed,161.438,132.0,0,,,
northern,north,49650,Kamen Am Ufer 2 59174,unconfirmed,161.351,44.0,0,,,
northern,north,49651,Kamen Bahnhofstraße 26-27 59174,road_route_found_entrance_unverified,160.509,22.0,0,2837.2,2663.3,7.2
northern,north,49652,Kamen Ernteweg 11 59174,unconfirmed,159.019,11.0,0,,,
northern,north,49653,Kamen Herbert-Wehner-Str. 16 59174,unconfirmed,161.28,1600.0,8,,,
northern,north,49655,Kamen Kamen Karree 1 59174,unconfirmed,160.446,84.0,0,,,
northern,north,49656,Kamen Kamen Karree 10 59174,road_route_found_entrance_unverified,160.509,300.0,2,1195.3,1110.6,5.8
northern,north,49657,Kamen Kamen Karree 3 59174,unconfirmed,160.596,1500.0,10,,,
northern,north,49658,Kamen Kamen Karree 5 59174,road_route_found_entrance_unverified,160.509,200.0,2,1193.9,1547.2,2.7
northern,north,49659,Kamen Kamen Karree 7 59174,road_route_found_entrance_unverified,160.509,1200.0,6,1121.6,1058.3,8.7
northern,north,49660,Kamen Kamen Karree 8 59174,road_route_found_entrance_unverified,160.509,7800.0,52,1227.3,1268.8,7.1
northern,north,49661,Kamen Lünener Str. 225 59174,unconfirmed,161.532,50.0,0,,,
northern,north,49662,Kamen Markt 6 59174,road_route_found_entrance_unverified,160.509,22.0,0,2970.2,3363.1,3.8
northern,north,49663,Kamen Märkische Str. 5 59174,unconfirmed,162.494,22.0,0,,,
northern,north,49664,Kamen Schattweg 4 59174,road_route_found_entrance_unverified,160.509,3000.0,12,1058.8,974.4,6.0
northern,north,49665,Kamen Schöner Fleck 23 59174,unconfirmed,161.605,11.0,0,,,
northern,north,49666,Kamen Zollpost 10 59174,road_route_found_entrance_unverified,160.509,3500.0,12,1179.3,1379.8,4.5
northern,north,49667,Kamen Zollpost 6 59174,unconfirmed,161.422,772.0,6,,,
northern,north,49668,Bergkamen Am Himmeldieck 10 59192,unconfirmed,165.034,11.0,0,,,
northern,north,49669,Bergkamen Am Roggenkamp 3-5 59192,unconfirmed,166.416,400.0,4,,,
northern,north,49670,Bergkamen An der Bummannsburg 4-6 59192,unconfirmed,169.809,100.0,0,,,
northern,north,49671,Bergkamen An der Bummansburg 1 59192,unconfirmed,169.889,72.0,0,,,
northern,north,49672,Bergkamen Bambergstraße 116 59192,unconfirmed,163.791,33.0,0,,,
northern,north,49675,Bergkamen Geschwister-Scholl-Straße 1 59192,unconfirmed,166.524,600.0,4,,,
northern,north,49676,Bergkamen Hellweg 34 59192,unconfirmed,169.929,900.0,6,,,
northern,north,49678,Bergkamen Industriestr. 39 59192,unconfirmed,168.884,240.0,2,,,
northern,north,49680,Bergkamen Landwehrstraße 68 59192,unconfirmed,166.404,450.0,4,,,
northern,north,49684,Bergkamen Rünther Str. 151 59192,unconfirmed,169.654,50.0,0,,,
northern,north,49685,Bergkamen Rünther Str. 151 59192,unconfirmed,169.709,3000.0,12,,,
northern,north,49686,Bergkamen Werner Str. 123 59192,unconfirmed,166.439,300.0,2,,,
northern,north,49687,Bergkamen Werner Straße 117-119 59192,unconfirmed,166.159,72.0,0,,,
northern,north,49692,Werne Brede 4 59368,unconfirmed,171.246,22.0,0,,,
northern,north,49693,Werne Brede 4 59368,unconfirmed,171.214,66.0,0,,,
northern,north,49694,Werne Fürstenhof 50 59368,unconfirmed,172.543,44.0,0,,,
northern,north,49695,Werne Fürstenhof 50 59368,unconfirmed,172.569,115.0,0,,,
northern,north,49696,Werne Horster Str. 21 59368,unconfirmed,172.329,150.0,2,,,
northern,north,49697,Werne Klöcknerstr. 2 59368,road_route_found_entrance_unverified,172.185,22.0,0,271.6,269.0,2.0
northern,north,49698,Werne Klöcknerstraße 2 59368,unconfirmed,171.25,24.0,0,,,
northern,north,49699,Werne Konrad-Adenauer-Platz 1 A 59368,unconfirmed,171.759,44.0,0,,,
northern,north,49701,Werne Nordlippestr. 52 59368,road_route_found_entrance_unverified,174.902,600.0,4,743.3,772.0,10.7
northern,north,49702,Werne Nordlippestr. 52 59368,unconfirmed,175.114,1600.0,8,,,
northern,north,49703,Werne Schemmelweg 2 59368,unconfirmed,171.259,44.0,0,,,
northern,north,49705,Werne Stockumer Str. 32 59368,unconfirmed,175.612,88.0,0,,,
northern,north,49706,Werne Südring 6 59368,unconfirmed,170.392,11.0,0,,,
northern,north,49707,Werne Vinzenzstraße 61 59368,unconfirmed,173.109,44.0,0,,,
northern,north,49733,Unna Bahnhofstr. 49 59423,unconfirmed,157.115,44.0,0,,,
northern,north,49734,Unna Bahnhofstraße 37 59423,unconfirmed,156.961,88.0,0,,,
northern,north,49735,Unna Bahnhofstrasse 49 59423,unconfirmed,157.108,44.0,0,,,
northern,north,49736,Unna Feldstraße 11 59423,unconfirmed,156.092,300.0,2,,,
northern,north,49737,Unna Hans-Böckler-Str. 4 59423,unconfirmed,156.045,44.0,0,,,
northern,north,49739,Unna Herderstr. 16 59423,unconfirmed,156.719,11.0,0,,,
northern,north,49741,Unna Massener Str. 117 59423,unconfirmed,156.361,450.0,4,,,
northern,north,49742,Unna Massener Str. 145 59423,unconfirmed,156.087,300.0,4,,,
northern,north,49743,Unna Massener Str. 37 59423,unconfirmed,156.618,44.0,0,,,
northern,north,49744,Unna Massener Str. 56 59423,unconfirmed,156.515,600.0,4,,,
northern,north,49746,Unna Sybil-Westendorp-Str. 15 59423,unconfirmed,156.74,44.0,0,,,
northern,north,49747,Unna Südwall 202 59423,unconfirmed,156.421,11.0,0,,,
northern,north,49748,Unna Ziegelstraße 25 59423,unconfirmed,155.951,72.0,0,,,
northern,north,49749,Unna Auf dem Höing 1 59425,unconfirmed,158.041,22.0,0,,,
northern,north,49750,Unna Blumenstr. 13 59425,road_route_found_entrance_unverified,160.509,10.0,0,2726.6,3036.7,12.7
northern,north,49751,Unna Friedrich-Ebert-Str. 114 59425,unconfirmed,157.775,44.0,0,,,
northern,north,49752,Unna Friedrich-Ebert-Str. 17 59425,unconfirmed,157.423,44.0,0,,,
northern,north,49753,Unna Friedrich-Ebert-Str. 59 59425,unconfirmed,157.71,44.0,0,,,
northern,north,49754,Unna Hansastr. 101 59425,unconfirmed,157.214,44.0,0,,,
northern,north,49755,Unna Hansastr. 101 59425,unconfirmed,157.216,75.0,0,,,
northern,north,49756,Unna Kamener Straße 37 59425,road_route_found_entrance_unverified,160.509,144.0,0,2328.9,2331.4,10.8
northern,north,49757,Unna Parkstr. 44 59425,unconfirmed,157.742,44.0,0,,,
northern,north,49758,Unna Platanenallee 20 a 59425,unconfirmed,157.781,44.0,0,,,
northern,north,49759,Unna Viktoriastr. 4 59425,unconfirmed,157.573,44.0,0,,,
northern,north,49760,Unna Zechenstrasse 88 59425,unconfirmed,159.012,11.0,0,,,
northern,north,49761,Unna Kleistr. 18 59427,unconfirmed,156.46,50.0,0,,,
northern,north,49762,Unna Kuhstraße 5 59427,unconfirmed,157.352,11.0,0,,,
northern,north,49763,Holzwickede Allee 5z 59439,unconfirmed,151.391,88.0,0,,,
northern,north,49764,Holzwickede Am Markt 5 59439,unconfirmed,151.359,44.0,0,,,
northern,north,49765,Holzwickede Bahnhofstraße 21 59439,unconfirmed,151.619,44.0,0,,,
northern,north,49766,Holzwickede Carolinenallee 13 59439,unconfirmed,151.451,44.0,0,,,
northern,north,49767,Holzwickede Carrera-Str. 1 59439,unconfirmed,152.313,350.0,4,,,
northern,north,49768,Holzwickede Carrera-Str. 1 59439,unconfirmed,152.337,176.0,0,,,
northern,north,49769,Holzwickede Hauptstraße 14 59439,unconfirmed,151.319,388.0,2,,,
northern,north,49770,Holzwickede Jahnstraße 7z 59439,unconfirmed,151.924,44.0,0,,,
northern,north,49771,Holzwickede Kirchstr. 0 59439,unconfirmed,151.065,44.0,0,,,
northern,north,49772,Holzwickede Kirchstraße 2 59439,unconfirmed,151.107,72.0,0,,,
northern,north,49773,Holzwickede Rausinger Straße 30z 59439,unconfirmed,151.435,44.0,0,,,
northern,north,49774,Holzwickede Rausinger Straße 96 59439,unconfirmed,150.913,800.0,4,,,
northern,north,49775,Holzwickede Stehfenstr. 8 59439,unconfirmed,151.791,150.0,2,,,
northern,north,49776,Holzwickede Steinbruchstraße 36z 59439,unconfirmed,152.828,44.0,0,,,
northern,north,49777,Holzwickede Unnaer Straße 60z 59439,unconfirmed,150.945,44.0,0,,,
northern,north,49778,Holzwickede Wilhelmstraße 2 59439,unconfirmed,152.123,900.0,6,,,
northern,north,49779,Holzwickede Zur Alten Kolonie 1 59439,unconfirmed,152.481,150.0,2,,,
northern,north,52059,Dortmund Am Ellberg 1 44265,unconfirmed,142.44,94.0,0,,,
northern,north,52060,Dortmund Am Klusenberg 214 44265,unconfirmed,135.856,22.0,0,,,
northern,north,52061,Dortmund Brücherhofstraße 200 44265,unconfirmed,142.926,66.0,0,,,
northern,north,52063,Dortmund Hohensyburgstr. 0 44265,unconfirmed,137.618,44.0,0,,,
northern,north,52064,Dortmund Hohensyburgstr. 200 44265,unconfirmed,137.519,176.0,0,,,
northern,north,52065,Dortmund Hohensyburgstrasse 200 44265,unconfirmed,137.522,88.0,0,,,
northern,north,52067,Dortmund Wittbräucker Str. 630 44265,unconfirmed,142.327,50.0,0,,,
northern,north,52068,Dortmund Wittbräucker Str. 980 44265,unconfirmed,136.335,50.0,0,,,
northern,north,52071,Dortmund FALTERWEG 32 44267,unconfirmed,144.402,11.0,0,,,
northern,north,52072,Dortmund Feldmark 1b 44267,unconfirmed,142.216,22.0,0,,,
northern,north,52073,Dortmund OVERGÜNNE 231 44267,unconfirmed,143.48,11.0,0,,,
northern,north,52074,Dortmund SELZERSTR 16 44267,unconfirmed,143.853,11.0,0,,,
northern,north,52075,Dortmund Wittbräucker Str. 504 44267,unconfirmed,142.734,44.0,0,,,
northern,north,52076,Dortmund Wittbräucker Str. 504 44267,unconfirmed,142.734,50.0,0,,,
northern,north,52077,Dortmund Wittbräucker Str. 565 44267,unconfirmed,142.644,44.0,0,,,
northern,north,52080,Dortmund Fasanenweg 18 44269,unconfirmed,143.718,50.0,0,,,
northern,north,52087,Dortmund ABTEISTR 10 44287,unconfirmed,148.544,11.0,0,,,
northern,north,52088,Dortmund ABTEISTR 2 44287,unconfirmed,148.576,11.0,0,,,
northern,north,52104,Dortmund SCHMALER WEG 12 44287,unconfirmed,146.174,11.0,0,,,
northern,north,52105,Dortmund Schwerter Str. 294b 44287,unconfirmed,145.7,11.0,0,,,
northern,north,52113,Dortmund VIESELERHOFSTR 78 44287,unconfirmed,148.58,11.0,0,,,
northern,north,52114,Dortmund Wittbräukerstr. 52 52 44287,unconfirmed,145.525,322.0,0,,,
northern,north,52115,Dortmund AM KAPELLENUFER 109 44289,unconfirmed,149.079,11.0,0,,,
northern,north,52116,Dortmund AM KAPELLENUFER 119 44289,unconfirmed,149.061,11.0,0,,,
northern,north,52117,Dortmund Emschertalstr. 58 44289,unconfirmed,148.97,600.0,4,,,
northern,north,52118,Dortmund HYAZINTHENSTR 4 44289,unconfirmed,149.043,11.0,0,,,
northern,north,52119,Dortmund Lichtendorf Nord 0 44289,unconfirmed,147.414,1400.0,4,,,
northern,north,52120,Dortmund Nelkenstr. 4a 44289,road_route_found_entrance_unverified,147.069,72.0,0,2768.4,2874.1,8.1
northern,north,52121,Dortmund Raststätte Lichtendorf Nord 0 44289,unconfirmed,147.305,98.0,0,,,
northern,north,52122,Dortmund ROSENSTR 68 44289,unconfirmed,148.9,11.0,0,,,
northern,north,52123,Dortmund ROSENSTR 92b 44289,unconfirmed,148.819,11.0,0,,,
northern,north,52124,Dortmund Römerstr. 28 44289,unconfirmed,147.3,350.0,1,,,
northern,north,52125,Dortmund Römerstr. 28 44289,unconfirmed,147.3,350.0,1,,,
northern,north,52127,Dortmund Sölder Str. 145 44289,unconfirmed,148.858,72.0,0,,,
northern,north,52145,Dortmund Altwickeder Hellweg 82 44319,unconfirmed,155.953,44.0,0,,,
northern,north,52149,Dortmund DÜTTELSTR 10 44319,unconfirmed,155.874,11.0,0,,,
northern,north,52150,Dortmund Frische Luft 159 44319,unconfirmed,156.047,22.0,0,,,
northern,north,54024,Hagen Am Hauptbahnhof 16 58089,unconfirmed,131.532,44.0,0,,,
northern,north,54025,Hagen Am Ringofen 21 58089,road_route_found_entrance_unverified,132.057,320.0,4,907.8,981.6,6.7
northern,north,54026,Hagen Becheltestr. 56 58089,road_route_found_entrance_unverified,132.057,75.0,0,2036.9,2105.4,12.4
northern,north,54027,Hagen Berliner Platz 2 58089,unconfirmed,131.532,11.0,0,,,
northern,north,54028,Hagen Eckeseyer Straße 90 58089,road_route_found_entrance_unverified,132.057,450.0,4,2865.9,2937.3,7.5
northern,north,54029,Hagen Friedhofsweg 6 58089,road_route_found_entrance_unverified,132.057,44.0,0,1586.3,1431.2,6.7
northern,north,54030,Hagen Graf-von-Galen-Ring 14 58089,unconfirmed,131.532,44.0,0,,,
northern,north,54031,Hagen Herdecker Str. 11 58089,unconfirmed,131.603,44.0,0,,,
northern,north,54032,Hagen Ophauser Str. 36 58089,road_route_found_entrance_unverified,132.057,50.0,0,704.0,658.4,15.9
northern,north,54033,Hagen Seestr. 4 58089,unconfirmed,134.436,44.0,0,,,
northern,north,54034,Hagen Seestr. 4 58089,unconfirmed,134.436,44.0,0,,,
northern,north,54035,Hagen Seestr. 4 58089,unconfirmed,134.436,44.0,0,,,
northern,north,54036,Hagen Seestr. 4 58089,unconfirmed,134.436,44.0,0,,,
northern,north,54037,Hagen Vorhaller Straße 25a 58089,road_route_found_entrance_unverified,132.057,44.0,0,1275.0,1202.8,7.3
northern,north,54038,Hagen Weststr. 10 58089,road_route_found_entrance_unverified,132.057,600.0,4,521.9,636.0,15.8
northern,north,54039,Hagen Weststraße 1 58089,unconfirmed,132.558,33.0,0,,,
northern,north,54040,Hagen Wilhelmsplatz 0 58089,unconfirmed,131.372,44.0,0,,,
northern,north,54047,Hagen Bandstahlstraße 7 58093,unconfirmed,137.093,33.0,0,,,
northern,north,54054,Hagen Profilstraße 4 58093,unconfirmed,137.43,22.0,0,,,
northern,north,54055,Hagen Profilstraße 4 58093,unconfirmed,137.43,22.0,0,,,
northern,north,54056,Hagen Profilstraße 4 58093,unconfirmed,137.43,44.0,0,,,
northern,north,54057,Hagen Profilstraße 4 58093,unconfirmed,137.43,22.0,0,,,
northern,north,54058,Hagen Profilstraße 4 58093,unconfirmed,137.43,22.0,0,,,
northern,north,54064,Hagen Werkzeugstr. 19-23 58093,unconfirmed,136.946,44.0,0,,,
northern,north,54065,Hagen Werkzeugstraße 7 58093,unconfirmed,137.0,44.0,0,,,
northern,north,54068,Hagen Bahnhofstr. 7 58095,unconfirmed,131.532,44.0,0,,,
northern,north,54072,Hagen Körnerstr. 40 58095,unconfirmed,131.55,44.0,0,,,
northern,north,54074,Hagen Neumarktstr. 20 58095,unconfirmed,131.532,44.0,0,,,
northern,north,54075,Hagen Neumarktstr. 23 58095,unconfirmed,131.532,44.0,0,,,
northern,north,54076,Hagen Sparkassen-Karree 1 58095,unconfirmed,131.575,44.0,0,,,
northern,north,54077,Hagen Sparkassen-Karree 1 58095,unconfirmed,131.575,22.0,0,,,
northern,north,54079,Hagen Alexanderstr. 18-20 58097,road_route_found_entrance_unverified,132.057,450.0,6,2834.3,2813.8,3.9
northern,north,54080,Hagen Alexanderstraße 18-20 58097,road_route_found_entrance_unverified,132.057,300.0,2,2834.3,2813.8,3.9
northern,north,54081,Hagen Am Sportpark 30 58097,unconfirmed,131.753,44.0,0,,,
northern,north,54082,Hagen Brinkstraße 68 58097,road_route_found_entrance_unverified,132.057,44.0,0,2721.7,2887.8,6.7
northern,north,54085,Hagen Humpertstr. 6 58097,unconfirmed,131.801,44.0,0,,,
northern,north,54086,Hagen Königstraße 26 58097,unconfirmed,131.683,44.0,0,,,
northern,north,54088,Hagen Pettenkoferstr. 15 58097,unconfirmed,131.911,11.0,0,,,
northern,north,54089,Hagen Stadionstr. 15 58097,unconfirmed,131.826,22.0,0,,,
northern,north,54090,Hagen Stadionstr. 15 58097,unconfirmed,131.825,22.0,0,,,
northern,north,54091,Hagen Stadionstr. 15 58097,unconfirmed,131.819,22.0,0,,,
northern,north,54092,Hagen Stadionstr. 15 58097,unconfirmed,131.815,22.0,0,,,
northern,north,54093,Hagen Stadionstr. 15 58097,unconfirmed,131.811,22.0,0,,,
northern,north,54097,Hagen Universitätsstr. 1 58097,unconfirmed,135.987,44.0,0,,,
northern,north,54098,Hagen Auf dem Graskamp 11 58099,road_route_found_entrance_unverified,135.728,44.0,0,1553.8,1744.7,2.5
northern,north,54099,Hagen Dortmunder Str. 4 58099,road_route_found_entrance_unverified,135.728,44.0,0,1169.8,1215.5,12.5
northern,north,54100,Hagen Gottfried-Keller-Straße 7 58099,road_route_found_entrance_unverified,132.057,44.0,0,2452.6,2478.5,6.8
northern,north,54101,Hagen Hagener Straße 121 58099,road_route_found_entrance_unverified,135.728,150.0,2,2722.4,2666.6,6.2
northern,north,54102,Hagen Raststätte Lennhof West 0 58099,unconfirmed,137.589,98.0,0,,,
northern,north,54103,Hagen Ruhrtalstr. 1 58099,unconfirmed,138.415,11.0,0,,,
northern,north,54104,Hagen Schwerter Str. 180 58099,road_route_found_entrance_unverified,135.728,450.0,4,1861.5,1886.8,6.8
northern,north,54105,Hagen Schwerter Str. 3 58099,unconfirmed,132.45,500.0,4,,,
northern,north,54106,Hagen Schwerter Straße 223-227 58099,road_route_found_entrance_unverified,135.728,900.0,8,1583.4,1683.1,22.3
northern,north,54107,Hagen schwerterstr 180 58099,road_route_found_entrance_unverified,135.728,450.0,4,1846.7,1829.2,25.3
northern,north,54108,Hagen Steinhausstrasse 36 58099,road_route_found_entrance_unverified,135.728,88.0,0,1087.6,1165.7,7.8
northern,north,54109,Hagen Steinhausstraße 47 58099,road_route_found_entrance_unverified,135.728,44.0,0,1330.4,1368.9,7.1
northern,north,54110,Hagen Wandhofener Str. 9 58099,road_route_found_entrance_unverified,135.728,243.0,0,1136.6,1288.0,21.5
northern,north,54128,Hagen Berliner Str. 106 58135,unconfirmed,129.033,44.0,0,,,
northern,north,54129,Hagen Berliner Str. 27 58135,unconfirmed,130.361,600.0,4,,,
northern,north,54130,Hagen Berliner Str. 76A 58135,unconfirmed,129.346,44.0,0,,,
northern,north,54131,Hagen Büddingstr. 34 58135,road_route_found_entrance_unverified,127.328,44.0,0,2902.4,3179.2,7.5
northern,north,54132,Hagen Enneper Str. 146 58135,unconfirmed,127.424,600.0,8,,,
northern,north,54133,Hagen Enneper Str. 43 58135,unconfirmed,127.807,600.0,4,,,
northern,north,54134,Hagen Konrad-Adenauer-Ring 24 58135,unconfirmed,130.506,33.0,0,,,
northern,north,54135,Hagen Kölner Str. 4 58135,unconfirmed,128.752,44.0,0,,,
northern,north,54136,Hagen Silscheder Str. 47 58135,unconfirmed,125.671,11.0,0,,,
northern,north,54137,Hagen Vollbrinkstr. 14 58135,unconfirmed,128.752,44.0,0,,,
northern,north,54138,Hagen Wehringhauser Str. 112 58135,unconfirmed,130.769,600.0,4,,,
northern,north,54306,Hamm Muntenburgstr. 30 59077,unconfirmed,170.365,22.0,0,,,
northern,north,54308,Hamm Selbachpark 2y 59077,unconfirmed,167.393,22.0,0,,,
northern,north,54481,Köln Johannisstr. 76-80 50668,unconfirmed,70.709,22.0,0,,,
northern,north,54568,Köln Riphahnstraße 21 50679,unconfirmed,69.07,44.0,0,,,
northern,north,54610,Köln Geestemünder Straße 23 50735,unconfirmed,70.745,44.0,0,,,
northern,north,54620,Köln Altonaer Str. 53 50737,unconfirmed,68.208,44.0,0,,,
northern,north,54621,Köln August-Haas-Straße 49 50737,unconfirmed,67.858,44.0,0,,,
northern,north,54624,Köln Kösliner Str. 13 50737,unconfirmed,68.013,44.0,0,,,
northern,north,54625,Köln Mönchsgasse 38 50737,unconfirmed,68.346,44.0,0,,,
northern,north,54626,Köln Neusser Straße 681 50737,unconfirmed,68.455,44.0,0,,,
northern,north,54627,Köln Paul-Humburg-Str. 42 50737,unconfirmed,67.899,44.0,0,,,
northern,north,54628,Köln Schlackstr. 3 50737,unconfirmed,67.912,88.0,0,,,
northern,north,54629,Köln Wilhelm-Sollmann-Str. 22 50737,unconfirmed,68.541,88.0,0,,,
northern,north,54632,Köln Etzelstr. 226 50739,unconfirmed,67.569,100.0,0,,,
northern,north,54634,Köln Hanns-Klemm-Str. 16 50739,unconfirmed,67.325,44.0,0,,,
northern,north,54635,Köln Longericher Hauptstr. 45c 50739,road_route_found_entrance_unverified,66.07,44.0,0,2938.5,3429.0,2.7
northern,north,54637,Köln Longericher Straße 534 50739,unconfirmed,67.912,144.0,0,,,
northern,north,54638,Köln Longericherstraße 177 50739,unconfirmed,67.403,50.0,0,,,
northern,north,54642,Köln Robert-Perthel-Str. 1 50739,unconfirmed,67.218,44.0,0,,,
northern,north,54643,Köln Robert-Perthel-Str. 1 50739,unconfirmed,67.218,75.0,0,,,
northern,north,54644,Köln Robert-Perthel-Straße 44-46 50739,unconfirmed,67.218,150.0,2,,,
northern,north,54645,Köln Robert-Perthel-Straße 65- 50739,unconfirmed,67.216,50.0,0,,,
northern,north,54646,Köln Ruth-Hallensleben-Straße 4 50739,unconfirmed,67.309,66.0,0,,,
northern,north,54647,Köln Ruth-Hallensleben-Straße 6 50739,unconfirmed,67.309,22.0,0,,,
northern,north,54648,Köln Ruth-Hallensleben-Straße 6 50739,unconfirmed,67.273,22.0,0,,,
northern,north,54656,Köln Allerstr. 2 50765,unconfirmed,69.11,44.0,0,,,
northern,north,54657,Köln Athener Ring 1 50765,unconfirmed,68.855,300.0,2,,,
northern,north,54659,Köln Elbeallee 11 50765,unconfirmed,68.995,71.0,0,,,
northern,north,54660,Köln Langenbergstr. 181 50765,unconfirmed,69.432,100.0,0,,,
northern,north,54661,Köln Liverpooler Platz 1 50765,unconfirmed,69.05,72.0,0,,,
northern,north,54663,Köln Martinusstraße 2 50765,unconfirmed,65.274,44.0,0,,,
northern,north,54664,Köln Moldaustr. 16 50765,unconfirmed,69.135,100.0,0,,,
northern,north,54665,Köln Saalestr. 32 50765,unconfirmed,69.103,100.0,0,,,
northern,north,54666,Köln Sandglöckchenweg 56 50765,unconfirmed,68.25,44.0,0,,,
northern,north,54667,Köln Stockholmer Allee 2-4 50765,unconfirmed,69.406,350.0,4,,,
northern,north,54668,Köln Stolpestr. 17 50765,unconfirmed,69.314,44.0,0,,,
northern,north,54669,Köln Wezelostr. 36 50765,unconfirmed,68.396,44.0,0,,,
northern,north,54670,Köln Windröschenweg 1 50765,unconfirmed,68.255,44.0,0,,,
northern,north,54671,Köln Dehlinger Weg 17 50767,unconfirmed,66.856,11.0,0,,,
northern,north,54672,Köln Donatusstraße 20 50767,unconfirmed,66.004,600.0,4,,,
northern,north,54673,Köln Haselnußweg 25 50767,unconfirmed,68.598,72.0,0,,,
northern,north,54674,Köln Im Gewerbegebiet Pesch 1 50767,unconfirmed,65.93,150.0,2,,,
northern,north,54675,Köln Im Gewerbegebiet Pesch 1-3 50767,unconfirmed,65.944,150.0,2,,,
northern,north,54676,Köln Im Gewerbegebiet Pesch 4 A 50767,unconfirmed,66.028,1800.0,16,,,
northern,north,54677,Köln Marienberger Weg 21 50767,unconfirmed,66.957,44.0,0,,,
northern,north,54678,Köln Mengenischer Straße 27 50767,unconfirmed,65.612,44.0,0,,,
northern,north,54679,Köln Montessoristr. 22 50767,unconfirmed,65.546,44.0,0,,,
northern,north,54680,Köln Pappelweg 34 50767,unconfirmed,68.406,44.0,0,,,
northern,north,54681,Köln Volkhovener Weg 172 50767,unconfirmed,68.231,11.0,0,,,
northern,north,54682,Köln-Pesch Waffenschmidtstr. 9 50767,unconfirmed,65.92,44.0,0,,,
northern,north,54686,Köln Daverkusenstraße 9 50769,road_route_found_entrance_unverified,70.675,44.0,0,2367.9,1927.7,4.3
northern,north,54687,Köln Geranienhof 5 50769,unconfirmed,69.575,44.0,0,,,
northern,north,54688,Köln Heinrichshofweg 6 50769,unconfirmed,70.136,808.0,4,,,
northern,north,54689,Köln Karl-Marx-Allee 43 50769,unconfirmed,69.429,44.0,0,,,
northern,north,54690,Köln Karl-Marx-Allee 83 50769,unconfirmed,69.314,44.0,0,,,
northern,north,54691,Köln Nikolaus von Dorne Str 8 50769,unconfirmed,69.819,11.0,0,,,
northern,north,54692,Köln Oskar Schindler Straße 1 50769,unconfirmed,70.544,600.0,4,,,
northern,north,54693,Köln Oskar-Schindler-Straße 4 50769,unconfirmed,70.587,44.0,0,,,
northern,north,54696,Köln Robert-Bosch-Str. 2-4 50769,unconfirmed,70.628,44.0,0,,,
northern,north,54697,Köln Schmiedhofsweg 2 50769,unconfirmed,69.946,44.0,0,,,
northern,north,54717,Köln Venloer Straße 716 50823,unconfirmed,61.107,44.0,0,,,
northern,north,54730,Köln Mercedes Allee 6 50825,unconfirmed,59.399,33.0,0,,,
northern,north,54739,Köln Braunsfeld Mercedes-Allee 1 50825,unconfirmed,59.435,132.0,0,,,
northern,north,54740,Köln Braunsfeld Mercedes-Allee 1 50825,unconfirmed,59.493,132.0,0,,,
northern,north,54743,Köln Akazienweg 54a 50827,unconfirmed,61.385,44.0,0,,,
northern,north,54744,Köln August-von-Willich-Str. 101 50827,unconfirmed,66.627,88.0,0,,,
northern,north,54745,Köln Frohnhofstr. 130 50827,unconfirmed,65.854,44.0,0,,,
northern,north,54746,Köln Köhlstr. 3 50827,unconfirmed,65.522,44.0,0,,,
northern,north,54747,Köln Köhlstraße 8 50827,unconfirmed,66.061,44.0,0,,,
northern,north,54748,Köln Max-Fremery-Str. 1 50827,unconfirmed,61.503,44.0,0,,,
northern,north,54749,Köln Ossendorfer Weg 24 50827,unconfirmed,61.956,44.0,0,,,
northern,north,54752,Köln Rochusstr. 363 50827,unconfirmed,66.437,44.0,0,,,
northern,north,54753,Köln Rochusstraße 279 50827,unconfirmed,66.158,44.0,0,,,
northern,north,54755,Köln Venloer Str. 1002 50827,road_route_found_entrance_unverified,62.785,100.0,0,2833.5,2909.5,7.8
northern,north,54757,Köln Venloer Str. 760 50827,unconfirmed,61.336,150.0,0,,,
northern,north,54758,Köln Venloer Straße 683 50827,unconfirmed,60.952,72.0,0,,,
northern,north,54759,Köln Vitalistrasse 112 50827,unconfirmed,60.658,22.0,0,,,
northern,north,54760,Köln Wilhelm-Mauser-Str. 41-43 50827,unconfirmed,60.843,44.0,0,,,
northern,north,54761,Köln Wilhelm-Mauser-Str. 59 50827,unconfirmed,60.748,300.0,2,,,
northern,north,54766,Köln Akazienweg 189 50829,unconfirmed,61.011,44.0,0,,,
northern,north,54767,Köln Am Coloneum 1 50829,unconfirmed,66.569,814.0,0,,,
northern,north,54768,Köln Bachstelzenweg 5 50829,unconfirmed,61.245,100.0,0,,,
northern,north,54769,Köln Butzweiler Straße 51 50829,unconfirmed,66.559,84.0,0,,,
northern,north,54770,Köln Butzweilerhofallee 2-4 50829,unconfirmed,65.854,264.0,0,,,
northern,north,54771,Köln Butzweilerstr. 35-39 50829,unconfirmed,66.292,188.0,0,,,
northern,north,54772,Köln Butzweilerstr. 49-49d 50829,unconfirmed,66.581,150.0,2,,,
northern,north,54773,Köln Butzweilerstraße 49-49d 50829,unconfirmed,66.581,750.0,6,,,
northern,north,54775,Köln Goldammerweg 361 50829,unconfirmed,61.551,1200.0,6,,,
northern,north,54776,Köln Heinrich-Mann-Str. 2 50829,unconfirmed,64.288,44.0,0,,,
northern,north,54777,Köln Heinrich-Rohlmann-Str. 17 50829,unconfirmed,65.434,44.0,0,,,
northern,north,54778,Köln Hugo-Eckener Straße 27A 50829,unconfirmed,66.04,350.0,2,,,
northern,north,54779,Köln Lerchenweg 1 50829,road_route_found_entrance_unverified,62.785,44.0,0,1927.7,1976.0,0.5
northern,north,54780,Köln Mathias-Brüggen-Str. 112 50829,unconfirmed,65.845,150.0,2,,,
northern,north,54781,Köln Mathias-Brüggen-Str. 170 50829,road_route_found_entrance_unverified,66.07,44.0,0,2857.4,2870.0,5.4
northern,north,54782,Köln Mathias-Brüggen-Str. 65 50829,unconfirmed,65.685,100.0,0,,,
northern,north,54783,Köln Melli-Beese-Str. 7 50829,unconfirmed,65.925,2508.0,0,,,
northern,north,54784,Köln Ollenhauerring 41 50829,unconfirmed,63.808,44.0,0,,,
northern,north,54785,Köln Ollenhauerring 84 50829,road_route_found_entrance_unverified,62.785,44.0,0,2920.9,2938.7,6.5
northern,north,54786,Köln Richard-Byrd-Str. 41 50829,unconfirmed,66.284,144.0,0,,,
northern,north,54787,Köln Richard-Byrd-Str. 43 50829,unconfirmed,66.298,72.0,0,,,
northern,north,54788,Köln Richard-Byrd-Straße 43 50829,unconfirmed,66.303,172.0,2,,,
northern,north,54789,Köln Rita-Maiburg-Str. 7 50829,unconfirmed,66.275,100.0,0,,,
northern,north,54790,Köln Rudi-Conin-Str. 1-3 50829,unconfirmed,66.07,660.0,0,,,
northern,north,54791,Köln Schumacherring 65 50829,unconfirmed,64.123,44.0,0,,,
northern,north,54792,Köln Seeadlerweg 9 50829,road_route_found_entrance_unverified,62.785,44.0,0,2408.3,2410.4,5.6
northern,north,54793,Köln Silbermöwenweg 7 50829,unconfirmed,61.649,44.0,0,,,
northern,north,54794,Köln Spenrather Weg 1 50829,road_route_found_entrance_unverified,62.785,225.0,2,748.8,832.6,2.1
northern,north,54795,Köln Spenrather Weg 11 50829,road_route_found_entrance_unverified,62.785,600.0,4,1107.5,1151.6,3.4
northern,north,54796,Köln Strandläuferweg 54 50829,road_route_found_entrance_unverified,62.785,11.0,0,2414.2,2459.5,0.9
northern,north,54797,Köln Venloer Str. 1152 50829,road_route_found_entrance_unverified,62.785,244.0,0,2319.7,2248.8,1.2
northern,north,54798,Köln Venloer Str. 1152 50829,road_route_found_entrance_unverified,62.785,244.0,0,2319.7,2248.8,1.2
northern,north,54799,Köln Vogelsanger Markt 1 50829,unconfirmed,60.658,44.0,0,,,
northern,north,54800,Köln Von-Hünefeld-Str. 100 50829,road_route_found_entrance_unverified,66.07,44.0,0,2997.6,4072.1,6.0
northern,north,54801,Köln Aachener Str. 1044 50858,road_route_found_entrance_unverified,58.329,44.0,0,1271.3,827.4,2.1
northern,north,54802,Köln Aachener Str. 1100 50858,road_route_found_entrance_unverified,58.329,450.0,6,423.7,1032.1,2.7
northern,north,54803,Köln Aachener Str. 1153 50858,road_route_found_entrance_unverified,58.329,1050.0,12,2760.3,997.8,3.7
northern,north,54804,Köln Aachener Str. 1253 50858,road_route_found_entrance_unverified,58.329,450.0,0,2029.1,1816.4,14.2
northern,north,54805,Köln Aachener Straße 1253 50858,unconfirmed,58.522,43.0,0,,,
northern,north,54806,Köln Am Römerhof 6 50858,road_route_found_entrance_unverified,58.329,72.0,0,1547.3,1698.9,8.6
northern,north,54807,Köln An der Alten Post 23 50858,unconfirmed,58.113,44.0,0,,,
northern,north,54808,Köln Bayerische Allee 1 50858,unconfirmed,55.828,264.0,0,,,
northern,north,54809,Köln Bayerische Allee 1 50858,unconfirmed,55.828,75.0,0,,,
northern,north,54810,Köln Breslauer Str. 32 50858,road_route_found_entrance_unverified,58.329,44.0,0,1202.3,1273.5,2.6
northern,north,54811,Köln Emmy-Noether-Str. 12 50858,road_route_found_entrance_unverified,55.881,900.0,8,1065.6,1621.2,7.2
northern,north,54812,Köln Emmy-Noether-Straße 10 50858,road_route_found_entrance_unverified,55.881,150.0,2,1046.8,1568.5,0.7
northern,north,54813,Köln Fichtenstr. 28 50858,road_route_found_entrance_unverified,55.881,100.0,0,2624.8,2937.5,10.4
northern,north,54814,Köln Guntharplatz 14 50858,road_route_found_entrance_unverified,58.329,88.0,0,1409.5,1568.2,4.8
northern,north,54815,Köln Horbeller Str 1 50858,unconfirmed,56.134,66.0,0,,,
northern,north,54816,Köln Kölner Weg 15 50858,road_route_found_entrance_unverified,58.329,88.0,0,1679.2,1728.1,0.9
northern,north,54817,Köln Lessingstr. 2 50858,road_route_found_entrance_unverified,58.329,88.0,0,837.3,1829.0,12.4
northern,north,54818,Köln Ludwig-Jahn-Str. 27 50858,unconfirmed,52.371,100.0,0,,,
northern,north,54819,Köln Max - Plack - Straße 22 50858,road_route_found_entrance_unverified,55.881,88.0,0,1215.5,2221.4,0.1
northern,north,54820,Köln Max-Planck-Str. 24 50858,road_route_found_entrance_unverified,55.881,100.0,0,980.8,1456.0,5.0
northern,north,54821,Köln Max-Planck-Str. 9 50858,road_route_found_entrance_unverified,55.881,22.0,0,1453.8,1723.3,4.2
northern,north,54822,Köln Max-Planck-Straße 46 50858,road_route_found_entrance_unverified,55.881,22.0,0,1466.5,1870.3,12.4
northern,north,54823,Köln Max-Planck-Straße 9 50858,road_route_found_entrance_unverified,55.881,44.0,0,1499.6,1920.2,5.5
northern,north,54824,Köln Ostlandstr. 54 50858,road_route_found_entrance_unverified,58.329,44.0,0,1791.1,1757.0,5.2
northern,north,54825,Köln Toyota Allee 5 50858,road_route_found_entrance_unverified,55.881,22.0,0,2253.5,2772.9,9.0
northern,north,54826,Köln Toyota Allee 5 50858,road_route_found_entrance_unverified,55.881,22.0,0,2255.4,2770.9,9.5
northern,north,54827,Köln Toyota-Allee 40 50858,road_route_found_entrance_unverified,55.881,66.0,0,1839.7,2313.8,4.2
northern,north,54828,Köln Aachener Str. 1420 50859,unconfirmed,58.685,132.0,0,,,
northern,north,54829,Köln Albin-Hänseroth-Weg 28a 50859,unconfirmed,60.867,21.0,0,,,
northern,north,54830,Köln Am Aspelkreuz 16 50859,unconfirmed,61.28,88.0,0,,,
northern,north,54831,Köln Auf der Aspel 9b 50859,unconfirmed,61.297,44.0,0,,,
northern,north,54832,Köln Brauweilerstr. 118 50859,road_route_found_entrance_unverified,58.329,44.0,0,2490.6,2711.1,4.1
northern,north,54833,Köln Dieselstr. 1-3 50859,road_route_found_entrance_unverified,58.329,131.0,0,2417.1,2554.7,5.6
northern,north,54834,Köln Gerd-Baukhage-Bogen 12 50859,unconfirmed,60.168,11.0,0,,,
northern,north,54835,Köln Guldenweg 4 50859,road_route_found_entrance_unverified,58.329,44.0,0,2746.1,2871.9,3.3
northern,north,54836,Köln Im Toennesfeld 46 50859,unconfirmed,61.03,11.0,0,,,
northern,north,54837,Köln Im Toennesfeld 46 50859,unconfirmed,61.029,33.1,0,,,
northern,north,54838,Köln Kölner Str 26 50859,road_route_found_entrance_unverified,58.329,44.0,0,2183.8,2295.7,7.7
northern,north,54839,Köln Kölner Str. 70 50859,road_route_found_entrance_unverified,58.329,150.0,2,1976.3,2029.6,16.4
northern,north,54840,Köln Neue Sandkaul 10 50859,road_route_found_entrance_unverified,62.785,44.0,0,2843.0,2986.8,2.7
northern,north,54841,Köln Ottostr. 7 50859,road_route_found_entrance_unverified,58.329,44.0,0,2612.8,2713.6,5.0
northern,north,54842,Köln Rosmarinweg 79 50859,unconfirmed,61.21,11.0,0,,,
northern,north,54843,Köln Rosmarinweg 86 50859,unconfirmed,61.176,11.0,0,,,
northern,north,54844,Köln Saarstraße 1 50859,road_route_found_entrance_unverified,58.329,44.0,0,2528.5,2596.7,7.9
northern,north,54845,Köln Vinzenzallee 28 50859,road_route_found_entrance_unverified,58.329,44.0,0,2092.9,2259.1,8.0
northern,north,54862,Köln Aachener Str. 752 50933,road_route_found_entrance_unverified,58.329,150.0,2,2270.8,2398.8,3.2
northern,north,54863,Köln Aachener Str. 952-958 50933,unconfirmed,58.7,220.0,0,,,
northern,north,54864,Köln Am Sportpark Müngersdorf 6 50933,road_route_found_entrance_unverified,58.329,44.0,0,2573.8,2154.3,4.9
northern,north,54866,Köln Eupener Str. 150 50933,unconfirmed,59.439,44.0,0,,,
northern,north,54867,Köln Eupener Str. 59 50933,unconfirmed,58.997,44.0,0,,,
northern,north,54868,Köln Friedrich-Schmidt-Str. 64 50933,unconfirmed,58.308,44.0,0,,,
northern,north,54869,Köln Guts-Muths-Weg 3 50933,road_route_found_entrance_unverified,58.329,22.0,0,2872.2,2859.4,5.3
northern,north,54872,Köln Manstedter Weg 27 50933,unconfirmed,59.447,44.0,0,,,
northern,north,54873,Köln Max-Wallraf-Str. 6 50933,unconfirmed,58.997,150.0,2,,,
northern,north,54875,Köln Stolberger Str. 112 50933,unconfirmed,59.1,44.0,0,,,
northern,north,54876,Köln Stolberger Str. 343-347 50933,unconfirmed,59.072,11.0,0,,,
northern,north,54877,Köln Stolberger Str. 343-347 50933,unconfirmed,59.072,198.0,0,,,
northern,north,54878,Köln Stolberger Straße 112 50933,unconfirmed,59.1,44.0,0,,,
northern,north,54879,Köln Stolberger Straße 313 50933,unconfirmed,59.11,44.0,0,,,
northern,north,54880,Köln Vitalisstraße 377 50933,unconfirmed,59.367,44.0,0,,,
northern,north,54881,Köln Wendelinstr. 67a 50933,unconfirmed,58.984,44.0,0,,,
northern,north,54882,Köln Widdersdorfer Str. 248 50933,unconfirmed,59.675,66.0,0,,,
northern,north,54883,Köln Widdersdorfer Str. 254 50933,unconfirmed,59.66,431.0,2,,,
northern,north,54884,Köln Widdersdorfer Straße 427 50933,unconfirmed,59.64,600.0,4,,,
northern,north,54885,Köln Bachemer Landstr. 420 50935,unconfirmed,55.66,44.0,0,,,
northern,north,54887,Köln Dürener Str. 385 50935,unconfirmed,57.933,44.0,0,,,
northern,north,54895,Köln Prälat-van-Acken-Str. 3 50935,unconfirmed,57.937,100.0,0,,,
northern,north,54896,Köln Werthmannstr. 22 50935,unconfirmed,57.864,44.0,0,,,
northern,north,55006,Köln Miltzstraße 14 51061,unconfirmed,71.486,44.0,0,,,
northern,north,55223,Leverkusen Burgweg 44 51371,unconfirmed,73.406,44.0,0,,,
northern,north,55224,Leverkusen Buschkämpchen 10 51371,unconfirmed,73.75,22.0,0,,,
northern,north,55225,Leverkusen Deichtorstraße 1 51371,unconfirmed,73.75,44.0,0,,,
northern,north,55227,Leverkusen Erzbergerstr. 44 51371,unconfirmed,74.563,22.0,0,,,
northern,north,55229,Leverkusen Heinrich-Brüning-Straße 193 51371,unconfirmed,74.379,44.0,0,,,
northern,north,55230,Leverkusen Heinrich-Böll-Straße 13 51371,unconfirmed,73.629,44.0,0,,,
northern,north,55232,Leverkusen Hitdorfer Straße 79 51371,unconfirmed,73.118,44.0,0,,,
northern,north,55233,Leverkusen Insterstraße 9 51371,unconfirmed,73.776,44.0,0,,,
northern,north,55234,Leverkusen Monheimerplatz 0 51371,unconfirmed,73.75,44.0,0,,,
northern,north,55235,Leverkusen Müritzstraße 52 51371,unconfirmed,73.809,44.0,0,,,
northern,north,55236,Leverkusen Overfeldweg 2 51371,unconfirmed,74.915,44.0,0,,,
northern,north,55237,Leverkusen Overfeldweg 2 51371,unconfirmed,74.915,75.0,0,,,
northern,north,55238,Leverkusen Overfeldweg 53 51371,unconfirmed,75.085,44.0,0,,,
northern,north,55239,Leverkusen Overfeldweg 67-71 51371,unconfirmed,75.158,66.0,0,,,
northern,north,55243,Leverkusen Schäfershütte 4 51371,unconfirmed,73.631,22.0,0,,,
northern,north,55244,Leverkusen Solinger Str. 67 51371,unconfirmed,73.75,150.0,2,,,
northern,north,55245,Leverkusen Stresemannplatz 1 51371,unconfirmed,74.793,22.0,0,,,
northern,north,55246,Leverkusen Von-Ketteler-Str 26 51371,unconfirmed,74.852,22.0,0,,,
northern,north,55247,Lerverkusen Hardenbergstr. 80 51373,unconfirmed,75.673,50.0,0,,,
northern,north,55248,Leverkusen Adolfstr 10 51373,unconfirmed,74.482,22.0,0,,,
northern,north,55249,Leverkusen Alte Landstraße 229 51373,unconfirmed,74.753,44.0,0,,,
northern,north,55250,Leverkusen Am Neuenhof 23 51373,unconfirmed,75.716,44.0,0,,,
northern,north,55251,Leverkusen Bismarckstr. 118 51373,unconfirmed,76.198,88.0,0,,,
northern,north,55252,Leverkusen Breidenbach 56 51373,unconfirmed,75.025,22.0,0,,,
northern,north,55253,Leverkusen Dhünnstr. 140 51373,unconfirmed,73.965,22.0,0,,,
northern,north,55254,Leverkusen Dönhoffstr. 49 51373,unconfirmed,74.986,22.0,0,,,
northern,north,55255,Leverkusen Dönhoffstraße 13 51373,unconfirmed,75.106,22.0,0,,,
northern,north,55256,Leverkusen Elsa-Brändström-Str. 2z 51373,unconfirmed,76.282,44.0,0,,,
northern,north,55257,Leverkusen Flensburgerstr. 3 51373,unconfirmed,76.308,22.0,0,,,
northern,north,55258,Leverkusen Friedrich-Ebert-Platz 2c 51373,unconfirmed,75.184,44.0,0,,,
northern,north,55259,Leverkusen Friedrich-Ebert-Straße 39 51373,unconfirmed,75.238,30.0,0,,,
northern,north,55260,Leverkusen Görresstr. 1 51373,unconfirmed,76.113,44.0,0,,,
northern,north,55261,Leverkusen Haberstr. 14 51373,unconfirmed,75.909,22.0,0,,,
northern,north,55262,Leverkusen Hardenbergstraße 91 51373,unconfirmed,75.54,44.0,0,,,
northern,north,55263,Leverkusen Hauptstr. 119 51373,unconfirmed,74.633,44.0,0,,,
northern,north,55264,Leverkusen Hauptstraße 101 51373,unconfirmed,74.738,44.0,0,,,
northern,north,55265,Leverkusen Im Eisholz 3 51373,unconfirmed,76.564,44.0,0,,,
northern,north,55266,Leverkusen Kaiser-Wilhelm-Allee 101 51373,unconfirmed,75.338,44.0,0,,,
northern,north,55267,Leverkusen Kaiser-Wilhelm-Allee 70 51373,unconfirmed,75.211,44.0,0,,,
northern,north,55268,Leverkusen Knochenbergsweg 0 51373,unconfirmed,75.763,88.0,0,,,
northern,north,55269,Leverkusen Küppersteger-Str. 28 51373,unconfirmed,75.743,22.0,0,,,
northern,north,55270,Leverkusen Leipziger Straße 24 51373,unconfirmed,75.805,44.0,0,,,
northern,north,55271,Leverkusen Manforter Straße 10 51373,unconfirmed,75.304,44.0,0,,,
northern,north,55272,Leverkusen Manforter Straße 10 51373,unconfirmed,75.389,44.0,0,,,
northern,north,55273,Leverkusen Manforter Straße 72 51373,unconfirmed,75.544,44.0,0,,,
northern,north,55274,Leverkusen Marktplatz 2 51373,unconfirmed,74.986,22.0,0,,,
northern,north,55275,Leverkusen Nobelstrasse 100 51373,unconfirmed,74.765,22.0,0,,,
northern,north,55276,Leverkusen Nobelstrasse 11 51373,unconfirmed,74.884,22.0,0,,,
northern,north,55277,Leverkusen Robert-Blum-Str. 41 51373,unconfirmed,77.027,50.0,0,,,
northern,north,55278,Leverkusen Schulstr. 36 51373,unconfirmed,74.875,22.0,0,,,
northern,north,55279,Leverkusen Schulstraße 6 51373,unconfirmed,74.921,44.0,0,,,
northern,north,55280,Leverkusen Tannenbergstraße 57 51373,unconfirmed,75.773,44.0,0,,,
northern,north,55281,Leverkusen Windthorststraße 77 51373,unconfirmed,76.542,44.0,0,,,
northern,north,55282,Leverkusen Am Gesundheitspark 1 51375,unconfirmed,77.77,308.0,0,,,
northern,north,55283,Leverkusen Am Gesundheitspark 1 51375,unconfirmed,77.77,44.0,0,,,
northern,north,55284,Leverkusen Am Gesundheitspark 1 51375,unconfirmed,77.77,44.0,0,,,
northern,north,55285,Leverkusen Am Gesundheitspark 1 51375,unconfirmed,77.77,44.0,0,,,
northern,north,55286,Leverkusen Am Telegraf 9 51375,unconfirmed,78.429,44.0,0,,,
northern,north,55287,Leverkusen Dechant-Fein-Straße 20 51375,unconfirmed,79.01,44.0,0,,,
northern,north,55288,Leverkusen Dhünnberg 79 51375,unconfirmed,78.191,22.0,0,,,
northern,north,55289,Leverkusen Dillinger Str. 17 51375,unconfirmed,78.683,11.0,0,,,
northern,north,55290,Leverkusen Edelrather Weg 197 51375,unconfirmed,80.675,11.0,0,,,
northern,north,55291,Leverkusen Gezelinallee 16 51375,unconfirmed,79.143,44.0,0,,,
northern,north,55292,Leverkusen Heisterbachstraße 13 51375,unconfirmed,77.428,22.0,0,,,
northern,north,55293,Leverkusen Hermann-Waibel-Straße 10 51375,unconfirmed,78.674,44.0,0,,,
northern,north,55294,Leverkusen Martin-Luther-Straße 2 51375,unconfirmed,78.897,44.0,0,,,
northern,north,55295,Leverkusen Mülheimer Str. 51 51375,unconfirmed,78.683,22.0,0,,,
northern,north,55296,Leverkusen Münsters Gäßchen 7 51375,unconfirmed,79.028,22.0,0,,,
northern,north,55297,Leverkusen Münsters Gäßchen 9 51375,unconfirmed,79.046,22.0,0,,,
northern,north,55298,Leverkusen Paracelsusstraße 15 51375,unconfirmed,77.582,44.0,0,,,
northern,north,55299,Leverkusen Wacholderweg 1A 51375,unconfirmed,79.09,44.0,0,,,
northern,north,55300,Leverkusen Alkenrather Str. 15 51377,unconfirmed,78.334,22.0,0,,,
northern,north,55301,Leverkusen Berliner Str. 2-4 51377,unconfirmed,80.54,144.0,0,,,
northern,north,55302,Leverkusen Berlinerstraße 10 51377,unconfirmed,80.54,44.0,0,,,
northern,north,55303,Leverkusen Charlottenburger Str. 32 51377,unconfirmed,80.78,22.0,0,,,
northern,north,55304,Leverkusen Düppeler Str. 7 51377,unconfirmed,76.652,11.0,0,,,
northern,north,55305,Leverkusen Düppeler Straße 4 51377,unconfirmed,76.673,10.0,0,,,
northern,north,55306,Leverkusen Fichtestr. 31 51377,unconfirmed,81.51,22.0,0,,,
northern,north,55307,Leverkusen Geschwister-Scholl-Str. 50 51377,unconfirmed,78.294,22.0,0,,,
northern,north,55308,Leverkusen Hemmelrather Weg 201 51377,unconfirmed,77.076,110.0,0,,,
northern,north,55309,Leverkusen Kalkstr. 127 51377,unconfirmed,77.2,11.0,0,,,
northern,north,55310,Leverkusen Marie-Curie-Strasse 6 51377,unconfirmed,76.827,22.0,0,,,
northern,north,55311,Leverkusen Mauspfad 13 51377,unconfirmed,77.324,44.0,0,,,
northern,north,55312,Leverkusen Max-Delbrück-Strasse 16 51377,unconfirmed,76.984,22.0,0,,,
northern,north,55313,Leverkusen Norderneystraße 3 51377,unconfirmed,76.289,11.0,0,,,
northern,north,55314,Leverkusen Oswald-Spengler-Str. 56 51377,unconfirmed,80.671,22.0,0,,,
northern,north,55315,Leverkusen Poststr. 5 51377,unconfirmed,76.658,22.0,0,,,
northern,north,55316,Leverkusen Saalestr. 44 51377,unconfirmed,73.776,22.0,0,,,
northern,north,55317,Leverkusen Scharnhorststraße 34 51377,unconfirmed,76.812,44.0,0,,,
northern,north,55318,Leverkusen Schöneberger Str. 2 51377,unconfirmed,81.167,22.0,0,,,
northern,north,55319,Leverkusen Spandauer Str. 13 51377,unconfirmed,80.922,22.0,0,,,
northern,north,55320,Leverkusen Stixchesstr. 137z 51377,unconfirmed,76.242,1600.0,8,,,
northern,north,55321,Leverkusen Stixchestraße 137z 51377,unconfirmed,76.243,150.0,2,,,
northern,north,55322,Leverkusen Syltstr. 12 51377,unconfirmed,76.418,50.0,0,,,
northern,north,55323,Leverkusen Syltstraße 12 51377,unconfirmed,76.426,150.0,2,,,
northern,north,55324,Leverkusen Syltstraße 14 51377,unconfirmed,76.546,900.0,8,,,
northern,north,55325,Leverkusen An St. Remigius 23b 51379,unconfirmed,77.869,22.0,0,,,
northern,north,55326,Leverkusen Bahnstadtchaussee 23 51379,unconfirmed,78.088,44.0,0,,,
northern,north,55327,Leverkusen Berliner Platz 6 51379,unconfirmed,77.7,22.0,0,,,
northern,north,55328,Leverkusen Bielertstr. 16 51379,unconfirmed,77.8,22.0,0,,,
northern,north,55329,Leverkusen Birkenbergstraße 11 51379,unconfirmed,77.599,44.0,0,,,
northern,north,55330,Leverkusen Bonner Str. 2c 51379,unconfirmed,77.002,150.0,2,,,
northern,north,55331,Leverkusen Bonner Str. 7 51379,unconfirmed,77.4,44.0,0,,,
northern,north,55332,Leverkusen Bonner Straße 2c 51379,unconfirmed,77.001,150.0,2,,,
northern,north,55333,Leverkusen Bracknellstraße 38 51379,unconfirmed,77.096,44.0,0,,,
northern,north,55334,Leverkusen Düsseldorferstraße 89 51379,unconfirmed,77.649,44.0,0,,,
northern,north,55335,Leverkusen Emmy-Noether-Straße 3 51379,unconfirmed,78.031,44.0,0,,,
northern,north,55336,Leverkusen Gartenstrasse 15 51379,unconfirmed,77.392,22.0,0,,,
northern,north,55337,Leverkusen Gerhart-Hauptmann-Str. 65 51379,unconfirmed,77.133,22.0,0,,,
northern,north,55338,Leverkusen Gerichtsstr. 11 51379,unconfirmed,77.8,22.0,0,,,
northern,north,55339,Leverkusen Günter-Weisenborn-Straße 21 51379,unconfirmed,77.639,44.0,0,,,
northern,north,55341,Leverkusen Humboldtstr 19 51379,unconfirmed,77.783,22.0,0,,,
northern,north,55342,Leverkusen Kölner Str. 119 51379,unconfirmed,77.4,22.0,0,,,
northern,north,55343,Leverkusen Kölner Str. 189 51379,unconfirmed,77.103,320.0,2,,,
northern,north,55344,Leverkusen Opladener Platz 5 51379,unconfirmed,77.528,44.0,0,,,
northern,north,55345,Leverkusen Pommernstr. 4-6 51379,unconfirmed,78.107,144.0,0,,,
northern,north,55346,Leverkusen Rennbaumplatz 1 51379,unconfirmed,77.931,22.0,0,,,
northern,north,55347,Leverkusen Rhein-Wupper-Platz 13 51379,unconfirmed,77.04,22.0,0,,,
northern,north,55348,Leverkusen Torstraße 15 51379,unconfirmed,78.035,88.0,0,,,
northern,north,55349,Leverkusen Uhlandstraße 2 51379,unconfirmed,77.564,44.0,0,,,
northern,north,55350,Leverkusen Werkstättenstraße 21z 51379,unconfirmed,77.924,44.0,0,,,
northern,north,55351,Leverkusen Akazienweg 13 51381,unconfirmed,80.106,44.0,0,,,
northern,north,55352,Leverkusen Am Hagelkreuz 9 51381,unconfirmed,79.733,44.0,0,,,
northern,north,55353,Leverkusen Am Sonnenhang 26 51381,unconfirmed,81.454,22.0,0,,,
northern,north,55354,Leverkusen Borsigstraße 22 51381,unconfirmed,77.9,150.0,2,,,
northern,north,55355,Leverkusen Breslauer Straße 4 51381,unconfirmed,78.731,44.0,0,,,
northern,north,55356,Leverkusen Feldstr. 56 51381,unconfirmed,78.241,11.0,0,,,
northern,north,55357,Leverkusen Feldstraße 82 51381,unconfirmed,78.154,44.0,0,,,
northern,north,55358,Leverkusen Greifswalder Straße 6 51381,unconfirmed,78.465,44.0,0,,,
northern,north,55359,Leverkusen Görlitzer Straße 14 51381,unconfirmed,78.358,44.0,0,,,
northern,north,55360,Leverkusen Hamberger Str. 108 51381,unconfirmed,81.932,22.0,0,,,
northern,north,55361,Leverkusen Hamberger Str. 16 51381,unconfirmed,81.536,44.0,0,,,
northern,north,55362,Leverkusen Kolberger Straße 12 51381,unconfirmed,78.494,44.0,0,,,
northern,north,55363,Leverkusen Lehner Mühle 4 51381,unconfirmed,80.691,22.0,0,,,
northern,north,55364,Leverkusen Lützenkirchener Str. 111 51381,unconfirmed,78.503,200.0,2,,,
northern,north,55365,Leverkusen Lützenkirchener Str. 111a 51381,unconfirmed,78.508,200.0,2,,,
northern,north,55366,Leverkusen Quettinger Str. 106 51381,unconfirmed,79.337,44.0,0,,,
northern,north,55367,Leverkusen Quettingerstrasse 249 51381,unconfirmed,78.198,22.0,0,,,
northern,north,55368,Leverkusen Schlebuscher Straße 84 51381,unconfirmed,77.479,150.0,2,,,
northern,north,55838,Münster Albert-Schweitzer-Campus 1 48149,unconfirmed,206.298,22.0,0,,,
northern,north,55846,Münster Horstmarer Landweg 59 48149,unconfirmed,208.919,44.0,0,,,
northern,north,55848,Münster Johann-Krane-Weg 0 48149,unconfirmed,209.815,308.0,0,,,
northern,north,55849,Münster Johann-Krane-Weg 18 48149,unconfirmed,209.743,22.0,0,,,
northern,north,55851,Münster Mendelstr. 11 48149,unconfirmed,208.175,88.0,0,,,
northern,north,55855,Münster Von-Esmarch-Str. 48 48149,unconfirmed,207.3,88.0,0,,,
northern,north,55857,Münster Wilhelm-Schickardstr.2 2 48149,unconfirmed,209.474,44.0,0,,,
northern,north,55859,Münster Bischopinkstr. 49 48151,unconfirmed,202.967,44.0,0,,,
northern,north,55956,Münster Haus Uhlenkotten 28 48159,unconfirmed,210.116,1800.0,12,,,
northern,north,55957,Münster Haus Uhlenkotten 28 48159,road_route_found_entrance_unverified,208.846,2000.0,8,2973.9,2681.3,5.8
northern,north,55958,Münster Idenbrockplatz 20 48159,unconfirmed,211.529,110.0,0,,,
northern,north,55959,Münster Josef-Beckmann-Str. 21 48159,unconfirmed,211.478,44.0,0,,,
northern,north,55960,Münster Steinfurter Str. 166 48159,unconfirmed,209.957,97.0,0,,,
northern,north,55961,Münster Weißdornweg 40 48159,unconfirmed,215.661,44.0,0,,,
northern,north,55962,Münster Westhoffstr. 1 48159,unconfirmed,210.896,450.0,4,,,
northern,north,55963,Münster Wilkinghege 41 48159,unconfirmed,210.221,22.0,0,,,
northern,north,55964,Münster Dingbängerweg 349 48161,unconfirmed,204.254,22.0,0,,,
northern,north,55965,Münster Feldstiege 54 48161,unconfirmed,209.81,22.0,0,,,
northern,north,55966,Münster Feldstiege 8 48161,unconfirmed,210.224,22.0,0,,,
northern,north,55967,Münster Heinrich-Ebel-Str. 2 48161,unconfirmed,206.898,22.0,0,,,
northern,north,55968,Münster Hermann-Hesse-Straße 9 48161,unconfirmed,209.721,44.0,0,,,
northern,north,55969,Münster Im Derdel 4 48161,unconfirmed,205.039,33.0,0,,,
northern,north,55970,Münster Luise-Rappoport-Weg 8 48161,unconfirmed,206.395,44.0,0,,,
northern,north,55971,Münster Raststätte Münsterland Ost 0 48161,road_route_found_entrance_unverified,203.58,160.0,2,434.7,205.7,2.9
northern,north,55972,Münster Raststätte Münsterland West 0 48161,unconfirmed,204.382,160.0,2,,,
northern,north,55973,Münster Roxeler Str. 416-420 48161,unconfirmed,205.532,22.0,0,,,
northern,north,55974,Münster Roxeler Str. 418 48161,unconfirmed,205.472,22.0,0,,,
northern,north,55975,Münster Roxeler Straße 420 48161,unconfirmed,205.596,44.0,0,,,
northern,north,55976,Münster Schulte-Hermann-Str. 9 48161,unconfirmed,205.361,66.0,0,,,
northern,north,55977,Münster Sebastianstr. 3 48161,unconfirmed,210.336,88.0,0,,,
northern,north,55978,Münster Sentruper Str. 315 48161,unconfirmed,204.264,66.0,0,,,
northern,north,55979,Münster Toppheideweg 28 48161,unconfirmed,208.24,44.0,0,,,
northern,north,55980,Münster Am Kattwinkel 244 48163,unconfirmed,199.359,44.0,0,,,
northern,north,55981,Münster Am Lindenkamp 31 48163,unconfirmed,201.506,44.0,0,,,
northern,north,55982,Münster Amelsbürener Str. 211 48163,unconfirmed,197.586,44.0,0,,,
northern,north,55984,Münster Brockmannstr. 188 48163,unconfirmed,201.871,11.0,0,,,
northern,north,55985,Münster Brockmannstraße 104 48163,unconfirmed,202.148,44.0,0,,,
northern,north,55986,Münster Harkortstr. 30 48163,unconfirmed,201.562,22.0,0,,,
northern,north,55987,Münster Harkortstraße 30 48163,unconfirmed,201.574,22.0,0,,,
northern,north,55988,Münster Hartmannsbrook 141 48163,road_route_found_entrance_unverified,197.376,150.0,0,2683.4,2727.4,1.0
northern,north,55989,Münster Hartmannsbrook 141 48163,road_route_found_entrance_unverified,197.376,150.0,0,2782.4,2864.7,10.7
northern,north,55990,Münster Hartmannsbrook 141 48163,road_route_found_entrance_unverified,197.376,150.0,0,2645.6,2765.3,3.1
northern,north,55991,Münster Hartmannsbrook 141 48163,road_route_found_entrance_unverified,197.376,150.0,0,2782.4,2864.7,10.7
northern,north,55992,Münster Hartmannsbrook 141 48163,road_route_found_entrance_unverified,197.376,150.0,0,2645.1,2765.7,2.2
northern,north,55993,Münster Hartmannsbrook 141 48163,road_route_found_entrance_unverified,197.376,150.0,0,2782.4,2864.7,10.7
northern,north,55994,Münster Kopenhagener Str. 19 48163,road_route_found_entrance_unverified,197.376,450.0,4,1176.3,1170.4,11.0
northern,north,55995,Münster Kölner Str. 1 48163,road_route_found_entrance_unverified,197.376,150.0,0,821.5,909.5,12.8
northern,north,55996,Münster Kölner Straße 1 48163,road_route_found_entrance_unverified,197.376,75.0,0,821.5,909.5,12.8
northern,north,55997,Münster Meyerbeerstraße 32-38 48163,unconfirmed,201.787,22.0,0,,,
northern,north,55998,Münster Ottmarsbocholer Straße 3 48163,unconfirmed,196.938,44.0,0,,,
northern,north,55999,Münster Weseler Str. 383 48163,unconfirmed,202.305,150.0,2,,,
northern,north,56000,Münster Weseler Str. 535 48163,unconfirmed,201.822,150.0,2,,,
northern,north,56001,Münster Weseler Str. 693 48163,unconfirmed,201.715,640.0,2,,,
northern,north,56002,Münster Weseler Str. 693 48163,unconfirmed,201.709,44.0,0,,,
northern,north,56003,Münster Weseler Str. 729 48163,unconfirmed,201.722,75.0,0,,,
northern,north,56004,Münster Weseler Str. 729-735 48163,unconfirmed,202.039,75.0,0,,,
northern,north,56005,Münster Weseler Str. 939 48163,unconfirmed,201.958,300.0,0,,,
northern,north,56006,Münster Weseler Straße 693 48163,unconfirmed,201.716,47.0,0,,,
northern,north,56007,Münster Weseler Straße 729-735 48163,unconfirmed,201.722,4.1,0,,,
northern,north,56293,Remscheid Adolfstr. 0 42853,unconfirmed,98.085,300.0,2,,,
northern,north,56297,Remscheid Engelspassage 10 42853,unconfirmed,101.077,308.0,0,,,
northern,north,56298,Remscheid Hackenberger Straße 107 42853,unconfirmed,103.93,220.0,0,,,
northern,north,56299,Remscheid Konrad-Adenauer-Straße 2-4 42853,unconfirmed,101.153,132.0,0,,,
northern,north,56300,Remscheid Scharffstr. 5 42853,unconfirmed,101.247,400.0,4,,,
northern,north,56301,Remscheid Theodor-Heuss-Platz 7 42853,unconfirmed,101.364,44.0,0,,,
northern,north,56302,Remscheid Auf dem Knapp 19 42855,road_route_found_entrance_unverified,100.976,2000.0,10,1209.1,1359.2,4.4
northern,north,56304,Remscheid Lenneper Str. 166 42855,road_route_found_entrance_unverified,100.976,44.0,0,1175.4,1179.7,8.1
northern,north,56305,Remscheid Lenneper Str. 4 42855,unconfirmed,99.08,88.0,0,,,
northern,north,56306,Remscheid Neuenkamper Str. 21 42855,unconfirmed,100.692,600.0,6,,,
northern,north,56307,Remscheid Neuenkamper Str. 26 42855,unconfirmed,100.527,60.0,0,,,
northern,north,56308,Remscheid Neuenkamper Str. 48 42855,unconfirmed,100.499,150.0,2,,,
northern,north,56309,Remscheid Neuenkamper Str. 71 42855,unconfirmed,100.635,88.0,0,,,
northern,north,56311,Remscheid Ueberfelder Strasse 23-25 42855,road_route_found_entrance_unverified,100.976,176.0,0,1466.4,1614.7,21.5
northern,north,56316,Remscheid Kremenholl 43 42857,unconfirmed,96.354,11.0,0,,,
northern,north,56317,Remscheid Martinstraße 5 42857,unconfirmed,96.442,88.0,0,,,
northern,north,56321,Remscheid Burger Straße 211 42859,unconfirmed,96.389,200.0,0,,,
northern,north,56322,Remscheid Papenberg 10 42859,unconfirmed,96.674,11.0,0,,,
northern,north,56323,Remscheid Raststätte Remscheid Ost 0 42859,road_route_found_entrance_unverified,97.907,98.0,0,601.6,572.3,8.6
northern,north,56324,"Remscheid Raststätte Remscheid West, A1 0 42859",unconfirmed,98.085,100.0,0,,,
northern,north,56325,Remscheid Talsperre 0 42859,road_route_found_entrance_unverified,97.907,350.0,1,643.8,530.0,4.6
northern,north,56326,Remscheid Talsperre 0 42859,road_route_found_entrance_unverified,97.907,350.0,1,643.8,530.0,4.6
northern,north,56327,Remscheid Willy-Brandt-Platz 1 42859,unconfirmed,100.692,450.0,4,,,
northern,north,56328,Remscheid Alte-Kölner-Straße 12 42897,road_route_found_entrance_unverified,100.976,88.0,0,2015.1,2021.9,0.8
northern,north,56329,Remscheid Borner Str. 35 42897,road_route_found_entrance_unverified,100.976,44.0,0,2190.9,2229.9,17.8
northern,north,56330,Remscheid Borner Straße 23 42897,unconfirmed,100.59,66.0,0,,,
northern,north,56331,Remscheid Emil-Nohl-Str. 70 42897,unconfirmed,103.295,88.0,0,,,
northern,north,56332,Remscheid Engelsburg 2 42897,unconfirmed,99.799,22.0,0,,,
northern,north,56333,Remscheid Fritz-Reuter-Str. 17 42897,road_route_found_entrance_unverified,103.085,300.0,2,2678.2,2658.4,9.8
northern,north,56334,Remscheid Karlstr. 2 42897,road_route_found_entrance_unverified,103.085,6.0,0,2051.8,2052.0,7.0
northern,north,56336,Remscheid Lüttringhauser Str. 82 42897,road_route_found_entrance_unverified,103.085,22.0,0,894.6,893.7,2.9
northern,north,56337,Remscheid Tenter Weg 1-3 42897,road_route_found_entrance_unverified,100.976,110.0,0,2511.8,2380.4,16.5
northern,north,56338,Remscheid Thüringsberg 15 42897,road_route_found_entrance_unverified,103.085,88.0,0,1985.2,2087.3,7.7
northern,north,56339,Remscheid Trecknase 7-9 42897,road_route_found_entrance_unverified,100.976,1200.0,8,2004.6,2110.5,5.8
northern,north,56340,Remscheid Albert-Tillmanns-Weg 4 42899,road_route_found_entrance_unverified,103.085,22.0,0,2591.1,2242.7,11.6
northern,north,56341,Remscheid Dreherstr. 22 42899,unconfirmed,106.831,11.0,0,,,
northern,north,56342,Remscheid Gertenbachstraße 32 42899,road_route_found_entrance_unverified,103.085,88.0,0,2490.5,1940.1,5.4
northern,north,56343,Remscheid Lüttringhauser Straße 131 42899,road_route_found_entrance_unverified,103.085,44.0,0,800.2,759.4,11.3
northern,north,56344,Remscheid Olper Höhe 4 42899,unconfirmed,105.137,22.0,0,,,
northern,north,56345,Remscheid Remscheider Str. 149 42899,unconfirmed,102.391,44.0,0,,,
northern,north,56346,Remscheid Remscheider Straße 69 42899,unconfirmed,102.918,88.0,0,,,
northern,north,56418,Solingen In der Planke 3 42659,unconfirmed,91.964,44.0,0,,,
northern,north,56544,Wuppertal Berliner Str. 112 42275,unconfirmed,111.411,44.0,0,,,
northern,north,56545,Wuppertal Bleicherstraße 24 42275,unconfirmed,110.095,44.0,0,,,
northern,north,56546,Wuppertal Gemarker Ufer 23 42275,unconfirmed,110.122,44.0,0,,,
northern,north,56547,Wuppertal Kleine Flurstraße 6 42275,unconfirmed,110.214,44.0,0,,,
northern,north,56548,Wuppertal Paul-Humburg-Str. 10 42275,unconfirmed,110.167,88.0,0,,,
northern,north,56549,Wuppertal Zur Werther Brücke 2 42275,unconfirmed,110.273,44.0,0,,,
northern,north,56550,Wuppertal Am Diek 105 42277,unconfirmed,114.639,71.0,0,,,
northern,north,56551,Wuppertal Berliner Platz 15 42277,unconfirmed,111.474,44.0,0,,,
northern,north,56552,Wuppertal Hilgershöhe 61 42277,unconfirmed,114.578,44.0,0,,,
northern,north,56553,Wuppertal Hilgershöhe 63 42277,unconfirmed,114.578,44.0,0,,,
northern,north,56554,Wuppertal Sonnenstraße 152 42277,unconfirmed,114.519,44.0,0,,,
northern,north,56555,Wuppertal Teichstr. 22 42277,unconfirmed,111.576,44.0,0,,,
northern,north,56556,Wuppertal Togostr. 15 42277,unconfirmed,114.592,44.0,0,,,
northern,north,56557,Wuppertal Togostr. 15 42277,unconfirmed,114.592,44.0,0,,,
northern,north,56559,Wuppertal Einern 149 42279,unconfirmed,115.136,100.0,0,,,
northern,north,56560,Wuppertal Haßlinghauser Str. 155 42279,unconfirmed,116.813,44.0,0,,,
northern,north,56561,Wuppertal Löhrerlen 64 42279,unconfirmed,114.761,11.0,0,,,
northern,north,56562,Wuppertal Mollenkotten 195 42279,unconfirmed,116.811,44.0,0,,,
northern,north,56563,Wuppertal Porschestrasse 1 42279,unconfirmed,116.664,94.0,0,,,
northern,north,56564,Wuppertal Schmiedestr. 91 42279,unconfirmed,116.811,600.0,4,,,
northern,north,56565,Wuppertal Schmiedestraße 16 42279,unconfirmed,116.982,44.0,0,,,
northern,north,56566,Wuppertal Schmiedestraße 61 42279,unconfirmed,116.978,84.0,0,,,
northern,north,56567,Wuppertal Wittener Str. 326 42279,unconfirmed,116.741,600.0,4,,,
northern,north,56570,Wuppertal Große Flurstraße 41 42281,unconfirmed,110.167,44.0,0,,,
northern,north,56575,Wuppertal Wittensteinstraße 320 42281,unconfirmed,109.979,44.0,0,,,
northern,north,56577,Wuppertal Friedrich-Engels-Allee 369 42283,unconfirmed,109.972,44.0,0,,,
northern,north,56578,Wuppertal Große Hakenstr. 30 42283,unconfirmed,110.072,22.0,0,,,
northern,north,56580,Wuppertal Ibachstraße 0 42283,unconfirmed,110.022,44.0,0,,,
northern,north,56582,Wuppertal Friedrich-Engels-Allee 291 42285,unconfirmed,109.867,88.0,0,,,
northern,north,56583,Wuppertal Oberbergische Str. 63 42285,unconfirmed,109.694,44.0,0,,,
northern,north,56584,Wuppertal Oberbergische Str. 91 42285,unconfirmed,109.551,88.0,0,,,
northern,north,56585,Wuppertal Oberbergische Straße 0 42285,unconfirmed,109.321,172.0,2,,,
northern,north,56586,Wuppertal Oberbergische Straße 200 42285,unconfirmed,109.341,450.0,4,,,
northern,north,56588,Wuppertal Heinz-Fangman-Str. 6 42287,unconfirmed,109.234,22.0,0,,,
northern,north,56589,Wuppertal Heinz-Fangman-Straße 18 42287,unconfirmed,109.117,22.0,0,,,
northern,north,56590,Wuppertal Jägerhaus 83 42287,road_route_found_entrance_unverified,106.56,44.0,0,1664.2,1587.0,12.0
northern,north,56591,Wuppertal Obere Lichtenplatzer Str. 300 42287,unconfirmed,109.451,300.0,2,,,
northern,north,56592,Wuppertal Albertstr. 42-46 42289,unconfirmed,110.269,72.0,0,,,
northern,north,56593,Wuppertal An der Bergbahn 26 42289,unconfirmed,110.072,44.0,0,,,
northern,north,56594,Wuppertal Heckinghauser Str. 36 42289,unconfirmed,110.247,300.0,2,,,
northern,north,56596,Wuppertal Krebsstr. 5 42289,unconfirmed,110.544,44.0,0,,,
northern,north,56597,Wuppertal Rübenstr. 60 42289,unconfirmed,111.439,150.0,2,,,
northern,north,56598,Wuppertal Untere Lichtenplatzer Str. 100 42289,unconfirmed,110.09,44.0,0,,,
northern,north,56599,Wuppertal Widukindstr. 97 42289,unconfirmed,111.411,300.0,2,,,
northern,north,56600,Wuppertal Widukindstraße 97 42289,unconfirmed,111.424,150.0,2,,,
northern,north,56628,Wuppertal An der Blutfinke 70 42369,unconfirmed,107.321,44.0,0,,,
northern,north,56629,Wuppertal Ascheweg 16 42369,unconfirmed,107.321,44.0,0,,,
northern,north,56630,Wuppertal Erbschlöer Str. 164 42369,unconfirmed,107.531,150.0,2,,,
northern,north,56631,Wuppertal In der Krim 4 42369,unconfirmed,107.321,400.0,4,,,
northern,north,56632,Wuppertal Kocherstraße 16 42369,unconfirmed,107.281,44.0,0,,,
northern,north,56633,Wuppertal Marktstraße 32 42369,unconfirmed,107.321,44.0,0,,,
northern,north,56634,Wuppertal Staasstr. 8 42369,unconfirmed,107.35,44.0,0,,,
northern,north,56635,Wuppertal Autobahnraststätte Ehrenberg West 0 42389,unconfirmed,111.783,243.0,2,,,
northern,north,56636,Wuppertal Dahlerstr. 34 42389,unconfirmed,112.792,315.0,2,,,
northern,north,56637,Wuppertal Dieselstraße 65 42389,road_route_found_entrance_unverified,113.717,5000.0,20,1296.2,1181.8,9.8
northern,north,56638,Wuppertal Ehrenberger Straße 130 42389,unconfirmed,113.049,11.0,0,,,
northern,north,56639,Wuppertal Pommernstraße 4 42389,road_route_found_entrance_unverified,113.717,44.0,0,2660.1,2582.4,7.5
northern,north,56640,Wuppertal Raststätte Kucksiepen BAB1 42389,road_route_found_entrance_unverified,111.822,98.0,0,208.6,184.9,9.1
northern,north,56643,Wuppertal Mispelweg 9 42399,unconfirmed,112.122,11.0,0,,,
northern,north,64274,Bad Schwartau Albert-Schweitzer-Straße 126 23611,road_route_found_entrance_unverified,542.845,44.0,0,2336.3,2875.2,9.1
northern,north,64275,Bad Schwartau Auguststr. 3 23611,road_route_found_entrance_unverified,542.845,50.0,0,1835.2,1790.2,7.5
northern,north,64276,Bad Schwartau Auguststr. 3 23611,road_route_found_entrance_unverified,542.845,50.0,0,1835.2,1790.2,7.5
northern,north,64277,Bad Schwartau Haydnring 72 23611,unconfirmed,544.205,44.0,0,,,
northern,north,64278,Bad Schwartau Loog 7 23611,unconfirmed,543.205,577.0,2,,,
northern,north,64279,Bad Schwartau Loog 7 23611,unconfirmed,543.152,176.0,0,,,
northern,north,64280,Bad Schwartau Markt 7 23611,road_route_found_entrance_unverified,542.845,22.0,0,2067.4,2099.0,6.5
northern,north,64281,Bad Schwartau Markttwiete 12 23611,road_route_found_entrance_unverified,542.845,22.0,0,1870.2,1791.3,8.2
northern,north,64282,Bad Schwartau Tremskamp 29 23611,unconfirmed,543.127,1200.0,6,,,
northern,north,64283,Bad Schwartau Zentralparkplatz 1 23611,road_route_found_entrance_unverified,542.845,137.0,0,1976.9,1967.6,4.2
northern,north,64284,Bad Schwartau Zentralparkplatz 1 23611,road_route_found_entrance_unverified,542.845,44.0,0,1871.2,1790.3,11.3
northern,north,64285,Ratekau Bruhnstraße 70 23611,unconfirmed,546.14,11.0,0,,,
northern,north,64286,Sereetz Berliner Straße 53 23611,unconfirmed,546.528,44.0,0,,,
northern,north,64287,Sereetz Berliner Straße 76 23611,unconfirmed,546.528,44.0,0,,,
northern,north,64288,Sereetz Dänischburger Landstr. 13 23611,unconfirmed,546.101,720.0,4,,,
northern,north,64290,Stockelsdorf Pohnsdorfer Landstr. 4 23617,unconfirmed,542.845,308.0,0,,,
northern,north,64291,Stockelsdorf Schillerstraße 3 23617,unconfirmed,541.192,22.0,0,,,
northern,north,64292,Stockelsdorf Segeberger Str. 16-22 23617,road_route_found_entrance_unverified,539.589,44.0,0,1633.6,2101.8,19.0
northern,north,64293,Stockelsdorf Segeberger Str. 25 23617,road_route_found_entrance_unverified,539.589,200.0,2,1603.9,2075.4,14.6
northern,north,64297,Ratekau Bäderstraße 19 23626,road_route_found_entrance_unverified,549.425,44.0,0,1274.5,1199.5,17.7
northern,north,64298,Ratekau Bäderstraße 19 23626,road_route_found_entrance_unverified,549.425,44.0,0,1274.5,1199.5,17.0
northern,north,64299,Ratekau Rosenstr. 1 23626,road_route_found_entrance_unverified,549.425,150.0,2,1495.1,1431.7,7.4
northern,north,64302,Timmendorfer Strand Am Kurpark 10 23669,unconfirmed,555.041,22.0,0,,,
northern,north,64305,Timmendorfer Strand Dorfstr. 30 23669,unconfirmed,554.236,44.0,0,,,
northern,north,64306,Timmendorfer Strand Dorfstr. 30 Z 23669,unconfirmed,554.233,44.0,0,,,
northern,north,64307,Timmendorfer Strand Höppnerweg 10 23669,unconfirmed,554.637,44.0,0,,,
northern,north,64308,Timmendorfer Strand Höppnerweg 7 23669,unconfirmed,554.637,44.0,0,,,
northern,north,64309,Timmendorfer Strand Höppnerweg 7 Z 23669,unconfirmed,554.637,88.0,0,,,
northern,north,64311,Timmendorfer Strand Poststr. 14 23669,unconfirmed,554.79,44.0,0,,,
northern,north,64312,Timmendorfer Strand Poststraße 14 23669,unconfirmed,554.79,44.0,0,,,
northern,north,64313,Timmendorfer Strand Poststraße 14 Z 23669,unconfirmed,554.79,44.0,0,,,
northern,north,64314,Timmendorfer Strand Roggenkamp 3 23669,unconfirmed,551.051,11.0,0,,,
northern,north,64315,Timmendorfer Strand Ruppersdorfer Weg 18 23669,unconfirmed,553.988,11.0,0,,,
northern,north,64316,Timmendorfer Strand Schmilinskystr. 2 23669,unconfirmed,555.041,22.0,0,,,
northern,north,64317,Timmendorfer Strand Seestraße 3 23669,unconfirmed,551.495,44.0,0,,,
northern,north,64320,Timmendorfer Strand Strandallee 42 23669,unconfirmed,555.475,44.0,0,,,
northern,north,64321,Timmendorfer Strand Strandallee 42 Z 23669,unconfirmed,555.476,44.0,0,,,
northern,north,64322,Timmendorfer Strand Strandallee 60 23669,unconfirmed,555.179,44.0,0,,,
northern,north,64323,Timmendorfer Strand Strandallee 84 23669,unconfirmed,554.915,44.0,0,,,
northern,north,64327,Timmendorfer Strand Vogelsang 6-8 23669,unconfirmed,554.171,11.0,0,,,
northern,north,64328,Timmendorfer Strand Vogelsang 6-8 23669,unconfirmed,554.171,50.0,0,,,
northern,north,64331,Timmendorfer Strand Wohldstr. 24 23669,unconfirmed,555.041,88.0,0,,,
northern,north,64332,Scharbeutz Bahnhofstraße 48z 23683,road_route_found_entrance_unverified,561.554,44.0,0,659.7,641.6,7.1
northern,north,64333,Scharbeutz Bormwiese 1 23683,road_route_found_entrance_unverified,561.554,1300.0,8,1149.4,1148.3,7.6
northern,north,64334,Scharbeutz Bormwiese 1 23683,road_route_found_entrance_unverified,561.554,22.0,0,1165.9,1219.3,13.3
northern,north,64335,Scharbeutz Fischerstieg Ecke Badeweg 0 23683,unconfirmed,558.36,44.0,0,,,
northern,north,64336,Scharbeutz Glockenstr. 2 23683,unconfirmed,558.079,44.0,0,,,
northern,north,64337,Scharbeutz Konsulweg 8z 23683,unconfirmed,557.914,44.0,0,,,
northern,north,64338,Scharbeutz Muschelstieg 0 23683,unconfirmed,558.484,88.0,0,,,
northern,north,64339,Scharbeutz Ostseestraße 1 23683,unconfirmed,558.18,44.0,0,,,
northern,north,64340,Scharbeutz Pönitzer Chaussee 1 23683,road_route_found_entrance_unverified,559.136,88.0,0,1605.3,1625.7,8.7
northern,north,64341,Scharbeutz Seestr. 63 23683,road_route_found_entrance_unverified,559.136,200.0,2,2952.7,2983.0,14.6
northern,north,64342,Scharbeutz Seestraße 11z 23683,road_route_found_entrance_unverified,559.136,44.0,0,2918.2,3885.6,13.6
northern,north,64343,Scharbeutz Strandallee 0 23683,unconfirmed,557.366,44.0,0,,,
northern,north,64344,Scharbeutz Strandallee 12z 23683,road_route_found_entrance_unverified,561.554,44.0,0,1574.8,1578.5,25.2
northern,north,64345,Scharbeutz Strandallee 130a 23683,road_route_found_entrance_unverified,559.136,11.0,0,2708.0,2519.3,9.5
northern,north,64346,Scharbeutz Strandallee 98b 23683,road_route_found_entrance_unverified,559.136,44.0,0,1966.7,2142.4,6.3
northern,north,64347,Scharbeutz Trelleborgstraße 1z 23683,road_route_found_entrance_unverified,559.136,44.0,0,2554.1,2339.4,9.5
northern,north,64348,Scharbeutz Waldweg 1 23683,road_route_found_entrance_unverified,561.554,44.0,0,2264.9,2302.5,15.1
northern,north,64349,Scharbeutz Wennseestraße 0 23683,road_route_found_entrance_unverified,555.977,44.0,0,2411.3,2378.2,8.3
northern,north,64350,Scharbeutz Wiesenweg 1z 23683,road_route_found_entrance_unverified,561.554,44.0,0,1314.7,1290.7,9.7
northern,north,64351,Pönitz Gustav-Friedrich-Meyer-Straße 1 23684,unconfirmed,560.303,44.0,0,,,
northern,north,64352,Pönitz Gustav-Friedrich-Meyer-Straße 1 1 23684,unconfirmed,560.303,44.0,0,,,
northern,north,64353,Scharbeutz Gronenberger Mühle 2 23684,unconfirmed,559.95,88.0,0,,,
northern,north,64356,Scharbeutz Seestraße 43z 23684,unconfirmed,558.931,44.0,0,,,
northern,north,64357,Techau Dorfstr. 998 23689,unconfirmed,552.611,22.0,0,,,
northern,north,64383,Süsel Pastor-Dr.-Fuchs-Weg 0 23701,unconfirmed,562.737,44.0,0,,,
northern,north,64400,Altenkrempe Allee 97 23730,unconfirmed,572.437,22.0,0,,,
northern,north,64401,Neu Am Gogenkoog 0 23730,road_route_found_entrance_unverified,566.718,22.0,0,2959.7,2847.1,3.4
northern,north,64402,Neustadt i.H. Rettiner Weg 77 23730,unconfirmed,572.169,344.0,0,,,
northern,north,64403,Neustadt in Holstein Akazienweg 0 23730,unconfirmed,571.621,44.0,0,,,
northern,north,64404,Neustadt in Holstein Am Binnenwasser 24 23730,unconfirmed,571.606,44.0,0,,,
northern,north,64405,Neustadt in Holstein Am Kiebitzberg 10 23730,unconfirmed,567.669,44.0,0,,,
northern,north,64406,Neustadt in Holstein An der Wiek 7-15 23730,unconfirmed,567.491,374.0,0,,,
northern,north,64407,Neustadt in Holstein An der Wiek 7-15 23730,unconfirmed,567.502,242.0,0,,,
northern,north,64411,Neustadt in Holstein Eutiner Str. 71 23730,road_route_found_entrance_unverified,566.718,75.0,0,1764.3,1710.2,17.2
northern,north,64412,Neustadt in Holstein Eutiner Straße 47 23730,road_route_found_entrance_unverified,566.718,72.0,0,2191.2,2101.0,3.6
northern,north,64413,Neustadt in Holstein Holmer Weg 16 23730,unconfirmed,567.102,44.0,0,,,
northern,north,64414,Neustadt in Holstein Kirchhofsallee 12 23730,unconfirmed,571.847,22.0,0,,,
northern,north,64415,Neustadt in Holstein Klosterstr. 1 23730,unconfirmed,571.284,22.0,0,,,
northern,north,64416,Neustadt in Holstein Klosterstraße 1 23730,unconfirmed,571.28,50.0,0,,,
northern,north,64417,Neustadt in Holstein Lindenweg 1 23730,unconfirmed,567.735,22.0,0,,,
northern,north,64418,Neustadt in Holstein Neustädter Bucht Ost 0 23730,road_route_found_entrance_unverified,563.564,93.0,0,218.1,365.7,9.4
northern,north,64419,Neustadt in Holstein Neustädter Bucht West 0 23730,unconfirmed,564.09,93.0,0,,,
northern,north,64420,Neustadt in Holstein Reiferbahn 2 23730,road_route_found_entrance_unverified,566.718,50.0,0,2851.6,2769.6,4.9
northern,north,64421,Neustadt in Holstein Sandberger Weg 88 23730,unconfirmed,567.735,150.0,2,,,
northern,north,64423,Neustadt in Holstein Sierksdorfer Str. 19 23730,road_route_found_entrance_unverified,566.718,150.0,2,1590.3,1494.7,5.9
northern,north,64424,Neustadt in Holstein Sierksdorfer Str. 39 23730,road_route_found_entrance_unverified,566.718,44.0,0,1336.1,1291.2,30.6
northern,north,64425,Neustadt in Holstein Sierksdorfer Str. 8 23730,road_route_found_entrance_unverified,566.718,1200.0,6,1507.4,1489.7,1.7
northern,north,64427,Neustadt in Holstein Westpreußenring 22 23730,road_route_found_entrance_unverified,572.183,22.0,0,2777.4,3048.0,16.1
northern,north,64429,Neustadt/Holstein Eutiner Straße 59 23730,road_route_found_entrance_unverified,566.718,150.0,2,1762.3,1657.0,7.0
northern,north,64433,Sierksdorf Am Fahrenkrog 0 23730,unconfirmed,564.524,44.0,0,,,
northern,north,64434,Sierksdorf Am Fahrenkrog 12 23730,unconfirmed,564.739,22.0,0,,,
northern,north,64435,Sierksdorf Raststätte Neustädter Bucht Ost 0 23730,road_route_found_entrance_unverified,563.564,98.0,0,275.7,336.2,11.6
northern,north,64436,Sierksdorf Raststätte Neustädter Bucht West 0 23730,unconfirmed,564.041,98.0,0,,,
northern,north,64437,Sierksdorf Wagrienring 3-13 23730,road_route_found_entrance_unverified,566.718,154.0,0,1495.1,1515.6,28.7
northern,north,64438,Lensahn Bäderstr. 8a 23738,unconfirmed,584.459,22.0,0,,,
northern,north,64439,Lensahn Dieselstr. 4 23738,unconfirmed,584.204,100.0,0,,,
northern,north,64440,Lensahn Dieselstraße 2 23738,unconfirmed,584.165,72.0,0,,,
northern,north,64441,Lensahn Dieselstraße 4 23738,unconfirmed,584.205,93.0,0,,,
northern,north,64442,Lensahn Doktor-Julius-Stinde-Straße 0 23738,unconfirmed,583.531,44.0,0,,,
northern,north,64443,Lensahn Eutiner Str. 4a 23738,unconfirmed,584.514,44.0,0,,,
northern,north,64444,Lensahn Eutiner Straße 2 23738,unconfirmed,584.516,44.0,0,,,
northern,north,64445,Lensahn Lübecker Straße 28 23738,unconfirmed,583.546,44.0,0,,,
northern,north,64446,Lensahn Zum Windpark 9 23738,unconfirmed,584.453,66.0,0,,,
northern,north,64481,Gremersdorf Bankendorfer Weg 1 23758,road_route_found_entrance_unverified,598.958,300.0,2,344.6,371.0,2.9
northern,north,64482,Oldenburg in Holstein Am Rathsland 19 23758,road_route_found_entrance_unverified,594.5,22.0,0,2794.7,2817.9,8.9
northern,north,64483,Oldenburg in Holstein Am Voßberg 18 23758,unconfirmed,595.398,44.0,0,,,
northern,north,64484,Oldenburg in Holstein Am Voßberg 4c 23758,road_route_found_entrance_unverified,594.5,150.0,2,2830.5,2886.6,4.8
northern,north,64485,Oldenburg in Holstein Am Voßberg 6 23758,road_route_found_entrance_unverified,594.5,150.0,2,2841.1,2878.0,9.9
northern,north,64486,Oldenburg in Holstein Dannauer Bruch 1 23758,road_route_found_entrance_unverified,592.94,150.0,2,735.1,884.8,5.8
northern,north,64487,Oldenburg in Holstein Holsteiner Straße 2 23758,road_route_found_entrance_unverified,591.878,90.0,0,1298.8,1341.4,5.4
northern,north,64488,Oldenburg in Holstein Hopfenmarkt 0 23758,road_route_found_entrance_unverified,591.878,44.0,0,1807.0,1483.4,5.5
northern,north,64489,Oldenburg in Holstein Kieler Chaussee 0 23758,road_route_found_entrance_unverified,591.878,44.0,0,2347.9,2382.4,0.7
northern,north,64490,Oldenburg in Holstein Kieler Chaussee 4a 23758,road_route_found_entrance_unverified,591.878,2000.0,8,341.3,404.3,2.9
northern,north,64491,Oldenburg in Holstein Schuhstraße 0 23758,road_route_found_entrance_unverified,591.878,33.0,0,538.8,636.1,14.6
northern,north,64513,Heiligenhafen Am Jachthafen 0 23774,road_route_found_entrance_unverified,602.731,1350.0,12,2664.3,2711.9,34.2
northern,north,64514,Heiligenhafen Am Jachthafen 4A 23774,road_route_found_entrance_unverified,602.731,88.0,0,2858.7,2715.7,18.5
northern,north,64515,Heiligenhafen An der E 47 0 23774,road_route_found_entrance_unverified,604.079,300.0,2,293.1,111.4,2.2
northern,north,64516,Heiligenhafen An der E 47 0 23774,road_route_found_entrance_unverified,604.079,300.0,2,293.1,111.4,2.2
northern,north,64517,Heiligenhafen Höhenweg 2 23774,road_route_found_entrance_unverified,602.731,150.0,2,921.4,885.7,5.3
northern,north,64518,Heiligenhafen Höhenweg 4 23774,road_route_found_entrance_unverified,602.731,1200.0,8,1032.5,961.1,0.5
northern,north,64519,Heiligenhafen Industriestr. 3 23774,road_route_found_entrance_unverified,606.147,2400.0,8,1038.0,7743.2,6.1
northern,north,64520,Heiligenhafen Seepromenade 4 23774,unconfirmed,603.897,22.0,0,,,
northern,north,64521,Heiligenhafen Steinwarder 1003 23774,unconfirmed,603.798,88.0,0,,,
northern,north,64522,Heiligenhafen Sundweg 113 23774,road_route_found_entrance_unverified,606.147,72.0,0,822.2,7617.8,3.7
northern,north,64523,Heiligenhafen Wendstraße 19 23774,road_route_found_entrance_unverified,602.731,33.0,0,2262.3,2140.1,11.0
northern,north,65701,Glinde Am Sportplatz 1 21509,unconfirmed,490.553,44.0,0,,,
northern,north,65702,Glinde Am Sportplatz 33 21509,unconfirmed,490.553,44.0,0,,,
northern,north,65703,Glinde An der alten Wache 0 21509,unconfirmed,490.642,44.0,0,,,
northern,north,65704,Glinde An der Au 14 21509,unconfirmed,490.075,44.0,0,,,
northern,north,65705,Glinde Avenue St. Sebastian 5A 21509,unconfirmed,490.387,44.0,0,,,
northern,north,65710,Glinde Blockhorner Allee 9 21509,unconfirmed,490.165,44.0,0,,,
northern,north,65721,Glinde Möllner Landstr. 119 21509,unconfirmed,490.503,100.0,0,,,
northern,north,65722,Glinde Möllner Landstr. 76 21509,unconfirmed,490.411,44.0,0,,,
northern,north,65723,Glinde Möllner Landstraße 30 21509,unconfirmed,490.134,44.0,0,,,
northern,north,65724,Glinde Möllner Landstraße 76 21509,unconfirmed,490.412,150.0,0,,,
northern,north,65725,Glinde Mühlenstr. 55 21509,unconfirmed,490.675,44.0,0,,,
northern,north,65728,Glinde Sönke-Nissen-Allee 2 21509,unconfirmed,490.272,44.0,0,,,
northern,north,65731,Oststeinbek Am Turnierplatz 8 22113,unconfirmed,485.181,44.0,0,,,
northern,north,65732,Oststeinbek Brückenstraße 2a 22113,road_route_found_entrance_unverified,486.332,44.0,0,2107.3,4996.2,2.7
northern,north,65733,Oststeinbek Eichredder 14 22113,road_route_found_entrance_unverified,486.332,44.0,0,1564.1,5085.6,2.7
northern,north,65734,Oststeinbek Grünes Tal 60 22113,unconfirmed,489.798,11.0,0,,,
northern,north,65735,Oststeinbek Hamburger Kamp 15 22113,road_route_found_entrance_unverified,486.332,44.0,0,1067.1,4648.8,2.0
northern,north,65736,Oststeinbek Helmut-Landt-Weg 6 22113,road_route_found_entrance_unverified,486.332,44.0,0,1770.6,4256.6,20.4
northern,north,65737,Oststeinbek Kampstraße 1 22113,road_route_found_entrance_unverified,486.332,44.0,0,2219.8,4853.8,4.1
northern,north,65738,Oststeinbek Meessen 3 22113,road_route_found_entrance_unverified,486.332,44.0,0,1504.1,3190.0,6.4
northern,north,65739,Oststeinbek Möllner Landstr. 20 22113,road_route_found_entrance_unverified,486.332,44.0,0,1361.1,4969.2,12.0
northern,north,65740,Oststeinbek Uferstr. 28 22113,road_route_found_entrance_unverified,486.332,44.0,0,1470.4,5054.3,8.3
northern,north,65741,Oststeinbek Willinghusener Weg 1 22113,road_route_found_entrance_unverified,486.332,350.0,2,1335.0,3589.6,1.8
northern,north,65742,Oststeinbek Willinghusener Weg 3 22113,road_route_found_entrance_unverified,486.332,172.0,2,1302.7,3363.3,1.9
northern,north,65743,Oststeinbek Zum Forellenbach 1 22113,road_route_found_entrance_unverified,486.332,22.0,0,2381.4,4574.9,6.3
northern,north,65744,Braak Braaker Bogen 33 22145,road_route_found_entrance_unverified,496.793,3000.0,12,979.5,889.9,5.4
northern,north,65745,Barsbüttel Achtern Barg 31 22885,road_route_found_entrance_unverified,491.941,44.0,0,2876.6,2918.1,5.4
northern,north,65746,Barsbüttel Altes Feld 9 22885,road_route_found_entrance_unverified,491.941,44.0,0,2533.8,2663.1,2.0
northern,north,65747,Barsbüttel Am AKKU 9 22885,unconfirmed,489.002,600.0,4,,,
northern,north,65748,Barsbüttel Am Heidberg 1 22885,unconfirmed,494.505,44.0,0,,,
northern,north,65749,Barsbüttel Am Sportplatz 5 22885,road_route_found_entrance_unverified,491.941,44.0,0,2491.7,2517.1,7.6
northern,north,65750,Barsbüttel Buchenstr. 30A 22885,road_route_found_entrance_unverified,491.941,44.0,0,2885.3,2919.9,2.6
northern,north,65751,Barsbüttel Callingtonstr. 2 22885,unconfirmed,488.983,44.0,0,,,
northern,north,65752,Barsbüttel Falkenstr. 18a 22885,unconfirmed,488.871,44.0,0,,,
northern,north,65753,Barsbüttel Hanskampring 1 22885,unconfirmed,491.854,150.0,2,,,
northern,north,65754,Barsbüttel Hanskampring 1 22885,unconfirmed,491.854,150.0,2,,,
northern,north,65755,Barsbüttel Hanskampring 1 22885,unconfirmed,491.854,150.0,2,,,
northern,north,65756,Barsbüttel Hanskampring 1 22885,unconfirmed,491.854,50.0,0,,,
northern,north,65757,Barsbüttel Hauptstraße 51 22885,unconfirmed,489.208,44.0,0,,,
northern,north,65758,Barsbüttel Hauptstraße 6G 22885,unconfirmed,488.766,44.0,0,,,
northern,north,65759,Barsbüttel Huuskoppel 24 22885,unconfirmed,494.759,22.0,0,,,
northern,north,65760,Barsbüttel Kronshorster Weg 2 22885,unconfirmed,493.208,44.0,0,,,
northern,north,65761,Barsbüttel Rahlstedter Str. 1 22885,road_route_found_entrance_unverified,491.941,2000.0,8,977.2,1631.0,5.3
northern,north,65762,Barsbüttel Rahlstedter Str. 2 22885,road_route_found_entrance_unverified,491.941,900.0,8,1479.0,828.8,5.3
northern,north,65763,Barsbüttel Rahlstedter Straße 1 22885,unconfirmed,492.168,1800.0,12,,,
northern,north,65764,Barsbüttel Soltausredder 21 22885,unconfirmed,488.987,44.0,0,,,
northern,north,65765,Barsbüttel Stemwarder Landstr. 17 22885,unconfirmed,491.919,44.0,0,,,
northern,north,65766,Barsbüttel Thorkoppel 12 22885,unconfirmed,489.149,44.0,0,,,
northern,north,65767,Barsbüttel Von-Bronsart-Str. 12 22885,road_route_found_entrance_unverified,491.941,44.0,0,2164.5,2185.4,1.8
northern,north,65768,Barsbüttel Willinghusener Landstr. 14 22885,road_route_found_entrance_unverified,491.941,44.0,0,2912.7,2976.0,40.8
northern,north,65769,Barsbüttel Zum Dicken Busch 18a 22885,unconfirmed,488.783,44.0,0,,,
northern,north,65774,Ahrensburg Am Aalfang 12 22926,unconfirmed,500.392,22.0,0,,,
northern,north,65777,Ahrensburg An d. Strusbek 4 22926,unconfirmed,505.383,72.0,0,,,
northern,north,65778,Ahrensburg An der Strusbek 4c 22926,unconfirmed,505.778,150.0,2,,,
northern,north,65780,Ahrensburg Beimoorweg 17b 22926,unconfirmed,504.927,850.0,4,,,
northern,north,65782,Ahrensburg Carl-Backhaus-Str. 46 22926,unconfirmed,504.751,88.0,0,,,
northern,north,65791,Ahrensburg Kornkamp 4 22926,unconfirmed,505.014,154.0,0,,,
northern,north,65792,Ahrensburg Kornkamp 4 22926,unconfirmed,505.093,44.0,0,,,
northern,north,65794,Ahrensburg Kurt-Fischer-Str. 7 22926,unconfirmed,505.48,150.0,2,,,
northern,north,65795,Ahrensburg Kurt-Fischer-Str. 7 22926,unconfirmed,505.22,194.0,2,,,
northern,north,65807,Großhansdorf Beimoorweg 180 22927,unconfirmed,505.701,11.0,0,,,
northern,north,65808,Großhansdorf Beimoorweg 180 22927,unconfirmed,505.732,11.0,0,,,
northern,north,65809,Großhansdorf Eilbergweg 10 22927,unconfirmed,503.671,150.0,2,,,
northern,north,65810,Großhansdorf Hoisdorfer Landstraße 37 22927,unconfirmed,504.246,11.0,0,,,
northern,north,65811,Großhansdorf Klinikweg 1 22927,unconfirmed,503.403,88.0,0,,,
northern,north,65812,Großhansdorf Neuer Postweg 0 22927,unconfirmed,503.538,88.0,0,,,
northern,north,65813,Großhansdorf Roseneck 36 22927,road_route_found_entrance_unverified,501.537,22.0,0,2885.5,2968.3,8.0
northern,north,65814,Großhansdorf Schaapkamp 5 22927,unconfirmed,503.795,200.0,2,,,
northern,north,65815,Großhansdorf Schaapkoppel 40 22927,unconfirmed,503.837,44.0,0,,,
northern,north,65816,Großhansdorf Sieker Landstr. 19 22927,unconfirmed,502.27,110.0,0,,,
northern,north,65817,Großhansdorf Sieker Landstraße 235 22927,road_route_found_entrance_unverified,501.537,300.0,2,953.9,1093.5,1.7
northern,north,65818,Großhansdorf Wöhrendamm 151 22927,road_route_found_entrance_unverified,501.537,44.0,0,2519.8,2620.7,9.1
northern,north,65819,Großhansdorf Wöhrendamm 157 22927,road_route_found_entrance_unverified,501.537,44.0,0,2409.9,2492.8,12.8
northern,north,65852,Hoisdorf Waldstraße 46 22955,unconfirmed,504.215,11.0,0,,,
northern,north,65854,Siek Dorfstraße 17 22962,unconfirmed,499.631,11.0,0,,,
northern,north,65855,Steinburg Oldesloer Straße 42e 22964,unconfirmed,513.22,11.0,0,,,
northern,north,65856,Todendorf Am Heeschberg 20 22965,road_route_found_entrance_unverified,507.516,11.0,0,2409.0,2060.3,2.6
northern,north,65857,Todendorf Buddikate Ost 0 22965,road_route_found_entrance_unverified,507.516,1400.0,4,502.9,283.9,6.6
northern,north,65858,Todendorf Buddikate Ost 0 22965,road_route_found_entrance_unverified,507.516,43.0,0,208.6,343.4,0.8
northern,north,65859,Todendorf Buddikate West 0 22965,unconfirmed,507.687,1400.0,4,,,
northern,north,65864,Bad Oldesloe Heinrich-Heine-Straße 5 23843,unconfirmed,521.26,11.0,0,,,
northern,north,65865,Bad Oldesloe Käthe-Kollwitz-Str. 14 23843,unconfirmed,520.471,150.0,1,,,
northern,north,65866,Bad Oldesloe Lily-Braun-Str. 18-22 23843,road_route_found_entrance_unverified,519.637,150.0,2,2967.9,2994.5,15.3
northern,north,65867,Bad Oldesloe Lily-Braun-Straße 24 - 28 23843,road_route_found_entrance_unverified,519.637,44.0,0,2863.1,2821.8,7.7
northern,north,65868,Bad Oldesloe Lily-Braun-Straße 34 23843,road_route_found_entrance_unverified,519.637,150.0,2,2598.1,2654.9,3.6
northern,north,65871,Bad Oldesloe Mommsenstraße 13 23843,unconfirmed,520.337,55.0,0,,,
northern,north,65872,Bad Oldesloe Ratzeburger Str. 11-13 23843,unconfirmed,520.553,180.0,2,,,
northern,north,65873,Bad Oldesloe Ratzeburger Straße 57A 23843,unconfirmed,520.66,11.0,0,,,
northern,north,65878,BadOldesloe Lily-Braun Str. 1a 23843,unconfirmed,520.643,150.0,2,,,
northern,north,65879,Lasbek Schulstr. 20 23847,unconfirmed,513.161,22.0,0,,,
northern,north,65880,Pölitz Am Wischhof 10 23847,unconfirmed,517.381,22.0,0,,,
northern,north,65881,Reinfeld Am Obstgarten 13 23858,unconfirmed,526.748,11.0,0,,,
northern,north,65882,Reinfeld An der Autobahn 2 23858,road_route_found_entrance_unverified,527.367,900.0,6,962.7,923.0,5.4
northern,north,65883,Reinfeld An der Autobahn 5 23858,road_route_found_entrance_unverified,527.367,600.0,4,1102.2,1044.6,8.3
northern,north,65884,Reinfeld Barnitzer Strasse 1-7 23858,road_route_found_entrance_unverified,527.367,86.0,0,1077.1,1180.9,6.7
northern,north,65885,Reinfeld Binnenkamp 28 23858,unconfirmed,527.403,44.0,0,,,
northern,north,65886,Reinfeld E22 0 23858,unconfirmed,525.498,150.0,2,,,
northern,north,65887,Reinfeld Im Weddern 1 23858,road_route_found_entrance_unverified,527.367,3000.0,12,943.5,954.4,6.7
northern,north,65888,Reinfeld Marktstraße 1 23858,road_route_found_entrance_unverified,527.367,44.0,0,2739.2,2761.6,9.3
northern,north,65889,Reinfeld Serways Trave West 0 23858,unconfirmed,525.465,93.0,0,,,
northern,north,65890,Reinfeld (Holstein) An der Autobahn 7 23858,road_route_found_entrance_unverified,527.367,600.0,4,1052.3,1105.6,10.9
northern,north,65891,Reinfeld (Holstein) Trave-Raststätte 0 23858,unconfirmed,525.498,100.0,0,,,
northern,north,66101,Lübeck Moislinger Allee 56 02355,unconfirmed,538.798,150.0,2,,,
northern,north,66102,Lübeck Großer Bauhof 14 23552,unconfirmed,539.361,100.0,0,,,
northern,north,66103,Lübeck Hüxterdamm 3 23552,unconfirmed,539.665,88.0,0,,,
northern,north,66104,Lübeck Kanalstr. 0 23552,unconfirmed,539.971,132.0,0,,,
northern,north,66105,Lübeck Kanalstr. 84 23552,unconfirmed,539.799,264.0,0,,,
northern,north,66106,Lübeck Königstr. 84-96 23552,unconfirmed,539.511,22.0,0,,,
northern,north,66107,Lübeck Musterbahn 8 23552,unconfirmed,539.348,132.0,0,,,
northern,north,66108,Lübeck Mühlenstr. 37 23552,unconfirmed,539.485,22.0,0,,,
northern,north,66109,Lübeck Schmiedestr. 9-15 23552,road_route_found_entrance_unverified,539.589,132.0,0,2972.0,3038.3,8.8
northern,north,66110,Lübeck Achternhof 18 23554,road_route_found_entrance_unverified,542.845,22.0,0,2970.5,2942.4,7.9
northern,north,66111,Lübeck b. d. Lohmühle 6 23554,road_route_found_entrance_unverified,539.589,33.0,0,830.3,954.5,7.9
northern,north,66112,Lübeck Bei der Lohmühle 102 23554,unconfirmed,540.084,900.0,8,,,
northern,north,66113,Lübeck Bei der Lohmühle 11A 23554,road_route_found_entrance_unverified,539.589,944.0,6,1033.2,934.2,5.4
northern,north,66114,Lübeck Bei der Lohmühle 21b 23554,road_route_found_entrance_unverified,539.589,300.0,2,1395.6,1305.5,10.4
northern,north,66115,Lübeck Bei der Lohmühle 84 23554,road_route_found_entrance_unverified,539.589,22.0,0,1188.6,1092.5,11.4
northern,north,66116,Lübeck Bosauer Str. 7-11 23554,road_route_found_entrance_unverified,539.589,44.0,0,2689.4,3214.0,4.8
northern,north,66117,Lübeck Fackenburger Allee 20 23554,road_route_found_entrance_unverified,539.589,600.0,4,2077.0,1706.9,26.0
northern,north,66118,Lübeck Fackenburger Allee 54 23554,unconfirmed,539.433,600.0,4,,,
northern,north,66119,Lübeck Fackenburger Allee 54 23554,road_route_found_entrance_unverified,539.589,55.0,0,1325.2,1303.6,10.6
northern,north,66120,Lübeck Fackenburger Allee 66 23554,road_route_found_entrance_unverified,539.589,154.0,0,1314.0,1369.2,4.1
northern,north,66121,Lübeck Fackenburger Allee 66 23554,road_route_found_entrance_unverified,539.589,22.0,0,968.8,1194.5,13.7
northern,north,66122,Lübeck Friedenstr. 72 23554,road_route_found_entrance_unverified,539.589,88.0,0,1012.8,1211.9,5.5
northern,north,66123,Lübeck Georg-Kerschensteiner-Str. 25A 23554,road_route_found_entrance_unverified,539.589,88.0,0,2031.1,1947.4,7.5
northern,north,66124,Lübeck Hochstr. 57 23554,road_route_found_entrance_unverified,539.589,94.0,0,2519.7,2445.4,10.3
northern,north,66125,Lübeck Katharinenstr. 11 23554,road_route_found_entrance_unverified,539.589,132.0,0,1840.1,1889.6,6.2
northern,north,66126,Lübeck Langeneßallee 17 23554,road_route_found_entrance_unverified,539.589,88.0,0,2625.1,2663.6,8.3
northern,north,66127,Lübeck Lastadie 0 23554,road_route_found_entrance_unverified,539.589,150.0,0,2355.3,2239.7,4.0
northern,north,66128,Lübeck Oldenburger Str. 27 23554,road_route_found_entrance_unverified,539.589,88.0,0,2238.1,2785.9,9.5
northern,north,66129,Lübeck Schwartauer Landstr. 6 23554,unconfirmed,541.175,75.0,0,,,
northern,north,66130,Lübeck Schwartauer Landstr. 63 23554,unconfirmed,542.16,30.0,0,,,
northern,north,66131,Lübeck Stockelsdorfer Str. 1 23554,road_route_found_entrance_unverified,539.589,2000.0,8,1031.5,791.4,9.9
northern,north,66132,Lübeck Vorwerker Str. 74 23554,road_route_found_entrance_unverified,542.845,44.0,0,2539.2,2482.1,10.8
northern,north,66133,Lübeck Vorwerker Straße 64 23554,road_route_found_entrance_unverified,542.845,22.0,0,2673.6,2631.8,10.8
northern,north,66134,Lübeck Willy-Brandt-Allee 31 23554,road_route_found_entrance_unverified,539.589,44.0,0,2472.2,2261.4,6.9
northern,north,66135,Lübeck Willy-Brandt-Allee 5 23554,road_route_found_entrance_unverified,539.589,176.0,0,2595.2,2494.5,6.6
northern,north,66136,Lübeck Willy-Brandt-Allee 6 23554,unconfirmed,539.433,66.0,0,,,
northern,north,66137,Lübeck Artlenburger Str. 33 23556,road_route_found_entrance_unverified,539.589,44.0,0,1389.3,1530.7,6.3
northern,north,66138,Lübeck Bernsteindreherweg 13 23556,unconfirmed,536.548,22.0,0,,,
northern,north,66139,Lübeck Brahmsstr. 16A 23556,road_route_found_entrance_unverified,539.589,44.0,0,2317.5,2416.3,8.1
northern,north,66140,Lübeck Brahmsstr. 19 23556,road_route_found_entrance_unverified,539.589,30.0,0,2167.3,2262.0,8.0
northern,north,66141,Lübeck Dornbreite 9D 23556,road_route_found_entrance_unverified,539.589,30.0,0,1589.1,1401.4,8.1
northern,north,66142,Lübeck Grapengießerstraße 23 23556,road_route_found_entrance_unverified,536.186,33.0,0,1134.8,1104.3,6.8
northern,north,66143,Lübeck Grapengießerstraße 40 23556,road_route_found_entrance_unverified,536.186,22.0,0,1311.5,1246.7,13.5
northern,north,66144,Lübeck Herrenholz 14 23556,road_route_found_entrance_unverified,536.186,787.0,6,951.9,979.9,6.5
northern,north,66145,Lübeck Krempelsdorfer Allee 38 23556,road_route_found_entrance_unverified,539.589,1600.0,8,970.0,753.5,1.6
northern,north,66146,Lübeck Lohgerberstr. 1 23556,road_route_found_entrance_unverified,536.186,622.0,4,774.6,797.2,6.8
northern,north,66147,Lübeck Lohgerberstraße 3 23556,road_route_found_entrance_unverified,536.186,900.0,8,763.8,734.1,15.9
northern,north,66148,Lübeck Padelügger Weg 41 23556,road_route_found_entrance_unverified,536.186,600.0,4,1402.1,1404.9,21.8
northern,north,66149,Lübeck Richard-Wagner-Str. 2 23556,road_route_found_entrance_unverified,539.589,88.0,0,1862.1,2012.6,8.3
northern,north,66150,Lübeck Schwertfegerstraße 16-18 23556,road_route_found_entrance_unverified,536.186,66.0,0,1266.4,1084.5,1.0
northern,north,66151,Lübeck Spenglerstr. 39 23556,road_route_found_entrance_unverified,536.186,22.0,0,2091.9,2046.0,18.6
northern,north,66152,Lübeck Waisenallee 5 a 23556,road_route_found_entrance_unverified,539.589,44.0,0,1233.4,1384.2,28.5
northern,north,66153,Lübeck Ziegelstr. 103 23556,road_route_found_entrance_unverified,539.589,130.0,0,2683.9,2928.6,9.2
northern,north,66154,Lübeck Ziegelstr. 226 23556,road_route_found_entrance_unverified,536.186,88.0,0,1792.8,1734.2,11.8
northern,north,66155,Lübeck Ziegelstr. 7-13 23556,road_route_found_entrance_unverified,539.589,1200.0,6,1815.5,1970.1,6.6
northern,north,66156,Lübeck Am Bahnhof 23 23558,road_route_found_entrance_unverified,539.589,130.0,0,2262.2,2383.8,6.8
northern,north,66157,Lübeck Ewerstr. 15 23558,road_route_found_entrance_unverified,536.186,30.0,0,2960.2,2906.0,10.0
northern,north,66158,Lübeck Fregattenstr. 30-34 23558,unconfirmed,537.62,30.0,0,,,
northern,north,66159,Lübeck Hansering 14 23558,unconfirmed,538.374,100.0,0,,,
northern,north,66160,Lübeck Hansestr. 146-150 23558,unconfirmed,538.235,30.0,0,,,
northern,north,66161,Lübeck Karavellenstr. 1-5 23558,road_route_found_entrance_unverified,536.186,88.0,0,2457.8,2567.8,4.5
northern,north,66162,Lübeck Kolberger Platz 1 23558,unconfirmed,538.035,22.0,0,,,
northern,north,66163,Lübeck Kolberger Str. 3 23558,unconfirmed,538.072,88.0,0,,,
northern,north,66164,Lübeck Konrad-Adenauer-Str 7 23558,unconfirmed,539.376,22.0,0,,,
northern,north,66165,Lübeck Konrad-Adenauer-Str. 8 23558,road_route_found_entrance_unverified,539.589,88.0,0,2088.3,2149.3,3.8
northern,north,66166,Lübeck Korvettenstr. 91 23558,road_route_found_entrance_unverified,536.186,60.0,0,2720.7,2683.9,9.0
northern,north,66167,Lübeck Lachswehrallee 28 23558,unconfirmed,538.997,94.0,0,,,
northern,north,66168,Lübeck Luise-Otto-Peters-Str. 1 23558,unconfirmed,537.689,94.0,0,,,
northern,north,66169,Lübeck Meierstr. 0 23558,road_route_found_entrance_unverified,539.589,88.0,0,2758.8,2918.0,7.9
northern,north,66170,Lübeck Nelkenstr. 11 23558,unconfirmed,538.261,88.0,0,,,
northern,north,66171,Lübeck Schützenhof 12 23558,road_route_found_entrance_unverified,539.589,94.0,0,2313.5,2458.3,6.1
northern,north,66172,Lübeck Auf dem Schild 37 23560,unconfirmed,535.869,88.0,0,,,
northern,north,66173,Lübeck Berliner Straße 2 23560,unconfirmed,538.844,88.0,0,,,
northern,north,66174,Lübeck Bruchweg 4 23560,unconfirmed,536.0,50.0,0,,,
northern,north,66175,Lübeck Brüder-Grimm-Ring 9 23560,unconfirmed,536.0,22.0,0,,,
northern,north,66176,Lübeck Estlandring 6 23560,unconfirmed,536.337,22.0,0,,,
northern,north,66177,Lübeck Geniner Str. 133 23560,unconfirmed,538.484,800.0,10,,,
northern,north,66178,Lübeck Geniner Str. 80 23560,unconfirmed,538.212,150.0,2,,,
northern,north,66179,Lübeck Geniner Str. 80 23560,unconfirmed,538.356,138.0,0,,,
northern,north,66180,Lübeck Geniner Straße 80 23560,unconfirmed,538.354,138.0,0,,,
northern,north,66181,Lübeck Hinter den Kirschkaten 2 23560,unconfirmed,538.457,300.0,2,,,
northern,north,66182,Lübeck Kronsforder Allee 5a 23560,unconfirmed,539.356,22.0,0,,,
northern,north,66183,Lübeck Kruppstr. 4-6 23560,unconfirmed,537.544,194.0,2,,,
northern,north,66184,Lübeck Kruppstraße 4 - 6 23560,unconfirmed,537.544,22.0,0,,,
northern,north,66185,Lübeck Kurt-Schumacher-Str. 1-6 23560,unconfirmed,539.156,30.0,0,,,
northern,north,66188,Lübeck Possehlstraße 4 23560,unconfirmed,538.904,93.0,0,,,
northern,north,66190,Lübeck Schneewittchenweg 2 23560,unconfirmed,535.31,22.0,0,,,
northern,north,66191,Lübeck Sterntalerweg 1 23560,unconfirmed,535.284,50.0,0,,,
northern,north,66192,Lübeck Walkmühlenweg 1-3 23560,unconfirmed,538.237,66.0,0,,,
northern,north,66210,Lübeck Am Brink 9 23564,unconfirmed,539.433,100.0,0,,,
northern,north,66213,Lübeck Falkenstr. 0 23564,unconfirmed,539.876,242.0,0,,,
northern,north,66216,Lübeck Hohelandstr. 0 23564,unconfirmed,539.503,88.0,0,,,
northern,north,66217,Lübeck Hüxtertorallee 23A 23564,unconfirmed,539.665,100.0,0,,,
northern,north,66218,Lübeck Hüxtertorallee 57 23564,unconfirmed,539.503,88.0,0,,,
northern,north,66219,Lübeck Moltkestr. 26 23564,unconfirmed,539.665,88.0,0,,,
northern,north,66223,Lübeck Wakenitzufer 1d 23564,unconfirmed,539.939,132.0,0,,,
northern,north,66234,Lübeck Marliring 1A 23566,unconfirmed,540.225,44.0,0,,,
northern,north,66235,Lübeck Marlistr. 1A 23566,unconfirmed,540.225,44.0,0,,,
northern,north,66240,Lübeck Am Burgfeld 5 23568,unconfirmed,540.251,88.0,0,,,
northern,north,66242,Lübeck Ernst-Deecke-Weg 44 23568,unconfirmed,545.653,16.0,0,,,
northern,north,66243,Lübeck Eschenburgstr. 0 23568,unconfirmed,540.659,88.0,0,,,
northern,north,66244,Lübeck Hertzweg 12 23568,unconfirmed,542.554,44.0,0,,,
northern,north,66245,Lübeck Lange Reihe 37B 23568,unconfirmed,540.391,88.0,0,,,
northern,north,66246,Lübeck Luisenstr. 4 23568,unconfirmed,542.337,44.0,0,,,
northern,north,66247,Lübeck Luisenstraße 4 23568,unconfirmed,542.341,22.0,0,,,
northern,north,66249,Lübeck Dänischburger Landstr. 81 23569,unconfirmed,545.761,3000.0,12,,,
northern,north,66250,Lübeck Dänischburger Landstr. 83 23569,unconfirmed,545.924,400.0,2,,,
northern,north,66251,Lübeck Dänischburger Landstraße 79 23569,unconfirmed,545.768,84.0,0,,,
northern,north,66252,Lübeck Dänischburger Landstraße 81 23569,unconfirmed,545.761,3000.0,20,,,
northern,north,66253,Lübeck Dänischburger Landstraße 83 23569,unconfirmed,545.923,922.0,6,,,
northern,south,26834,Bremen Flughafenallee 26 28199,unconfirmed,241.077,66.0,0,,,
northern,south,26847,Bremen Neuenlander Str. 440 28201,unconfirmed,239.633,33.0,0,,,
northern,south,26848,Bremen Niedersachsendamm 65 28201,unconfirmed,239.298,44.0,0,,,
northern,south,26869,Bremen Föhrenstraße 70-72 28207,unconfirmed,234.746,22.0,0,,,
northern,south,26955,Bremen Kötnerweide 7 28259,unconfirmed,245.117,44.0,0,,,
northern,south,26958,Bremen Alfred-Faust-Str. 0 28277,unconfirmed,239.127,50.0,0,,,
northern,south,26959,Bremen Emanuel-Backhaus-Str. 9 28277,unconfirmed,239.335,44.0,0,,,
northern,south,26960,Bremen Ernst-Ehrhardt-Str. 1 28277,unconfirmed,239.03,44.0,0,,,
northern,south,26961,Bremen Ernst-Ehrhardt-Str. 1 28277,unconfirmed,239.03,44.0,0,,,
northern,south,26962,Bremen Hermann-Entholt-Straße 0 28277,unconfirmed,238.919,900.0,6,,,
northern,south,26963,Bremen Kattenturmer Heerstr. 28 28277,unconfirmed,239.617,300.0,2,,,
northern,south,26964,Bremen Niedersachsendamm 1 28277,unconfirmed,239.496,2000.0,8,,,
northern,south,26965,Bremen Paderborner Str. 4 28277,unconfirmed,240.024,44.0,0,,,
northern,south,26966,Bremen Arsterdamm 180 28279,unconfirmed,237.27,71.0,0,,,
northern,south,26967,Bremen Borgwardstr. 4-6 28279,unconfirmed,236.773,44.0,0,,,
northern,south,26968,Bremen Borgwardstraße 1 28279,unconfirmed,236.477,150.0,0,,,
northern,south,26969,Bremen Borgwardstraße 10 28279,unconfirmed,236.753,55.0,0,,,
northern,south,26970,Bremen Borgwardstraße 4 28279,unconfirmed,236.627,44.0,0,,,
northern,south,26971,Bremen Borgwardstraße 7 28279,unconfirmed,236.597,93.0,0,,,
northern,south,26972,Bremen Ernst-Buchholz-Str. 3 28279,road_route_found_entrance_unverified,236.211,44.0,0,2910.6,3046.7,8.5
northern,south,26973,Bremen Martin-Luther-King-Str. 130 28279,unconfirmed,237.483,44.0,0,,,
northern,south,26974,Bremen Adam-Smith-Str. 0 28307,road_route_found_entrance_unverified,230.383,1200.0,6,312.1,179.8,8.9
northern,south,26975,Bremen Hans-Bredow-Str. 19 28307,road_route_found_entrance_unverified,228.872,176.0,0,2626.9,2723.6,4.5
northern,south,26976,Bremen Hans-Bredow-Str. 19 28307,road_route_found_entrance_unverified,228.872,750.0,10,2669.7,2681.9,4.0
northern,south,26977,Bremen Hans-Bredow-Str. 19 28307,unconfirmed,227.839,220.0,0,,,
northern,south,26978,Bremen Hans-Bredow-Str. 52 28307,road_route_found_entrance_unverified,228.872,150.0,2,2733.2,2675.5,6.9
northern,south,26979,Bremen Hans-Bredow-Str. 7038 28307,road_route_found_entrance_unverified,228.872,150.0,2,2669.7,2681.9,4.0
northern,south,26980,Bremen Hans-Bredow-Str. 9 28307,unconfirmed,227.926,352.0,0,,,
northern,south,26981,Bremen Hans-Bredow-Straße 20 28307,unconfirmed,227.892,1200.0,8,,,
northern,south,26982,Bremen Hemslinger Weg 13 28307,road_route_found_entrance_unverified,228.872,44.0,0,2171.7,2165.5,7.2
northern,south,26983,Bremen Kronberger Str. 7 28307,unconfirmed,232.162,44.0,0,,,
northern,south,26984,Bremen Osterholzer Heerstr. 119-121 28307,unconfirmed,232.563,150.0,2,,,
northern,south,26985,Bremen Osterholzer Heerstr. 147 28307,unconfirmed,228.198,400.0,2,,,
northern,south,26986,Bremen Osterholzer Heerstr. 159 28307,unconfirmed,228.107,71.0,0,,,
northern,south,26987,Bremen Osterholzer Heerstr. 161 28307,unconfirmed,228.057,172.0,2,,,
northern,south,26988,Bremen Osterholzer Heerstr. 215 28307,unconfirmed,227.743,44.0,0,,,
northern,south,26989,Bremen Von-Thünen-Str. 14 28307,road_route_found_entrance_unverified,228.872,66.0,0,2865.6,2867.6,29.0
northern,south,26990,Bremen Werner-Steenken-Str. 5 28307,unconfirmed,227.91,322.0,4,,,
northern,south,26991,Bremen Zum Panrepel 11 28307,road_route_found_entrance_unverified,228.872,22.0,0,2373.9,2341.6,38.1
northern,south,26992,Bremen Europaallee 1-3 28309,road_route_found_entrance_unverified,234.16,44.0,0,1585.2,1722.3,10.9
northern,south,26993,Bremen Europaallee 2 28309,road_route_found_entrance_unverified,234.16,100.0,0,1531.0,2377.4,5.8
northern,south,26994,Bremen Europaallee 5 28309,road_route_found_entrance_unverified,234.16,150.0,2,1313.5,1656.0,4.4
northern,south,26995,Bremen Europaallee 8 28309,unconfirmed,234.499,194.0,0,,,
northern,south,26996,Bremen Funkschneise 5-7 28309,unconfirmed,233.664,176.0,0,,,
northern,south,26997,Bremen Godehardstraße 21 28309,road_route_found_entrance_unverified,234.16,44.0,0,2999.4,3202.8,7.7
northern,south,26998,Bremen Hannoversche Str. 138 28309,road_route_found_entrance_unverified,234.16,150.0,2,2197.6,2432.4,9.3
northern,south,26999,Bremen Hemelinger Bahnhofstraße 42 28309,road_route_found_entrance_unverified,234.16,132.0,0,2769.4,3102.3,1.1
northern,south,27000,Bremen Hemelinger Heerstr. 16-20 28309,road_route_found_entrance_unverified,234.16,750.0,8,2906.5,3118.7,20.7
northern,south,27001,Bremen Hermann-Koenen-Straße 0 28309,unconfirmed,233.406,220.0,0,,,
northern,south,27002,Bremen Hermann-Koenen-Straße 0 28309,unconfirmed,233.456,440.0,0,,,
northern,south,27003,Bremen Hermann-Koenen-Straße 0 28309,unconfirmed,233.532,385.0,0,,,
northern,south,27004,Bremen Hermann-Koenen-Straße 28 28309,unconfirmed,233.438,440.0,0,,,
northern,south,27005,Bremen Hermann-Koenen-Straße 28 28309,unconfirmed,233.413,352.0,0,,,
northern,south,27006,Bremen Hermann-Koenen-Straße 28 28309,unconfirmed,233.406,88.0,0,,,
northern,south,27007,Bremen Hinter den Ellern 2 28309,unconfirmed,233.744,44.0,0,,,
northern,south,27008,Bremen Hinter den Ellern 2 28309,unconfirmed,233.744,44.0,0,,,
northern,south,27009,Bremen Im Holter Feld 91 28309,unconfirmed,233.773,264.0,0,,,
northern,south,27010,Bremen Martensstraße 0 28309,unconfirmed,233.638,187.0,0,,,
northern,south,27011,Bremen Mercedes-Benz Parkhaus Tor 9 0 28309,unconfirmed,233.532,528.0,0,,,
northern,south,27012,Bremen Mercedesstraße 91 28309,unconfirmed,233.788,44.0,0,,,
northern,south,27013,Bremen Osterholzer Heerstraße 215 28309,unconfirmed,227.702,44.0,0,,,
northern,south,27014,Bremen Sebaldsbrücker Heerstr. 155 28309,unconfirmed,234.156,164.0,0,,,
northern,south,27015,Bremen Segelsbrück 7 28309,unconfirmed,234.085,110.0,0,,,
northern,south,27016,Bremen Steinmetzenweg 10 28309,unconfirmed,233.406,638.0,0,,,
northern,south,27017,Bremen Weser-Ems-Straße 1 28309,road_route_found_entrance_unverified,234.16,55.0,0,2253.5,2722.9,30.2
northern,south,27018,Bremen Armsener Straße 19 28325,unconfirmed,232.589,88.0,0,,,
northern,south,27021,Bremen Osterholzer Heerstr. 222 28325,unconfirmed,227.469,300.0,2,,,
northern,south,27022,Bremen Osterholzer Heerstraße 154 28325,unconfirmed,228.175,22.0,0,,,
northern,south,27023,Bremen Walliser Straße 15 28325,unconfirmed,227.647,44.0,0,,,
northern,south,27028,Bremen Osterholzer Heerstr. 84 28327,unconfirmed,232.86,44.0,0,,,
northern,south,27039,Bremen Henri-Dunant-Straße 3 28329,unconfirmed,239.456,22.0,0,,,
northern,south,27519,Hamburg Indiastr. 1 20457,unconfirmed,129.308,44.0,0,,,
northern,south,27595,Hamburg Am Zollhafen 24 20539,unconfirmed,129.203,88.0,0,,,
northern,south,27597,Hamburg Billhorner Deich 11 20539,unconfirmed,128.87,88.0,0,,,
northern,south,27598,Hamburg Billhorner Deich 49 20539,unconfirmed,128.87,88.0,0,,,
northern,south,27599,Hamburg Billhorner Deich 96 20539,unconfirmed,128.829,44.0,0,,,
northern,south,27600,Hamburg Billstr. 78 20539,unconfirmed,128.909,220.0,0,,,
northern,south,27601,Hamburg Billwerder Neuer Deich 10 20539,unconfirmed,129.014,88.0,0,,,
northern,south,27602,Hamburg Großmannstraße 195-211 20539,unconfirmed,127.444,600.0,4,,,
northern,south,27603,Hamburg Harburger Chaussee 17 20539,unconfirmed,129.308,44.0,0,,,
northern,south,27604,Hamburg Hovestr. 41 20539,unconfirmed,129.045,44.0,0,,,
northern,south,27605,Hamburg Katenweide 1 20539,unconfirmed,129.226,44.0,0,,,
northern,south,27606,Hamburg Lindleystr. 7 20539,unconfirmed,128.936,88.0,0,,,
northern,south,27607,Hamburg Marckmannstr. 157 20539,unconfirmed,128.404,88.0,0,,,
northern,south,27608,Hamburg Sieldeich 11 20539,unconfirmed,129.149,88.0,0,,,
northern,south,27609,Hamburg Stresowstr. 33a 20539,unconfirmed,128.948,44.0,0,,,
northern,south,27610,Hamburg Vierländer Damm 1 20539,unconfirmed,128.909,44.0,0,,,
northern,south,27611,Hamburg Vierländer Damm 71a 20539,unconfirmed,128.519,44.0,0,,,
northern,south,27640,Hamburg Boberger Anger 0 21031,unconfirmed,121.8,28.0,0,,,
northern,south,27641,Hamburg Boberger Drift 40 21031,unconfirmed,121.829,44.0,0,,,
northern,south,27642,Hamburg Bockhorster Weg 0 21031,unconfirmed,121.715,28.0,0,,,
northern,south,27664,Hamburg Rudorffweg 10 21031,unconfirmed,121.91,22.0,0,,,
northern,south,27669,Hamburg Am Gleisdreieck 10c 21033,unconfirmed,124.054,88.0,0,,,
northern,south,27721,Hamburg Wilhelm-Iwan-Ring 1 21035,unconfirmed,125.02,600.0,4,,,
northern,south,27731,Hamburg Bremer Str. 22 21073,unconfirmed,134.791,88.0,0,,,
northern,south,27739,Hamburg Gerade Str. 24 21073,unconfirmed,135.34,44.0,0,,,
northern,south,27740,Hamburg Goldtschmidtstr. 5 21073,unconfirmed,134.695,44.0,0,,,
northern,south,27742,Hamburg Großer Schippsee 29 21073,unconfirmed,134.525,44.0,0,,,
northern,south,27744,Hamburg Harburger Rathausstr. 37 21073,unconfirmed,134.668,44.0,0,,,
northern,south,27745,Hamburg Hastedtstr. 1 21073,unconfirmed,134.807,44.0,0,,,
northern,south,27747,Hamburg Julius-Ludowieg-Str. 23 21073,unconfirmed,134.565,44.0,0,,,
northern,south,27749,Hamburg Lüneburger Straße 39 21073,unconfirmed,134.537,11.0,0,,,
northern,south,27750,Hamburg Neue Str. 26 21073,unconfirmed,134.338,44.0,0,,,
northern,south,27751,Hamburg Sand 12 21073,unconfirmed,134.474,44.0,0,,,
northern,south,27752,Hamburg Schloßmühlendamm 23 21073,unconfirmed,134.313,44.0,0,,,
northern,south,27753,Hamburg Schloßmühlendamm 30 21073,unconfirmed,134.342,88.0,0,,,
northern,south,27755,Hamburg Wallgraben 46 21073,unconfirmed,134.252,44.0,0,,,
northern,south,27756,Hamburg Wilstorfer Str. 58 21073,unconfirmed,135.038,44.0,0,,,
northern,south,27783,Hamburg Gotthelfweg 2b 21077,unconfirmed,135.879,150.0,2,,,
northern,south,27795,Hamburg Winsener Str. 213 21077,unconfirmed,139.876,22.0,0,,,
northern,south,27796,Hamburg Winsener Str. 231 21077,unconfirmed,139.983,22.0,0,,,
northern,south,27797,Hamburg Winsener Str. 84A 21077,unconfirmed,136.585,22.0,0,,,
northern,south,27800,Hamburg Blohmstr. 22 21079,unconfirmed,133.954,44.0,0,,,
northern,south,27801,Hamburg Blohmstraße 27 21079,unconfirmed,133.869,44.0,0,,,
northern,south,27802,Hamburg Buchholzer Weg 3a 21079,unconfirmed,137.589,88.0,0,,,
northern,south,27803,Hamburg Großmoorbogen 1 21079,unconfirmed,134.763,93.0,0,,,
northern,south,27804,Hamburg Großmoorbogen 23 21079,unconfirmed,135.417,22.0,0,,,
northern,south,27805,Hamburg Großmoorbogen 23 21079,unconfirmed,135.226,88.0,0,,,
northern,south,27806,Hamburg Großmoorbogen 23 21079,unconfirmed,135.433,132.0,0,,,
northern,south,27807,Hamburg Großmoorring 11 21079,unconfirmed,135.149,44.0,0,,,
northern,south,27808,Hamburg Hanhoopsfeld 19 21079,unconfirmed,137.1,88.0,0,,,
northern,south,27809,Hamburg Hannoversche Str. 100 21079,unconfirmed,135.427,132.0,0,,,
northern,south,27810,Hamburg Hüllbeen 5 21079,unconfirmed,137.36,88.0,0,,,
northern,south,27811,Hamburg Karnapp 25 21079,unconfirmed,134.313,44.0,0,,,
northern,south,27812,Hamburg Kniggestraße 6 21079,unconfirmed,136.589,44.0,0,,,
northern,south,27813,Hamburg Kuchenbergweg 43g 21079,unconfirmed,139.876,44.0,0,,,
northern,south,27814,Hamburg Musilweg 2 21079,unconfirmed,136.81,88.0,0,,,
northern,south,27815,Hamburg Reeseberg 101 21079,unconfirmed,136.67,88.0,0,,,
northern,south,27816,Hamburg Reeseberg 184 21079,unconfirmed,137.011,22.0,0,,,
northern,south,27817,Hamburg Reeseberg 184 21079,unconfirmed,137.005,22.0,0,,,
northern,south,27818,Hamburg Reeseberg 56 21079,unconfirmed,136.438,22.0,0,,,
northern,south,27819,Hamburg Rönneburger Str. 23 21079,unconfirmed,136.947,71.0,0,,,
northern,south,27820,Hamburg Schellerdamm 1 21079,unconfirmed,134.071,150.0,0,,,
northern,south,27821,Hamburg Schellerdamm 15a 21079,unconfirmed,134.299,88.0,0,,,
northern,south,27822,Hamburg Schneverdinger Weg 1 21079,unconfirmed,136.947,22.0,0,,,
northern,south,27823,Hamburg Schneverdinger Weg 4e 21079,unconfirmed,136.947,88.0,0,,,
northern,south,27825,Hamburg Theodor-Yorck-Str. 14 21079,unconfirmed,134.222,88.0,0,,,
northern,south,27826,Hamburg Veritaskai 8 21079,unconfirmed,134.003,44.0,0,,,
northern,south,27827,Hamburg Zum Handwerkszentrum 1 21079,unconfirmed,134.938,44.0,0,,,
northern,south,27828,Hamburg Eckermannstr. 1a 21107,unconfirmed,129.458,150.0,2,,,
northern,south,27829,Hamburg Fährstr. 12 21107,unconfirmed,129.426,44.0,0,,,
northern,south,27830,Hamburg Georg-Wilhelm-Str. 329 21107,unconfirmed,132.876,300.0,2,,,
northern,south,27831,Hamburg Georg-Wilhelm-Str. 69 21107,unconfirmed,129.534,150.0,2,,,
northern,south,27832,Hamburg Georg-Wilhelm-Straße 46 21107,unconfirmed,129.458,88.0,0,,,
northern,south,27833,Hamburg Kurdamm 19 21107,unconfirmed,132.046,44.0,0,,,
northern,south,27834,Hamburg König-Georg-Deich 8 21107,unconfirmed,133.068,300.0,4,,,
northern,south,27835,Hamburg Mannesallee 30 21107,unconfirmed,129.458,44.0,0,,,
northern,south,27836,Hamburg Mengestr. 14 21107,unconfirmed,131.623,900.0,6,,,
northern,south,27837,Hamburg Neuhöfer Str. 23 21107,unconfirmed,129.515,88.0,0,,,
northern,south,27838,Hamburg Pollhornweg 25 21107,unconfirmed,132.745,22.0,0,,,
northern,south,27839,Hamburg Reinstorfweg 16 21107,unconfirmed,131.573,93.0,0,,,
northern,south,27840,Hamburg Reinstorfweg 16 21107,unconfirmed,129.614,200.0,2,,,
northern,south,27841,Hamburg Stenzelring 26 21107,unconfirmed,129.393,88.0,0,,,
northern,south,27842,Hamburg Veringstr. 173 21107,unconfirmed,129.582,44.0,0,,,
northern,south,27843,Hamburg Veringstr. 22 21107,unconfirmed,129.426,88.0,0,,,
northern,south,27844,Hamburg Vogelhüttendeich 102 21107,unconfirmed,129.426,44.0,0,,,
northern,south,27845,Hamburg Vogelhüttendeich 41 21107,unconfirmed,129.426,88.0,0,,,
northern,south,27846,Hamburg Vogelhüttendeich 87 21107,unconfirmed,129.426,44.0,0,,,
northern,south,27847,Hamburg Weimarer Str. 71 21107,unconfirmed,129.534,88.0,0,,,
northern,south,27848,Hamburg Zeidlerstr. 55 21107,unconfirmed,129.515,44.0,0,,,
northern,south,27849,Hamburg Zeidlerstr. 59 21107,unconfirmed,129.515,44.0,0,,,
northern,south,27850,Hamburg Am Inselpark 5d 21109,unconfirmed,131.773,88.0,0,,,
northern,south,27851,Hamburg Erlerring 0 21109,unconfirmed,132.213,88.0,0,,,
northern,south,27852,Hamburg Georgswerder Bogen 12 21109,unconfirmed,129.233,350.0,2,,,
northern,south,27853,Hamburg Georgswerder Bogen 12 21109,unconfirmed,129.233,400.0,2,,,
northern,south,27854,Hamburg Georgswerder Bogen 12 21109,unconfirmed,129.27,400.0,2,,,
northern,south,27855,Hamburg Jaffestr. 4 21109,unconfirmed,129.558,55.0,0,,,
northern,south,27856,Hamburg Karl-Arnold-Ring 2 21109,road_route_found_entrance_unverified,131.849,44.0,0,2848.4,2183.6,0.0
northern,south,27857,Hamburg Korallusring 7 21109,unconfirmed,129.614,44.0,0,,,
northern,south,27858,Hamburg Korallusring 71 21109,unconfirmed,129.614,44.0,0,,,
northern,south,27859,Hamburg Krieterstr. 32 21109,unconfirmed,131.474,44.0,0,,,
northern,south,27860,Hamburg Leipeltstr. 2b 21109,unconfirmed,132.033,88.0,0,,,
northern,south,27861,Hamburg Leipeltstr. 33 21109,unconfirmed,132.367,88.0,0,,,
northern,south,27862,Hamburg Neuenfelder Str. 19 21109,unconfirmed,131.631,88.0,0,,,
northern,south,27863,Hamburg Otto-Brenner-Str. 6 21109,unconfirmed,131.898,600.0,4,,,
northern,south,27864,Hamburg Raststätte Hamburg-Stillhorn Ost 0 21109,unconfirmed,132.279,98.0,0,,,
northern,south,27865,Hamburg Raststätte Hamburg-Stillhorn West 0 21109,road_route_found_entrance_unverified,131.849,98.0,0,561.3,585.5,7.6
northern,south,27866,Hamburg Stillhorner Weg 40 21109,unconfirmed,132.795,3000.0,12,,,
northern,south,27867,Hamburg Wilhelm-Strauß-Weg 7 21109,unconfirmed,131.294,88.0,0,,,
northern,south,27947,Hamburg Barsbütteler Str. 43 22043,unconfirmed,117.976,300.0,2,,,
northern,south,27948,Hamburg Barsbütteler Str. 45 22043,unconfirmed,117.927,135.0,0,,,
northern,south,27949,Hamburg Grabkeweg 6 22043,unconfirmed,118.153,22.0,0,,,
northern,south,27953,Hamburg Holstenhofweg 85 22043,unconfirmed,118.588,44.0,0,,,
northern,south,27954,Hamburg Holstenhofweg 85 22043,unconfirmed,118.563,88.0,0,,,
northern,south,27956,Hamburg Jenfelder Allee 0 22043,unconfirmed,118.002,28.0,0,,,
northern,south,27957,Hamburg Jenfelder Allee 0 22043,unconfirmed,118.002,28.0,0,,,
northern,south,27958,Hamburg Jenfelder Allee 10 22043,unconfirmed,118.209,22.0,0,,,
northern,south,27959,Hamburg Jenfelder Allee 70 22043,unconfirmed,118.002,150.0,2,,,
northern,south,27960,Hamburg Jenfelder Allee 80 22043,unconfirmed,117.953,150.0,2,,,
northern,south,27964,Hamburg Raja-Ilinauk-Str. 31 22043,unconfirmed,118.496,22.0,0,,,
northern,south,27965,Hamburg Raja-Ilinauk-Str. 31 22043,unconfirmed,118.509,22.0,0,,,
northern,south,27966,Hamburg Schiffbeker Weg 299 22043,unconfirmed,118.372,320.0,2,,,
northern,south,27970,Hamburg Öjendorfer Damm 60 22043,unconfirmed,118.061,44.0,0,,,
northern,south,27973,Hamburg Bekkamp 27 22045,unconfirmed,117.914,88.0,0,,,
northern,south,27974,Hamburg Charlottenburger Str. 43b 22045,unconfirmed,117.914,88.0,0,,,
northern,south,27975,Hamburg Charlottenburger Str. 63 22045,unconfirmed,117.839,11.0,0,,,
northern,south,27977,Hamburg Kreuzburger Str. 6 22045,unconfirmed,118.014,88.0,0,,,
northern,south,27979,Hamburg Schweidnitzer Straße 54 22045,unconfirmed,117.846,44.0,0,,,
northern,south,27980,Hamburg Schöneberger Str. 30 22045,unconfirmed,117.758,88.0,0,,,
northern,south,28131,Hamburg Am Schiffbeker Berg 26 22111,unconfirmed,122.379,88.0,0,,,
northern,south,28132,Hamburg Am Schiffbeker Berg 6a 22111,unconfirmed,122.496,93.0,0,,,
northern,south,28136,Hamburg Billstedter Hauptstr. 54 22111,unconfirmed,121.979,44.0,0,,,
northern,south,28147,Hamburg Amandus-Stubbe-Str. 8 22113,unconfirmed,125.725,640.0,4,,,
northern,south,28148,Hamburg Amandus-Stubbe-Straße 6 22113,unconfirmed,125.725,2100.0,14,,,
northern,south,28149,Hamburg Andreas-Meyer-Straße 44 22113,road_route_found_entrance_unverified,125.19,300.0,2,1256.7,1675.3,10.3
northern,south,28150,Hamburg Andreas-Meyerstrasse 44 22113,road_route_found_entrance_unverified,125.19,600.0,4,1256.7,1675.3,10.3
northern,south,28151,Hamburg Kolumbusstr. 14 22113,unconfirmed,122.67,22.0,0,,,
northern,south,28152,Hamburg Kolumbusstraße 14 22113,unconfirmed,122.587,88.0,0,,,
northern,south,28153,Hamburg Liebigstr. 40 22113,unconfirmed,124.308,44.0,0,,,
northern,south,28154,Hamburg Neue Feldhofe 0 22113,unconfirmed,125.107,22.0,0,,,
northern,south,28155,Hamburg Unterer Landweg 77 22113,unconfirmed,125.237,84.0,0,,,
northern,south,28156,Hamburg Wöhlerstrasse 2 22113,unconfirmed,124.255,132.0,0,,,
northern,south,28157,Hamburg Wöhlerstrasse 2 22113,unconfirmed,124.257,22.0,0,,,
northern,south,28158,Hamburg Kandinskyallee 11 22115,road_route_found_entrance_unverified,122.272,44.0,0,2108.4,2087.4,5.4
northern,south,28159,Hamburg Kandinskyallee 23 22115,road_route_found_entrance_unverified,122.272,44.0,0,2632.9,2550.1,5.3
northern,south,28160,Hamburg Max-Klinger-Str. 1 22115,road_route_found_entrance_unverified,122.272,22.0,0,2957.3,2934.7,15.3
northern,south,28161,Hamburg Max-Pechstein-Str. 0 22115,unconfirmed,121.284,56.0,0,,,
northern,south,28162,Hamburg Max-Pechstein-Str. 4 22115,unconfirmed,121.168,88.0,0,,,
northern,south,28163,Hamburg Glinder Str. 1 22117,unconfirmed,119.843,600.0,4,,,
northern,south,28164,Hamburg Glitzaweg 15 22117,road_route_found_entrance_unverified,119.607,88.0,0,2357.7,2369.1,3.5
northern,south,28165,Hamburg Honsbergenstr. 5a 22117,road_route_found_entrance_unverified,119.607,88.0,0,2374.1,2738.7,30.6
northern,south,28166,Hamburg Kaltenbergen 1a 22117,road_route_found_entrance_unverified,119.607,88.0,0,2985.7,3038.1,8.8
northern,south,28167,Hamburg Marienblick 0 22117,unconfirmed,121.755,22.0,0,,,
northern,south,28168,Hamburg Merkenstr. 34 22117,road_route_found_entrance_unverified,119.607,44.0,0,1801.0,1821.4,6.9
northern,south,28169,Hamburg Morsumer Weg 17 22117,unconfirmed,120.512,22.0,0,,,
northern,south,28170,Hamburg Möllner Landstr. 105 22117,unconfirmed,121.453,44.0,0,,,
northern,south,28171,Hamburg Möllner Landstr. 148 22117,road_route_found_entrance_unverified,119.607,88.0,0,2853.8,3055.3,6.6
northern,south,28172,Hamburg Möllner Landstr. 221 22117,unconfirmed,120.408,22.0,0,,,
northern,south,28173,Hamburg Möllner Landstr. 98 22117,unconfirmed,121.468,44.0,0,,,
northern,south,28174,Hamburg Hans-Rubbert-Str. 39 22119,unconfirmed,118.513,11.0,0,,,
northern,south,28176,Hamburg Legienstr. 144 22119,unconfirmed,119.963,44.0,0,,,
northern,south,28177,Hamburg Mansardtstr. 74 22119,unconfirmed,119.206,44.0,0,,,
northern,south,28178,Hamburg Manshardtstr. 153 22119,unconfirmed,119.024,22.0,0,,,
northern,south,28179,Hamburg Querkamp 69 22119,unconfirmed,119.206,150.0,2,,,
northern,south,28180,Hamburg Schiffbeker Höhe 15 22119,road_route_found_entrance_unverified,119.607,44.0,0,2711.4,2739.3,5.0
northern,south,28181,Hamburg Schiffbeker Höhe 43 22119,road_route_found_entrance_unverified,119.607,88.0,0,2423.7,2480.0,6.1
northern,south,28182,Hamburg Schiffbeker Weg 103 22119,unconfirmed,120.58,44.0,0,,,
northern,south,28183,Hamburg Schiffbeker Weg 83 22119,unconfirmed,120.841,44.0,0,,,
northern,south,28184,Hamburg Schiffbeker Weg 90/92 22119,unconfirmed,120.548,350.0,2,,,
northern,south,28185,Hamburg Spliedtring 2 22119,unconfirmed,118.864,88.0,0,,,
northern,south,28190,Hamburg Großlohering 2 22143,unconfirmed,112.806,44.0,0,,,
northern,south,28191,Hamburg Mehlandsredder 12 22143,unconfirmed,112.555,88.0,0,,,
northern,south,28192,Hamburg Merkurring 111 22143,unconfirmed,112.057,22.0,0,,,
northern,south,28193,Hamburg Merkurring 20 22143,unconfirmed,112.125,88.0,0,,,
northern,south,28194,Hamburg Neuer Höltigbaum 6 22143,unconfirmed,111.974,44.0,0,,,
northern,south,28196,Hamburg Rahlstedter Kamp 44 22143,unconfirmed,112.49,88.0,0,,,
northern,south,28199,Hamburg Sieker Landstr. 126 22143,unconfirmed,111.867,150.0,2,,,
northern,south,28200,Hamburg Sieker Landstr. 26 22143,unconfirmed,112.637,150.0,2,,,
northern,south,28201,Hamburg Sieker Landstr. 29 22143,unconfirmed,112.629,150.0,2,,,
northern,south,28226,Hamburg Am Sooren 1 22149,unconfirmed,113.86,44.0,0,,,
northern,south,28227,Hamburg Am Sooren 3 22149,unconfirmed,113.82,44.0,0,,,
northern,south,28228,Hamburg Am Sooren 85A 22149,unconfirmed,113.463,88.0,0,,,
northern,south,28230,Hamburg Buchwaldstraße 102 22149,unconfirmed,113.594,88.0,0,,,
northern,south,28231,Hamburg Grunewaldstr. 76 22149,unconfirmed,117.601,22.0,0,,,
northern,south,28232,Hamburg Grunewaldstr. 76 22149,unconfirmed,117.601,22.0,0,,,
northern,south,28233,Hamburg Liliencronstr. 130 22149,unconfirmed,114.679,44.0,0,,,
northern,south,28240,Hamburg Schwarzenbeker Ring 65 22149,unconfirmed,113.993,22.0,0,,,
northern,south,28241,Hamburg Schwarzenbeker Ring 67 22149,unconfirmed,113.987,22.0,0,,,
northern,south,28242,Hamburg Schöneberger Str. 114 22149,unconfirmed,117.535,88.0,0,,,
northern,south,28548,Hamburg Auf der Koppel 7 22399,unconfirmed,112.49,44.0,0,,,
northern,south,28969,Hamburg/ Moorfleet Andreas- Meyer- Straße 63 22761,road_route_found_entrance_unverified,125.19,122.0,0,1466.0,1892.5,25.9
northern,south,35892,Osnabrück Benzstr. 9 49076,unconfirmed,351.668,3600.0,24,,,
northern,south,35893,Osnabrück Birkenallee 64 49076,unconfirmed,354.472,150.0,0,,,
northern,south,35894,Osnabrück Im Felde 19 49076,unconfirmed,354.487,11.0,0,,,
northern,south,35895,Osnabrück Im Felde 4 49076,unconfirmed,354.318,44.0,0,,,
northern,south,35899,Osnabrück Prof.-Porsche-Str. 1 49076,road_route_found_entrance_unverified,352.2,800.0,4,1015.4,1014.2,9.3
northern,south,35900,Osnabrück Quebecallee 11 49076,unconfirmed,351.105,44.0,0,,,
northern,south,35915,Osnabrück Rheiner Landstraße 215 49078,unconfirmed,355.554,84.0,0,,,
northern,south,35996,Osnabrück Eversheide 53 49090,unconfirmed,350.692,44.0,0,,,
northern,south,36008,Osnabrück Quebecallee 6 49090,unconfirmed,351.372,450.0,4,,,
northern,south,36013,Osnabrück Vehrter Landstraße 0 49090,unconfirmed,352.018,88.0,0,,,
northern,south,36014,Osnabrück Vehrter Landstraße 0 49090,unconfirmed,352.018,66.0,0,,,
northern,south,36016,Osnbrück Rubbenbruchweg 0 49090,unconfirmed,352.018,22.0,0,,,
northern,south,36854,Emstek Dr.-Richard-Straße 9 49685,unconfirmed,287.356,11.0,0,,,
northern,south,36855,Emstek ecopark-Allee 8 49685,unconfirmed,290.066,22.0,0,,,
northern,south,36856,Emstek Franz-Vorwerk-Straße 17 49685,unconfirmed,287.515,11.0,0,,,
northern,south,36857,Emstek Industriestr. 22 49685,unconfirmed,286.89,22.0,0,,,
northern,south,36859,Emstek OM-Allee 5 49685,road_route_found_entrance_unverified,289.342,4200.0,28,2700.3,2341.2,1.1
northern,south,36862,Emstek Raiffeisenstraße 4 49685,road_route_found_entrance_unverified,289.54,88.0,0,2714.9,5425.3,2.3
northern,south,36863,Emstek-Bühren Caspar-Schmitz-Straße 19 49685,road_route_found_entrance_unverified,289.54,50.0,0,1638.2,4118.4,6.2
northern,south,36867,Schneiderkrug Sülzbührener Str. 1 49685,unconfirmed,289.756,150.0,2,,,
northern,south,37081,Stuhr 3-K-Weg 23 28816,unconfirmed,247.54,450.0,4,,,
northern,south,37082,Stuhr Ahrstraße 1 28816,unconfirmed,242.527,44.0,0,,,
northern,south,37083,Stuhr Bassumer Str. 0 28816,unconfirmed,243.283,28.0,0,,,
northern,south,37084,Stuhr Bremer Straße 103 28816,road_route_found_entrance_unverified,240.707,75.0,0,1343.4,886.0,8.6
northern,south,37085,Stuhr Bremer Straße 107 28816,road_route_found_entrance_unverified,240.707,75.0,0,1296.7,901.7,1.4
northern,south,37086,Stuhr Bremer Strasse 112 28816,road_route_found_entrance_unverified,240.707,3500.0,14,991.6,1148.5,8.2
northern,south,37087,Stuhr Bremerstr 112 28816,road_route_found_entrance_unverified,240.707,600.0,4,975.0,1648.2,3.0
northern,south,37088,Stuhr Bruchstr. 0 28816,unconfirmed,242.193,28.0,0,,,
northern,south,37089,Stuhr Carl-Zeiss-Str. 18 28816,road_route_found_entrance_unverified,240.707,120.0,0,1385.5,1484.0,7.6
northern,south,37090,Stuhr Delmenhorster Str. 208 28816,unconfirmed,247.654,600.0,4,,,
northern,south,37091,Stuhr Delmenhorster Str. 22 28816,unconfirmed,243.954,110.0,0,,,
northern,south,37092,Stuhr Delmenhorster Str. 240 28816,unconfirmed,247.592,1600.0,9,,,
northern,south,37093,Stuhr Gutenbergstraße 11 28816,unconfirmed,242.936,33.0,0,,,
northern,south,37094,Stuhr Heiderand 13 28816,unconfirmed,248.786,11.0,0,,,
northern,south,37096,Stuhr Henleinstr. 11 28816,road_route_found_entrance_unverified,240.707,150.0,2,1752.9,1826.1,5.9
northern,south,37097,Stuhr Henleinstr. 11 28816,road_route_found_entrance_unverified,240.707,150.0,2,1752.9,1826.1,5.9
northern,south,37098,Stuhr Henleinstr. 11 28816,road_route_found_entrance_unverified,240.707,150.0,2,1752.9,1826.1,5.9
northern,south,37099,Stuhr Henleinstr. 11 28816,road_route_found_entrance_unverified,240.707,150.0,2,1752.9,1826.1,5.9
northern,south,37100,Stuhr Henleinstr. 11 28816,road_route_found_entrance_unverified,240.707,150.0,2,1752.9,1826.1,5.9
northern,south,37101,Stuhr Henleinstr. 1a 28816,unconfirmed,240.615,84.0,0,,,
northern,south,37102,Stuhr Henleinstraße 1 28816,road_route_found_entrance_unverified,240.707,44.0,0,1418.3,1482.6,4.8
northern,south,37103,Stuhr Henleinstraße 3 28816,road_route_found_entrance_unverified,240.707,11.0,0,1555.4,1588.4,23.4
northern,south,37104,Stuhr Max-Planck-Str. 1 28816,unconfirmed,243.037,44.0,0,,,
northern,south,37105,Stuhr Moordeicher Landstr. 84 28816,unconfirmed,247.442,300.0,2,,,
northern,south,37106,Stuhr Moordeicher Landstraße 79 28816,unconfirmed,247.547,44.0,0,,,
northern,south,37107,Stuhr Posener Str. 10 28816,unconfirmed,242.59,11.0,0,,,
northern,south,37108,Stuhr Schillerstr. 0 28816,unconfirmed,247.737,28.0,0,,,
northern,south,37109,Stuhr Schulstr. 0 28816,unconfirmed,246.901,28.0,0,,,
northern,south,37110,Stuhr Syker Str. 42 28816,unconfirmed,242.035,200.0,0,,,
northern,south,37111,Stuhr Varreler Kirchweg 1d 28816,unconfirmed,246.37,11.0,0,,,
northern,south,37112,Stuhr Varreler Landstr. 6 28816,unconfirmed,245.521,150.0,2,,,
northern,south,37113,Stuhr Weser-Ems-Str. 1 28816,unconfirmed,248.315,1800.0,10,,,
northern,south,37114,Stuhr Wulfhooper Str. 1-5 28816,unconfirmed,243.7,44.0,0,,,
northern,south,37115,Stuhr Wulfhooper Str. 1-5 28816,unconfirmed,243.7,88.0,0,,,
northern,south,37116,Stuhr Wulfhooper Str. 1-5 28816,unconfirmed,243.7,88.0,0,,,
northern,south,37117,Stuhr - Groß Mackenstedt Moordeicher Landstr. 84-86 28816,unconfirmed,247.442,300.0,2,,,
northern,south,37130,Weyhe Hombachstr. 0 28844,unconfirmed,242.129,28.0,0,,,
northern,south,37131,Weyhe Hombachstr. 0 28844,unconfirmed,241.423,28.0,0,,,
northern,south,37138,Weyhe Ladestraße 3 28844,unconfirmed,239.546,60.0,0,,,
northern,south,38363,Seevetal Appenstedter Weg 41 21217,unconfirmed,139.604,22.0,0,,,
northern,south,38364,Seevetal Fleestedter Ring 1 21217,unconfirmed,141.055,44.0,0,,,
northern,south,38365,Seevetal Glüsinger Str. 44 21217,unconfirmed,139.944,600.0,4,,,
northern,south,38366,Seevetal Jesdal 33 21217,unconfirmed,140.932,22.0,0,,,
northern,south,38367,Seevetal Jesdal 33 21217,unconfirmed,140.932,22.0,0,,,
northern,south,38368,Seevetal Jesdal 33 21217,unconfirmed,140.932,22.0,0,,,
northern,south,38369,Seevetal Jesdal 33 21217,unconfirmed,140.951,22.0,0,,,
northern,south,38370,Seevetal Winsener Landstr. 46A 21217,unconfirmed,141.17,750.0,8,,,
northern,south,38371,Seevetal An der Reitbahn 1 21218,road_route_found_entrance_unverified,146.483,44.0,0,2192.3,2316.7,13.8
northern,south,38372,Seevetal Bahnhofstr. 17 21218,road_route_found_entrance_unverified,146.483,450.0,4,1530.3,1572.8,13.5
northern,south,38373,Seevetal Gustav-Becker-Str. 21 21218,unconfirmed,146.564,44.0,0,,,
northern,south,38374,Seevetal Gustav-Becker-Straße 2 21218,unconfirmed,146.563,100.0,0,,,
northern,south,38375,Seevetal Gustav-Becker-Straße 2 21218,unconfirmed,146.563,50.0,0,,,
northern,south,38376,Seevetal Jesteburger Str. 13 21218,road_route_found_entrance_unverified,146.483,800.0,4,538.8,590.1,5.8
northern,south,38377,Seevetal Jesteburger Straße 12 21218,road_route_found_entrance_unverified,146.483,600.0,4,482.6,415.7,13.6
northern,south,38378,Seevetal Kirchstraße 11 21218,road_route_found_entrance_unverified,146.483,110.0,0,922.5,904.8,6.1
northern,south,38383,Seevetal Schulstr. 61 21220,unconfirmed,141.975,150.0,2,,,
northern,south,38384,Seevetal Winsener Str. 25 21220,unconfirmed,142.511,600.0,4,,,
northern,south,38385,Seevetal Winsener Str. 25 21220,unconfirmed,142.538,150.0,2,,,
northern,south,38386,Seevetal Winsener Straße 25 21220,unconfirmed,142.523,300.0,2,,,
northern,south,38390,Rosengarten Bürgermeister-Glade-Str. 1 21224,unconfirmed,149.972,44.0,0,,,
northern,south,38391,Rosengarten Eckeler Str. 7 21224,road_route_found_entrance_unverified,153.078,300.0,4,1662.8,1734.4,5.2
northern,south,38392,Rosengarten Eckeler Str. 7 21224,road_route_found_entrance_unverified,153.078,4000.0,16,1682.2,1710.3,4.8
northern,south,38393,Rosengarten Eckeler Straße 0 21224,road_route_found_entrance_unverified,153.078,93.0,0,1713.5,1683.7,0.2
northern,south,38394,Rosengarten Kirchenstraße 2A 21224,road_route_found_entrance_unverified,153.078,22.0,0,1698.6,1689.0,2.6
northern,south,38395,Rosengarten Metzendorfer Weg 32 21224,unconfirmed,148.986,88.0,0,,,
northern,south,38396,Rosengarten Schützengrund 11 21224,unconfirmed,150.553,11.0,0,,,
northern,south,38401,Buchholz Bäckerstr. 1A 21244,unconfirmed,153.585,22.0,0,,,
northern,south,38402,Buchholz Müllerstraße 1A 21244,unconfirmed,153.585,22.0,0,,,
northern,south,38404,Buchholz Nordring 2 21244,unconfirmed,153.775,22.0,0,,,
northern,south,38419,Buchholz in der Nordheide Dibberser Str. 3 21244,unconfirmed,152.935,11.0,0,,,
northern,south,38420,Buchholz in der Nordheide Dibberser Str. 30 21244,road_route_found_entrance_unverified,153.078,1000.0,6,2034.4,1980.5,14.9
northern,south,38422,Buchholz in der Nordheide Einhornstraße 28 21244,unconfirmed,152.83,44.0,0,,,
northern,south,38429,Buchholz in der Nordheide Im Innovationspark 1 21244,road_route_found_entrance_unverified,153.078,44.0,0,2975.6,3060.4,9.7
northern,south,38431,Buchholz in der Nordheide Maurerstr. 10 21244,unconfirmed,154.629,225.0,2,,,
northern,south,38432,Buchholz in der Nordheide Maurerstr. 10A 21244,unconfirmed,154.608,22.0,0,,,
northern,south,38435,Buchholz in der Nordheide Zimmererstr. 1 21244,unconfirmed,154.876,72.0,0,,,
northern,south,38445,Heidenau Hauptsstr. 42 21258,road_route_found_entrance_unverified,170.355,44.0,0,1616.6,1909.7,0.0
northern,south,38446,Heidenau Hauptstr. 48 21258,road_route_found_entrance_unverified,170.355,44.0,0,1616.6,1909.7,0.0
northern,south,38464,Appel Raststätte Hollenstedt 0 21279,unconfirmed,162.814,98.0,0,,,
northern,south,38465,Hollenstedt Hauptstr. 29 21279,road_route_found_entrance_unverified,164.864,11.0,0,1225.2,1246.8,0.1
northern,south,38466,Hollenstedt Hauptstr. 5 21279,road_route_found_entrance_unverified,164.864,22.0,0,1286.2,1251.1,1.1
northern,south,38467,Wenzendorf Beim alten Hof 17 21279,unconfirmed,160.919,11.0,0,,,
northern,south,38514,Neu Wulmsdorf Schlepelsberg 2 21629,road_route_found_entrance_unverified,157.967,93.0,0,886.3,876.2,13.5
northern,south,38515,Neu Wulmstdorf Zur Heidekoppel 1 21629,road_route_found_entrance_unverified,157.967,1500.0,6,2240.7,2201.6,5.8
northern,south,38524,Neu Wulmstorf Schlepelsberg 10 21629,road_route_found_entrance_unverified,157.967,44.0,0,1828.8,1959.9,14.2
northern,south,38525,Neu Wulmstorf Schlepelsberg 4-6 21629,road_route_found_entrance_unverified,157.967,1200.0,6,985.0,907.8,3.3
northern,south,38528,Neu Wulmstorf / Rade Schlepelsberg 2 21629,road_route_found_entrance_unverified,157.967,2000.0,8,908.2,854.3,8.6
northern,south,39541,Groß Ippener Birkenweg 22 27243,road_route_found_entrance_unverified,254.538,11.0,0,1317.8,1351.7,4.0
northern,south,39566,Wildeshausen An der Bahn 2B 27793,unconfirmed,269.165,22.0,0,,,
northern,south,39567,Wildeshausen Brauereiweg 22C 27793,unconfirmed,269.098,11.0,0,,,
northern,south,39568,Wildeshausen Buchbinderstr. 1 27793,unconfirmed,270.336,100.0,0,,,
northern,south,39569,Wildeshausen Burgstr. 6 27793,unconfirmed,268.708,50.0,0,,,
northern,south,39570,Wildeshausen Delmenhorster Str. 6 27793,road_route_found_entrance_unverified,267.539,44.0,0,2300.6,2317.8,2.5
northern,south,39571,Wildeshausen Delmenhorster Str. 6 27793,road_route_found_entrance_unverified,267.539,88.0,0,2164.4,2197.2,5.1
northern,south,39574,Wildeshausen Gildeplatz 11 27793,unconfirmed,268.598,100.0,0,,,
northern,south,39575,Wildeshausen Glaner Str. 24 27793,unconfirmed,269.991,44.0,0,,,
northern,south,39576,Wildeshausen Immelmannstr. 19 27793,unconfirmed,270.28,600.0,4,,,
northern,south,39577,Wildeshausen Kleine Wallstr. 17 27793,unconfirmed,268.747,50.0,0,,,
northern,south,39578,Wildeshausen Kolpingstraße 7 27793,unconfirmed,266.764,11.0,0,,,
northern,south,39579,Wildeshausen Krandelstr. 15 27793,unconfirmed,269.193,11.0,0,,,
northern,south,39580,Wildeshausen Neue Str. 16 27793,unconfirmed,268.899,250.0,2,,,
northern,south,39581,Wildeshausen Schusterstraße 10 27793,unconfirmed,271.325,3.0,0,,,
northern,south,39582,Wildeshausen Schusterstraße 4 27793,unconfirmed,271.446,3.0,0,,,
northern,south,39583,Wildeshausen Spitzwegstraße 15 27793,unconfirmed,268.598,11.0,0,,,
northern,south,39584,Wildeshausen Visbeker Str. 45 27793,unconfirmed,269.948,4.0,0,,,
northern,south,39585,Wildeshausen Westertor 5 27793,unconfirmed,268.94,150.0,2,,,
northern,south,39586,Wildeshausen Westring 10 27793,unconfirmed,270.178,540.0,6,,,
northern,south,39587,Wildeshausen Westring 6a 27793,unconfirmed,270.276,44.0,0,,,
northern,south,39594,Dötlingen Huntloser Straße 41 27801,unconfirmed,270.89,11.0,0,,,
northern,south,39595,Dötlingen Raststätte Wildeshausen Nord 0 27801,road_route_found_entrance_unverified,268.988,98.0,0,383.1,418.4,11.3
northern,south,39596,Dötlingen Raststätte Wildeshausen Süd 0 27801,unconfirmed,269.366,98.0,0,,,
northern,south,39597,Dötlingen Rittrumer Kirchweg 1 27801,unconfirmed,271.957,44.0,0,,,
northern,south,39599,Dötlingen Wildeshauser Str. 34 27801,road_route_found_entrance_unverified,267.539,50.0,0,1882.0,1837.5,8.0
northern,south,39600,Dötlingen Wildeshauser Str. 34 27801,road_route_found_entrance_unverified,267.539,90.0,0,1828.1,1858.4,5.1
northern,south,39615,Wallenhorst Am Pyer Kirchweg 0 49134,road_route_found_entrance_unverified,344.597,44.0,0,1987.4,1951.6,12.0
northern,south,39616,Wallenhorst Borsigstr. 1 49134,unconfirmed,344.376,950.0,6,,,
northern,south,39617,Wallenhorst Goethestraße 2 49134,unconfirmed,348.013,11.0,0,,,
northern,south,39618,Wallenhorst Große Straße 31z 49134,unconfirmed,344.639,150.0,0,,,
northern,south,39619,Wallenhorst Hansastr. 5 49134,unconfirmed,344.869,50.0,0,,,
northern,south,39620,Wallenhorst Hasestraße 11 49134,unconfirmed,345.599,11.0,0,,,
northern,south,39621,Wallenhorst Hollager Str. 0 49134,unconfirmed,347.731,44.0,0,,,
northern,south,39622,Wallenhorst Hubertusring 65A 49134,unconfirmed,345.863,11.0,0,,,
northern,south,39623,Wallenhorst Im Alten Dorf 3 49134,road_route_found_entrance_unverified,344.597,22.0,0,2196.0,2597.0,7.9
northern,south,39624,Wallenhorst Osnabrücker Str. 13 49134,unconfirmed,345.52,50.0,0,,,
northern,south,39625,Wallenhorst Osnabrücker Straße 6 49134,unconfirmed,345.504,44.0,0,,,
northern,south,39626,Wallenhorst Osnabrücker Straße 6 49134,unconfirmed,345.504,44.0,0,,,
northern,south,39627,Wallenhorst Otto-Lilienthal-Str. 8 49134,unconfirmed,345.199,150.0,2,,,
northern,south,39628,Wallenhorst Schnepfenweg 3 49134,unconfirmed,346.72,22.0,0,,,
northern,south,39629,Wallenhorst Wittekindplatz 1 49134,unconfirmed,344.289,44.0,0,,,
northern,south,39726,Hasbergen Im Hamme 1 49205,unconfirmed,355.928,11.0,0,,,
northern,south,39728,Hasbergen Tecklenburger Str. 40 49205,unconfirmed,357.778,88.0,0,,,
northern,south,39729,Hasbergen Tecklenburger Straße 90A 49205,unconfirmed,358.005,11.0,0,,,
northern,south,39774,Bramsche Fichtenstr. 1 49565,unconfirmed,337.117,44.0,0,,,
northern,south,39775,Bramsche Finkenstraße 2a 49565,unconfirmed,336.525,44.0,0,,,
northern,south,39777,Bramsche Hemkerstr. 9 49565,unconfirmed,337.053,44.0,0,,,
northern,south,39778,Bramsche Im Ahrensfeld 0 49565,unconfirmed,336.495,1600.0,8,,,
northern,south,39779,Bramsche Im Ahrensfeld 0 49565,road_route_found_entrance_unverified,335.404,1600.0,8,415.2,265.0,10.4
northern,south,39780,Bramsche Im Alten Dorf 29 49565,road_route_found_entrance_unverified,338.487,33.0,0,2395.2,2312.4,8.3
northern,south,39782,Bramsche In der Welle 3 49565,road_route_found_entrance_unverified,338.487,22.0,0,811.2,861.7,30.3
northern,south,39783,Bramsche In der Welle 3 49565,road_route_found_entrance_unverified,338.487,220.0,0,667.1,547.6,0.1
northern,south,39786,Bramsche Malgartener Str. 49 49565,unconfirmed,336.47,44.0,0,,,
northern,south,39787,Bramsche Maschstr. 0 49565,unconfirmed,336.459,244.0,2,,,
northern,south,39788,Bramsche Maschstr. 9 49565,unconfirmed,336.85,88.0,0,,,
northern,south,39790,Bramsche Meyers Tannen 2 49565,unconfirmed,337.423,360.0,4,,,
northern,south,39791,Bramsche Meyers Tannen 24 49565,unconfirmed,337.573,300.0,4,,,
northern,south,39793,Bramsche Poggenpatt 3 49565,unconfirmed,336.933,88.0,0,,,
northern,south,39794,Bramsche Raananastraße 5 49565,unconfirmed,336.872,150.0,0,,,
northern,south,39795,Bramsche Rijswijker Str. 14 49565,unconfirmed,336.661,44.0,0,,,
northern,south,39796,Bramsche Ringstraße 4 49565,unconfirmed,336.339,11.0,0,,,
northern,south,39797,Bramsche Varusstrasse 1 49565,road_route_found_entrance_unverified,338.487,1600.0,8,1444.7,1364.9,18.1
northern,south,39843,Rieste Bahnhofstr. 31 49597,unconfirmed,329.83,44.0,0,,,
northern,south,39844,Rieste Hannoversche Str. 0 49597,road_route_found_entrance_unverified,326.632,44.0,0,2331.8,2233.3,6.3
northern,south,39846,Rieste Lage 1 49597,unconfirmed,328.561,22.0,0,,,
northern,south,39847,Rieste Meppener Str. 2 49597,road_route_found_entrance_unverified,329.871,800.0,4,1674.7,1876.1,34.1
northern,south,41290,Sottrum Am Eichkamp 13 27367,road_route_found_entrance_unverified,210.057,50.0,0,2640.6,2598.2,17.2
northern,south,41291,Sottrum Am Umspannwerk 3 27367,unconfirmed,208.773,44.0,0,,,
northern,south,41292,Sottrum Auf der Riege 1 27367,road_route_found_entrance_unverified,210.057,44.0,0,2870.5,2886.5,9.0
northern,south,41293,Sottrum Bertha-Benz-Str. 11 27367,road_route_found_entrance_unverified,210.057,5000.0,20,1910.9,1880.8,16.7
northern,south,41294,Sottrum Bettina-von-Arnim-Ring 5 27367,unconfirmed,209.343,11.0,0,,,
northern,south,41295,Sottrum Bremer Str. 40 27367,road_route_found_entrance_unverified,210.057,203.0,0,2575.7,2504.2,9.8
northern,south,41296,Sottrum Bremer Straße 32 27367,road_route_found_entrance_unverified,210.057,600.0,4,2793.6,2700.3,7.6
northern,south,41297,Sottrum Carl-von-Linde-Str. 6 27367,road_route_found_entrance_unverified,210.057,1750.0,8,1910.9,1880.8,16.5
northern,south,41298,Sottrum Carl-von-Linde-Straße 6 27367,road_route_found_entrance_unverified,210.057,3000.0,20,2012.1,2037.9,27.4
northern,south,41299,Sottrum Inspirionstr. 2 27367,unconfirmed,208.993,44.0,0,,,
northern,south,41300,Sottrum Inspirionstr. 2 27367,unconfirmed,208.853,220.0,0,,,
northern,south,41301,Sottrum Inspirionstraße 2 27367,road_route_found_entrance_unverified,210.057,22.0,0,2159.5,2107.2,7.9
northern,south,41302,Sottrum Kantstraße 7 27367,unconfirmed,209.392,22.0,0,,,
northern,south,41303,Sottrum Lienworth 10 27367,road_route_found_entrance_unverified,210.057,71.0,0,2831.4,2757.8,7.3
northern,south,41304,Sottrum Lienworth 4 27367,road_route_found_entrance_unverified,210.057,150.0,2,2871.1,2838.8,7.8
northern,south,41305,Sottrum Raststätte Grundbergsee Nord 0 27367,road_route_found_entrance_unverified,212.683,98.0,0,569.6,337.1,3.2
northern,south,41306,Sottrum Raststätte Grundbergsee Süd 0 27367,unconfirmed,213.093,98.0,0,,,
northern,south,41307,Sottrum Schillerstr. 11 27367,unconfirmed,209.323,44.0,0,,,
northern,south,41334,Elsdorf Lange Str. 10 27404,road_route_found_entrance_unverified,193.21,44.0,0,1896.0,1995.8,8.3
northern,south,41335,"Elsdorf Zeven,An der A1 0 27404",road_route_found_entrance_unverified,193.21,225.0,2,1050.0,932.5,4.9
northern,south,41336,"Elsdorf Zeven,An der A1 0 27404",road_route_found_entrance_unverified,193.21,300.0,2,1057.2,939.9,10.7
northern,south,41337,Gyhum An der Autobahn 1 27404,road_route_found_entrance_unverified,199.043,2400.0,16,1036.3,1143.6,7.5
northern,south,41338,Gyhum An der Autobahn 3 27404,road_route_found_entrance_unverified,199.043,1600.0,8,1206.8,1330.1,3.6
northern,south,41339,Gyhum An der Autobahn 8 27404,road_route_found_entrance_unverified,199.043,1200.0,8,1015.5,1154.7,0.9
northern,south,41372,Groß Meckelsen Am Kuhbach 1 27419,unconfirmed,183.787,11.0,0,,,
northern,south,41373,Sittensen Am Sportplatz 3 27419,road_route_found_entrance_unverified,179.861,100.0,0,1241.2,1233.4,4.0
northern,south,41374,Sittensen Hansestr. 3 27419,road_route_found_entrance_unverified,179.861,1200.0,8,565.5,551.5,27.8
northern,south,41375,Sittensen Stader Str. 24 27419,road_route_found_entrance_unverified,179.861,600.0,4,1021.9,1018.2,5.2
northern,south,41376,Sittensen Stader Str. 24 27419,road_route_found_entrance_unverified,179.861,2000.0,8,1067.6,972.5,5.6
northern,south,41377,Sittensen Stader Straße 28 27419,road_route_found_entrance_unverified,179.861,1800.0,12,1063.2,913.4,1.1
northern,south,41378,Sittensen Stader Straße 30 27419,road_route_found_entrance_unverified,179.861,1200.0,8,996.0,886.9,2.2
northern,south,41379,Sittensen Wolkenstieg 9 27419,unconfirmed,179.856,11.0,0,,,
northern,south,41380,Tiste Ostetal 0 27419,unconfirmed,178.257,700.0,2,,,
northern,south,41381,Tiste Ostetal 0 27419,road_route_found_entrance_unverified,177.988,700.0,2,367.9,255.3,5.9
northern,south,41382,Tiste Ostetal Nord 0 27419,road_route_found_entrance_unverified,177.988,1400.0,4,367.9,255.3,5.9
northern,south,41383,Tiste Ostetal Süd 0 27419,unconfirmed,178.257,1400.0,4,,,
northern,south,41384,Tiste Raststätte Ostetal Nord 0 27419,road_route_found_entrance_unverified,177.988,98.0,0,411.6,211.7,7.1
northern,south,41385,Tiste Raststätte Ostetal Süd 0 27419,unconfirmed,178.272,98.0,0,,,
northern,south,41789,Vechta Jans-Döpe 2 49377,unconfirmed,291.215,22.0,0,,,
northern,south,41815,Lohne Daimlerstraße 2 49393,road_route_found_entrance_unverified,307.124,11.0,0,2523.2,2469.4,4.1
northern,south,41823,Lohne Von Siemens Straße 1 49393,road_route_found_entrance_unverified,307.124,360.0,2,1016.5,954.6,3.4
northern,south,41824,Lohne Von-Siemens-Str. 1 49393,road_route_found_entrance_unverified,307.124,93.0,0,1094.0,1037.9,3.9
northern,south,41825,Lohne Von-Siemens-Straße 1 49393,road_route_found_entrance_unverified,307.124,5000.0,20,1089.9,1041.5,6.5
northern,south,41848,Dinklage Am Markt 1 49413,unconfirmed,307.79,44.0,0,,,
northern,south,41849,Dinklage Burgallee 1 49413,unconfirmed,308.24,11.0,0,,,
northern,south,41850,Dinklage Haferweg 11 49413,unconfirmed,309.121,11.0,0,,,
northern,south,41851,Dinklage Kösters Gang 11 49413,unconfirmed,308.111,44.0,0,,,
northern,south,41852,Dinklage Quakenbrücker Str. 17 49413,unconfirmed,307.363,44.0,0,,,
northern,south,41853,Dinklage Quakenbrücker Straße 0 49413,unconfirmed,307.387,33.0,0,,,
northern,south,41854,Dinklage Schulstr. 6 49413,unconfirmed,308.161,22.0,0,,,
northern,south,41862,Endel Endel 28 49429,unconfirmed,281.627,11.0,0,,,
northern,south,41875,Neuenkirchen Vörden Bieste 4 49434,unconfirmed,325.818,22.0,0,,,
northern,south,41876,Neuenkirchen-Vörden Auf Dem Bolle 6 49434,road_route_found_entrance_unverified,326.632,11.0,0,2275.6,2217.0,9.5
northern,south,41877,Neuenkirchen-Vörden Bahnhofstraße 2 49434,road_route_found_entrance_unverified,326.632,22.0,0,2512.1,2426.1,9.2
northern,south,41878,Neuenkirchen-Vörden Bahnhofstraße 33 49434,road_route_found_entrance_unverified,326.632,22.0,0,2072.6,1937.9,12.9
northern,south,41879,Neuenkirchen-Vörden Feldbrügge 16 49434,road_route_found_entrance_unverified,326.632,44.0,0,1133.9,1095.4,20.1
northern,south,41880,Neuenkirchen-Vörden Feldbrügge 16 49434,road_route_found_entrance_unverified,326.632,44.0,0,1198.8,1239.9,16.3
northern,south,41881,Neuenkirchen-Vörden Hörster Heide 2 49434,road_route_found_entrance_unverified,326.632,1200.0,8,1205.0,1205.4,4.4
northern,south,41882,Neuenkirchen-Vörden Küsterstr. 4 49434,road_route_found_entrance_unverified,326.632,44.0,0,2396.3,2308.0,5.9
northern,south,41883,Neuenkirchen-Vörden Lindenstraße 1 49434,road_route_found_entrance_unverified,326.632,22.0,0,2734.5,2598.1,5.4
northern,south,41884,Neuenkirchen-Vörden Osnabrücker Str. 13 49434,road_route_found_entrance_unverified,326.632,44.0,0,2997.6,2905.0,13.1
northern,south,41891,Holdorf Ahornring 39 49451,unconfirmed,316.96,11.0,0,,,
northern,south,41892,Holdorf An der Bahn 2 49451,unconfirmed,317.549,22.0,0,,,
northern,south,41893,Holdorf Dammer Berge Ost 0 49451,unconfirmed,321.32,1400.0,4,,,
northern,south,41894,Holdorf Dammer Berge West 0 49451,unconfirmed,321.038,1400.0,4,,,
northern,south,41895,Holdorf Große Eschstraße 4 49451,road_route_found_entrance_unverified,314.593,22.0,0,2826.4,2856.9,7.9
northern,south,41896,Holdorf Große Str. 36 49451,road_route_found_entrance_unverified,314.593,44.0,0,2826.3,2841.9,1.4
northern,south,41897,Holdorf Große Straße 36 49451,road_route_found_entrance_unverified,314.593,200.0,0,2854.6,2746.5,1.1
northern,south,41898,Holdorf Große Straße 7 49451,road_route_found_entrance_unverified,314.593,22.0,0,2395.5,2370.2,16.4
northern,south,41899,Holdorf Raststätte Dammer Berge Ost 0 49451,unconfirmed,321.38,98.0,0,,,
northern,south,41900,Holdorf Raststätte Dammer Berge West 0 49451,road_route_found_entrance_unverified,320.741,98.0,0,494.4,447.8,9.1
northern,south,41901,Holdorf Wahlder Str. 0 49451,unconfirmed,321.371,700.0,2,,,
northern,south,41902,Holdorf Wahlder Str. 0 49451,road_route_found_entrance_unverified,320.741,350.0,1,628.5,728.4,5.8
northern,south,41903,Holdorf Zum Hansa-Center 12 49451,road_route_found_entrance_unverified,314.593,3000.0,12,1008.1,920.3,8.3
northern,south,41904,Holdorf Zum Hansa-Center 4 49451,road_route_found_entrance_unverified,314.593,2100.0,14,975.8,847.0,0.2
northern,south,41905,Holdorf Zum Hansa-Center 4 49451,road_route_found_entrance_unverified,314.593,300.0,4,917.5,781.9,0.6
northern,south,41906,Holdorf Zum Heidesee 49 49451,unconfirmed,316.964,150.0,2,,,
northern,south,41907,Bakum Bahnhofstr. 18 49456,road_route_found_entrance_unverified,299.408,44.0,0,2858.7,2796.1,7.0
northern,south,41908,Bakum Harmer Str. 45 49456,road_route_found_entrance_unverified,299.408,720.0,4,976.4,897.9,9.2
northern,south,41909,Bakum Harmer Straße 45 49456,road_route_found_entrance_unverified,299.408,350.0,2,954.5,862.1,4.6
northern,south,41910,Bakum Harmerstr. 37 49456,road_route_found_entrance_unverified,299.408,22.0,0,1597.3,1496.5,1.5
northern,south,41911,Bakum Hausstetter Kirchweg 4 49456,road_route_found_entrance_unverified,299.408,11.0,0,2582.1,2674.1,15.7
northern,south,41912,Bakum Kirchstr. 3 49456,unconfirmed,297.536,170.0,0,,,
northern,south,41913,Bakum Loher Str. 8 49456,unconfirmed,297.567,33.0,0,,,
northern,south,41979,Achim Auf den Mehren 34-36 28832,unconfirmed,227.492,33.0,0,,,
northern,south,41980,Achim Auf den Mehren 40 28832,unconfirmed,227.546,22.0,0,,,
northern,south,41983,Achim Bierdener Mühle 2 28832,unconfirmed,227.601,22.0,0,,,
northern,south,41984,Achim Bremer Str. 59-63 28832,unconfirmed,227.094,44.0,0,,,
northern,south,41997,Achim Roedenbeckstr. 55 28832,unconfirmed,220.006,100.0,0,,,
northern,south,41998,Achim Roedenbeckstr. 55 28832,unconfirmed,220.003,50.0,0,,,
northern,south,41999,Achim Uphusener Dorfstraße 1 28832,road_route_found_entrance_unverified,228.872,44.0,0,1210.0,1215.1,12.3
northern,south,42001,Ottersberg Grüne Str. 24 28870,unconfirmed,212.256,44.0,0,,,
northern,south,42002,Ottersberg Grüne Straße 24 28870,unconfirmed,212.218,44.0,0,,,
northern,south,42005,Ottersberg Posthausen 1 28870,unconfirmed,215.43,772.0,6,,,
northern,south,42006,Ottersberg Posthausen 1 28870,unconfirmed,215.367,2500.0,20,,,
northern,south,42007,Ottersberg Posthausen 1 28870,unconfirmed,215.418,44.0,0,,,
northern,south,42008,Ottersberg Posthausen 1 28870,unconfirmed,215.459,3000.0,12,,,
northern,south,42009,Ottersberg Posthausen 1 28870,unconfirmed,215.143,1200.0,6,,,
northern,south,42010,Ottersberg Posthausen 11 28870,unconfirmed,214.972,150.0,2,,,
northern,south,42011,Oyten An der Autobahn 2 28876,road_route_found_entrance_unverified,223.858,480.0,4,511.3,559.0,2.6
northern,south,42012,Oyten An der Autobahn 24 28876,unconfirmed,224.334,66.0,0,,,
northern,south,42013,Oyten An der Autobahn 41 28876,road_route_found_entrance_unverified,223.858,44.0,0,1850.2,1949.5,0.9
northern,south,42014,Oyten Hauptstraße 54 28876,road_route_found_entrance_unverified,223.858,33.0,0,1398.3,1413.4,2.0
northern,south,42015,Oyten Hauptstraße 74 28876,road_route_found_entrance_unverified,223.858,150.0,2,1622.6,1682.1,4.8
northern,south,42016,Oyten Hauptstraße 90-92 28876,road_route_found_entrance_unverified,223.858,450.0,4,1512.7,1533.0,4.1
northern,south,42017,Oyten Oyterdamm 74 28876,unconfirmed,227.29,600.0,4,,,
northern,south,42018,Oyten Rosa-Luxemburg-Straße 1 28876,road_route_found_entrance_unverified,223.858,22.0,0,395.4,418.5,2.1
northern,south,42019,Oyten Rudolf-Diesel-Straße 34 28876,road_route_found_entrance_unverified,223.858,44.0,0,2815.0,2969.4,26.5
northern,south,42020,Oyten Sonnenblumenweg 2 28876,unconfirmed,219.297,250.0,2,,,
northern,south,42853,Ascheberg Altenhammstraße 31 59387,unconfirmed,426.857,44.0,0,,,
northern,south,42854,Ascheberg An der Hansalinie 48 59387,road_route_found_entrance_unverified,420.463,44.0,0,2251.4,2298.4,5.2
northern,south,42855,Ascheberg Breil 12 59387,unconfirmed,421.46,44.0,0,,,
northern,south,42856,Ascheberg Burgstraße 54 59387,unconfirmed,416.503,44.0,0,,,
northern,south,42857,Ascheberg Dieningstr. 7 59387,road_route_found_entrance_unverified,420.463,22.0,0,2392.4,2409.5,9.0
northern,south,42858,Ascheberg Eichengrund Nordrhein-Westfalen BAB 1 BAB 1 59387,road_route_found_entrance_unverified,422.692,160.0,1,170.0,314.0,6.3
northern,south,42859,Ascheberg Himmelstr. 7 59387,road_route_found_entrance_unverified,420.463,44.0,0,2334.4,2322.7,7.0
northern,south,42860,Ascheberg Münsterstraße 54 59387,unconfirmed,426.083,11.0,0,,,
northern,south,42861,Ascheberg Nordkirchener Straße 8 59387,road_route_found_entrance_unverified,420.463,44.0,0,2900.3,2891.7,5.6
northern,south,42862,Ascheberg Raststätte Im Mersch 0 59387,unconfirmed,422.978,160.0,1,,,
northern,south,42863,Ascheberg Sandstraße 78 59387,road_route_found_entrance_unverified,420.463,44.0,0,2582.4,2557.7,5.6
northern,south,42864,Ascheberg Südfeld 2 59387,unconfirmed,426.657,33.0,0,,,
northern,south,42865,Ascheberg Südkamp 2 59387,unconfirmed,421.741,50.0,0,,,
northern,south,42866,Ascheberg Talstraße 8 59387,unconfirmed,426.812,44.0,0,,,
northern,south,43167,Sprockhövel Eichenhofer Weg 1-7 45549,road_route_found_entrance_unverified,488.204,44.0,0,2551.5,2050.7,0.3
northern,south,43170,Sprockhövel Im Lübbering 10 45549,unconfirmed,487.55,44.0,0,,,
northern,south,43171,Sprockhövel Mittelstraße 4 - 6 45549,unconfirmed,487.261,44.0,0,,,
northern,south,43173,Sprockhövel Rathausplatz 10 45549,unconfirmed,487.124,44.0,0,,,
northern,south,43174,Sprockhövel Schmiedestrasse 33 45549,unconfirmed,489.543,66.0,0,,,
northern,south,43175,Sprockhövel Wilhelm-Kraft-Straße 5 45549,unconfirmed,487.684,44.0,0,,,
northern,south,43176,Sprockhövel Wittener Str. 68 45549,unconfirmed,486.738,150.0,2,,,
northern,south,43179,Ennepetal Kölner Straße 306 58256,unconfirmed,486.283,160.0,2,,,
northern,south,43185,Ennepetal Strückerberger Str. 32 58256,unconfirmed,486.283,60.0,0,,,
northern,south,43188,Gevelsberg Am Waldesrand 11 58285,road_route_found_entrance_unverified,482.409,44.0,0,1553.0,1570.3,8.1
northern,south,43189,Gevelsberg An der Drehbank 18 58285,unconfirmed,483.421,132.0,0,,,
northern,south,43190,Gevelsberg An der Drehbank 4 58285,unconfirmed,483.404,2400.0,12,,,
northern,south,43191,Gevelsberg Großer Markt 2 58285,unconfirmed,485.103,44.0,0,,,
northern,south,43192,Gevelsberg Mittelstraße 2 58285,unconfirmed,485.011,44.0,0,,,
northern,south,43193,Gevelsberg Ochsenkamp 59 58285,unconfirmed,485.625,44.0,0,,,
northern,south,43194,Gevelsberg Rosendahler Str. 44 58285,unconfirmed,485.654,71.0,0,,,
northern,south,43195,Gevelsberg Weststraße 1 58285,unconfirmed,485.329,44.0,0,,,
northern,south,43196,Gevelsberg Wittener Str. 19 58285,unconfirmed,485.125,150.0,2,,,
northern,south,43197,Gevelsberg Wittener Straße 140 58285,road_route_found_entrance_unverified,482.409,144.0,0,2656.7,2598.5,5.4
northern,south,43198,Wetter Bahnhofstraße 102 58300,unconfirmed,477.323,44.0,0,,,
northern,south,43199,Wetter Hauptstraße 35 58300,unconfirmed,478.827,44.0,0,,,
northern,south,43200,Wetter Kaiserstrasse 170 58300,unconfirmed,476.856,44.0,0,,,
northern,south,43202,Wetter (Ruhr) Burgstraße 9 58300,unconfirmed,476.73,22.0,0,,,
northern,south,43203,Wetter (Ruhr) Carl-Bönnhoff-Str. 1 58300,unconfirmed,477.364,1200.0,8,,,
northern,south,43204,Wetter (Ruhr) Gustav-Vorsteher-Straße 36 58300,unconfirmed,477.002,44.0,0,,,
northern,south,43205,Wetter (Ruhr) Kaiserstraße 120 58300,unconfirmed,477.259,44.0,0,,,
northern,south,43206,Wetter (Ruhr) Köhlerwaldstraße 12 58300,road_route_found_entrance_unverified,478.874,44.0,0,2923.9,2915.1,6.4
northern,south,43207,Wetter (Ruhr) Märkische Straße 7 58300,unconfirmed,477.083,11.0,0,,,
northern,south,43208,Wetter (Ruhr) Osthausstraße 10 58300,unconfirmed,478.892,44.0,0,,,
northern,south,43209,Wetter (Ruhr) Vogelsanger Str. 105 58300,road_route_found_entrance_unverified,478.874,44.0,0,2113.2,1884.6,5.9
northern,south,43210,Herdecke Nierfeldstraße 8 58311,unconfirmed,472.719,44.0,0,,,
northern,south,43211,Herdecke Am Nierkamp 2 58313,unconfirmed,472.853,44.0,0,,,
northern,south,43212,Herdecke Bahnhofstr. 45 58313,unconfirmed,473.226,22.0,0,,,
northern,south,43213,Herdecke Berliner Str. 18 58313,unconfirmed,473.143,44.0,0,,,
northern,south,43214,Herdecke Eichenstr. 11 58313,unconfirmed,473.905,22.0,0,,,
northern,south,43215,Herdecke Gahlenfeldstraße 39 58313,unconfirmed,472.634,72.0,0,,,
northern,south,43216,Herdecke Hengsteyseestr. 26 58313,road_route_found_entrance_unverified,474.642,44.0,0,2885.3,2808.4,8.3
northern,south,43217,Herdecke Hengsteyseestr. 26 58313,road_route_found_entrance_unverified,474.642,44.0,0,2885.3,2808.4,8.3
northern,south,43218,Herdecke Im Schiffwinkel 43 58313,unconfirmed,472.318,44.0,0,,,
northern,south,43219,Herdecke Kirchplatz 3 58313,unconfirmed,473.444,22.0,0,,,
northern,south,43220,Herdecke Ringstr. 51 58313,unconfirmed,473.226,44.0,0,,,
northern,south,43221,Herdecke Stiftsstr. 11 58313,unconfirmed,473.444,50.0,0,,,
northern,south,43222,Herdecke Westender Weg 3A 58313,unconfirmed,473.072,44.0,0,,,
northern,south,43223,Herdecke Wittbräucker Str. 38 58313,unconfirmed,471.545,50.0,0,,,
northern,south,43224,Schwelm Bahnhofsplatz 2 58332,unconfirmed,491.093,44.0,0,,,
northern,south,43225,Schwelm Bahnhofstrasse 1 58332,unconfirmed,493.008,44.0,0,,,
northern,south,43226,Schwelm Hattinger Straße 2a 58332,unconfirmed,491.066,44.0,0,,,
northern,south,43227,Schwelm Hauptstrasse 92-98 58332,unconfirmed,492.95,88.0,0,,,
northern,south,43228,Schwelm Holthausstr. 10 58332,unconfirmed,492.817,44.0,0,,,
northern,south,43229,Schwelm Kaiserstraße 71 58332,unconfirmed,491.06,400.0,4,,,
northern,south,43230,Schwelm Linderhauser Str. 39 58332,unconfirmed,490.539,11.0,0,,,
northern,south,43231,Schwelm Milsper Straße 35 58332,unconfirmed,486.441,44.0,0,,,
northern,south,43232,Schwelm Neumarkt 32 58332,unconfirmed,492.817,188.0,0,,,
northern,south,43233,Schwelm Prinzenstraße 11 58332,unconfirmed,491.021,44.0,0,,,
northern,south,43234,Schwelm Rheinische Str. 31-27 58332,unconfirmed,490.84,132.0,0,,,
northern,south,43235,Schwelm Straßburger Str. 13 58332,unconfirmed,491.313,44.0,0,,,
northern,south,43236,Schwelm Viktoriastr. 22 58332,unconfirmed,491.196,75.0,0,,,
northern,south,43358,Euskirchen Annaturmplatz 2 53879,unconfirmed,580.219,44.0,0,,,
northern,south,43361,Euskirchen Eupener Straße 128 53879,unconfirmed,580.571,11.0,0,,,
northern,south,43362,Euskirchen Gerberstr. 51 53879,unconfirmed,580.486,200.0,2,,,
northern,south,43364,Euskirchen In den Herrenbenden 27-29 53879,unconfirmed,579.814,150.0,2,,,
northern,south,43365,Euskirchen Jülicher Ring 32 53879,unconfirmed,579.934,44.0,0,,,
northern,south,43366,Euskirchen Jülicher Ring 32a 53879,unconfirmed,579.872,44.0,0,,,
northern,south,43369,Euskirchen Martinsgasse 6 53879,unconfirmed,580.384,80.0,0,,,
northern,south,43372,Euskirchen Rüdesheimer Ring 145 53879,unconfirmed,580.513,200.0,2,,,
northern,south,43393,Mechernich An der Zikkurat 2 53894,unconfirmed,587.109,44.0,0,,,
northern,south,43395,Mechernich Auf der Birke 0 53894,unconfirmed,589.565,800.0,3,,,
northern,south,43396,Mechernich Auf der Birke 0 53894,road_route_found_entrance_unverified,589.28,400.0,2,339.2,222.5,10.0
northern,south,43397,Mechernich Auf der Birke 0 53894,road_route_found_entrance_unverified,589.28,400.0,2,332.9,228.7,10.4
northern,south,43399,Mechernich Bergstr. 1z 53894,unconfirmed,592.972,44.0,0,,,
northern,south,43400,Mechernich Bergstraße 1 53894,unconfirmed,592.972,44.0,0,,,
northern,south,43401,Mechernich Der Acker 16 53894,unconfirmed,588.023,22.0,0,,,
northern,south,43402,Mechernich Feytalstr. 19 53894,unconfirmed,592.645,44.0,0,,,
northern,south,43404,Mechernich Gartenstr. 24 53894,unconfirmed,592.972,150.0,2,,,
northern,south,43405,Mechernich Georges-Girard-Ring 1 53894,road_route_found_entrance_unverified,593.719,44.0,0,2985.6,3131.8,8.1
northern,south,43406,Mechernich Heerstraße 54 53894,unconfirmed,593.313,33.0,0,,,
northern,south,43415,Mechernich Stiftsweg 17 53894,unconfirmed,592.972,44.0,0,,,
northern,south,43416,Mechernich Trierer Str. 53a 53894,unconfirmed,594.297,44.0,0,,,
northern,south,43443,Weilerstwist Rudolf-Diesel-Str. 9-11 53919,unconfirmed,570.727,97.0,0,,,
northern,south,43445,Weilerswist Bertha-Benz-Str. 3 53919,unconfirmed,570.093,132.0,0,,,
northern,south,43446,Weilerswist Bonner Straße 45 53919,unconfirmed,570.588,450.0,4,,,
northern,south,43447,Weilerswist Parkallee 1 53919,unconfirmed,570.819,600.0,4,,,
northern,south,43448,Weilerswist Parkallee 3 53919,unconfirmed,570.821,600.0,4,,,
northern,south,43449,Weilerswist Pfeilstraße 15 53919,road_route_found_entrance_unverified,571.59,44.0,0,2900.8,2980.4,5.5
northern,south,43478,Blankenheim Am Mürel 0 53945,unconfirmed,606.723,33.0,0,,,
northern,south,43481,Blankenheim Mülheimer Heide 1 53945,unconfirmed,606.723,800.0,4,,,
northern,south,43482,Blankenheim Mülheimer Heide 1A 53945,unconfirmed,606.723,400.0,4,,,
northern,south,43483,Nettersheim Auf der Heide 25 53947,unconfirmed,601.701,44.0,0,,,
northern,south,43484,Nettersheim Bahnhofstr. 16 53947,unconfirmed,602.385,44.0,0,,,
northern,south,43485,Nettersheim Nürburgstr. 24 53947,unconfirmed,601.27,300.0,4,,,
northern,south,43486,Nettersheim Parkweg 0 53947,unconfirmed,602.141,30.0,0,,,
northern,south,43487,Nettersheim Schwalbenweg 2 53947,unconfirmed,602.701,600.0,4,,,
northern,south,43488,Nettersheim Urftstr. 0 53947,unconfirmed,602.334,30.0,0,,,
northern,south,47040,Kerpen Heerstr. 507 50169,road_route_found_entrance_unverified,559.767,44.0,0,1658.0,1770.3,1.6
northern,south,47041,Kerpen Heisenbergstraße 2A 50169,unconfirmed,556.867,75.0,0,,,
northern,south,47042,Kerpen Hubertusweg 11z 50169,road_route_found_entrance_unverified,559.767,44.0,0,2646.3,2824.6,8.6
northern,south,47044,Kerpen Matthias-Werner-Straße 5z 50169,unconfirmed,559.675,44.0,0,,,
northern,south,47096,Frechen Adam-Schall-Str. 2 50226,unconfirmed,550.022,44.0,0,,,
northern,south,47097,Frechen Alfred-Nobel-Str. 11-15 50226,unconfirmed,550.335,44.0,0,,,
northern,south,47098,Frechen Alfred-Nobel-Str. 11-15 50226,road_route_found_entrance_unverified,549.595,238.0,0,2962.0,2847.0,20.2
northern,south,47099,Frechen Alfred-Nobel-Straße 16 50226,road_route_found_entrance_unverified,549.595,44.0,0,2973.0,2539.3,7.3
northern,south,47100,Frechen Alfred-Nobel-Straße 46 50226,road_route_found_entrance_unverified,549.595,600.0,4,2649.1,2336.1,3.4
northern,south,47101,Frechen Alte Straße 80 50226,unconfirmed,553.53,44.0,0,,,
northern,south,47102,Frechen Am Rinnenfeld 50 50226,unconfirmed,555.19,22.0,0,,,
northern,south,47103,Frechen Burgstr. 58 50226,unconfirmed,554.153,44.0,0,,,
northern,south,47104,Frechen Dr.-Gottlieb-Cremer-Allee 0 50226,unconfirmed,550.389,44.0,0,,,
northern,south,47105,Frechen Dürener Straße 58 50226,unconfirmed,554.081,44.0,0,,,
northern,south,47106,Frechen Europaallee 1 50226,road_route_found_entrance_unverified,549.595,150.0,0,1791.1,2216.8,7.4
northern,south,47107,Frechen Europaallee 1 50226,road_route_found_entrance_unverified,549.595,1800.0,12,1737.4,2224.9,5.0
northern,south,47108,Frechen Europaallee 113 A 50226,unconfirmed,549.857,66.0,0,,,
northern,south,47109,Frechen Europaallee 123 50226,unconfirmed,549.874,400.0,4,,,
northern,south,47110,Frechen Europaallee 13 50226,road_route_found_entrance_unverified,549.595,900.0,8,2062.2,2110.0,5.3
northern,south,47111,Frechen Europaallee 35 50226,road_route_found_entrance_unverified,549.595,100.0,0,2805.1,2962.3,7.0
northern,south,47112,Frechen Europaallee 4 50226,unconfirmed,550.413,450.0,4,,,
northern,south,47113,Frechen Europaallee 7 50226,road_route_found_entrance_unverified,549.595,600.0,4,2027.4,2268.2,8.0
northern,south,47114,Frechen Europaallee 8 50226,unconfirmed,550.413,450.0,4,,,
northern,south,47115,Frechen Europaallee 8 50226,road_route_found_entrance_unverified,549.595,4000.0,16,1829.1,1970.5,2.7
northern,south,47116,Frechen Fürstenbergstr. 0 50226,unconfirmed,553.987,44.0,0,,,
northern,south,47118,Frechen Hubert-Prott-Straße 117 50226,unconfirmed,553.966,22.0,0,,,
northern,south,47119,Frechen Johann-Schmitz-Platz 1 50226,unconfirmed,553.766,44.0,0,,,
northern,south,47120,Frechen Kapellenstr. 4 50226,unconfirmed,550.212,44.0,0,,,
northern,south,47123,Frechen Kölner Str. 199 50226,road_route_found_entrance_unverified,549.595,99.0,0,1739.2,1454.4,12.0
northern,south,47124,Frechen Matthiasstraße 17 50226,unconfirmed,553.794,22.0,0,,,
northern,south,47128,Frechen Zedernweg 3 50226,unconfirmed,550.076,97.0,0,,,
northern,south,47131,Pulheim Anemonenweg 2 50259,unconfirmed,543.318,44.0,0,,,
northern,south,47132,Pulheim Aurikelweg 57 50259,unconfirmed,543.41,44.0,0,,,
northern,south,47136,Pulheim Chrysler-Straße 4 50259,unconfirmed,545.137,22.0,0,,,
northern,south,47137,Pulheim Dieselstraße 7 50259,unconfirmed,543.41,11.0,0,,,
northern,south,47138,Pulheim Donatusstr. 145 50259,unconfirmed,545.081,160.0,0,,,
northern,south,47151,Pulheim Sachsstr. 1 50259,unconfirmed,546.178,300.0,2,,,
northern,south,47152,Pulheim Sachsstr. 2 50259,unconfirmed,546.228,900.0,6,,,
northern,south,47153,Pulheim Sachsstraße 15 50259,unconfirmed,545.994,88.0,0,,,
northern,south,47182,Hürth Deutscher Ring 1 50354,unconfirmed,552.445,22.0,0,,,
northern,south,47183,Hürth Deutscher Ring 1 50354,unconfirmed,552.445,22.0,0,,,
northern,south,47184,Hürth Erftstr. 12a 50354,road_route_found_entrance_unverified,559.767,22.0,0,2930.7,3079.7,9.6
northern,south,47191,Hürth Industriestr. 300 50354,unconfirmed,558.431,110.0,0,,,
northern,south,47193,Hürth Industriestraße 300 50354,unconfirmed,558.431,110.0,0,,,
northern,south,47194,Hürth Ingeborg-Bachmann-Str. 1 50354,unconfirmed,552.04,750.0,8,,,
northern,south,47196,Hürth Komturring 1 50354,unconfirmed,552.348,22.0,0,,,
northern,south,47197,Hürth Komturring 1 50354,unconfirmed,552.348,22.0,0,,,
northern,south,47203,Hürth Raststätte Ville Ost 0 50354,unconfirmed,558.643,160.0,2,,,
northern,south,47204,Hürth Raststätte Ville West 0 50354,road_route_found_entrance_unverified,558.431,160.0,2,330.3,201.0,3.0
northern,south,47208,Hürth Schnellermaarstr. 25 50354,road_route_found_entrance_unverified,554.492,22.0,0,2676.0,2619.5,6.4
northern,south,47211,Hürth Sudetenstraße 69 50354,unconfirmed,552.498,22.0,0,,,
northern,south,47212,Hürth Wendelinusplatz 8 50354,road_route_found_entrance_unverified,554.492,22.0,0,2531.6,2451.7,14.0
northern,south,47213,Hürth-Efferen Nettgesweg 1 50354,unconfirmed,551.858,44.0,0,,,
northern,south,47216,Erfstadt Gildestr. 10 50374,unconfirmed,565.356,22.0,0,,,
northern,south,47217,Erftstadt Am Giezenbach 26 50374,unconfirmed,561.88,50.0,0,,,
northern,south,47218,Erftstadt An der Patria 21 50374,unconfirmed,565.476,7000.0,28,,,
northern,south,47219,Erftstadt Bahnhofstr. 138 Z 50374,unconfirmed,565.807,44.0,0,,,
northern,south,47220,Erftstadt Bonner Ring 7 50374,unconfirmed,565.079,400.0,4,,,
northern,south,47221,Erftstadt Dahlienweg 1 50374,road_route_found_entrance_unverified,559.767,11.0,0,2059.8,2202.3,19.2
northern,south,47222,Erftstadt Erper Str. 4 50374,unconfirmed,564.332,200.0,2,,,
northern,south,47223,Erftstadt Fritz-Erler-Str. 1 50374,unconfirmed,564.859,44.0,0,,,
northern,south,47224,Erftstadt Fuchsweg 18c 50374,unconfirmed,561.424,11.0,0,,,
northern,south,47225,Erftstadt Gustav-Heinemann-Str. 2 50374,unconfirmed,565.899,143.0,0,,,
northern,south,47226,Erftstadt Haesstr. 1 50374,unconfirmed,563.526,66.0,0,,,
northern,south,47227,Erftstadt Herriger Str. 29 50374,unconfirmed,564.341,71.0,0,,,
northern,south,47228,Erftstadt Holzdamm 10 50374,unconfirmed,565.903,44.0,0,,,
northern,south,47229,Erftstadt Jakobstr. 35 50374,unconfirmed,562.907,11.0,0,,,
northern,south,47230,Erftstadt Kölner Ring 2 50374,unconfirmed,564.807,450.0,4,,,
northern,south,47231,Erftstadt Köttinger Str. 2 50374,unconfirmed,564.738,44.0,0,,,
northern,south,47232,Erftstadt Köttinger Str. 27 50374,unconfirmed,564.621,300.0,2,,,
northern,south,47233,Erftstadt Köttinger Straße 27 50374,unconfirmed,564.621,150.0,2,,,
northern,south,47234,Erftstadt Lauerheid 6 50374,unconfirmed,567.365,11.0,0,,,
northern,south,47235,Erftstadt Siemensstr. 37 50374,unconfirmed,565.569,150.0,2,,,
northern,south,47236,Erftstadt Zum Gänsgraben 3 50374,unconfirmed,561.371,450.0,4,,,
northern,south,47237,Erftstadt Zunftstraße 9 50374,unconfirmed,565.231,44.0,0,,,
northern,south,47238,Erftstadt Zunftstraße 2 2 50374,unconfirmed,565.484,1244.0,8,,,
northern,south,48012,Leichlingen Am Wallgraben 2 42799,unconfirmed,529.278,150.0,2,,,
northern,south,48016,Leichlingen Solinger Str. 7 42799,unconfirmed,517.133,72.0,0,,,
northern,south,48018,Leichlingen (Rheinland) Am Berg 4 42799,unconfirmed,516.861,11.0,0,,,
northern,south,48021,Leichlingen (Rheinland) Solinger Str. 7 42799,unconfirmed,517.133,72.0,0,,,
northern,south,48022,Wermelskirchen Remscheid Ost 0 42859,unconfirmed,508.638,1400.0,4,,,
northern,south,48023,Wermelskirchen Am Schwanenplatz 0 42929,road_route_found_entrance_unverified,512.345,44.0,0,2290.2,2585.3,7.9
northern,south,48024,Wermelskirchen Bahnhofstraße 6 42929,unconfirmed,509.761,44.0,0,,,
northern,south,48025,Wermelskirchen Bandwirkerstr. 2 42929,road_route_found_entrance_unverified,512.345,150.0,2,1311.1,1428.4,1.5
northern,south,48026,Wermelskirchen Berlinerstr. 91 42929,unconfirmed,509.377,44.0,0,,,
northern,south,48027,Wermelskirchen Biberweg 1 42929,road_route_found_entrance_unverified,512.345,772.0,6,1485.0,1626.3,7.3
northern,south,48028,Wermelskirchen Brückenweg 14 42929,road_route_found_entrance_unverified,512.345,644.0,4,2689.6,2977.6,6.0
northern,south,48030,Wermelskirchen Hünger 12 42929,road_route_found_entrance_unverified,512.345,600.0,4,638.4,574.4,4.0
northern,south,48031,Wermelskirchen Kattwinkelstr. 3 42929,road_route_found_entrance_unverified,512.345,44.0,0,2780.9,3076.0,8.0
northern,south,48032,Wermelskirchen Langenbusch 12 42929,unconfirmed,509.184,44.0,0,,,
northern,south,48033,Wermelskirchen Neuenhaus 104-106 42929,unconfirmed,515.133,44.0,0,,,
northern,south,48034,Wermelskirchen Obere Remscheider Str. 23 42929,unconfirmed,510.978,22.0,0,,,
northern,south,48036,Wermelskirchen Technikstr. 5 42929,unconfirmed,508.798,11.0,0,,,
northern,south,48037,Wermelskirchen Telegrafenstr. 37 42929,unconfirmed,511.042,22.0,0,,,
northern,south,48039,Burscheid Am Markt 1 51399,road_route_found_entrance_unverified,519.722,44.0,0,2663.8,2618.7,8.8
northern,south,48040,Burscheid Dünweg 34-36 51399,road_route_found_entrance_unverified,519.722,44.0,0,2298.2,2213.4,4.9
northern,south,48041,Burscheid Ewald-Sträßer-Weg 4 51399,road_route_found_entrance_unverified,519.722,44.0,0,2520.4,2435.8,20.1
northern,south,48042,Burscheid Ewald-Sträßer-Weg 4 51399,road_route_found_entrance_unverified,519.722,44.0,0,2546.2,2339.6,6.1
northern,south,48043,Burscheid Hauptstr. 120-122 51399,unconfirmed,521.824,400.0,4,,,
northern,south,48044,Burscheid Hauptstraße 128a 51399,unconfirmed,521.839,44.0,0,,,
northern,south,48045,Burscheid Hauptstraße 165-167 51399,unconfirmed,522.191,33.0,0,,,
northern,south,48046,Burscheid Haus Landscheid 1-2 51399,unconfirmed,521.923,44.0,0,,,
northern,south,48047,Burscheid Höhestr. 63 51399,road_route_found_entrance_unverified,519.722,1600.0,8,423.1,356.1,7.6
northern,south,48048,Burscheid Im Hagen 9 51399,unconfirmed,521.893,44.0,0,,,
northern,south,48225,Odenthal Leimbacher Weg 33 51519,unconfirmed,522.053,11.0,0,,,
northern,south,48654,Greven Airportallee 1 48268,road_route_found_entrance_unverified,380.112,1600.0,8,2190.2,2227.3,4.7
northern,south,48655,Greven Aldruper Oberesch 12 48268,unconfirmed,387.355,11.0,0,,,
northern,south,48656,Greven Alte Bahnhofstr. 66 48268,unconfirmed,386.059,66.0,0,,,
northern,south,48657,Greven Alte Bahnhofstr. 9 48268,unconfirmed,386.02,600.0,4,,,
northern,south,48658,Greven August-Euler-Straße 1 48268,road_route_found_entrance_unverified,380.112,132.0,0,1950.6,2047.0,0.6
northern,south,48660,Greven Bernard-Schumacher-Weg 13 48268,unconfirmed,387.83,22.0,0,,,
northern,south,48662,Greven Bismarckstraße 47 48268,unconfirmed,385.19,72.0,0,,,
northern,south,48663,Greven Dorfstraße 0 48268,unconfirmed,387.582,44.0,0,,,
northern,south,48664,Greven Drechslerstr. 1 48268,road_route_found_entrance_unverified,385.282,22.0,0,2461.2,2433.1,6.2
northern,south,48665,Greven Hansaring 57 48268,road_route_found_entrance_unverified,385.282,11.0,0,2579.9,2691.9,18.9
northern,south,48667,Greven Hinter der Lake 0 48268,unconfirmed,385.805,44.0,0,,,
northern,south,48668,Greven Königstr. 69 48268,road_route_found_entrance_unverified,385.282,85.0,0,2260.4,2410.6,9.3
northern,south,48669,Greven Lindenstr. 35 48268,unconfirmed,386.077,88.0,0,,,
northern,south,48670,Greven Naendorfstr. 0 48268,unconfirmed,385.849,150.0,2,,,
northern,south,48671,Greven Saerbecker Str. 10-12 48268,unconfirmed,385.421,60.0,0,,,
northern,south,48672,Greven Saerbeckerstr. 77-81 48268,unconfirmed,385.024,44.0,0,,,
northern,south,48923,Westerkappeln Gartenkamp 130 49492,unconfirmed,352.2,44.0,0,,,
northern,south,48937,Lotte Achmerstraße 31 49504,unconfirmed,349.477,44.0,0,,,
northern,south,48938,Lotte Atterstr. 25 49504,unconfirmed,351.595,99.0,0,,,
northern,south,48939,Lotte Bahnhofstraße 17 49504,unconfirmed,355.768,44.0,0,,,
northern,south,48940,Lotte Berliner Platz 1 49504,unconfirmed,350.477,44.0,0,,,
northern,south,48941,Lotte Schoppenbusch 34 49504,unconfirmed,350.633,11.0,0,,,
northern,south,48942,Lotte Sperberweg 13 49504,road_route_found_entrance_unverified,352.2,11.0,0,2591.6,2563.4,24.8
northern,south,48943,Lotte Teichweg 5 49504,road_route_found_entrance_unverified,352.2,1800.0,12,2324.6,2397.7,6.1
northern,south,48944,Lotte Westfalenplatz 1 49504,unconfirmed,349.332,44.0,0,,,
northern,south,48945,Lotte - Wersen Sichterweg 6 49504,unconfirmed,351.751,11.0,0,,,
northern,south,48946,Lotte-Wersen Westerkappelner Str. 19 49504,road_route_found_entrance_unverified,352.2,44.0,0,2160.2,2135.3,5.0
northern,south,48955,Lengerich Alwin-Klein-Str. 11 49525,unconfirmed,364.972,44.0,0,,,
northern,south,48956,Lengerich An der Mühlenbreede 4 49525,unconfirmed,364.763,44.0,0,,,
northern,south,48961,Lengerich Münsterer Straße 51 49525,unconfirmed,365.503,44.0,0,,,
northern,south,48963,Lengerich Tecklenburger Str. 2 49525,unconfirmed,365.332,44.0,0,,,
northern,south,48964,Lengerich Tecklenburger Str. 48 49525,unconfirmed,364.763,44.0,0,,,
northern,south,48965,Lengerich Tecklenburger Str. 6 49525,unconfirmed,365.455,61.0,0,,,
northern,south,48966,Lengerich Teutopark 2B 49525,road_route_found_entrance_unverified,367.553,600.0,4,612.2,698.3,7.0
northern,south,48967,Lengerich Wielandstr. 19 49525,unconfirmed,365.247,44.0,0,,,
northern,south,48968,Lengerich Wielandstraße 24 49525,unconfirmed,365.299,450.0,4,,,
northern,south,48969,Lengerich Zur alten Gießerei 7 49525,unconfirmed,365.147,44.0,0,,,
northern,south,48971,Tecklenburg Am Weingarten 0 49545,unconfirmed,367.057,46.0,0,,,
northern,south,48974,Tecklenburg Gerichtsweg 1 49545,unconfirmed,366.453,22.0,0,,,
northern,south,48975,Tecklenburg Howesträßchen 0 49545,unconfirmed,366.469,46.0,0,,,
northern,south,48976,Tecklenburg Landrat-Schultz-Str. 1 49545,unconfirmed,366.621,44.0,0,,,
northern,south,48977,Tecklenburg Parkplatz an der Post 7 49545,unconfirmed,366.567,44.0,0,,,
northern,south,48978,Tecklenburg Raststätte Tecklenburger Land Ost 0 49545,unconfirmed,361.49,300.0,2,,,
northern,south,48979,"Tecklenburg Raststätte Tecklenburger Land Ost, A1 0 49545",unconfirmed,361.49,100.0,0,,,
northern,south,48980,Tecklenburg Raststätte Tecklenburger Land West 0 49545,road_route_found_entrance_unverified,361.345,300.0,2,402.5,184.4,8.0
northern,south,48981,"Tecklenburg Raststätte Tecklenburger Land West, A1 1 49545",road_route_found_entrance_unverified,361.345,100.0,0,402.5,184.4,8.0
northern,south,48984,Ladbergen Am Kanal 45 49549,road_route_found_entrance_unverified,375.621,44.0,0,2914.0,3274.7,28.0
northern,south,48985,Ladbergen Dorfstr. 21 49549,road_route_found_entrance_unverified,375.621,44.0,0,2138.1,2189.4,8.2
northern,south,48986,Ladbergen Espenhof 1 49549,road_route_found_entrance_unverified,375.621,1200.0,8,1102.1,922.9,19.4
northern,south,48987,Ladbergen Espenhof 15 49549,road_route_found_entrance_unverified,375.621,300.0,2,1180.1,1169.0,6.4
northern,south,48988,Ladbergen Grevener Str. 0 49549,road_route_found_entrance_unverified,375.621,22.0,0,1887.0,1918.7,11.4
northern,south,49534,Schwerte Alter Dortmunder Weg 89 58239,road_route_found_entrance_unverified,462.308,11.0,0,1101.5,981.9,8.0
northern,south,49535,Schwerte Alter Hellweg 12 58239,unconfirmed,466.489,44.0,0,,,
northern,south,49536,Schwerte Am Hohenstein 28 58239,road_route_found_entrance_unverified,459.143,44.0,0,2766.4,3042.2,12.0
northern,south,49537,Schwerte Am Hohlen Wege 3 58239,unconfirmed,460.178,44.0,0,,,
northern,south,49538,Schwerte Am Kornfeld 1 58239,unconfirmed,465.419,44.0,0,,,
northern,south,49541,Schwerte Am Zimmermannswäldchen 27 58239,unconfirmed,464.468,44.0,0,,,
northern,south,49542,Schwerte An der Silberkuhle 2 58239,unconfirmed,459.031,44.0,0,,,
northern,south,49543,Schwerte Auf dem Spiekstück 1 58239,unconfirmed,459.188,44.0,0,,,
northern,south,49544,Schwerte Auf der Hofestatt 11 58239,unconfirmed,467.37,50.0,0,,,
northern,south,49546,Schwerte Bahnhofstraße 1 58239,unconfirmed,462.541,44.0,0,,,
northern,south,49547,Schwerte Bahnhofstraße 35 58239,unconfirmed,462.837,88.0,0,,,
northern,south,49548,Schwerte Bahnhofstraße 6 58239,unconfirmed,462.544,44.0,0,,,
northern,south,49549,Schwerte Bergerhofweg 24 58239,road_route_found_entrance_unverified,462.308,44.0,0,1075.9,1077.7,2.4
northern,south,49550,Schwerte Bethunestraße 17 58239,unconfirmed,462.233,55.0,0,,,
northern,south,49551,Schwerte Brinkmanns Hof 2 58239,unconfirmed,466.152,44.0,0,,,
northern,south,49552,Schwerte Buschkampweg 93 58239,road_route_found_entrance_unverified,459.143,88.0,0,2626.5,2722.5,10.9
northern,south,49554,Schwerte Bürenbrucher Weg 1a 58239,unconfirmed,465.792,88.0,0,,,
northern,south,49555,Schwerte Eintrachtstraße 10 58239,unconfirmed,462.592,44.0,0,,,
northern,south,49556,Schwerte Friedrich-Hegel-Str. 80 58239,unconfirmed,464.391,44.0,0,,,
northern,south,49557,Schwerte Geisecker Talstraße 76 58239,unconfirmed,459.298,44.0,0,,,
northern,south,49558,Schwerte Goethestraße 19 58239,unconfirmed,462.308,44.0,0,,,
northern,south,49560,Schwerte Gotenstraße 6 58239,unconfirmed,460.3,44.0,0,,,
northern,south,49561,Schwerte Grünstr. 70 58239,unconfirmed,460.477,44.0,0,,,
northern,south,49562,Schwerte Grünstraße 89 58239,unconfirmed,460.353,100.0,0,,,
northern,south,49563,Schwerte Grürmannstraße 26 58239,unconfirmed,466.091,44.0,0,,,
northern,south,49564,Schwerte Gustav-Heinemann-Str. 2 58239,unconfirmed,459.261,44.0,0,,,
northern,south,49565,Schwerte Hagener Str. 68 58239,unconfirmed,464.803,600.0,6,,,
northern,south,49566,Schwerte Haselackstraße 20 58239,unconfirmed,462.29,44.0,0,,,
northern,south,49567,Schwerte Heidekamp 78 58239,road_route_found_entrance_unverified,462.308,44.0,0,1293.1,1368.1,2.8
northern,south,49568,Schwerte Heidestraße 142/142a 58239,road_route_found_entrance_unverified,459.143,44.0,0,1443.8,1533.6,2.4
northern,south,49569,Schwerte Heidestraße 81 58239,road_route_found_entrance_unverified,462.308,44.0,0,1716.8,1817.6,6.7
northern,south,49570,Schwerte Hermann-von-Wanthoff-Str. 67 58239,unconfirmed,465.229,132.0,0,,,
northern,south,49571,Schwerte Hohlweg 2 58239,unconfirmed,467.133,44.0,0,,,
northern,south,49572,Schwerte Holbeinweg 1 58239,unconfirmed,461.244,44.0,0,,,
northern,south,49573,Schwerte Hörder Straße 131 58239,road_route_found_entrance_unverified,462.308,300.0,2,1596.7,1251.4,2.5
northern,south,49574,Schwerte Hörder Straße 131 58239,road_route_found_entrance_unverified,462.308,800.0,4,1094.1,1758.4,0.2
northern,south,49575,Schwerte Hörder Straße 32 58239,road_route_found_entrance_unverified,462.308,44.0,0,2007.2,1226.3,10.2
northern,south,49576,Schwerte Hörder Straße 35 58239,road_route_found_entrance_unverified,462.308,44.0,0,2278.4,1445.1,10.3
northern,south,49577,Schwerte Im Ortsstück 2 58239,unconfirmed,466.31,44.0,0,,,
northern,south,49578,Schwerte Im Ostfeld 15 58239,unconfirmed,466.401,22.0,0,,,
northern,south,49579,Schwerte IM Ostfeld 15 58239,unconfirmed,466.401,22.0,0,,,
northern,south,49580,Schwerte Im Reiche des Wassers 1 58239,unconfirmed,462.109,88.0,0,,,
northern,south,49582,Schwerte Im Wietloh 1a 58239,unconfirmed,466.185,44.0,0,,,
northern,south,49583,Schwerte Im Winkel 22 58239,unconfirmed,466.26,44.0,0,,,
northern,south,49584,Schwerte Kirchstraße 39 58239,unconfirmed,466.152,44.0,0,,,
northern,south,49585,Schwerte Kleine Märkische Straße 2 58239,road_route_found_entrance_unverified,462.308,11.0,0,2794.9,2094.4,14.7
northern,south,49586,Schwerte Kuhstraße 20a 58239,road_route_found_entrance_unverified,462.308,44.0,0,2904.3,2114.0,4.2
northern,south,49587,Schwerte Letmather Straße 94 58239,unconfirmed,465.91,22.0,0,,,
northern,south,49588,Schwerte Lichtendorf Süd 0 58239,unconfirmed,459.501,1400.0,4,,,
northern,south,49589,Schwerte Lichtendorfer Str. 0 58239,unconfirmed,459.333,700.0,2,,,
northern,south,49590,Schwerte Lichtendorfer Straße 45 58239,road_route_found_entrance_unverified,459.143,44.0,0,2387.5,2538.7,5.0
northern,south,49591,Schwerte Lichtendorfer Straße 5 58239,road_route_found_entrance_unverified,459.143,88.0,0,2831.5,2983.3,24.4
northern,south,49592,Schwerte Liethstraße 32-36 58239,unconfirmed,465.029,264.0,0,,,
northern,south,49593,Schwerte Lohbachstraße 12 58239,unconfirmed,461.314,220.0,0,,,
northern,south,49594,Schwerte Messingstr. 1 58239,road_route_found_entrance_unverified,462.308,44.0,0,2237.4,2274.7,5.0
northern,south,49595,Schwerte Minna-Marcus-Straße 2 58239,unconfirmed,466.781,44.0,0,,,
northern,south,49596,Schwerte Märkische Straße 69c 58239,road_route_found_entrance_unverified,462.308,44.0,0,2519.3,2343.1,4.6
northern,south,49597,Schwerte Neumarkt 2 58239,unconfirmed,462.167,44.0,0,,,
northern,south,49598,Schwerte Niederstraße 22 58239,unconfirmed,466.834,44.0,0,,,
northern,south,49599,Schwerte Ostenstraße 21 58239,unconfirmed,462.092,44.0,0,,,
northern,south,49600,Schwerte Poststraße 21 58239,unconfirmed,462.49,44.0,0,,,
northern,south,49601,Schwerte Raststätte Lichtendorf Süd 0 58239,unconfirmed,459.338,98.0,0,,,
northern,south,49602,Schwerte Rathausstraße 31 58239,unconfirmed,462.415,44.0,0,,,
northern,south,49603,Schwerte Reichshofstraße 41 58239,unconfirmed,466.366,44.0,0,,,
northern,south,49605,Schwerte Ruhrstraße 20 58239,unconfirmed,462.368,88.0,0,,,
northern,south,49606,Schwerte Ruhrtalstr. 0 58239,unconfirmed,466.362,1600.0,10,,,
northern,south,49607,Schwerte Sauerlandstr. 12 58239,unconfirmed,464.373,44.0,0,,,
northern,south,49608,Schwerte Schmalzkamp 21 58239,road_route_found_entrance_unverified,462.308,44.0,0,800.6,951.6,4.0
northern,south,49610,Schwerte Schützenstraße 22 58239,unconfirmed,461.51,11.0,0,,,
northern,south,49611,Schwerte Schützenstraße 39b 58239,unconfirmed,461.224,44.0,0,,,
northern,south,49612,Schwerte Schützenstraße 75-77 58239,unconfirmed,460.764,88.0,0,,,
northern,south,49613,Schwerte Schützenstraße 9 58239,unconfirmed,461.773,44.0,0,,,
northern,south,49614,Schwerte Teutonenstraße 19 58239,unconfirmed,460.102,44.0,0,,,
northern,south,49615,Schwerte Thüner Wiese 2 58239,unconfirmed,466.185,44.0,0,,,
northern,south,49616,Schwerte Untere Meischede 5 58239,unconfirmed,465.254,44.0,0,,,
northern,south,49617,Schwerte Virchowstraße 8a 58239,road_route_found_entrance_unverified,462.308,44.0,0,2795.7,2393.5,4.6
northern,south,49618,Schwerte Wasserstr. 15 58239,unconfirmed,466.523,44.0,0,,,
northern,south,49619,Schwerte Wasserstr. 40 58239,unconfirmed,466.61,22.0,0,,,
northern,south,49620,Schwerte Wasserstraße 17 58239,unconfirmed,466.557,11.0,0,,,
northern,south,49621,Schwerte Westhellweg 220 58239,unconfirmed,464.129,44.0,0,,,
northern,south,49622,Schwerte Westwall 7 58239,unconfirmed,462.48,44.0,0,,,
northern,south,49623,Schwerte Wittekindstr. 10 58239,unconfirmed,461.958,300.0,2,,,
northern,south,49624,Schwerte Wittekindstraße 10 58239,unconfirmed,461.967,344.0,2,,,
northern,south,49625,Schwerte Zum Großen Feld 40 58239,unconfirmed,465.053,44.0,0,,,
northern,south,49626,Schwerte Zum Kellerbach 19a 58239,unconfirmed,458.873,44.0,0,,,
northern,south,49627,Schwerte Zum Wellenbad 7 58239,unconfirmed,459.113,44.0,0,,,
northern,south,49628,Schwerte Zwischen den Wegen 2 58239,unconfirmed,459.333,44.0,0,,,
northern,south,49629,Unna Feldstrasse 11 58423,road_route_found_entrance_unverified,450.651,300.0,2,2340.2,4921.7,9.7
northern,south,49649,Kamen Am Ufer 2 59174,unconfirmed,445.316,132.0,0,,,
northern,south,49650,Kamen Am Ufer 2 59174,unconfirmed,445.426,44.0,0,,,
northern,south,49651,Kamen Bahnhofstraße 26-27 59174,road_route_found_entrance_unverified,445.98,22.0,0,2604.0,2575.9,7.2
northern,south,49652,Kamen Ernteweg 11 59174,unconfirmed,447.746,11.0,0,,,
northern,south,49653,Kamen Herbert-Wehner-Str. 16 59174,unconfirmed,445.511,1600.0,8,,,
northern,south,49655,Kamen Kamen Karree 1 59174,unconfirmed,446.315,84.0,0,,,
northern,south,49656,Kamen Kamen Karree 10 59174,road_route_found_entrance_unverified,445.98,300.0,2,2089.3,2145.5,5.8
northern,south,49657,Kamen Kamen Karree 3 59174,unconfirmed,446.161,1500.0,10,,,
northern,south,49658,Kamen Kamen Karree 5 59174,road_route_found_entrance_unverified,445.98,200.0,2,2087.9,2582.1,2.7
northern,south,49659,Kamen Kamen Karree 7 59174,road_route_found_entrance_unverified,445.98,1200.0,6,2015.6,2093.2,8.7
northern,south,49660,Kamen Kamen Karree 8 59174,road_route_found_entrance_unverified,445.98,7800.0,52,2121.2,2303.7,7.1
northern,south,49661,Kamen Lünener Str. 225 59174,unconfirmed,445.237,50.0,0,,,
northern,south,49662,Kamen Markt 6 59174,road_route_found_entrance_unverified,445.98,22.0,0,2737.0,3275.8,3.8
northern,south,49663,Kamen Märkische Str. 5 59174,unconfirmed,444.266,22.0,0,,,
northern,south,49664,Kamen Schattweg 4 59174,road_route_found_entrance_unverified,445.98,3000.0,12,1952.8,2009.3,6.0
northern,south,49665,Kamen Schöner Fleck 23 59174,road_route_found_entrance_unverified,445.98,11.0,0,2837.5,2342.4,20.7
northern,south,49666,Kamen Zollpost 10 59174,road_route_found_entrance_unverified,445.98,3500.0,12,962.8,1303.5,4.5
northern,south,49667,Kamen Zollpost 6 59174,unconfirmed,445.331,772.0,6,,,
northern,south,49668,Bergkamen Am Himmeldieck 10 59192,unconfirmed,441.748,11.0,0,,,
northern,south,49669,Bergkamen Am Roggenkamp 3-5 59192,unconfirmed,440.352,400.0,4,,,
northern,south,49670,Bergkamen An der Bummannsburg 4-6 59192,road_route_found_entrance_unverified,436.431,100.0,0,955.1,989.4,7.4
northern,south,49671,Bergkamen An der Bummansburg 1 59192,unconfirmed,436.875,72.0,0,,,
northern,south,49672,Bergkamen Bambergstraße 116 59192,unconfirmed,442.966,33.0,0,,,
northern,south,49675,Bergkamen Geschwister-Scholl-Straße 1 59192,unconfirmed,440.242,600.0,4,,,
northern,south,49676,Bergkamen Hellweg 34 59192,road_route_found_entrance_unverified,436.431,900.0,6,1930.5,1864.5,17.4
northern,south,49678,Bergkamen Industriestr. 39 59192,road_route_found_entrance_unverified,436.431,240.0,2,2274.3,2572.6,7.6
northern,south,49679,Bergkamen Justus-von-Liebig-Str. 14 59192,unconfirmed,439.252,44.0,0,,,
northern,south,49680,Bergkamen Landwehrstraße 68 59192,unconfirmed,440.364,450.0,4,,,
northern,south,49684,Bergkamen Rünther Str. 151 59192,road_route_found_entrance_unverified,436.431,50.0,0,1479.4,1374.9,14.7
northern,south,49685,Bergkamen Rünther Str. 151 59192,road_route_found_entrance_unverified,436.431,3000.0,12,1454.0,1312.8,6.5
northern,south,49686,Bergkamen Werner Str. 123 59192,unconfirmed,440.328,300.0,2,,,
northern,south,49687,Bergkamen Werner Straße 117-119 59192,unconfirmed,440.587,72.0,0,,,
northern,south,49692,Werne Brede 4 59368,unconfirmed,435.515,22.0,0,,,
northern,south,49693,Werne Brede 4 59368,unconfirmed,435.556,66.0,0,,,
northern,south,49694,Werne Fürstenhof 50 59368,unconfirmed,434.216,44.0,0,,,
northern,south,49695,Werne Fürstenhof 50 59368,unconfirmed,434.19,115.0,0,,,
northern,south,49696,Werne Horster Str. 21 59368,unconfirmed,434.429,150.0,2,,,
northern,south,49697,Werne Klöcknerstr. 2 59368,unconfirmed,434.323,22.0,0,,,
northern,south,49698,Werne Klöcknerstraße 2 59368,unconfirmed,435.499,24.0,0,,,
northern,south,49699,Werne Konrad-Adenauer-Platz 1 A 59368,unconfirmed,435.018,44.0,0,,,
northern,south,49701,Werne Nordlippestr. 52 59368,road_route_found_entrance_unverified,431.836,600.0,4,1022.2,1095.6,10.7
northern,south,49702,Werne Nordlippestr. 52 59368,unconfirmed,431.655,1600.0,8,,,
northern,south,49703,Werne Schemmelweg 2 59368,unconfirmed,435.492,44.0,0,,,
northern,south,49705,Werne Stockumer Str. 32 59368,unconfirmed,431.155,88.0,0,,,
northern,south,49706,Werne Südring 6 59368,unconfirmed,436.366,11.0,0,,,
northern,south,49707,Werne Vinzenzstraße 61 59368,unconfirmed,433.645,44.0,0,,,
northern,south,49733,Unna Bahnhofstr. 49 59423,unconfirmed,449.656,44.0,0,,,
northern,south,49734,Unna Bahnhofstraße 37 59423,unconfirmed,449.805,88.0,0,,,
northern,south,49735,Unna Bahnhofstrasse 49 59423,unconfirmed,449.656,44.0,0,,,
northern,south,49736,Unna Feldstraße 11 59423,road_route_found_entrance_unverified,450.651,300.0,2,2340.2,4921.7,9.7
northern,south,49737,Unna Hans-Böckler-Str. 4 59423,road_route_found_entrance_unverified,450.651,44.0,0,2694.9,5106.8,6.8
northern,south,49739,Unna Herderstr. 16 59423,unconfirmed,450.049,11.0,0,,,
northern,south,49741,Unna Massener Str. 117 59423,road_route_found_entrance_unverified,450.651,450.0,4,2752.7,4977.0,3.2
northern,south,49742,Unna Massener Str. 145 59423,road_route_found_entrance_unverified,450.651,300.0,4,2916.0,4480.9,25.5
northern,south,49743,Unna Massener Str. 37 59423,unconfirmed,450.148,44.0,0,,,
northern,south,49744,Unna Massener Str. 56 59423,unconfirmed,450.249,600.0,4,,,
northern,south,49746,Unna Sybil-Westendorp-Str. 15 59423,unconfirmed,450.026,44.0,0,,,
northern,south,49747,Unna Südwall 202 59423,unconfirmed,450.332,11.0,0,,,
northern,south,49748,Unna Ziegelstraße 25 59423,unconfirmed,450.815,72.0,0,,,
northern,south,49749,Unna Auf dem Höing 1 59425,unconfirmed,448.72,22.0,0,,,
northern,south,49750,Unna Blumenstr. 13 59425,unconfirmed,447.973,10.0,0,,,
northern,south,49751,Unna Friedrich-Ebert-Str. 114 59425,unconfirmed,448.987,44.0,0,,,
northern,south,49752,Unna Friedrich-Ebert-Str. 17 59425,unconfirmed,449.343,44.0,0,,,
northern,south,49753,Unna Friedrich-Ebert-Str. 59 59425,unconfirmed,449.058,44.0,0,,,
northern,south,49754,Unna Hansastr. 101 59425,unconfirmed,449.547,44.0,0,,,
northern,south,49755,Unna Hansastr. 101 59425,unconfirmed,449.545,75.0,0,,,
northern,south,49756,Unna Kamener Straße 37 59425,unconfirmed,447.661,144.0,0,,,
northern,south,49757,Unna Parkstr. 44 59425,unconfirmed,449.019,44.0,0,,,
northern,south,49758,Unna Platanenallee 20 a 59425,unconfirmed,448.981,44.0,0,,,
northern,south,49759,Unna Viktoriastr. 4 59425,unconfirmed,449.193,44.0,0,,,
northern,south,49760,Unna Zechenstrasse 88 59425,unconfirmed,447.751,11.0,0,,,
northern,south,49761,Unna Kleistr. 18 59427,unconfirmed,450.307,50.0,0,,,
northern,south,49762,Unna Kuhstraße 5 59427,unconfirmed,449.413,11.0,0,,,
northern,south,49763,Holzwickede Allee 5z 59439,unconfirmed,455.362,88.0,0,,,
northern,south,49764,Holzwickede Am Markt 5 59439,unconfirmed,455.394,44.0,0,,,
northern,south,49765,Holzwickede Bahnhofstraße 21 59439,unconfirmed,455.133,44.0,0,,,
northern,south,49766,Holzwickede Carolinenallee 13 59439,unconfirmed,455.295,44.0,0,,,
northern,south,49767,Holzwickede Carrera-Str. 1 59439,unconfirmed,454.457,350.0,4,,,
northern,south,49768,Holzwickede Carrera-Str. 1 59439,unconfirmed,454.41,176.0,0,,,
northern,south,49769,Holzwickede Hauptstraße 14 59439,unconfirmed,455.434,388.0,2,,,
northern,south,49770,Holzwickede Jahnstraße 7z 59439,unconfirmed,454.829,44.0,0,,,
northern,south,49771,Holzwickede Kirchstr. 0 59439,unconfirmed,455.683,44.0,0,,,
northern,south,49772,Holzwickede Kirchstraße 2 59439,unconfirmed,455.641,72.0,0,,,
northern,south,49773,Holzwickede Rausinger Straße 30z 59439,unconfirmed,455.318,44.0,0,,,
northern,south,49774,Holzwickede Rausinger Straße 96 59439,unconfirmed,455.842,800.0,4,,,
northern,south,49775,Holzwickede Stehfenstr. 8 59439,unconfirmed,454.966,150.0,2,,,
northern,south,49776,Holzwickede Steinbruchstraße 36z 59439,unconfirmed,453.914,44.0,0,,,
northern,south,49777,Holzwickede Unnaer Straße 60z 59439,unconfirmed,455.811,44.0,0,,,
northern,south,49778,Holzwickede Wilhelmstraße 2 59439,unconfirmed,454.626,900.0,6,,,
northern,south,49779,Holzwickede Zur Alten Kolonie 1 59439,unconfirmed,454.266,150.0,2,,,
northern,south,52059,Dortmund Am Ellberg 1 44265,unconfirmed,464.33,94.0,0,,,
northern,south,52060,Dortmund Am Klusenberg 214 44265,unconfirmed,470.878,22.0,0,,,
northern,south,52061,Dortmund Brücherhofstraße 200 44265,unconfirmed,463.863,66.0,0,,,
northern,south,52063,Dortmund Hohensyburgstr. 0 44265,unconfirmed,469.1,44.0,0,,,
northern,south,52064,Dortmund Hohensyburgstr. 200 44265,unconfirmed,469.242,176.0,0,,,
northern,south,52065,Dortmund Hohensyburgstrasse 200 44265,unconfirmed,469.24,88.0,0,,,
northern,south,52067,Dortmund Wittbräucker Str. 630 44265,unconfirmed,464.43,50.0,0,,,
northern,south,52068,Dortmund Wittbräucker Str. 980 44265,unconfirmed,470.394,50.0,0,,,
northern,south,52071,Dortmund FALTERWEG 32 44267,unconfirmed,462.355,11.0,0,,,
northern,south,52072,Dortmund Feldmark 1b 44267,unconfirmed,464.544,22.0,0,,,
northern,south,52073,Dortmund OVERGÜNNE 231 44267,unconfirmed,463.281,11.0,0,,,
northern,south,52074,Dortmund SELZERSTR 16 44267,unconfirmed,462.892,11.0,0,,,
northern,south,52075,Dortmund Wittbräucker Str. 504 44267,unconfirmed,464.023,44.0,0,,,
northern,south,52076,Dortmund Wittbräucker Str. 504 44267,unconfirmed,464.023,50.0,0,,,
northern,south,52077,Dortmund Wittbräucker Str. 565 44267,unconfirmed,464.115,44.0,0,,,
northern,south,52080,Dortmund Fasanenweg 18 44269,unconfirmed,463.041,50.0,0,,,
northern,south,52087,Dortmund ABTEISTR 10 44287,unconfirmed,458.215,11.0,0,,,
northern,south,52088,Dortmund ABTEISTR 2 44287,unconfirmed,458.183,11.0,0,,,
northern,south,52090,Dortmund Köln-Berliner Straße 146 44287,unconfirmed,458.046,66.0,0,,,
northern,south,52104,Dortmund SCHMALER WEG 12 44287,unconfirmed,460.605,11.0,0,,,
northern,south,52105,Dortmund Schwerter Str. 294b 44287,unconfirmed,461.045,11.0,0,,,
northern,south,52113,Dortmund VIESELERHOFSTR 78 44287,unconfirmed,458.17,11.0,0,,,
northern,south,52114,Dortmund Wittbräukerstr. 52 52 44287,unconfirmed,461.22,322.0,0,,,
northern,south,52115,Dortmund AM KAPELLENUFER 109 44289,unconfirmed,457.681,11.0,0,,,
northern,south,52116,Dortmund AM KAPELLENUFER 119 44289,unconfirmed,457.681,11.0,0,,,
northern,south,52117,Dortmund Emschertalstr. 58 44289,unconfirmed,457.788,600.0,4,,,
northern,south,52118,Dortmund HYAZINTHENSTR 4 44289,unconfirmed,457.71,11.0,0,,,
northern,south,52119,Dortmund Lichtendorf Nord 0 44289,road_route_found_entrance_unverified,459.143,1400.0,4,200.4,365.5,10.0
northern,south,52120,Dortmund Nelkenstr. 4a 44289,road_route_found_entrance_unverified,459.143,72.0,0,1830.0,1932.4,8.1
northern,south,52121,Dortmund Raststätte Lichtendorf Nord 0 44289,road_route_found_entrance_unverified,459.143,98.0,0,317.7,255.3,9.6
northern,south,52122,Dortmund ROSENSTR 68 44289,unconfirmed,457.847,11.0,0,,,
northern,south,52123,Dortmund ROSENSTR 92b 44289,unconfirmed,457.933,11.0,0,,,
northern,south,52124,Dortmund Römerstr. 28 44289,road_route_found_entrance_unverified,459.143,350.0,1,322.7,250.3,5.8
northern,south,52125,Dortmund Römerstr. 28 44289,road_route_found_entrance_unverified,459.143,350.0,1,322.7,250.3,5.8
northern,south,52127,Dortmund Sölder Str. 145 44289,unconfirmed,457.888,72.0,0,,,
northern,south,52145,Dortmund Altwickeder Hellweg 82 44319,unconfirmed,450.804,44.0,0,,,
northern,south,52149,Dortmund DÜTTELSTR 10 44319,unconfirmed,450.881,11.0,0,,,
northern,south,52150,Dortmund Frische Luft 159 44319,unconfirmed,450.694,22.0,0,,,
northern,south,54024,Hagen Am Hauptbahnhof 16 58089,unconfirmed,475.222,44.0,0,,,
northern,south,54025,Hagen Am Ringofen 21 58089,road_route_found_entrance_unverified,474.642,320.0,4,1141.0,1278.1,6.7
northern,south,54026,Hagen Becheltestr. 56 58089,road_route_found_entrance_unverified,474.642,75.0,0,2270.1,2401.9,12.4
northern,south,54027,Hagen Berliner Platz 2 58089,unconfirmed,475.25,11.0,0,,,
northern,south,54028,Hagen Eckeseyer Straße 90 58089,unconfirmed,475.048,450.0,4,,,
northern,south,54029,Hagen Friedhofsweg 6 58089,road_route_found_entrance_unverified,474.642,44.0,0,1058.0,960.2,6.7
northern,south,54030,Hagen Graf-von-Galen-Ring 14 58089,unconfirmed,475.222,44.0,0,,,
northern,south,54031,Hagen Herdecker Str. 11 58089,unconfirmed,475.148,44.0,0,,,
northern,south,54032,Hagen Ophauser Str. 36 58089,road_route_found_entrance_unverified,474.642,50.0,0,559.4,582.6,15.9
northern,south,54033,Hagen Seestr. 4 58089,unconfirmed,472.298,44.0,0,,,
northern,south,54034,Hagen Seestr. 4 58089,unconfirmed,472.298,44.0,0,,,
northern,south,54035,Hagen Seestr. 4 58089,unconfirmed,472.298,44.0,0,,,
northern,south,54036,Hagen Seestr. 4 58089,unconfirmed,472.298,44.0,0,,,
northern,south,54037,Hagen Vorhaller Straße 25a 58089,road_route_found_entrance_unverified,474.642,44.0,0,777.2,779.8,7.3
northern,south,54038,Hagen Weststr. 10 58089,road_route_found_entrance_unverified,474.642,600.0,4,536.2,516.3,15.8
northern,south,54039,Hagen Weststraße 1 58089,unconfirmed,474.198,33.0,0,,,
northern,south,54040,Hagen Wilhelmsplatz 0 58089,unconfirmed,475.412,44.0,0,,,
northern,south,54047,Hagen Bandstahlstraße 7 58093,unconfirmed,469.658,33.0,0,,,
northern,south,54054,Hagen Profilstraße 4 58093,unconfirmed,469.348,22.0,0,,,
northern,south,54055,Hagen Profilstraße 4 58093,unconfirmed,469.348,22.0,0,,,
northern,south,54056,Hagen Profilstraße 4 58093,unconfirmed,469.348,44.0,0,,,
northern,south,54057,Hagen Profilstraße 4 58093,unconfirmed,469.348,22.0,0,,,
northern,south,54058,Hagen Profilstraße 4 58093,unconfirmed,469.348,22.0,0,,,
northern,south,54064,Hagen Werkzeugstr. 19-23 58093,unconfirmed,469.798,44.0,0,,,
northern,south,54065,Hagen Werkzeugstraße 7 58093,unconfirmed,469.736,44.0,0,,,
northern,south,54068,Hagen Bahnhofstr. 7 58095,unconfirmed,475.222,44.0,0,,,
northern,south,54072,Hagen Körnerstr. 40 58095,unconfirmed,475.185,44.0,0,,,
northern,south,54074,Hagen Neumarktstr. 20 58095,unconfirmed,475.222,44.0,0,,,
northern,south,54075,Hagen Neumarktstr. 23 58095,unconfirmed,475.2,44.0,0,,,
northern,south,54076,Hagen Sparkassen-Karree 1 58095,unconfirmed,475.185,44.0,0,,,
northern,south,54077,Hagen Sparkassen-Karree 1 58095,unconfirmed,475.185,22.0,0,,,
northern,south,54079,Hagen Alexanderstr. 18-20 58097,unconfirmed,474.873,450.0,6,,,
northern,south,54080,Hagen Alexanderstraße 18-20 58097,unconfirmed,474.873,300.0,2,,,
northern,south,54081,Hagen Am Sportpark 30 58097,unconfirmed,475.001,44.0,0,,,
northern,south,54082,Hagen Brinkstraße 68 58097,road_route_found_entrance_unverified,474.642,44.0,0,2954.9,3184.4,6.7
northern,south,54085,Hagen Humpertstr. 6 58097,unconfirmed,474.963,44.0,0,,,
northern,south,54086,Hagen Königstraße 26 58097,unconfirmed,475.089,44.0,0,,,
northern,south,54088,Hagen Pettenkoferstr. 15 58097,unconfirmed,474.834,11.0,0,,,
northern,south,54089,Hagen Stadionstr. 15 58097,unconfirmed,474.915,22.0,0,,,
northern,south,54090,Hagen Stadionstr. 15 58097,unconfirmed,474.915,22.0,0,,,
northern,south,54091,Hagen Stadionstr. 15 58097,unconfirmed,474.915,22.0,0,,,
northern,south,54092,Hagen Stadionstr. 15 58097,unconfirmed,474.915,22.0,0,,,
northern,south,54093,Hagen Stadionstr. 15 58097,unconfirmed,474.915,22.0,0,,,
northern,south,54098,Hagen Auf dem Graskamp 11 58099,road_route_found_entrance_unverified,471.247,44.0,0,1457.2,1576.5,2.5
northern,south,54099,Hagen Dortmunder Str. 4 58099,road_route_found_entrance_unverified,471.247,44.0,0,1418.6,1482.4,12.5
northern,south,54100,Hagen Gottfried-Keller-Straße 7 58099,road_route_found_entrance_unverified,474.642,44.0,0,2685.8,2775.0,6.8
northern,south,54101,Hagen Hagener Straße 121 58099,road_route_found_entrance_unverified,471.247,150.0,2,2971.2,2933.5,6.2
northern,south,54102,Hagen Raststätte Lennhof West 0 58099,road_route_found_entrance_unverified,468.906,98.0,0,265.3,199.2,11.3
northern,south,54103,Hagen Ruhrtalstr. 1 58099,unconfirmed,468.335,11.0,0,,,
northern,south,54104,Hagen Schwerter Str. 180 58099,road_route_found_entrance_unverified,471.247,450.0,4,2110.3,2153.7,6.8
northern,south,54105,Hagen Schwerter Str. 3 58099,unconfirmed,474.301,500.0,4,,,
northern,south,54106,Hagen Schwerter Straße 223-227 58099,road_route_found_entrance_unverified,471.247,900.0,8,1832.2,1950.0,22.3
northern,south,54107,Hagen schwerterstr 180 58099,road_route_found_entrance_unverified,471.247,450.0,4,2095.5,2096.1,25.3
northern,south,54108,Hagen Steinhausstrasse 36 58099,road_route_found_entrance_unverified,471.247,88.0,0,1336.3,1432.6,7.8
northern,south,54109,Hagen Steinhausstraße 47 58099,road_route_found_entrance_unverified,471.247,44.0,0,1579.2,1635.8,7.1
northern,south,54110,Hagen Wandhofener Str. 9 58099,road_route_found_entrance_unverified,471.247,243.0,0,1040.0,1119.7,21.5
northern,south,54128,Hagen Berliner Str. 106 58135,unconfirmed,477.69,44.0,0,,,
northern,south,54129,Hagen Berliner Str. 27 58135,unconfirmed,476.397,600.0,4,,,
northern,south,54130,Hagen Berliner Str. 76A 58135,unconfirmed,477.418,44.0,0,,,
northern,south,54131,Hagen Büddingstr. 34 58135,unconfirmed,478.131,44.0,0,,,
northern,south,54132,Hagen Enneper Str. 146 58135,unconfirmed,479.315,600.0,8,,,
northern,south,54133,Hagen Enneper Str. 43 58135,unconfirmed,478.946,600.0,4,,,
northern,south,54134,Hagen Konrad-Adenauer-Ring 24 58135,unconfirmed,476.253,33.0,0,,,
northern,south,54135,Hagen Kölner Str. 4 58135,unconfirmed,477.971,44.0,0,,,
northern,south,54136,Hagen Silscheder Str. 47 58135,unconfirmed,481.08,11.0,0,,,
northern,south,54137,Hagen Vollbrinkstr. 14 58135,unconfirmed,477.971,44.0,0,,,
northern,south,54138,Hagen Wehringhauser Str. 112 58135,unconfirmed,475.97,600.0,4,,,
northern,south,54306,Hamm Muntenburgstr. 30 59077,unconfirmed,436.482,22.0,0,,,
northern,south,54308,Hamm Selbachpark 2y 59077,unconfirmed,439.357,22.0,0,,,
northern,south,54481,Köln Johannisstr. 76-80 50668,unconfirmed,536.039,22.0,0,,,
northern,south,54568,Köln Riphahnstraße 21 50679,unconfirmed,537.683,44.0,0,,,
northern,south,54610,Köln Geestemünder Straße 23 50735,unconfirmed,535.978,44.0,0,,,
northern,south,54620,Köln Altonaer Str. 53 50737,unconfirmed,538.546,44.0,0,,,
northern,south,54621,Köln August-Haas-Straße 49 50737,unconfirmed,538.904,44.0,0,,,
northern,south,54624,Köln Kösliner Str. 13 50737,unconfirmed,538.751,44.0,0,,,
northern,south,54625,Köln Mönchsgasse 38 50737,unconfirmed,538.35,44.0,0,,,
northern,south,54626,Köln Neusser Straße 681 50737,unconfirmed,538.294,44.0,0,,,
northern,south,54627,Köln Paul-Humburg-Str. 42 50737,unconfirmed,538.872,44.0,0,,,
northern,south,54628,Köln Schlackstr. 3 50737,unconfirmed,538.839,88.0,0,,,
northern,south,54629,Köln Wilhelm-Sollmann-Str. 22 50737,unconfirmed,538.221,88.0,0,,,
northern,south,54632,Köln Etzelstr. 226 50739,unconfirmed,539.19,100.0,0,,,
northern,south,54634,Köln Hanns-Klemm-Str. 16 50739,unconfirmed,539.428,44.0,0,,,
northern,south,54635,Köln Longericher Hauptstr. 45c 50739,unconfirmed,539.135,44.0,0,,,
northern,south,54637,Köln Longericher Straße 534 50739,unconfirmed,538.839,144.0,0,,,
northern,south,54638,Köln Longericherstraße 177 50739,unconfirmed,539.356,50.0,0,,,
northern,south,54642,Köln Robert-Perthel-Str. 1 50739,unconfirmed,539.497,44.0,0,,,
northern,south,54643,Köln Robert-Perthel-Str. 1 50739,unconfirmed,539.497,75.0,0,,,
northern,south,54644,Köln Robert-Perthel-Straße 44-46 50739,unconfirmed,539.497,150.0,2,,,
northern,south,54645,Köln Robert-Perthel-Straße 65- 50739,unconfirmed,539.537,50.0,0,,,
northern,south,54646,Köln Ruth-Hallensleben-Straße 4 50739,unconfirmed,539.439,66.0,0,,,
northern,south,54647,Köln Ruth-Hallensleben-Straße 6 50739,unconfirmed,539.458,22.0,0,,,
northern,south,54648,Köln Ruth-Hallensleben-Straße 6 50739,unconfirmed,539.497,22.0,0,,,
northern,south,54656,Köln Allerstr. 2 50765,unconfirmed,537.659,44.0,0,,,
northern,south,54657,Köln Athener Ring 1 50765,unconfirmed,537.899,300.0,2,,,
northern,south,54659,Köln Elbeallee 11 50765,unconfirmed,537.76,71.0,0,,,
northern,south,54660,Köln Langenbergstr. 181 50765,unconfirmed,537.314,100.0,0,,,
northern,south,54661,Köln Liverpooler Platz 1 50765,unconfirmed,537.704,72.0,0,,,
northern,south,54663,Köln Martinusstraße 2 50765,unconfirmed,541.471,44.0,0,,,
northern,south,54664,Köln Moldaustr. 16 50765,unconfirmed,537.632,100.0,0,,,
northern,south,54665,Köln Saalestr. 32 50765,unconfirmed,537.665,100.0,0,,,
northern,south,54666,Köln Sandglöckchenweg 56 50765,unconfirmed,538.531,44.0,0,,,
northern,south,54667,Köln Stockholmer Allee 2-4 50765,unconfirmed,537.32,350.0,4,,,
northern,south,54668,Köln Stolpestr. 17 50765,unconfirmed,537.448,44.0,0,,,
northern,south,54669,Köln Wezelostr. 36 50765,unconfirmed,538.39,44.0,0,,,
northern,south,54670,Köln Windröschenweg 1 50765,unconfirmed,538.555,44.0,0,,,
northern,south,54671,Köln Dehlinger Weg 17 50767,unconfirmed,539.898,11.0,0,,,
northern,south,54672,Köln Donatusstraße 20 50767,unconfirmed,540.732,600.0,4,,,
northern,south,54673,Köln Haselnußweg 25 50767,unconfirmed,538.151,72.0,0,,,
northern,south,54674,Köln Im Gewerbegebiet Pesch 1 50767,unconfirmed,540.812,150.0,2,,,
northern,south,54675,Köln Im Gewerbegebiet Pesch 1-3 50767,unconfirmed,540.794,150.0,2,,,
northern,south,54676,Köln Im Gewerbegebiet Pesch 4 A 50767,unconfirmed,540.706,1800.0,16,,,
northern,south,54677,Köln Marienberger Weg 21 50767,unconfirmed,539.789,44.0,0,,,
northern,south,54678,Köln Mengenischer Straße 27 50767,unconfirmed,541.134,44.0,0,,,
northern,south,54679,Köln Montessoristr. 22 50767,unconfirmed,541.199,44.0,0,,,
northern,south,54680,Köln Pappelweg 34 50767,unconfirmed,538.346,44.0,0,,,
northern,south,54681,Köln Volkhovener Weg 172 50767,unconfirmed,538.539,11.0,0,,,
northern,south,54682,Köln-Pesch Waffenschmidtstr. 9 50767,unconfirmed,540.825,44.0,0,,,
northern,south,54686,Köln Daverkusenstraße 9 50769,road_route_found_entrance_unverified,534.685,44.0,0,2861.6,2329.3,4.3
northern,south,54687,Köln Geranienhof 5 50769,unconfirmed,537.181,44.0,0,,,
northern,south,54688,Köln Heinrichshofweg 6 50769,unconfirmed,536.609,808.0,4,,,
northern,south,54689,Köln Karl-Marx-Allee 43 50769,unconfirmed,537.314,44.0,0,,,
northern,south,54690,Köln Karl-Marx-Allee 83 50769,unconfirmed,537.451,44.0,0,,,
northern,south,54691,Köln Nikolaus von Dorne Str 8 50769,unconfirmed,536.922,11.0,0,,,
northern,south,54692,Köln Oskar Schindler Straße 1 50769,road_route_found_entrance_unverified,534.685,600.0,4,2675.2,2719.2,14.0
northern,south,54693,Köln Oskar-Schindler-Straße 4 50769,road_route_found_entrance_unverified,534.685,44.0,0,2845.8,2811.0,7.0
northern,south,54696,Köln Robert-Bosch-Str. 2-4 50769,road_route_found_entrance_unverified,534.685,44.0,0,2608.2,2747.2,9.4
northern,south,54697,Köln Schmiedhofsweg 2 50769,unconfirmed,536.801,44.0,0,,,
northern,south,54717,Köln Venloer Straße 716 50823,unconfirmed,545.65,44.0,0,,,
northern,south,54730,Köln Mercedes Allee 6 50825,unconfirmed,547.352,33.0,0,,,
northern,south,54739,Köln Braunsfeld Mercedes-Allee 1 50825,unconfirmed,547.316,132.0,0,,,
northern,south,54740,Köln Braunsfeld Mercedes-Allee 1 50825,unconfirmed,547.258,132.0,0,,,
northern,south,54743,Köln Akazienweg 54a 50827,unconfirmed,545.382,44.0,0,,,
northern,south,54744,Köln August-von-Willich-Str. 101 50827,unconfirmed,540.112,88.0,0,,,
northern,south,54745,Köln Frohnhofstr. 130 50827,unconfirmed,540.935,44.0,0,,,
northern,south,54746,Köln Köhlstr. 3 50827,unconfirmed,541.222,44.0,0,,,
northern,south,54747,Köln Köhlstraße 8 50827,unconfirmed,540.673,44.0,0,,,
northern,south,54748,Köln Max-Fremery-Str. 1 50827,unconfirmed,545.267,44.0,0,,,
northern,south,54749,Köln Ossendorfer Weg 24 50827,unconfirmed,544.814,44.0,0,,,
northern,south,54752,Köln Rochusstr. 363 50827,unconfirmed,540.346,44.0,0,,,
northern,south,54753,Köln Rochusstraße 279 50827,unconfirmed,540.542,44.0,0,,,
northern,south,54755,Köln Venloer Str. 1002 50827,unconfirmed,545.076,100.0,0,,,
northern,south,54757,Köln Venloer Str. 760 50827,unconfirmed,545.431,150.0,0,,,
northern,south,54758,Köln Venloer Straße 683 50827,unconfirmed,545.813,72.0,0,,,
northern,south,54759,Köln Vitalistrasse 112 50827,unconfirmed,546.104,22.0,0,,,
northern,south,54760,Köln Wilhelm-Mauser-Str. 41-43 50827,unconfirmed,545.93,44.0,0,,,
northern,south,54761,Köln Wilhelm-Mauser-Str. 59 50827,unconfirmed,546.025,300.0,2,,,
northern,south,54766,Köln Akazienweg 189 50829,unconfirmed,545.754,44.0,0,,,
northern,south,54767,Köln Am Coloneum 1 50829,unconfirmed,540.168,814.0,0,,,
northern,south,54768,Köln Bachstelzenweg 5 50829,unconfirmed,545.506,100.0,0,,,
northern,south,54769,Köln Butzweiler Straße 51 50829,unconfirmed,540.175,84.0,0,,,
northern,south,54770,Köln Butzweilerhofallee 2-4 50829,unconfirmed,540.915,264.0,0,,,
northern,south,54771,Köln Butzweilerstr. 35-39 50829,unconfirmed,540.363,188.0,0,,,
northern,south,54772,Köln Butzweilerstr. 49-49d 50829,unconfirmed,540.152,150.0,2,,,
northern,south,54773,Köln Butzweilerstraße 49-49d 50829,unconfirmed,540.152,750.0,6,,,
northern,south,54775,Köln Goldammerweg 361 50829,unconfirmed,545.216,1200.0,6,,,
northern,south,54776,Köln Heinrich-Mann-Str. 2 50829,unconfirmed,542.46,44.0,0,,,
northern,south,54777,Köln Heinrich-Rohlmann-Str. 17 50829,unconfirmed,541.311,44.0,0,,,
northern,south,54778,Köln Hugo-Eckener Straße 27A 50829,unconfirmed,540.724,350.0,2,,,
northern,south,54779,Köln Lerchenweg 1 50829,road_route_found_entrance_unverified,543.41,44.0,0,2101.0,2159.0,0.5
northern,south,54780,Köln Mathias-Brüggen-Str. 112 50829,unconfirmed,540.951,150.0,2,,,
northern,south,54781,Köln Mathias-Brüggen-Str. 170 50829,unconfirmed,541.171,44.0,0,,,
northern,south,54782,Köln Mathias-Brüggen-Str. 65 50829,unconfirmed,541.058,100.0,0,,,
northern,south,54783,Köln Melli-Beese-Str. 7 50829,unconfirmed,540.82,2508.0,0,,,
northern,south,54784,Köln Ollenhauerring 41 50829,unconfirmed,542.905,44.0,0,,,
northern,south,54785,Köln Ollenhauerring 84 50829,unconfirmed,543.459,44.0,0,,,
northern,south,54786,Köln Richard-Byrd-Str. 41 50829,unconfirmed,540.427,144.0,0,,,
northern,south,54787,Köln Richard-Byrd-Str. 43 50829,unconfirmed,540.414,72.0,0,,,
northern,south,54788,Köln Richard-Byrd-Straße 43 50829,unconfirmed,540.408,172.0,2,,,
northern,south,54789,Köln Rita-Maiburg-Str. 7 50829,unconfirmed,540.374,100.0,0,,,
northern,south,54790,Köln Rudi-Conin-Str. 1-3 50829,unconfirmed,540.655,660.0,0,,,
northern,south,54791,Köln Schumacherring 65 50829,unconfirmed,542.62,44.0,0,,,
northern,south,54792,Köln Seeadlerweg 9 50829,road_route_found_entrance_unverified,543.41,44.0,0,2581.7,2593.4,5.6
northern,south,54793,Köln Silbermöwenweg 7 50829,unconfirmed,545.12,44.0,0,,,
northern,south,54794,Köln Spenrather Weg 1 50829,road_route_found_entrance_unverified,543.41,225.0,2,595.5,632.6,2.1
northern,south,54795,Köln Spenrather Weg 11 50829,road_route_found_entrance_unverified,543.41,600.0,4,954.2,951.5,3.4
northern,south,54796,Köln Strandläuferweg 54 50829,road_route_found_entrance_unverified,543.41,11.0,0,2587.6,2642.5,0.9
northern,south,54797,Köln Venloer Str. 1152 50829,road_route_found_entrance_unverified,543.41,244.0,0,2493.0,2431.8,1.2
northern,south,54798,Köln Venloer Str. 1152 50829,road_route_found_entrance_unverified,543.41,244.0,0,2493.0,2431.8,1.2
northern,south,54799,Köln Vogelsanger Markt 1 50829,unconfirmed,546.104,44.0,0,,,
northern,south,54800,Köln Von-Hünefeld-Str. 100 50829,unconfirmed,540.325,44.0,0,,,
northern,south,54801,Köln Aachener Str. 1044 50858,road_route_found_entrance_unverified,548.19,44.0,0,1727.6,1230.0,2.1
northern,south,54802,Köln Aachener Str. 1100 50858,road_route_found_entrance_unverified,548.19,450.0,6,1224.1,655.7,2.7
northern,south,54803,Köln Aachener Str. 1153 50858,road_route_found_entrance_unverified,548.19,1050.0,12,2653.0,761.2,3.7
northern,south,54804,Köln Aachener Str. 1253 50858,road_route_found_entrance_unverified,548.19,450.0,0,1921.8,1579.8,14.2
northern,south,54805,Köln Aachener Straße 1253 50858,unconfirmed,548.251,43.0,0,,,
northern,south,54806,Köln Am Römerhof 6 50858,road_route_found_entrance_unverified,548.19,72.0,0,2003.7,2101.5,8.6
northern,south,54807,Köln An der Alten Post 23 50858,unconfirmed,549.059,44.0,0,,,
northern,south,54808,Köln Bayerische Allee 1 50858,unconfirmed,550.931,264.0,0,,,
northern,south,54809,Köln Bayerische Allee 1 50858,unconfirmed,550.931,75.0,0,,,
northern,south,54810,Köln Breslauer Str. 32 50858,road_route_found_entrance_unverified,548.19,44.0,0,1095.0,1036.9,2.6
northern,south,54811,Köln Emmy-Noether-Str. 12 50858,road_route_found_entrance_unverified,549.595,900.0,8,1939.9,1789.5,7.2
northern,south,54812,Köln Emmy-Noether-Straße 10 50858,road_route_found_entrance_unverified,549.595,150.0,2,1921.0,1736.8,0.7
northern,south,54813,Köln Fichtenstr. 28 50858,unconfirmed,548.958,100.0,0,,,
northern,south,54814,Köln Guntharplatz 14 50858,road_route_found_entrance_unverified,548.19,88.0,0,1865.8,1970.8,4.8
northern,south,54815,Köln Horbeller Str 1 50858,unconfirmed,550.649,66.0,0,,,
northern,south,54816,Köln Kölner Weg 15 50858,road_route_found_entrance_unverified,548.19,88.0,0,2135.5,2130.7,0.9
northern,south,54817,Köln Lessingstr. 2 50858,road_route_found_entrance_unverified,548.19,88.0,0,730.0,1643.1,12.4
northern,south,54818,Köln Ludwig-Jahn-Str. 27 50858,unconfirmed,554.405,100.0,0,,,
northern,south,54819,Köln Max - Plack - Straße 22 50858,road_route_found_entrance_unverified,549.595,88.0,0,2089.8,2389.7,0.1
northern,south,54820,Köln Max-Planck-Str. 24 50858,road_route_found_entrance_unverified,549.595,100.0,0,1838.8,1624.3,5.0
northern,south,54821,Köln Max-Planck-Str. 9 50858,road_route_found_entrance_unverified,549.595,22.0,0,2311.8,1891.6,4.2
northern,south,54822,Köln Max-Planck-Straße 46 50858,road_route_found_entrance_unverified,549.595,22.0,0,2324.5,2038.5,12.4
northern,south,54823,Köln Max-Planck-Straße 9 50858,road_route_found_entrance_unverified,549.595,44.0,0,2357.5,2088.4,5.5
northern,south,54824,Köln Ostlandstr. 54 50858,road_route_found_entrance_unverified,548.19,44.0,0,1683.8,1520.3,5.2
northern,south,54825,Köln Toyota Allee 5 50858,unconfirmed,551.141,22.0,0,,,
northern,south,54826,Köln Toyota Allee 5 50858,unconfirmed,551.141,22.0,0,,,
northern,south,54827,Köln Toyota-Allee 40 50858,road_route_found_entrance_unverified,549.595,66.0,0,2713.9,2482.0,4.2
northern,south,54828,Köln Aachener Str. 1420 50859,road_route_found_entrance_unverified,548.19,132.0,0,2969.8,3110.6,7.5
northern,south,54829,Köln Albin-Hänseroth-Weg 28a 50859,unconfirmed,545.893,21.0,0,,,
northern,south,54830,Köln Am Aspelkreuz 16 50859,unconfirmed,545.483,88.0,0,,,
northern,south,54831,Köln Auf der Aspel 9b 50859,unconfirmed,545.465,44.0,0,,,
northern,south,54832,Köln Brauweilerstr. 118 50859,road_route_found_entrance_unverified,548.19,44.0,0,2383.3,2474.5,4.1
northern,south,54833,Köln Dieselstr. 1-3 50859,road_route_found_entrance_unverified,548.19,131.0,0,2530.7,2611.9,5.6
northern,south,54834,Köln Gerd-Baukhage-Bogen 12 50859,unconfirmed,546.585,11.0,0,,,
northern,south,54835,Köln Guldenweg 4 50859,road_route_found_entrance_unverified,548.19,44.0,0,2638.8,2635.3,3.3
northern,south,54836,Köln Im Toennesfeld 46 50859,unconfirmed,545.733,11.0,0,,,
northern,south,54837,Köln Im Toennesfeld 46 50859,unconfirmed,545.733,33.1,0,,,
northern,south,54838,Köln Kölner Str 26 50859,road_route_found_entrance_unverified,548.19,44.0,0,2076.5,2059.1,7.7
northern,south,54839,Köln Kölner Str. 70 50859,road_route_found_entrance_unverified,548.19,150.0,2,2432.6,2432.2,16.4
northern,south,54840,Köln Neue Sandkaul 10 50859,unconfirmed,545.051,44.0,0,,,
northern,south,54841,Köln Ottostr. 7 50859,road_route_found_entrance_unverified,548.19,44.0,0,2732.4,2776.7,5.0
northern,south,54842,Köln Rosmarinweg 79 50859,unconfirmed,545.557,11.0,0,,,
northern,south,54843,Köln Rosmarinweg 86 50859,unconfirmed,545.591,11.0,0,,,
northern,south,54844,Köln Saarstraße 1 50859,road_route_found_entrance_unverified,548.19,44.0,0,2421.2,2360.1,7.9
northern,south,54845,Köln Vinzenzallee 28 50859,road_route_found_entrance_unverified,548.19,44.0,0,1985.6,2022.4,8.0
northern,south,54862,Köln Aachener Str. 752 50933,road_route_found_entrance_unverified,548.19,150.0,2,2727.1,2801.3,3.2
northern,south,54863,Köln Aachener Str. 952-958 50933,unconfirmed,548.074,220.0,0,,,
northern,south,54864,Köln Am Sportpark Müngersdorf 6 50933,unconfirmed,548.366,44.0,0,,,
northern,south,54866,Köln Eupener Str. 150 50933,unconfirmed,547.313,44.0,0,,,
northern,south,54867,Köln Eupener Str. 59 50933,unconfirmed,547.736,44.0,0,,,
northern,south,54868,Köln Friedrich-Schmidt-Str. 64 50933,unconfirmed,548.424,44.0,0,,,
northern,south,54869,Köln Guts-Muths-Weg 3 50933,unconfirmed,548.729,22.0,0,,,
northern,south,54872,Köln Manstedter Weg 27 50933,unconfirmed,547.307,44.0,0,,,
northern,south,54873,Köln Max-Wallraf-Str. 6 50933,unconfirmed,547.736,150.0,2,,,
northern,south,54875,Köln Stolberger Str. 112 50933,unconfirmed,547.68,44.0,0,,,
northern,south,54876,Köln Stolberger Str. 343-347 50933,unconfirmed,547.706,11.0,0,,,
northern,south,54877,Köln Stolberger Str. 343-347 50933,unconfirmed,547.706,198.0,0,,,
northern,south,54878,Köln Stolberger Straße 112 50933,unconfirmed,547.68,44.0,0,,,
northern,south,54879,Köln Stolberger Straße 313 50933,unconfirmed,547.668,44.0,0,,,
northern,south,54880,Köln Vitalisstraße 377 50933,unconfirmed,547.397,44.0,0,,,
northern,south,54881,Köln Wendelinstr. 67a 50933,unconfirmed,547.785,44.0,0,,,
northern,south,54882,Köln Widdersdorfer Str. 248 50933,unconfirmed,547.082,66.0,0,,,
northern,south,54883,Köln Widdersdorfer Str. 254 50933,unconfirmed,547.097,431.0,2,,,
northern,south,54884,Köln Widdersdorfer Straße 427 50933,unconfirmed,547.119,600.0,4,,,
northern,south,54885,Köln Bachemer Landstr. 420 50935,unconfirmed,551.141,44.0,0,,,
northern,south,54887,Köln Dürener Str. 385 50935,unconfirmed,548.822,44.0,0,,,
northern,south,54895,Köln Prälat-van-Acken-Str. 3 50935,unconfirmed,548.822,100.0,0,,,
northern,south,54896,Köln Werthmannstr. 22 50935,unconfirmed,548.89,44.0,0,,,
northern,south,55006,Köln Miltzstraße 14 51061,unconfirmed,535.216,44.0,0,,,
northern,south,55223,Leverkusen Burgweg 44 51371,unconfirmed,533.326,44.0,0,,,
northern,south,55224,Leverkusen Buschkämpchen 10 51371,unconfirmed,533.003,22.0,0,,,
northern,south,55225,Leverkusen Deichtorstraße 1 51371,unconfirmed,532.998,44.0,0,,,
northern,south,55227,Leverkusen Erzbergerstr. 44 51371,unconfirmed,532.174,22.0,0,,,
northern,south,55229,Leverkusen Heinrich-Brüning-Straße 193 51371,unconfirmed,532.351,44.0,0,,,
northern,south,55230,Leverkusen Heinrich-Böll-Straße 13 51371,unconfirmed,533.133,44.0,0,,,
northern,south,55232,Leverkusen Hitdorfer Straße 79 51371,unconfirmed,533.626,44.0,0,,,
northern,south,55233,Leverkusen Insterstraße 9 51371,unconfirmed,532.974,44.0,0,,,
northern,south,55234,Leverkusen Monheimerplatz 0 51371,unconfirmed,533.003,44.0,0,,,
northern,south,55235,Leverkusen Müritzstraße 52 51371,unconfirmed,532.936,44.0,0,,,
northern,south,55236,Leverkusen Overfeldweg 2 51371,unconfirmed,531.838,44.0,0,,,
northern,south,55237,Leverkusen Overfeldweg 2 51371,unconfirmed,531.837,75.0,0,,,
northern,south,55238,Leverkusen Overfeldweg 53 51371,unconfirmed,531.635,44.0,0,,,
northern,south,55239,Leverkusen Overfeldweg 67-71 51371,unconfirmed,531.594,66.0,0,,,
northern,south,55243,Leverkusen Schäfershütte 4 51371,unconfirmed,533.133,22.0,0,,,
northern,south,55244,Leverkusen Solinger Str. 67 51371,unconfirmed,532.974,150.0,2,,,
northern,south,55245,Leverkusen Stresemannplatz 1 51371,unconfirmed,531.912,22.0,0,,,
northern,south,55246,Leverkusen Von-Ketteler-Str 26 51371,unconfirmed,531.883,22.0,0,,,
northern,south,55247,Lerverkusen Hardenbergstr. 80 51373,unconfirmed,531.073,50.0,0,,,
northern,south,55248,Leverkusen Adolfstr 10 51373,unconfirmed,532.253,22.0,0,,,
northern,south,55249,Leverkusen Alte Landstraße 229 51373,unconfirmed,531.979,44.0,0,,,
northern,south,55250,Leverkusen Am Neuenhof 23 51373,unconfirmed,531.031,44.0,0,,,
northern,south,55251,Leverkusen Bismarckstr. 118 51373,unconfirmed,530.553,88.0,0,,,
northern,south,55252,Leverkusen Breidenbach 56 51373,unconfirmed,531.72,22.0,0,,,
northern,south,55253,Leverkusen Dhünnstr. 140 51373,unconfirmed,532.771,22.0,0,,,
northern,south,55254,Leverkusen Dönhoffstr. 49 51373,unconfirmed,531.761,22.0,0,,,
northern,south,55255,Leverkusen Dönhoffstraße 13 51373,unconfirmed,531.687,22.0,0,,,
northern,south,55256,Leverkusen Elsa-Brändström-Str. 2z 51373,unconfirmed,530.463,44.0,0,,,
northern,south,55257,Leverkusen Flensburgerstr. 3 51373,unconfirmed,530.439,22.0,0,,,
northern,south,55258,Leverkusen Friedrich-Ebert-Platz 2c 51373,unconfirmed,531.562,44.0,0,,,
northern,south,55259,Leverkusen Friedrich-Ebert-Straße 39 51373,unconfirmed,531.504,30.0,0,,,
northern,south,55260,Leverkusen Görresstr. 1 51373,unconfirmed,530.638,44.0,0,,,
northern,south,55261,Leverkusen Haberstr. 14 51373,unconfirmed,530.837,22.0,0,,,
northern,south,55262,Leverkusen Hardenbergstraße 91 51373,unconfirmed,531.211,44.0,0,,,
northern,south,55263,Leverkusen Hauptstr. 119 51373,unconfirmed,532.111,44.0,0,,,
northern,south,55264,Leverkusen Hauptstraße 101 51373,unconfirmed,532.007,44.0,0,,,
northern,south,55265,Leverkusen Im Eisholz 3 51373,unconfirmed,530.188,44.0,0,,,
northern,south,55266,Leverkusen Kaiser-Wilhelm-Allee 101 51373,unconfirmed,531.415,44.0,0,,,
northern,south,55267,Leverkusen Kaiser-Wilhelm-Allee 70 51373,unconfirmed,531.531,44.0,0,,,
northern,south,55268,Leverkusen Knochenbergsweg 0 51373,unconfirmed,530.977,88.0,0,,,
northern,south,55269,Leverkusen Küppersteger-Str. 28 51373,unconfirmed,531.007,22.0,0,,,
northern,south,55270,Leverkusen Leipziger Straße 24 51373,unconfirmed,530.939,44.0,0,,,
northern,south,55271,Leverkusen Manforter Straße 10 51373,unconfirmed,531.432,44.0,0,,,
northern,south,55272,Leverkusen Manforter Straße 10 51373,unconfirmed,531.357,44.0,0,,,
northern,south,55273,Leverkusen Manforter Straße 72 51373,unconfirmed,531.195,44.0,0,,,
northern,south,55274,Leverkusen Marktplatz 2 51373,unconfirmed,531.761,22.0,0,,,
northern,south,55275,Leverkusen Nobelstrasse 100 51373,unconfirmed,531.978,22.0,0,,,
northern,south,55276,Leverkusen Nobelstrasse 11 51373,unconfirmed,531.849,22.0,0,,,
northern,south,55277,Leverkusen Robert-Blum-Str. 41 51373,unconfirmed,529.727,50.0,0,,,
northern,south,55278,Leverkusen Schulstr. 36 51373,unconfirmed,531.871,22.0,0,,,
northern,south,55279,Leverkusen Schulstraße 6 51373,unconfirmed,531.807,44.0,0,,,
northern,south,55280,Leverkusen Tannenbergstraße 57 51373,unconfirmed,530.974,44.0,0,,,
northern,south,55281,Leverkusen Windthorststraße 77 51373,unconfirmed,530.214,44.0,0,,,
northern,south,55282,Leverkusen Am Gesundheitspark 1 51375,unconfirmed,528.93,308.0,0,,,
northern,south,55283,Leverkusen Am Gesundheitspark 1 51375,unconfirmed,528.93,44.0,0,,,
northern,south,55284,Leverkusen Am Gesundheitspark 1 51375,unconfirmed,528.93,44.0,0,,,
northern,south,55285,Leverkusen Am Gesundheitspark 1 51375,unconfirmed,528.93,44.0,0,,,
northern,south,55286,Leverkusen Am Telegraf 9 51375,unconfirmed,528.327,44.0,0,,,
northern,south,55287,Leverkusen Dechant-Fein-Straße 20 51375,unconfirmed,527.737,44.0,0,,,
northern,south,55288,Leverkusen Dhünnberg 79 51375,unconfirmed,528.534,22.0,0,,,
northern,south,55289,Leverkusen Dillinger Str. 17 51375,unconfirmed,527.975,11.0,0,,,
northern,south,55290,Leverkusen Edelrather Weg 197 51375,unconfirmed,526.074,11.0,0,,,
northern,south,55291,Leverkusen Gezelinallee 16 51375,unconfirmed,527.606,44.0,0,,,
northern,south,55292,Leverkusen Heisterbachstraße 13 51375,unconfirmed,529.341,22.0,0,,,
northern,south,55293,Leverkusen Hermann-Waibel-Straße 10 51375,unconfirmed,528.002,44.0,0,,,
northern,south,55294,Leverkusen Martin-Luther-Straße 2 51375,unconfirmed,527.85,44.0,0,,,
northern,south,55295,Leverkusen Mülheimer Str. 51 51375,unconfirmed,527.975,22.0,0,,,
northern,south,55296,Leverkusen Münsters Gäßchen 7 51375,unconfirmed,527.726,22.0,0,,,
northern,south,55297,Leverkusen Münsters Gäßchen 9 51375,unconfirmed,527.708,22.0,0,,,
northern,south,55298,Leverkusen Paracelsusstraße 15 51375,unconfirmed,529.17,44.0,0,,,
northern,south,55299,Leverkusen Wacholderweg 1A 51375,unconfirmed,527.666,44.0,0,,,
northern,south,55300,Leverkusen Alkenrather Str. 15 51377,unconfirmed,528.417,22.0,0,,,
northern,south,55301,Leverkusen Berliner Str. 2-4 51377,unconfirmed,526.202,144.0,0,,,
northern,south,55302,Leverkusen Berlinerstraße 10 51377,unconfirmed,526.202,44.0,0,,,
northern,south,55303,Leverkusen Charlottenburger Str. 32 51377,unconfirmed,525.964,22.0,0,,,
northern,south,55304,Leverkusen Düppeler Str. 7 51377,unconfirmed,530.103,11.0,0,,,
northern,south,55305,Leverkusen Düppeler Straße 4 51377,unconfirmed,530.082,10.0,0,,,
northern,south,55306,Leverkusen Fichtestr. 31 51377,unconfirmed,525.244,22.0,0,,,
northern,south,55307,Leverkusen Geschwister-Scholl-Str. 50 51377,unconfirmed,528.453,22.0,0,,,
northern,south,55308,Leverkusen Hemmelrather Weg 201 51377,unconfirmed,529.68,110.0,0,,,
northern,south,55309,Leverkusen Kalkstr. 127 51377,unconfirmed,529.574,11.0,0,,,
northern,south,55310,Leverkusen Marie-Curie-Strasse 6 51377,unconfirmed,529.941,22.0,0,,,
northern,south,55311,Leverkusen Mauspfad 13 51377,unconfirmed,529.469,44.0,0,,,
northern,south,55312,Leverkusen Max-Delbrück-Strasse 16 51377,unconfirmed,529.758,22.0,0,,,
northern,south,55313,Leverkusen Norderneystraße 3 51377,unconfirmed,530.453,11.0,0,,,
northern,south,55314,Leverkusen Oswald-Spengler-Str. 56 51377,unconfirmed,526.078,22.0,0,,,
northern,south,55315,Leverkusen Poststr. 5 51377,unconfirmed,530.1,22.0,0,,,
northern,south,55316,Leverkusen Saalestr. 44 51377,unconfirmed,532.936,22.0,0,,,
northern,south,55317,Leverkusen Scharnhorststraße 34 51377,unconfirmed,529.962,44.0,0,,,
northern,south,55318,Leverkusen Schöneberger Str. 2 51377,unconfirmed,525.581,22.0,0,,,
northern,south,55319,Leverkusen Spandauer Str. 13 51377,unconfirmed,525.829,22.0,0,,,
northern,south,55320,Leverkusen Stixchesstr. 137z 51377,unconfirmed,530.466,1600.0,8,,,
northern,south,55321,Leverkusen Stixchestraße 137z 51377,unconfirmed,530.466,150.0,2,,,
northern,south,55322,Leverkusen Syltstr. 12 51377,unconfirmed,530.322,50.0,0,,,
northern,south,55323,Leverkusen Syltstraße 12 51377,unconfirmed,530.315,150.0,2,,,
northern,south,55324,Leverkusen Syltstraße 14 51377,unconfirmed,530.201,900.0,8,,,
northern,south,55325,Leverkusen An St. Remigius 23b 51379,unconfirmed,528.89,22.0,0,,,
northern,south,55326,Leverkusen Bahnstadtchaussee 23 51379,unconfirmed,528.68,44.0,0,,,
northern,south,55327,Leverkusen Berliner Platz 6 51379,unconfirmed,529.037,22.0,0,,,
northern,south,55328,Leverkusen Bielertstr. 16 51379,unconfirmed,529.02,22.0,0,,,
northern,south,55329,Leverkusen Birkenbergstraße 11 51379,unconfirmed,529.148,44.0,0,,,
northern,south,55330,Leverkusen Bonner Str. 2c 51379,unconfirmed,529.777,150.0,2,,,
northern,south,55331,Leverkusen Bonner Str. 7 51379,unconfirmed,529.335,44.0,0,,,
northern,south,55332,Leverkusen Bonner Straße 2c 51379,unconfirmed,529.778,150.0,2,,,
northern,south,55333,Leverkusen Bracknellstraße 38 51379,unconfirmed,529.645,44.0,0,,,
northern,south,55334,Leverkusen Düsseldorferstraße 89 51379,unconfirmed,529.096,44.0,0,,,
northern,south,55335,Leverkusen Emmy-Noether-Straße 3 51379,unconfirmed,528.723,44.0,0,,,
northern,south,55336,Leverkusen Gartenstrasse 15 51379,unconfirmed,529.362,22.0,0,,,
northern,south,55337,Leverkusen Gerhart-Hauptmann-Str. 65 51379,unconfirmed,529.603,22.0,0,,,
northern,south,55338,Leverkusen Gerichtsstr. 11 51379,unconfirmed,529.02,22.0,0,,,
northern,south,55339,Leverkusen Günter-Weisenborn-Straße 21 51379,unconfirmed,529.106,44.0,0,,,
northern,south,55341,Leverkusen Humboldtstr 19 51379,unconfirmed,529.02,22.0,0,,,
northern,south,55342,Leverkusen Kölner Str. 119 51379,unconfirmed,529.315,22.0,0,,,
northern,south,55343,Leverkusen Kölner Str. 189 51379,unconfirmed,529.64,320.0,2,,,
northern,south,55344,Leverkusen Opladener Platz 5 51379,unconfirmed,529.229,44.0,0,,,
northern,south,55345,Leverkusen Pommernstr. 4-6 51379,unconfirmed,528.653,144.0,0,,,
northern,south,55346,Leverkusen Rennbaumplatz 1 51379,unconfirmed,528.829,22.0,0,,,
northern,south,55347,Leverkusen Rhein-Wupper-Platz 13 51379,unconfirmed,529.707,22.0,0,,,
northern,south,55348,Leverkusen Torstraße 15 51379,unconfirmed,528.723,88.0,0,,,
northern,south,55349,Leverkusen Uhlandstraße 2 51379,unconfirmed,529.184,44.0,0,,,
northern,south,55350,Leverkusen Werkstättenstraße 21z 51379,unconfirmed,528.829,44.0,0,,,
northern,south,55351,Leverkusen Akazienweg 13 51381,unconfirmed,526.645,44.0,0,,,
northern,south,55352,Leverkusen Am Hagelkreuz 9 51381,unconfirmed,527.016,44.0,0,,,
northern,south,55353,Leverkusen Am Sonnenhang 26 51381,unconfirmed,525.294,22.0,0,,,
northern,south,55354,Leverkusen Borsigstraße 22 51381,unconfirmed,528.857,150.0,2,,,
northern,south,55355,Leverkusen Breslauer Straße 4 51381,unconfirmed,528.137,44.0,0,,,
northern,south,55356,Leverkusen Feldstr. 56 51381,unconfirmed,528.505,11.0,0,,,
northern,south,55357,Leverkusen Feldstraße 82 51381,unconfirmed,528.614,44.0,0,,,
northern,south,55358,Leverkusen Greifswalder Straße 6 51381,unconfirmed,528.281,44.0,0,,,
northern,south,55359,Leverkusen Görlitzer Straße 14 51381,unconfirmed,528.375,44.0,0,,,
northern,south,55360,Leverkusen Hamberger Str. 108 51381,unconfirmed,524.818,22.0,0,,,
northern,south,55361,Leverkusen Hamberger Str. 16 51381,unconfirmed,525.212,44.0,0,,,
northern,south,55362,Leverkusen Kolberger Straße 12 51381,unconfirmed,528.243,44.0,0,,,
northern,south,55363,Leverkusen Lehner Mühle 4 51381,unconfirmed,526.055,22.0,0,,,
northern,south,55364,Leverkusen Lützenkirchener Str. 111 51381,unconfirmed,528.229,200.0,2,,,
northern,south,55365,Leverkusen Lützenkirchener Str. 111a 51381,unconfirmed,528.224,200.0,2,,,
northern,south,55366,Leverkusen Quettinger Str. 106 51381,unconfirmed,527.41,44.0,0,,,
northern,south,55367,Leverkusen Quettingerstrasse 249 51381,unconfirmed,528.556,22.0,0,,,
northern,south,55368,Leverkusen Schlebuscher Straße 84 51381,unconfirmed,529.275,150.0,2,,,
northern,south,55838,Münster Albert-Schweitzer-Campus 1 48149,unconfirmed,400.456,22.0,0,,,
northern,south,55846,Münster Horstmarer Landweg 59 48149,unconfirmed,397.828,44.0,0,,,
northern,south,55848,Münster Johann-Krane-Weg 0 48149,unconfirmed,396.95,308.0,0,,,
northern,south,55849,Münster Johann-Krane-Weg 18 48149,unconfirmed,397.023,22.0,0,,,
northern,south,55851,Münster Mendelstr. 11 48149,unconfirmed,398.596,88.0,0,,,
northern,south,55855,Münster Von-Esmarch-Str. 48 48149,unconfirmed,399.469,88.0,0,,,
northern,south,55857,Münster Wilhelm-Schickardstr.2 2 48149,unconfirmed,397.271,44.0,0,,,
northern,south,55859,Münster Bischopinkstr. 49 48151,unconfirmed,403.8,44.0,0,,,
northern,south,55956,Münster Haus Uhlenkotten 28 48159,unconfirmed,396.648,1800.0,12,,,
northern,south,55957,Münster Haus Uhlenkotten 28 48159,unconfirmed,396.627,2000.0,8,,,
northern,south,55958,Münster Idenbrockplatz 20 48159,unconfirmed,395.232,110.0,0,,,
northern,south,55959,Münster Josef-Beckmann-Str. 21 48159,unconfirmed,395.289,44.0,0,,,
northern,south,55960,Münster Steinfurter Str. 166 48159,unconfirmed,396.824,97.0,0,,,
northern,south,55961,Münster Weißdornweg 40 48159,unconfirmed,391.093,44.0,0,,,
northern,south,55962,Münster Westhoffstr. 1 48159,unconfirmed,395.865,450.0,4,,,
northern,south,55963,Münster Wilkinghege 41 48159,unconfirmed,396.514,22.0,0,,,
northern,south,55964,Münster Dingbängerweg 349 48161,road_route_found_entrance_unverified,402.073,22.0,0,2238.8,2347.5,5.8
northern,south,55965,Münster Feldstiege 54 48161,unconfirmed,396.941,22.0,0,,,
northern,south,55966,Münster Feldstiege 8 48161,unconfirmed,396.543,22.0,0,,,
northern,south,55967,Münster Heinrich-Ebel-Str. 2 48161,unconfirmed,399.861,22.0,0,,,
northern,south,55968,Münster Hermann-Hesse-Straße 9 48161,unconfirmed,397.032,44.0,0,,,
northern,south,55969,Münster Im Derdel 4 48161,road_route_found_entrance_unverified,402.073,33.0,0,1697.7,1719.2,3.1
northern,south,55970,Münster Luise-Rappoport-Weg 8 48161,unconfirmed,400.366,44.0,0,,,
northern,south,55971,Münster Raststätte Münsterland Ost 0 48161,unconfirmed,402.765,160.0,2,,,
northern,south,55972,Münster Raststätte Münsterland West 0 48161,road_route_found_entrance_unverified,402.073,160.0,2,327.6,331.4,9.5
northern,south,55973,Münster Roxeler Str. 416-420 48161,unconfirmed,401.236,22.0,0,,,
northern,south,55974,Münster Roxeler Str. 418 48161,unconfirmed,401.287,22.0,0,,,
northern,south,55975,Münster Roxeler Straße 420 48161,unconfirmed,401.171,44.0,0,,,
northern,south,55976,Münster Schulte-Hermann-Str. 9 48161,road_route_found_entrance_unverified,402.073,66.0,0,2093.9,2153.8,7.8
northern,south,55977,Münster Sebastianstr. 3 48161,unconfirmed,396.414,88.0,0,,,
northern,south,55978,Münster Sentruper Str. 315 48161,unconfirmed,402.51,66.0,0,,,
northern,south,55979,Münster Toppheideweg 28 48161,unconfirmed,398.515,44.0,0,,,
northern,south,55980,Münster Am Kattwinkel 244 48163,unconfirmed,407.397,44.0,0,,,
northern,south,55981,Münster Am Lindenkamp 31 48163,unconfirmed,405.28,44.0,0,,,
northern,south,55982,Münster Amelsbürener Str. 211 48163,unconfirmed,409.196,44.0,0,,,
northern,south,55984,Münster Brockmannstr. 188 48163,unconfirmed,404.912,11.0,0,,,
northern,south,55985,Münster Brockmannstraße 104 48163,unconfirmed,404.609,44.0,0,,,
northern,south,55986,Münster Harkortstr. 30 48163,unconfirmed,405.207,22.0,0,,,
northern,south,55987,Münster Harkortstraße 30 48163,unconfirmed,405.195,22.0,0,,,
northern,south,55988,Münster Hartmannsbrook 141 48163,road_route_found_entrance_unverified,409.314,150.0,0,2941.4,3093.3,1.0
northern,south,55989,Münster Hartmannsbrook 141 48163,unconfirmed,410.332,150.0,0,,,
northern,south,55990,Münster Hartmannsbrook 141 48163,road_route_found_entrance_unverified,409.314,150.0,0,2903.5,3004.3,3.1
northern,south,55991,Münster Hartmannsbrook 141 48163,unconfirmed,410.332,150.0,0,,,
northern,south,55992,Münster Hartmannsbrook 141 48163,road_route_found_entrance_unverified,409.314,150.0,0,2903.1,3004.8,2.2
northern,south,55993,Münster Hartmannsbrook 141 48163,unconfirmed,410.332,150.0,0,,,
northern,south,55994,Münster Kopenhagener Str. 19 48163,road_route_found_entrance_unverified,409.314,450.0,4,1434.2,1536.3,11.0
northern,south,55995,Münster Kölner Str. 1 48163,road_route_found_entrance_unverified,409.314,150.0,0,1079.4,1275.4,12.8
northern,south,55996,Münster Kölner Straße 1 48163,road_route_found_entrance_unverified,409.314,75.0,0,1079.4,1275.4,12.8
northern,south,55997,Münster Meyerbeerstraße 32-38 48163,unconfirmed,405.032,22.0,0,,,
northern,south,55998,Münster Ottmarsbocholer Straße 3 48163,unconfirmed,409.816,44.0,0,,,
northern,south,55999,Münster Weseler Str. 383 48163,unconfirmed,404.492,150.0,2,,,
northern,south,56000,Münster Weseler Str. 535 48163,unconfirmed,404.967,150.0,2,,,
northern,south,56001,Münster Weseler Str. 693 48163,unconfirmed,405.084,640.0,2,,,
northern,south,56002,Münster Weseler Str. 693 48163,unconfirmed,405.091,44.0,0,,,
northern,south,56003,Münster Weseler Str. 729 48163,unconfirmed,405.071,75.0,0,,,
northern,south,56004,Münster Weseler Str. 729-735 48163,unconfirmed,404.693,75.0,0,,,
northern,south,56005,Münster Weseler Str. 939 48163,unconfirmed,404.798,300.0,0,,,
northern,south,56006,Münster Weseler Straße 693 48163,unconfirmed,405.083,47.0,0,,,
northern,south,56007,Münster Weseler Straße 729-735 48163,unconfirmed,405.071,4.1,0,,,
northern,south,56293,Remscheid Adolfstr. 0 42853,road_route_found_entrance_unverified,508.408,300.0,2,268.4,180.6,11.2
northern,south,56297,Remscheid Engelspassage 10 42853,unconfirmed,505.668,308.0,0,,,
northern,south,56298,Remscheid Hackenberger Straße 107 42853,unconfirmed,502.828,220.0,0,,,
northern,south,56299,Remscheid Konrad-Adenauer-Straße 2-4 42853,unconfirmed,505.563,132.0,0,,,
northern,south,56300,Remscheid Scharffstr. 5 42853,unconfirmed,505.468,400.0,4,,,
northern,south,56301,Remscheid Theodor-Heuss-Platz 7 42853,unconfirmed,505.461,44.0,0,,,
northern,south,56302,Remscheid Auf dem Knapp 19 42855,road_route_found_entrance_unverified,505.59,2000.0,10,995.5,1103.8,4.4
northern,south,56304,Remscheid Lenneper Str. 166 42855,road_route_found_entrance_unverified,505.59,44.0,0,961.8,924.3,8.1
northern,south,56305,Remscheid Lenneper Str. 4 42855,unconfirmed,507.666,88.0,0,,,
northern,south,56306,Remscheid Neuenkamper Str. 21 42855,unconfirmed,506.079,600.0,6,,,
northern,south,56307,Remscheid Neuenkamper Str. 26 42855,unconfirmed,506.242,60.0,0,,,
northern,south,56308,Remscheid Neuenkamper Str. 48 42855,unconfirmed,506.27,150.0,2,,,
northern,south,56309,Remscheid Neuenkamper Str. 71 42855,unconfirmed,506.141,88.0,0,,,
northern,south,56311,Remscheid Ueberfelder Strasse 23-25 42855,road_route_found_entrance_unverified,505.59,176.0,0,1252.8,1359.3,21.5
northern,south,56316,Remscheid Kremenholl 43 42857,unconfirmed,510.413,11.0,0,,,
northern,south,56317,Remscheid Martinstraße 5 42857,unconfirmed,510.288,88.0,0,,,
northern,south,56321,Remscheid Burger Straße 211 42859,unconfirmed,510.363,200.0,0,,,
northern,south,56322,Remscheid Papenberg 10 42859,unconfirmed,510.116,11.0,0,,,
northern,south,56323,Remscheid Raststätte Remscheid Ost 0 42859,road_route_found_entrance_unverified,508.408,98.0,0,751.9,822.0,8.6
northern,south,56324,"Remscheid Raststätte Remscheid West, A1 0 42859",road_route_found_entrance_unverified,508.408,100.0,0,268.4,180.6,11.2
northern,south,56325,Remscheid Talsperre 0 42859,road_route_found_entrance_unverified,508.408,350.0,1,794.1,779.8,4.6
northern,south,56326,Remscheid Talsperre 0 42859,road_route_found_entrance_unverified,508.408,350.0,1,794.1,779.8,4.6
northern,south,56327,Remscheid Willy-Brandt-Platz 1 42859,unconfirmed,506.073,450.0,4,,,
northern,south,56328,Remscheid Alte-Kölner-Straße 12 42897,road_route_found_entrance_unverified,505.59,88.0,0,2280.8,2247.4,0.8
northern,south,56329,Remscheid Borner Str. 35 42897,road_route_found_entrance_unverified,505.59,44.0,0,2456.6,2455.3,17.8
northern,south,56330,Remscheid Borner Straße 23 42897,unconfirmed,506.171,66.0,0,,,
northern,south,56331,Remscheid Emil-Nohl-Str. 70 42897,unconfirmed,503.462,88.0,0,,,
northern,south,56332,Remscheid Engelsburg 2 42897,unconfirmed,506.991,22.0,0,,,
northern,south,56333,Remscheid Fritz-Reuter-Str. 17 42897,road_route_found_entrance_unverified,503.449,300.0,2,2853.4,2903.1,9.8
northern,south,56334,Remscheid Karlstr. 2 42897,road_route_found_entrance_unverified,503.449,6.0,0,2227.0,2296.7,7.0
northern,south,56336,Remscheid Lüttringhauser Str. 82 42897,road_route_found_entrance_unverified,503.449,22.0,0,1069.7,1138.4,2.9
northern,south,56337,Remscheid Tenter Weg 1-3 42897,road_route_found_entrance_unverified,505.59,110.0,0,2777.5,2605.9,16.5
northern,south,56338,Remscheid Thüringsberg 15 42897,road_route_found_entrance_unverified,503.449,88.0,0,2160.4,2331.9,7.7
northern,south,56339,Remscheid Trecknase 7-9 42897,road_route_found_entrance_unverified,505.59,1200.0,8,2270.3,2335.9,5.8
northern,south,56340,Remscheid Albert-Tillmanns-Weg 4 42899,road_route_found_entrance_unverified,503.449,22.0,0,2433.8,2164.2,11.6
northern,south,56341,Remscheid Dreherstr. 22 42899,unconfirmed,499.935,11.0,0,,,
northern,south,56342,Remscheid Gertenbachstraße 32 42899,road_route_found_entrance_unverified,503.449,88.0,0,2333.2,1861.7,5.4
northern,south,56343,Remscheid Lüttringhauser Straße 131 42899,road_route_found_entrance_unverified,503.449,44.0,0,642.8,681.0,11.3
northern,south,56344,Remscheid Olper Höhe 4 42899,unconfirmed,501.635,22.0,0,,,
northern,south,56345,Remscheid Remscheider Str. 149 42899,unconfirmed,504.36,44.0,0,,,
northern,south,56346,Remscheid Remscheider Straße 69 42899,unconfirmed,503.837,88.0,0,,,
northern,south,56418,Solingen In der Planke 3 42659,unconfirmed,514.804,44.0,0,,,
northern,south,56544,Wuppertal Berliner Str. 112 42275,unconfirmed,495.352,44.0,0,,,
northern,south,56545,Wuppertal Bleicherstraße 24 42275,unconfirmed,496.636,44.0,0,,,
northern,south,56546,Wuppertal Gemarker Ufer 23 42275,unconfirmed,496.599,44.0,0,,,
northern,south,56547,Wuppertal Kleine Flurstraße 6 42275,unconfirmed,496.532,44.0,0,,,
northern,south,56548,Wuppertal Paul-Humburg-Str. 10 42275,unconfirmed,496.592,88.0,0,,,
northern,south,56549,Wuppertal Zur Werther Brücke 2 42275,unconfirmed,496.504,44.0,0,,,
northern,south,56550,Wuppertal Am Diek 105 42277,unconfirmed,492.11,71.0,0,,,
northern,south,56551,Wuppertal Berliner Platz 15 42277,unconfirmed,495.254,44.0,0,,,
northern,south,56552,Wuppertal Hilgershöhe 61 42277,road_route_found_entrance_unverified,492.331,44.0,0,2291.5,6308.2,11.4
northern,south,56553,Wuppertal Hilgershöhe 63 42277,road_route_found_entrance_unverified,492.331,44.0,0,2291.5,6308.2,11.4
northern,south,56554,Wuppertal Sonnenstraße 152 42277,road_route_found_entrance_unverified,492.331,44.0,0,2314.4,6555.5,8.0
northern,south,56555,Wuppertal Teichstr. 22 42277,unconfirmed,495.155,44.0,0,,,
northern,south,56556,Wuppertal Togostr. 15 42277,road_route_found_entrance_unverified,492.331,44.0,0,2227.4,6373.8,10.8
northern,south,56557,Wuppertal Togostr. 15 42277,road_route_found_entrance_unverified,492.331,44.0,0,2227.4,6373.8,10.8
northern,south,56559,Wuppertal Einern 149 42279,unconfirmed,491.633,100.0,0,,,
northern,south,56560,Wuppertal Haßlinghauser Str. 155 42279,unconfirmed,489.943,44.0,0,,,
northern,south,56561,Wuppertal Löhrerlen 64 42279,road_route_found_entrance_unverified,492.331,11.0,0,2242.7,5796.8,8.7
northern,south,56562,Wuppertal Mollenkotten 195 42279,unconfirmed,489.943,44.0,0,,,
northern,south,56563,Wuppertal Porschestrasse 1 42279,unconfirmed,490.089,94.0,0,,,
northern,south,56564,Wuppertal Schmiedestr. 91 42279,unconfirmed,489.943,600.0,4,,,
northern,south,56565,Wuppertal Schmiedestraße 16 42279,unconfirmed,489.78,44.0,0,,,
northern,south,56566,Wuppertal Schmiedestraße 61 42279,unconfirmed,489.783,84.0,0,,,
northern,south,56567,Wuppertal Wittener Str. 326 42279,unconfirmed,490.015,600.0,4,,,
northern,south,56570,Wuppertal Große Flurstraße 41 42281,unconfirmed,496.592,44.0,0,,,
northern,south,56575,Wuppertal Wittensteinstraße 320 42281,unconfirmed,496.752,44.0,0,,,
northern,south,56577,Wuppertal Friedrich-Engels-Allee 369 42283,unconfirmed,496.788,44.0,0,,,
northern,south,56578,Wuppertal Große Hakenstr. 30 42283,unconfirmed,496.683,22.0,0,,,
northern,south,56580,Wuppertal Ibachstraße 0 42283,unconfirmed,496.726,44.0,0,,,
northern,south,56582,Wuppertal Friedrich-Engels-Allee 291 42285,unconfirmed,496.865,88.0,0,,,
northern,south,56583,Wuppertal Oberbergische Str. 63 42285,unconfirmed,497.091,44.0,0,,,
northern,south,56584,Wuppertal Oberbergische Str. 91 42285,unconfirmed,497.214,88.0,0,,,
northern,south,56585,Wuppertal Oberbergische Straße 0 42285,unconfirmed,497.535,172.0,2,,,
northern,south,56586,Wuppertal Oberbergische Straße 200 42285,unconfirmed,497.485,450.0,4,,,
northern,south,56588,Wuppertal Heinz-Fangman-Str. 6 42287,unconfirmed,497.652,22.0,0,,,
northern,south,56589,Wuppertal Heinz-Fangman-Straße 18 42287,unconfirmed,497.79,22.0,0,,,
northern,south,56590,Wuppertal Jägerhaus 83 42287,road_route_found_entrance_unverified,499.592,44.0,0,2039.6,1936.8,12.0
northern,south,56591,Wuppertal Obere Lichtenplatzer Str. 300 42287,unconfirmed,497.325,300.0,2,,,
northern,south,56592,Wuppertal Albertstr. 42-46 42289,unconfirmed,496.504,72.0,0,,,
northern,south,56593,Wuppertal An der Bergbahn 26 42289,unconfirmed,496.683,44.0,0,,,
northern,south,56594,Wuppertal Heckinghauser Str. 36 42289,unconfirmed,496.505,300.0,2,,,
northern,south,56596,Wuppertal Krebsstr. 5 42289,unconfirmed,496.207,44.0,0,,,
northern,south,56597,Wuppertal Rübenstr. 60 42289,unconfirmed,495.314,150.0,2,,,
northern,south,56598,Wuppertal Untere Lichtenplatzer Str. 100 42289,unconfirmed,496.661,44.0,0,,,
northern,south,56599,Wuppertal Widukindstr. 97 42289,unconfirmed,495.348,300.0,2,,,
northern,south,56600,Wuppertal Widukindstraße 97 42289,unconfirmed,495.314,150.0,2,,,
northern,south,56628,Wuppertal An der Blutfinke 70 42369,unconfirmed,499.367,44.0,0,,,
northern,south,56629,Wuppertal Ascheweg 16 42369,unconfirmed,499.367,44.0,0,,,
northern,south,56630,Wuppertal Erbschlöer Str. 164 42369,unconfirmed,499.145,150.0,2,,,
northern,south,56631,Wuppertal In der Krim 4 42369,unconfirmed,499.367,400.0,4,,,
northern,south,56632,Wuppertal Kocherstraße 16 42369,unconfirmed,499.415,44.0,0,,,
northern,south,56633,Wuppertal Marktstraße 32 42369,unconfirmed,499.367,44.0,0,,,
northern,south,56634,Wuppertal Staasstr. 8 42369,unconfirmed,499.354,44.0,0,,,
northern,south,56635,Wuppertal Autobahnraststätte Ehrenberg West 0 42389,road_route_found_entrance_unverified,494.84,243.0,2,136.7,242.6,8.3
northern,south,56636,Wuppertal Dahlerstr. 34 42389,road_route_found_entrance_unverified,492.331,315.0,2,1765.2,6808.2,5.8
northern,south,56637,Wuppertal Dieselstraße 65 42389,road_route_found_entrance_unverified,492.331,5000.0,20,1110.2,5982.4,9.8
northern,south,56638,Wuppertal Ehrenberger Straße 130 42389,road_route_found_entrance_unverified,492.331,11.0,0,2799.5,8221.8,6.4
northern,south,56639,Wuppertal Pommernstraße 4 42389,road_route_found_entrance_unverified,492.331,44.0,0,2100.9,7179.2,7.5
northern,south,56640,Wuppertal Raststätte Kucksiepen BAB1 42389,unconfirmed,494.744,98.0,0,,,
northern,south,56643,Wuppertal Mispelweg 9 42399,unconfirmed,494.657,11.0,0,,,
northern,south,64274,Bad Schwartau Albert-Schweitzer-Straße 126 23611,road_route_found_entrance_unverified,63.395,44.0,0,2048.5,2611.8,9.1
northern,south,64275,Bad Schwartau Auguststr. 3 23611,road_route_found_entrance_unverified,63.395,50.0,0,2103.5,2112.6,7.5
northern,south,64276,Bad Schwartau Auguststr. 3 23611,road_route_found_entrance_unverified,63.395,50.0,0,2103.5,2112.6,7.5
northern,south,64277,Bad Schwartau Haydnring 72 23611,unconfirmed,62.292,44.0,0,,,
northern,south,64278,Bad Schwartau Loog 7 23611,unconfirmed,63.307,577.0,2,,,
northern,south,64279,Bad Schwartau Loog 7 23611,unconfirmed,63.327,176.0,0,,,
northern,south,64280,Bad Schwartau Markt 7 23611,road_route_found_entrance_unverified,63.395,22.0,0,2335.7,2421.4,6.5
northern,south,64281,Bad Schwartau Markttwiete 12 23611,road_route_found_entrance_unverified,63.395,22.0,0,2138.5,2113.7,8.2
northern,south,64282,Bad Schwartau Tremskamp 29 23611,unconfirmed,63.365,1200.0,6,,,
northern,south,64283,Bad Schwartau Zentralparkplatz 1 23611,road_route_found_entrance_unverified,63.395,137.0,0,2245.1,2290.0,4.2
northern,south,64284,Bad Schwartau Zentralparkplatz 1 23611,road_route_found_entrance_unverified,63.395,44.0,0,2139.5,2112.7,11.3
northern,south,64285,Ratekau Bruhnstraße 70 23611,unconfirmed,60.347,11.0,0,,,
northern,south,64286,Sereetz Berliner Straße 53 23611,unconfirmed,59.984,44.0,0,,,
northern,south,64287,Sereetz Berliner Straße 76 23611,unconfirmed,59.984,44.0,0,,,
northern,south,64288,Sereetz Dänischburger Landstr. 13 23611,unconfirmed,60.403,720.0,4,,,
northern,south,64290,Stockelsdorf Pohnsdorfer Landstr. 4 23617,unconfirmed,63.69,308.0,0,,,
northern,south,64291,Stockelsdorf Schillerstraße 3 23617,unconfirmed,65.326,22.0,0,,,
northern,south,64292,Stockelsdorf Segeberger Str. 16-22 23617,road_route_found_entrance_unverified,66.135,44.0,0,1702.5,2173.8,19.0
northern,south,64293,Stockelsdorf Segeberger Str. 25 23617,road_route_found_entrance_unverified,66.135,200.0,2,1672.8,2147.4,14.6
northern,south,64297,Ratekau Bäderstraße 19 23626,road_route_found_entrance_unverified,56.494,44.0,0,1098.4,1002.4,17.7
northern,south,64298,Ratekau Bäderstraße 19 23626,road_route_found_entrance_unverified,56.494,44.0,0,1098.4,1002.4,17.0
northern,south,64299,Ratekau Rosenstr. 1 23626,road_route_found_entrance_unverified,56.494,150.0,2,1319.0,1234.6,7.4
northern,south,64302,Timmendorfer Strand Am Kurpark 10 23669,unconfirmed,51.45,22.0,0,,,
northern,south,64305,Timmendorfer Strand Dorfstr. 30 23669,unconfirmed,52.283,44.0,0,,,
northern,south,64306,Timmendorfer Strand Dorfstr. 30 Z 23669,unconfirmed,52.286,44.0,0,,,
northern,south,64307,Timmendorfer Strand Höppnerweg 10 23669,unconfirmed,51.883,44.0,0,,,
northern,south,64308,Timmendorfer Strand Höppnerweg 7 23669,unconfirmed,51.883,44.0,0,,,
northern,south,64309,Timmendorfer Strand Höppnerweg 7 Z 23669,unconfirmed,51.883,88.0,0,,,
northern,south,64311,Timmendorfer Strand Poststr. 14 23669,unconfirmed,51.733,44.0,0,,,
northern,south,64312,Timmendorfer Strand Poststraße 14 23669,unconfirmed,51.733,44.0,0,,,
northern,south,64313,Timmendorfer Strand Poststraße 14 Z 23669,unconfirmed,51.733,44.0,0,,,
northern,south,64314,Timmendorfer Strand Roggenkamp 3 23669,unconfirmed,55.477,11.0,0,,,
northern,south,64315,Timmendorfer Strand Ruppersdorfer Weg 18 23669,unconfirmed,52.521,11.0,0,,,
northern,south,64316,Timmendorfer Strand Schmilinskystr. 2 23669,unconfirmed,51.444,22.0,0,,,
northern,south,64317,Timmendorfer Strand Seestraße 3 23669,unconfirmed,55.049,44.0,0,,,
northern,south,64320,Timmendorfer Strand Strandallee 42 23669,unconfirmed,51.058,44.0,0,,,
northern,south,64321,Timmendorfer Strand Strandallee 42 Z 23669,unconfirmed,51.057,44.0,0,,,
northern,south,64322,Timmendorfer Strand Strandallee 60 23669,unconfirmed,51.354,44.0,0,,,
northern,south,64323,Timmendorfer Strand Strandallee 84 23669,unconfirmed,51.645,44.0,0,,,
northern,south,64327,Timmendorfer Strand Vogelsang 6-8 23669,unconfirmed,52.347,11.0,0,,,
northern,south,64328,Timmendorfer Strand Vogelsang 6-8 23669,unconfirmed,52.347,50.0,0,,,
northern,south,64331,Timmendorfer Strand Wohldstr. 24 23669,unconfirmed,51.439,88.0,0,,,
northern,south,64332,Scharbeutz Bahnhofstraße 48z 23683,road_route_found_entrance_unverified,44.615,44.0,0,1537.7,1469.3,7.1
northern,south,64333,Scharbeutz Bormwiese 1 23683,road_route_found_entrance_unverified,44.615,1300.0,8,466.3,388.1,7.6
northern,south,64334,Scharbeutz Bormwiese 1 23683,road_route_found_entrance_unverified,44.615,22.0,0,482.9,459.1,13.3
northern,south,64335,Scharbeutz Fischerstieg Ecke Badeweg 0 23683,unconfirmed,48.155,44.0,0,,,
northern,south,64336,Scharbeutz Glockenstr. 2 23683,unconfirmed,48.432,44.0,0,,,
northern,south,64337,Scharbeutz Konsulweg 8z 23683,unconfirmed,48.6,44.0,0,,,
northern,south,64338,Scharbeutz Muschelstieg 0 23683,unconfirmed,48.049,88.0,0,,,
northern,south,64339,Scharbeutz Ostseestraße 1 23683,unconfirmed,48.333,44.0,0,,,
northern,south,64340,Scharbeutz Pönitzer Chaussee 1 23683,road_route_found_entrance_unverified,46.712,88.0,0,1887.4,1811.0,8.7
northern,south,64341,Scharbeutz Seestr. 63 23683,unconfirmed,48.374,200.0,2,,,
northern,south,64342,Scharbeutz Seestraße 11z 23683,unconfirmed,48.155,44.0,0,,,
northern,south,64343,Scharbeutz Strandallee 0 23683,unconfirmed,49.127,44.0,0,,,
northern,south,64344,Scharbeutz Strandallee 12z 23683,road_route_found_entrance_unverified,44.615,44.0,0,2452.8,2406.3,25.2
northern,south,64345,Scharbeutz Strandallee 130a 23683,road_route_found_entrance_unverified,46.712,11.0,0,2990.0,2704.6,9.5
northern,south,64346,Scharbeutz Strandallee 98b 23683,road_route_found_entrance_unverified,46.712,44.0,0,2248.7,2327.6,6.3
northern,south,64347,Scharbeutz Trelleborgstraße 1z 23683,road_route_found_entrance_unverified,46.712,44.0,0,2836.2,2524.7,9.5
northern,south,64348,Scharbeutz Waldweg 1 23683,unconfirmed,45.047,44.0,0,,,
northern,south,64349,Scharbeutz Wennseestraße 0 23683,unconfirmed,48.573,44.0,0,,,
northern,south,64350,Scharbeutz Wiesenweg 1z 23683,road_route_found_entrance_unverified,44.615,44.0,0,2192.8,2118.5,9.7
northern,south,64351,Pönitz Gustav-Friedrich-Meyer-Straße 1 23684,unconfirmed,46.216,44.0,0,,,
northern,south,64352,Pönitz Gustav-Friedrich-Meyer-Straße 1 1 23684,unconfirmed,46.216,44.0,0,,,
northern,south,64353,Scharbeutz Gronenberger Mühle 2 23684,unconfirmed,46.53,88.0,0,,,
northern,south,64356,Scharbeutz Seestraße 43z 23684,unconfirmed,47.592,44.0,0,,,
northern,south,64357,Techau Dorfstr. 998 23689,unconfirmed,53.906,22.0,0,,,
northern,south,64383,Süsel Pastor-Dr.-Fuchs-Weg 0 23701,unconfirmed,43.798,44.0,0,,,
northern,south,64400,Altenkrempe Allee 97 23730,unconfirmed,34.095,22.0,0,,,
northern,south,64401,Neu Am Gogenkoog 0 23730,unconfirmed,37.695,22.0,0,,,
northern,south,64402,Neustadt i.H. Rettiner Weg 77 23730,unconfirmed,34.361,344.0,0,,,
northern,south,64403,Neustadt in Holstein Akazienweg 0 23730,unconfirmed,34.88,44.0,0,,,
northern,south,64404,Neustadt in Holstein Am Binnenwasser 24 23730,unconfirmed,34.896,44.0,0,,,
northern,south,64405,Neustadt in Holstein Am Kiebitzberg 10 23730,unconfirmed,38.898,44.0,0,,,
northern,south,64406,Neustadt in Holstein An der Wiek 7-15 23730,unconfirmed,39.021,374.0,0,,,
northern,south,64407,Neustadt in Holstein An der Wiek 7-15 23730,unconfirmed,39.01,242.0,0,,,
northern,south,64411,Neustadt in Holstein Eutiner Str. 71 23730,road_route_found_entrance_unverified,39.226,75.0,0,1905.2,1854.7,17.2
northern,south,64412,Neustadt in Holstein Eutiner Straße 47 23730,road_route_found_entrance_unverified,39.226,72.0,0,2332.2,2245.4,3.6
northern,south,64413,Neustadt in Holstein Holmer Weg 16 23730,unconfirmed,39.406,44.0,0,,,
northern,south,64414,Neustadt in Holstein Kirchhofsallee 12 23730,unconfirmed,34.678,22.0,0,,,
northern,south,64415,Neustadt in Holstein Klosterstr. 1 23730,unconfirmed,35.243,22.0,0,,,
northern,south,64416,Neustadt in Holstein Klosterstraße 1 23730,unconfirmed,35.247,50.0,0,,,
northern,south,64417,Neustadt in Holstein Lindenweg 1 23730,unconfirmed,38.771,22.0,0,,,
northern,south,64418,Neustadt in Holstein Neustädter Bucht Ost 0 23730,unconfirmed,42.742,93.0,0,,,
northern,south,64419,Neustadt in Holstein Neustädter Bucht West 0 23730,road_route_found_entrance_unverified,42.18,93.0,0,251.8,423.7,4.0
northern,south,64420,Neustadt in Holstein Reiferbahn 2 23730,road_route_found_entrance_unverified,39.226,50.0,0,2992.6,2914.0,4.9
northern,south,64421,Neustadt in Holstein Sandberger Weg 88 23730,unconfirmed,38.771,150.0,2,,,
northern,south,64423,Neustadt in Holstein Sierksdorfer Str. 19 23730,road_route_found_entrance_unverified,39.226,150.0,2,1731.3,1639.1,5.9
northern,south,64424,Neustadt in Holstein Sierksdorfer Str. 39 23730,road_route_found_entrance_unverified,39.226,44.0,0,1477.1,1435.6,30.6
northern,south,64425,Neustadt in Holstein Sierksdorfer Str. 8 23730,road_route_found_entrance_unverified,39.226,1200.0,6,1648.3,1634.1,1.7
northern,south,64427,Neustadt in Holstein Westpreußenring 22 23730,road_route_found_entrance_unverified,33.647,22.0,0,2981.7,3236.2,16.1
northern,south,64429,Neustadt/Holstein Eutiner Straße 59 23730,road_route_found_entrance_unverified,39.226,150.0,2,1903.3,1801.4,7.0
northern,south,64433,Sierksdorf Am Fahrenkrog 0 23730,unconfirmed,41.984,44.0,0,,,
northern,south,64434,Sierksdorf Am Fahrenkrog 12 23730,unconfirmed,41.784,22.0,0,,,
northern,south,64435,Sierksdorf Raststätte Neustädter Bucht Ost 0 23730,unconfirmed,42.696,98.0,0,,,
northern,south,64436,Sierksdorf Raststätte Neustädter Bucht West 0 23730,road_route_found_entrance_unverified,42.18,98.0,0,311.3,389.5,8.8
northern,south,64437,Sierksdorf Wagrienring 3-13 23730,road_route_found_entrance_unverified,39.226,154.0,0,1636.1,1660.1,28.7
northern,south,64438,Lensahn Bäderstr. 8a 23738,road_route_found_entrance_unverified,22.135,22.0,0,1297.0,1295.2,12.6
northern,south,64439,Lensahn Dieselstr. 4 23738,road_route_found_entrance_unverified,22.135,100.0,0,717.2,711.7,5.0
northern,south,64440,Lensahn Dieselstraße 2 23738,road_route_found_entrance_unverified,22.135,72.0,0,689.0,673.5,6.2
northern,south,64441,Lensahn Dieselstraße 4 23738,road_route_found_entrance_unverified,22.135,93.0,0,718.7,710.3,5.4
northern,south,64442,Lensahn Doktor-Julius-Stinde-Straße 0 23738,road_route_found_entrance_unverified,22.135,44.0,0,2156.6,2129.7,20.3
northern,south,64443,Lensahn Eutiner Str. 4a 23738,road_route_found_entrance_unverified,22.135,44.0,0,1632.9,1601.0,9.6
northern,south,64444,Lensahn Eutiner Straße 2 23738,road_route_found_entrance_unverified,22.135,44.0,0,1632.9,1601.0,2.6
northern,south,64445,Lensahn Lübecker Straße 28 23738,road_route_found_entrance_unverified,22.135,44.0,0,2067.2,2036.3,11.5
northern,south,64446,Lensahn Zum Windpark 9 23738,unconfirmed,22.067,66.0,0,,,
northern,south,64481,Gremersdorf Bankendorfer Weg 1 23758,road_route_found_entrance_unverified,6.878,300.0,2,402.0,512.5,2.9
northern,south,64482,Oldenburg in Holstein Am Rathsland 19 23758,unconfirmed,11.267,22.0,0,,,
northern,south,64483,Oldenburg in Holstein Am Voßberg 18 23758,unconfirmed,11.11,44.0,0,,,
northern,south,64484,Oldenburg in Holstein Am Voßberg 4c 23758,unconfirmed,11.224,150.0,2,,,
northern,south,64485,Oldenburg in Holstein Am Voßberg 6 23758,unconfirmed,11.224,150.0,2,,,
northern,south,64486,Oldenburg in Holstein Dannauer Bruch 1 23758,road_route_found_entrance_unverified,13.343,150.0,2,626.8,735.2,5.8
northern,south,64487,Oldenburg in Holstein Holsteiner Straße 2 23758,road_route_found_entrance_unverified,13.998,90.0,0,1668.7,1619.5,5.4
northern,south,64488,Oldenburg in Holstein Hopfenmarkt 0 23758,road_route_found_entrance_unverified,13.998,44.0,0,2176.9,1761.5,5.5
northern,south,64489,Oldenburg in Holstein Kieler Chaussee 0 23758,road_route_found_entrance_unverified,13.998,44.0,0,2717.8,2660.5,0.7
northern,south,64490,Oldenburg in Holstein Kieler Chaussee 4a 23758,road_route_found_entrance_unverified,13.998,2000.0,8,711.2,682.4,2.9
northern,south,64491,Oldenburg in Holstein Schuhstraße 0 23758,road_route_found_entrance_unverified,13.998,33.0,0,908.7,914.2,14.6
northern,south,64513,Heiligenhafen Am Jachthafen 0 23774,road_route_found_entrance_unverified,3.11,1350.0,12,2239.5,2534.7,34.2
northern,south,64514,Heiligenhafen Am Jachthafen 4A 23774,road_route_found_entrance_unverified,3.11,88.0,0,2433.9,2538.5,18.5
northern,south,64515,Heiligenhafen An der E 47 0 23774,unconfirmed,2.134,300.0,2,,,
northern,south,64516,Heiligenhafen An der E 47 0 23774,unconfirmed,2.134,300.0,2,,,
northern,south,64517,Heiligenhafen Höhenweg 2 23774,road_route_found_entrance_unverified,3.11,150.0,2,496.6,708.5,5.3
northern,south,64518,Heiligenhafen Höhenweg 4 23774,road_route_found_entrance_unverified,3.11,1200.0,8,607.7,783.9,0.5
northern,south,64519,Heiligenhafen Industriestr. 3 23774,unconfirmed,0.373,2400.0,8,,,
northern,south,64520,Heiligenhafen Seepromenade 4 23774,unconfirmed,2.601,22.0,0,,,
northern,south,64521,Heiligenhafen Steinwarder 1003 23774,unconfirmed,2.701,88.0,0,,,
northern,south,64522,Heiligenhafen Sundweg 113 23774,unconfirmed,0.444,72.0,0,,,
northern,south,64523,Heiligenhafen Wendstraße 19 23774,road_route_found_entrance_unverified,3.11,33.0,0,1837.5,1962.9,11.0
northern,south,65701,Glinde Am Sportplatz 1 21509,unconfirmed,115.994,44.0,0,,,
northern,south,65702,Glinde Am Sportplatz 33 21509,unconfirmed,115.922,44.0,0,,,
northern,south,65703,Glinde An der alten Wache 0 21509,unconfirmed,115.881,44.0,0,,,
northern,south,65704,Glinde An der Au 14 21509,unconfirmed,116.427,44.0,0,,,
northern,south,65710,Glinde Blockhorner Allee 9 21509,unconfirmed,116.327,44.0,0,,,
northern,south,65721,Glinde Möllner Landstr. 119 21509,unconfirmed,116.017,100.0,0,,,
northern,south,65722,Glinde Möllner Landstr. 76 21509,unconfirmed,116.111,44.0,0,,,
northern,south,65723,Glinde Möllner Landstraße 30 21509,unconfirmed,116.356,44.0,0,,,
northern,south,65724,Glinde Möllner Landstraße 76 21509,unconfirmed,116.11,150.0,0,,,
northern,south,65725,Glinde Mühlenstr. 55 21509,unconfirmed,115.844,44.0,0,,,
northern,south,65728,Glinde Sönke-Nissen-Allee 2 21509,unconfirmed,116.23,44.0,0,,,
northern,south,65731,Oststeinbek Am Turnierplatz 8 22113,unconfirmed,121.344,44.0,0,,,
northern,south,65732,Oststeinbek Brückenstraße 2a 22113,unconfirmed,120.001,44.0,0,,,
northern,south,65733,Oststeinbek Eichredder 14 22113,unconfirmed,120.013,44.0,0,,,
northern,south,65734,Oststeinbek Grünes Tal 60 22113,unconfirmed,116.705,11.0,0,,,
northern,south,65735,Oststeinbek Hamburger Kamp 15 22113,unconfirmed,119.735,44.0,0,,,
northern,south,65736,Oststeinbek Helmut-Landt-Weg 6 22113,unconfirmed,119.147,44.0,0,,,
northern,south,65737,Oststeinbek Kampstraße 1 22113,unconfirmed,119.607,44.0,0,,,
northern,south,65738,Oststeinbek Meessen 3 22113,road_route_found_entrance_unverified,119.607,44.0,0,2869.1,2915.9,6.4
northern,south,65739,Oststeinbek Möllner Landstr. 20 22113,unconfirmed,119.97,44.0,0,,,
northern,south,65740,Oststeinbek Uferstr. 28 22113,unconfirmed,120.097,44.0,0,,,
northern,south,65741,Oststeinbek Willinghusener Weg 1 22113,unconfirmed,119.607,350.0,2,,,
northern,south,65742,Oststeinbek Willinghusener Weg 3 22113,unconfirmed,119.316,172.0,2,,,
northern,south,65743,Oststeinbek Zum Forellenbach 1 22113,unconfirmed,117.05,22.0,0,,,
northern,south,65744,Braak Braaker Bogen 33 22145,road_route_found_entrance_unverified,109.218,3000.0,12,1344.1,1232.9,5.4
northern,south,65745,Barsbüttel Achtern Barg 31 22885,unconfirmed,115.853,44.0,0,,,
northern,south,65746,Barsbüttel Altes Feld 9 22885,road_route_found_entrance_unverified,114.384,44.0,0,2707.3,2863.0,2.0
northern,south,65747,Barsbüttel Am AKKU 9 22885,unconfirmed,117.494,600.0,4,,,
northern,south,65748,Barsbüttel Am Heidberg 1 22885,unconfirmed,112.007,44.0,0,,,
northern,south,65749,Barsbüttel Am Sportplatz 5 22885,road_route_found_entrance_unverified,114.384,44.0,0,2665.2,2716.9,7.6
northern,south,65750,Barsbüttel Buchenstr. 30A 22885,unconfirmed,116.606,44.0,0,,,
northern,south,65751,Barsbüttel Callingtonstr. 2 22885,unconfirmed,117.513,44.0,0,,,
northern,south,65752,Barsbüttel Falkenstr. 18a 22885,unconfirmed,117.63,44.0,0,,,
northern,south,65753,Barsbüttel Hanskampring 1 22885,unconfirmed,114.659,150.0,2,,,
northern,south,65754,Barsbüttel Hanskampring 1 22885,unconfirmed,114.659,150.0,2,,,
northern,south,65755,Barsbüttel Hanskampring 1 22885,unconfirmed,114.659,150.0,2,,,
northern,south,65756,Barsbüttel Hanskampring 1 22885,unconfirmed,114.659,50.0,0,,,
northern,south,65757,Barsbüttel Hauptstraße 51 22885,unconfirmed,117.289,44.0,0,,,
northern,south,65758,Barsbüttel Hauptstraße 6G 22885,unconfirmed,117.748,44.0,0,,,
northern,south,65759,Barsbüttel Huuskoppel 24 22885,unconfirmed,111.748,22.0,0,,,
northern,south,65760,Barsbüttel Kronshorster Weg 2 22885,unconfirmed,113.301,44.0,0,,,
northern,south,65761,Barsbüttel Rahlstedter Str. 1 22885,road_route_found_entrance_unverified,114.384,2000.0,8,695.7,1348.1,5.3
northern,south,65762,Barsbüttel Rahlstedter Str. 2 22885,road_route_found_entrance_unverified,114.384,900.0,8,1197.5,545.9,5.3
northern,south,65763,Barsbüttel Rahlstedter Straße 1 22885,unconfirmed,114.342,1800.0,12,,,
northern,south,65764,Barsbüttel Soltausredder 21 22885,unconfirmed,117.508,44.0,0,,,
northern,south,65765,Barsbüttel Stemwarder Landstr. 17 22885,unconfirmed,114.587,44.0,0,,,
northern,south,65766,Barsbüttel Thorkoppel 12 22885,unconfirmed,117.348,44.0,0,,,
northern,south,65767,Barsbüttel Von-Bronsart-Str. 12 22885,road_route_found_entrance_unverified,114.384,44.0,0,2338.0,1902.7,1.8
northern,south,65768,Barsbüttel Willinghusener Landstr. 14 22885,unconfirmed,117.047,44.0,0,,,
northern,south,65769,Barsbüttel Zum Dicken Busch 18a 22885,unconfirmed,117.696,44.0,0,,,
northern,south,65774,Ahrensburg Am Aalfang 12 22926,unconfirmed,106.12,22.0,0,,,
northern,south,65777,Ahrensburg An d. Strusbek 4 22926,unconfirmed,101.131,72.0,0,,,
northern,south,65778,Ahrensburg An der Strusbek 4c 22926,unconfirmed,100.725,150.0,2,,,
northern,south,65780,Ahrensburg Beimoorweg 17b 22926,unconfirmed,101.604,850.0,4,,,
northern,south,65782,Ahrensburg Carl-Backhaus-Str. 46 22926,unconfirmed,101.742,88.0,0,,,
northern,south,65791,Ahrensburg Kornkamp 4 22926,unconfirmed,101.517,154.0,0,,,
northern,south,65792,Ahrensburg Kornkamp 4 22926,unconfirmed,101.437,44.0,0,,,
northern,south,65794,Ahrensburg Kurt-Fischer-Str. 7 22926,unconfirmed,101.034,150.0,2,,,
northern,south,65795,Ahrensburg Kurt-Fischer-Str. 7 22926,unconfirmed,101.295,194.0,2,,,
northern,south,65807,Großhansdorf Beimoorweg 180 22927,unconfirmed,100.811,11.0,0,,,
northern,south,65808,Großhansdorf Beimoorweg 180 22927,unconfirmed,100.78,11.0,0,,,
northern,south,65809,Großhansdorf Eilbergweg 10 22927,unconfirmed,102.842,150.0,2,,,
northern,south,65810,Großhansdorf Hoisdorfer Landstraße 37 22927,unconfirmed,102.268,11.0,0,,,
northern,south,65811,Großhansdorf Klinikweg 1 22927,unconfirmed,103.132,88.0,0,,,
northern,south,65812,Großhansdorf Neuer Postweg 0 22927,unconfirmed,102.975,88.0,0,,,
northern,south,65813,Großhansdorf Roseneck 36 22927,road_route_found_entrance_unverified,105.432,22.0,0,2910.9,2944.0,8.0
northern,south,65814,Großhansdorf Schaapkamp 5 22927,unconfirmed,102.718,200.0,2,,,
northern,south,65815,Großhansdorf Schaapkoppel 40 22927,unconfirmed,102.676,44.0,0,,,
northern,south,65816,Großhansdorf Sieker Landstr. 19 22927,unconfirmed,104.191,110.0,0,,,
northern,south,65817,Großhansdorf Sieker Landstraße 235 22927,road_route_found_entrance_unverified,105.432,300.0,2,979.3,1069.2,1.7
northern,south,65818,Großhansdorf Wöhrendamm 151 22927,road_route_found_entrance_unverified,105.432,44.0,0,2545.3,2596.4,9.1
northern,south,65819,Großhansdorf Wöhrendamm 157 22927,road_route_found_entrance_unverified,105.432,44.0,0,2435.4,2468.4,12.8
northern,south,65852,Hoisdorf Waldstraße 46 22955,unconfirmed,102.299,11.0,0,,,
northern,south,65854,Siek Dorfstraße 17 22962,unconfirmed,106.878,11.0,0,,,
northern,south,65856,Todendorf Am Heeschberg 20 22965,road_route_found_entrance_unverified,98.352,11.0,0,2722.2,2808.3,2.6
northern,south,65857,Todendorf Buddikate Ost 0 22965,unconfirmed,98.529,1400.0,4,,,
northern,south,65858,Todendorf Buddikate Ost 0 22965,unconfirmed,98.796,43.0,0,,,
northern,south,65859,Todendorf Buddikate West 0 22965,road_route_found_entrance_unverified,98.352,1400.0,4,487.4,180.5,7.9
northern,south,65864,Bad Oldesloe Heinrich-Heine-Straße 5 23843,unconfirmed,85.256,11.0,0,,,
northern,south,65865,Bad Oldesloe Käthe-Kollwitz-Str. 14 23843,unconfirmed,86.06,150.0,1,,,
northern,south,65866,Bad Oldesloe Lily-Braun-Str. 18-22 23843,road_route_found_entrance_unverified,86.336,150.0,2,2657.4,2765.7,15.3
northern,south,65867,Bad Oldesloe Lily-Braun-Straße 24 - 28 23843,road_route_found_entrance_unverified,86.336,44.0,0,2552.6,2593.0,7.7
northern,south,65868,Bad Oldesloe Lily-Braun-Straße 34 23843,road_route_found_entrance_unverified,86.336,150.0,2,2287.6,2426.1,3.6
northern,south,65869,Bad Oldesloe Lübecker Str. 111 23843,unconfirmed,85.624,200.0,0,,,
northern,south,65871,Bad Oldesloe Mommsenstraße 13 23843,unconfirmed,86.142,55.0,0,,,
northern,south,65872,Bad Oldesloe Ratzeburger Str. 11-13 23843,unconfirmed,85.955,180.0,2,,,
northern,south,65873,Bad Oldesloe Ratzeburger Straße 57A 23843,unconfirmed,85.839,11.0,0,,,
northern,south,65878,BadOldesloe Lily-Braun Str. 1a 23843,road_route_found_entrance_unverified,86.336,150.0,2,2719.6,2750.9,17.3
northern,south,65879,Lasbek Schulstr. 20 23847,unconfirmed,93.35,22.0,0,,,
northern,south,65880,Pölitz Am Wischhof 10 23847,unconfirmed,89.133,22.0,0,,,
northern,south,65881,Reinfeld Am Obstgarten 13 23858,unconfirmed,79.75,11.0,0,,,
northern,south,65882,Reinfeld An der Autobahn 2 23858,road_route_found_entrance_unverified,78.876,900.0,6,821.5,676.6,5.4
northern,south,65883,Reinfeld An der Autobahn 5 23858,road_route_found_entrance_unverified,78.876,600.0,4,960.9,798.3,8.3
northern,south,65884,Reinfeld Barnitzer Strasse 1-7 23858,road_route_found_entrance_unverified,78.876,86.0,0,935.8,934.5,6.7
northern,south,65885,Reinfeld Binnenkamp 28 23858,unconfirmed,79.094,44.0,0,,,
northern,south,65886,Reinfeld E22 0 23858,road_route_found_entrance_unverified,80.725,150.0,2,296.6,107.1,5.7
northern,south,65887,Reinfeld Im Weddern 1 23858,road_route_found_entrance_unverified,78.876,3000.0,12,802.2,708.0,6.7
northern,south,65888,Reinfeld Marktstraße 1 23858,road_route_found_entrance_unverified,78.876,44.0,0,2597.9,2515.2,9.3
northern,south,65889,Reinfeld Serways Trave West 0 23858,unconfirmed,81.037,93.0,0,,,
northern,south,65890,Reinfeld (Holstein) An der Autobahn 7 23858,road_route_found_entrance_unverified,78.876,600.0,4,911.0,859.3,10.9
northern,south,65891,Reinfeld (Holstein) Trave-Raststätte 0 23858,road_route_found_entrance_unverified,80.725,100.0,0,296.6,107.1,5.7
northern,south,66101,Lübeck Moislinger Allee 56 02355,unconfirmed,67.707,150.0,2,,,
northern,south,66102,Lübeck Großer Bauhof 14 23552,unconfirmed,67.159,100.0,0,,,
northern,south,66103,Lübeck Hüxterdamm 3 23552,unconfirmed,66.847,88.0,0,,,
northern,south,66104,Lübeck Kanalstr. 0 23552,unconfirmed,66.54,132.0,0,,,
northern,south,66105,Lübeck Kanalstr. 84 23552,unconfirmed,66.742,264.0,0,,,
northern,south,66106,Lübeck Königstr. 84-96 23552,unconfirmed,66.973,22.0,0,,,
northern,south,66107,Lübeck Musterbahn 8 23552,unconfirmed,67.159,132.0,0,,,
northern,south,66108,Lübeck Mühlenstr. 37 23552,unconfirmed,67.05,22.0,0,,,
northern,south,66109,Lübeck Schmiedestr. 9-15 23552,unconfirmed,67.035,132.0,0,,,
northern,south,66110,Lübeck Achternhof 18 23554,road_route_found_entrance_unverified,63.395,22.0,0,2682.6,2678.9,7.9
northern,south,66111,Lübeck b. d. Lohmühle 6 23554,road_route_found_entrance_unverified,66.135,33.0,0,1655.0,1753.4,7.9
northern,south,66112,Lübeck Bei der Lohmühle 102 23554,unconfirmed,66.409,900.0,8,,,
northern,south,66113,Lübeck Bei der Lohmühle 11A 23554,road_route_found_entrance_unverified,66.135,944.0,6,1857.8,1733.2,5.4
northern,south,66114,Lübeck Bei der Lohmühle 21b 23554,road_route_found_entrance_unverified,66.135,300.0,2,2220.2,2104.4,10.4
northern,south,66115,Lübeck Bei der Lohmühle 84 23554,road_route_found_entrance_unverified,66.135,22.0,0,2013.2,1891.4,11.4
northern,south,66116,Lübeck Bosauer Str. 7-11 23554,road_route_found_entrance_unverified,66.135,44.0,0,2758.3,3199.4,4.8
northern,south,66117,Lübeck Fackenburger Allee 20 23554,road_route_found_entrance_unverified,66.135,600.0,4,2901.6,2298.7,26.0
northern,south,66118,Lübeck Fackenburger Allee 54 23554,unconfirmed,67.078,600.0,4,,,
northern,south,66119,Lübeck Fackenburger Allee 54 23554,road_route_found_entrance_unverified,66.135,55.0,0,2149.8,1946.5,10.6
northern,south,66120,Lübeck Fackenburger Allee 66 23554,road_route_found_entrance_unverified,66.135,154.0,0,2138.6,2168.1,4.1
northern,south,66121,Lübeck Fackenburger Allee 66 23554,road_route_found_entrance_unverified,66.135,22.0,0,1793.5,1786.3,13.7
northern,south,66122,Lübeck Friedenstr. 72 23554,road_route_found_entrance_unverified,66.135,88.0,0,1837.4,2010.8,5.5
northern,south,66123,Lübeck Georg-Kerschensteiner-Str. 25A 23554,road_route_found_entrance_unverified,66.135,88.0,0,2855.8,2746.3,7.5
northern,south,66124,Lübeck Hochstr. 57 23554,unconfirmed,65.799,94.0,0,,,
northern,south,66125,Lübeck Katharinenstr. 11 23554,road_route_found_entrance_unverified,66.135,132.0,0,2664.8,2665.4,6.2
northern,south,66126,Lübeck Langeneßallee 17 23554,unconfirmed,65.564,88.0,0,,,
northern,south,66127,Lübeck Lastadie 0 23554,unconfirmed,66.892,150.0,0,,,
northern,south,66128,Lübeck Oldenburger Str. 27 23554,road_route_found_entrance_unverified,66.135,88.0,0,2307.1,2858.0,9.5
northern,south,66129,Lübeck Schwartauer Landstr. 6 23554,unconfirmed,65.339,75.0,0,,,
northern,south,66130,Lübeck Schwartauer Landstr. 63 23554,unconfirmed,64.342,30.0,0,,,
northern,south,66131,Lübeck Stockelsdorfer Str. 1 23554,road_route_found_entrance_unverified,66.135,2000.0,8,1100.4,863.5,9.9
northern,south,66132,Lübeck Vorwerker Str. 74 23554,road_route_found_entrance_unverified,63.395,44.0,0,2251.3,2218.6,10.8
northern,south,66133,Lübeck Vorwerker Straße 64 23554,road_route_found_entrance_unverified,63.395,22.0,0,2385.8,2368.3,10.8
northern,south,66134,Lübeck Willy-Brandt-Allee 31 23554,unconfirmed,66.638,44.0,0,,,
northern,south,66135,Lübeck Willy-Brandt-Allee 5 23554,unconfirmed,66.997,176.0,0,,,
northern,south,66136,Lübeck Willy-Brandt-Allee 6 23554,unconfirmed,67.078,66.0,0,,,
northern,south,66137,Lübeck Artlenburger Str. 33 23556,road_route_found_entrance_unverified,66.135,44.0,0,2214.0,2122.5,6.3
northern,south,66138,Lübeck Bernsteindreherweg 13 23556,unconfirmed,69.954,22.0,0,,,
northern,south,66139,Lübeck Brahmsstr. 16A 23556,unconfirmed,68.27,44.0,0,,,
northern,south,66140,Lübeck Brahmsstr. 19 23556,road_route_found_entrance_unverified,66.135,30.0,0,2991.9,2853.8,8.0
northern,south,66141,Lübeck Dornbreite 9D 23556,road_route_found_entrance_unverified,66.135,30.0,0,1658.1,1473.5,8.1
northern,south,66142,Lübeck Grapengießerstraße 23 23556,road_route_found_entrance_unverified,69.609,33.0,0,1385.5,1358.1,6.8
northern,south,66143,Lübeck Grapengießerstraße 40 23556,road_route_found_entrance_unverified,69.609,22.0,0,1562.2,1500.5,13.5
northern,south,66144,Lübeck Herrenholz 14 23556,road_route_found_entrance_unverified,69.609,787.0,6,1202.6,1233.7,6.5
northern,south,66145,Lübeck Krempelsdorfer Allee 38 23556,road_route_found_entrance_unverified,66.135,1600.0,8,1039.0,825.5,1.6
northern,south,66146,Lübeck Lohgerberstr. 1 23556,road_route_found_entrance_unverified,69.609,622.0,4,1025.3,1051.0,6.8
northern,south,66147,Lübeck Lohgerberstraße 3 23556,road_route_found_entrance_unverified,69.609,900.0,8,1014.5,987.9,15.9
northern,south,66148,Lübeck Padelügger Weg 41 23556,road_route_found_entrance_unverified,69.609,600.0,4,1652.8,1658.8,21.8
northern,south,66149,Lübeck Richard-Wagner-Str. 2 23556,road_route_found_entrance_unverified,66.135,88.0,0,2686.7,2604.4,8.3
northern,south,66150,Lübeck Schwertfegerstraße 16-18 23556,road_route_found_entrance_unverified,69.609,66.0,0,1517.2,1338.3,1.0
northern,south,66151,Lübeck Spenglerstr. 39 23556,road_route_found_entrance_unverified,69.609,22.0,0,1879.5,1937.5,18.6
northern,south,66152,Lübeck Waisenallee 5 a 23556,road_route_found_entrance_unverified,66.135,44.0,0,2058.0,1976.0,28.5
northern,south,66153,Lübeck Ziegelstr. 103 23556,unconfirmed,68.241,130.0,0,,,
northern,south,66154,Lübeck Ziegelstr. 226 23556,road_route_found_entrance_unverified,69.609,88.0,0,2043.5,1988.0,11.8
northern,south,66155,Lübeck Ziegelstr. 7-13 23556,road_route_found_entrance_unverified,66.135,1200.0,6,2640.1,2561.9,6.6
northern,south,66156,Lübeck Am Bahnhof 23 23558,unconfirmed,67.338,130.0,0,,,
northern,south,66157,Lübeck Ewerstr. 15 23558,unconfirmed,68.754,30.0,0,,,
northern,south,66158,Lübeck Fregattenstr. 30-34 23558,unconfirmed,68.874,30.0,0,,,
northern,south,66159,Lübeck Hansering 14 23558,unconfirmed,68.132,100.0,0,,,
northern,south,66160,Lübeck Hansestr. 146-150 23558,unconfirmed,68.271,30.0,0,,,
northern,south,66161,Lübeck Karavellenstr. 1-5 23558,road_route_found_entrance_unverified,69.609,88.0,0,2708.5,2821.6,4.5
northern,south,66162,Lübeck Kolberger Platz 1 23558,unconfirmed,68.472,22.0,0,,,
northern,south,66163,Lübeck Kolberger Str. 3 23558,unconfirmed,68.434,88.0,0,,,
northern,south,66164,Lübeck Konrad-Adenauer-Str 7 23558,unconfirmed,67.139,22.0,0,,,
northern,south,66165,Lübeck Konrad-Adenauer-Str. 8 23558,road_route_found_entrance_unverified,66.135,88.0,0,2912.9,2741.1,3.8
northern,south,66166,Lübeck Korvettenstr. 91 23558,road_route_found_entrance_unverified,69.609,60.0,0,2971.5,2937.8,9.0
northern,south,66167,Lübeck Lachswehrallee 28 23558,unconfirmed,67.497,94.0,0,,,
northern,south,66168,Lübeck Luise-Otto-Peters-Str. 1 23558,unconfirmed,68.811,94.0,0,,,
northern,south,66169,Lübeck Meierstr. 0 23558,unconfirmed,67.458,88.0,0,,,
northern,south,66170,Lübeck Nelkenstr. 11 23558,unconfirmed,68.246,88.0,0,,,
northern,south,66171,Lübeck Schützenhof 12 23558,unconfirmed,67.402,94.0,0,,,
northern,south,66172,Lübeck Auf dem Schild 37 23560,unconfirmed,70.635,88.0,0,,,
northern,south,66173,Lübeck Berliner Straße 2 23560,unconfirmed,67.681,88.0,0,,,
northern,south,66174,Lübeck Bruchweg 4 23560,unconfirmed,70.496,50.0,0,,,
northern,south,66175,Lübeck Brüder-Grimm-Ring 9 23560,unconfirmed,70.496,22.0,0,,,
northern,south,66176,Lübeck Estlandring 6 23560,unconfirmed,70.173,22.0,0,,,
northern,south,66177,Lübeck Geniner Str. 133 23560,unconfirmed,68.021,800.0,10,,,
northern,south,66178,Lübeck Geniner Str. 80 23560,unconfirmed,68.295,150.0,2,,,
northern,south,66179,Lübeck Geniner Str. 80 23560,unconfirmed,68.151,138.0,0,,,
northern,south,66180,Lübeck Geniner Straße 80 23560,unconfirmed,68.152,138.0,0,,,
northern,south,66181,Lübeck Hinter den Kirschkaten 2 23560,unconfirmed,68.05,300.0,2,,,
northern,south,66182,Lübeck Kronsforder Allee 5a 23560,unconfirmed,67.159,22.0,0,,,
northern,south,66183,Lübeck Kruppstr. 4-6 23560,unconfirmed,68.996,194.0,2,,,
northern,south,66184,Lübeck Kruppstraße 4 - 6 23560,unconfirmed,68.985,22.0,0,,,
northern,south,66185,Lübeck Kurt-Schumacher-Str. 1-6 23560,unconfirmed,67.343,30.0,0,,,
northern,south,66188,Lübeck Possehlstraße 4 23560,unconfirmed,67.62,93.0,0,,,
northern,south,66190,Lübeck Schneewittchenweg 2 23560,unconfirmed,71.186,22.0,0,,,
northern,south,66191,Lübeck Sterntalerweg 1 23560,unconfirmed,71.211,50.0,0,,,
northern,south,66192,Lübeck Walkmühlenweg 1-3 23560,unconfirmed,68.27,66.0,0,,,
northern,south,66210,Lübeck Am Brink 9 23564,unconfirmed,67.078,100.0,0,,,
northern,south,66213,Lübeck Falkenstr. 0 23564,unconfirmed,66.638,242.0,0,,,
northern,south,66216,Lübeck Hohelandstr. 0 23564,unconfirmed,66.996,88.0,0,,,
northern,south,66217,Lübeck Hüxtertorallee 23A 23564,unconfirmed,66.847,100.0,0,,,
northern,south,66218,Lübeck Hüxtertorallee 57 23564,unconfirmed,67.025,88.0,0,,,
northern,south,66219,Lübeck Moltkestr. 26 23564,unconfirmed,66.836,88.0,0,,,
northern,south,66223,Lübeck Wakenitzufer 1d 23564,unconfirmed,66.573,132.0,0,,,
northern,south,66234,Lübeck Marliring 1A 23566,unconfirmed,66.308,44.0,0,,,
northern,south,66235,Lübeck Marlistr. 1A 23566,unconfirmed,66.308,44.0,0,,,
northern,south,66240,Lübeck Am Burgfeld 5 23568,unconfirmed,66.273,88.0,0,,,
northern,south,66242,Lübeck Ernst-Deecke-Weg 44 23568,unconfirmed,60.809,16.0,0,,,
northern,south,66243,Lübeck Eschenburgstr. 0 23568,unconfirmed,65.851,88.0,0,,,
northern,south,66244,Lübeck Hertzweg 12 23568,unconfirmed,64.001,44.0,0,,,
northern,south,66245,Lübeck Lange Reihe 37B 23568,unconfirmed,66.135,88.0,0,,,
northern,south,66246,Lübeck Luisenstr. 4 23568,unconfirmed,64.153,44.0,0,,,
northern,south,66247,Lübeck Luisenstraße 4 23568,unconfirmed,64.15,22.0,0,,,
northern,south,66249,Lübeck Dänischburger Landstr. 81 23569,unconfirmed,60.758,3000.0,12,,,
northern,south,66250,Lübeck Dänischburger Landstr. 83 23569,unconfirmed,60.61,400.0,2,,,
northern,south,66251,Lübeck Dänischburger Landstraße 79 23569,unconfirmed,60.713,84.0,0,,,
northern,south,66252,Lübeck Dänischburger Landstraße 81 23569,unconfirmed,60.737,3000.0,20,,,
northern,south,66253,Lübeck Dänischburger Landstraße 83 23569,unconfirmed,60.611,922.0,6,,,
southern,north,57982,Wittlich Dr. Oetker Str. 1 54516,unconfirmed,101.584,22.0,0,,,
southern,north,57983,Wittlich Feldstr. 0 54516,unconfirmed,100.216,44.0,0,,,
southern,north,57984,Wittlich Friedrichstr. 58 54516,unconfirmed,101.648,800.0,4,,,
southern,north,57985,Wittlich Friedrichstraße 59 54516,unconfirmed,101.973,750.0,8,,,
southern,north,57986,Wittlich Gerberstr. 0 54516,unconfirmed,100.683,150.0,2,,,
southern,north,57987,Wittlich Gottlieb-Daimler-Straße 10 54516,unconfirmed,100.903,125.0,0,,,
southern,north,57988,Wittlich Himmeroder Str. 88 54516,unconfirmed,100.212,44.0,0,,,
southern,north,57989,Wittlich Hof Breit 0 54516,unconfirmed,98.479,900.0,6,,,
southern,north,57990,Wittlich Hof Breit 0 54516,unconfirmed,98.435,2500.0,10,,,
southern,north,57991,Wittlich Hof Breit 0 54516,unconfirmed,98.479,150.0,2,,,
southern,north,57992,Wittlich Hofstraße 11 54516,unconfirmed,100.716,11.0,0,,,
southern,north,57993,Wittlich Im Giehren 17 54516,unconfirmed,103.574,11.0,0,,,
southern,north,57994,Wittlich Justis-von-Liebig-Straße 4 54516,unconfirmed,101.278,44.0,0,,,
southern,north,57995,Wittlich Justus-von-Liebig-Str. 0 54516,unconfirmed,101.248,750.0,4,,,
southern,north,57996,Wittlich Justus-von-Liebig-Str. 4 54516,unconfirmed,101.305,3000.0,12,,,
southern,north,57997,Wittlich Karrstr. 1 54516,unconfirmed,100.341,44.0,0,,,
southern,north,57998,Wittlich Kurfürstenstr. 1 54516,unconfirmed,100.743,44.0,0,,,
southern,north,57999,Wittlich Kurfürstenstr. 16 54516,unconfirmed,100.725,150.0,0,,,
southern,north,58000,Wittlich Kurfürstenstr. 69 54516,unconfirmed,101.002,43.5,0,,,
southern,north,58001,Wittlich Max-Planck-Str. 21 54516,unconfirmed,101.686,22.0,0,,,
southern,north,58002,Wittlich Max-Planck-Straße 4 54516,unconfirmed,101.428,22.0,0,,,
southern,north,58003,Wittlich Rudolf Diesel Str. 9 54516,unconfirmed,98.063,22.0,0,,,
southern,north,58004,Wittlich Rudolf Diesel Straße 9 54516,unconfirmed,101.533,22.0,0,,,
southern,north,58005,Wittlich Rudolf-Diesel-Str. 15 54516,unconfirmed,101.775,300.0,2,,,
southern,north,58006,WITTLICH Römerstraße 53 54516,unconfirmed,99.873,472.0,4,,,
southern,north,58007,Wittlich Römerstraße 59 54516,unconfirmed,99.609,44.0,0,,,
southern,north,58008,Wittlich Schloßstr. 11 54516,unconfirmed,100.503,44.0,0,,,
southern,north,58009,Wittlich Straßburgstraße 4 54516,unconfirmed,101.476,2100.0,6,,,
southern,north,58010,Wittlich Talweg 24 54516,unconfirmed,101.24,44.0,0,,,
southern,north,58019,Niederöffingen Autobahn 0 54533,unconfirmed,113.964,300.0,2,,,
southern,north,58020,Niederöffingen Autobahnraststätte Eifel Ost 0 54533,road_route_found_entrance_unverified,113.779,300.0,2,284.4,279.7,16.2
southern,north,58021,Niederöfflingen Autobahnraststätte Eifel West 0 54533,unconfirmed,113.983,93.0,0,,,
southern,north,58022,Niederöfflingen Autobahntankstelle Eifel-Ost 0 54533,road_route_found_entrance_unverified,113.779,700.0,2,292.6,271.5,11.9
southern,north,58023,Niederöfflingen Autobahntankstelle Eifel-West 0 54533,unconfirmed,113.971,700.0,2,,,
southern,north,58024,Niederöfflingen Eifel Ost 0 54533,road_route_found_entrance_unverified,113.779,1400.0,4,292.6,271.5,11.9
southern,north,58025,Niederöfflingen Eifel West 0 54533,unconfirmed,113.971,1400.0,4,,,
southern,north,58026,Niederöfflingen Raststätte Eifel Ost 0 54533,road_route_found_entrance_unverified,113.779,93.0,0,284.4,279.7,16.2
southern,north,58027,Oberöfflingen Neustraße 13 54533,unconfirmed,114.309,22.0,0,,,
southern,north,59165,Schweich Bahnhofstr. 8z 54338,road_route_found_entrance_unverified,81.035,44.0,0,2461.1,2967.3,4.6
southern,north,59166,Schweich Brückenstraße 26 54338,road_route_found_entrance_unverified,81.035,44.0,0,2866.1,2968.7,10.5
southern,north,59167,Schweich Im Kirchgarten 10 54338,unconfirmed,78.811,50.0,0,,,
southern,north,59168,Schweich In den Schlimmfuhren 10 54338,unconfirmed,79.145,550.0,6,,,
southern,north,59169,Schweich In den Schlimmfuhren 7 54338,unconfirmed,79.011,71.0,0,,,
southern,north,59170,Schweich Mathenstrasse 22 54338,unconfirmed,75.748,11.0,0,,,
southern,north,59171,Schweich Schulstr. 2z 54338,unconfirmed,78.896,44.0,0,,,
southern,north,59172,Schweich Steinerbaum 0 54338,road_route_found_entrance_unverified,81.035,44.0,0,2827.2,3222.6,7.9
southern,north,59177,Longuich In den Kreuzfeldern 0 54340,road_route_found_entrance_unverified,77.429,44.0,0,1350.0,4823.1,7.9
southern,north,59178,Föhren Bekonder Str. 24 54343,unconfirmed,83.152,33.0,0,,,
southern,north,59179,Föhren Europa-Allee 1 54343,road_route_found_entrance_unverified,84.606,44.0,0,2238.4,2296.6,7.5
southern,north,59180,Föhren Europa-Allee 14 54343,road_route_found_entrance_unverified,84.606,66.0,0,2464.3,2496.3,4.1
southern,north,59181,Föhren Europa-Allee 26/28 54343,road_route_found_entrance_unverified,84.606,110.0,0,1622.7,1664.2,9.7
southern,north,59182,Föhren Europa-Allee 6 54343,road_route_found_entrance_unverified,84.606,44.0,0,2243.0,2280.9,8.4
southern,north,59183,Föhren Europa-Allee 62 54343,road_route_found_entrance_unverified,84.606,220.0,0,2112.1,2141.8,9.9
southern,north,59184,Föhren Europaallee 62 54343,road_route_found_entrance_unverified,84.606,44.0,0,1460.1,1489.8,9.0
southern,north,59185,Föhren Flugplatz-Tower 0 54343,unconfirmed,83.968,44.0,0,,,
southern,north,59186,Föhren Im Brühl 4z 54343,unconfirmed,82.429,88.0,0,,,
southern,north,59187,Föhren Marie-Curie-Allee 10 54343,road_route_found_entrance_unverified,84.606,300.0,3,2457.8,2671.0,26.3
southern,north,59189,Kenn Gewerbegebiet 18 54344,unconfirmed,77.94,44.0,0,,,
southern,north,59190,Kenn Reihstraße 36z 54344,unconfirmed,77.771,44.0,0,,,
southern,north,59191,Mehring Am Kniebrecht 902 54346,road_route_found_entrance_unverified,71.82,1200.0,6,203.2,139.6,9.8
southern,north,59192,Mehring Am Kniebrecht 903 54346,unconfirmed,72.362,1200.0,6,,,
southern,north,59193,Mehring Gartenstraße 7z 54346,unconfirmed,71.499,44.0,0,,,
southern,north,59194,Mehring Medardusstraße 28z 54346,unconfirmed,71.745,44.0,0,,,
southern,north,59195,Mehring Moselstr. 1 54346,unconfirmed,71.889,50.0,0,,,
southern,north,59196,Mehring Neustr. 4 54346,unconfirmed,71.723,11.0,0,,,
southern,north,59200,Hermeskeil Am Fohlengarten 0 54411,unconfirmed,55.352,33.0,0,,,
southern,north,59201,Hermeskeil Gartenfeldstraße 1 54411,road_route_found_entrance_unverified,54.633,11.0,0,2444.4,2719.9,10.5
southern,north,59202,Hermeskeil Langer Markt 17 54411,road_route_found_entrance_unverified,54.633,44.0,0,2168.7,2744.4,12.2
southern,north,59203,Hermeskeil Neuer Markt 2 54411,road_route_found_entrance_unverified,54.633,44.0,0,2176.5,2234.1,1.1
southern,north,59204,Hermeskeil Römerstr. 1 54411,unconfirmed,55.809,1200.0,8,,,
southern,north,59205,Hermeskeil Saarstraße 53 54411,road_route_found_entrance_unverified,54.633,11.0,0,2462.8,2746.7,11.6
southern,north,59206,Hermeskeil Trierer Straße 126 54411,road_route_found_entrance_unverified,54.633,11.0,0,1205.2,1183.2,11.7
southern,north,59207,Beuren (Hochwald) Am Park 12 54413,unconfirmed,62.094,11.0,0,,,
southern,north,59208,Beuren (Hochwald) Brunnenstr. 1 54413,unconfirmed,63.825,11.0,0,,,
southern,north,59209,Beuren (Hochwald) Hauptstr. 25 54413,unconfirmed,62.22,44.0,0,,,
southern,north,59210,Beuren (Hochwald) Hofstr. 25 54413,unconfirmed,62.166,11.0,0,,,
southern,north,59211,Beuren-Prosterath Brunnenstr. 3 54413,unconfirmed,63.825,11.0,0,,,
southern,north,59212,Reinsfeld Autobahnraststätte Hochwald West 0 54421,unconfirmed,58.713,93.0,0,,,
southern,north,59213,"Reinsfeld BAB1, Autobahnraststätte Hochwald West 0 54421",unconfirmed,58.709,300.0,2,,,
southern,north,59214,Reinsfeld Herrensteg 9 54421,unconfirmed,58.421,44.0,0,,,
southern,north,59215,Reinsfeld Raststätte Hochwald Ost 0 54421,unconfirmed,58.742,93.0,0,,,
southern,north,59216,Reinsfeld Raststätte Hochwald Ost 0 54421,unconfirmed,58.629,300.0,2,,,
southern,north,59217,Reinsfeld Völkersheide 3a 54421,unconfirmed,57.525,11.0,0,,,
southern,north,59236,Daun Abt-Richard-Straße 15 54550,unconfirmed,132.598,44.0,0,,,
southern,north,59237,Daun Bahnhofstr. 29a 54550,unconfirmed,132.498,800.0,4,,,
southern,north,59241,Daun Leopoldstraße 13 54550,unconfirmed,132.623,22.0,0,,,
southern,north,59244,Daun Rosenbergstraße 0 54550,unconfirmed,132.585,72.0,0,,,
southern,north,59246,Daun Wirichplatz 18 A 54550,unconfirmed,132.498,44.0,0,,,
southern,north,59247,Schalkenmehren Maarstr. 22 22 54550,unconfirmed,125.411,22.0,0,,,
southern,north,59248,Brockscheid Glockenstr. 52 54552,unconfirmed,121.384,22.0,0,,,
southern,north,59249,Daun Abt-Richard-Straße 8 54552,unconfirmed,132.582,44.0,0,,,
southern,north,59252,Daun-Nerdlen Konrad-Zuse-Str. 3 54552,road_route_found_entrance_unverified,137.43,44.0,0,1429.8,1532.6,42.8
southern,north,59253,Schalkenmehren Maarstr. 22 54552,unconfirmed,125.411,22.0,0,,,
southern,north,59254,Schalkenmehren Maarstraße 22 54552,unconfirmed,125.428,22.0,0,,,
southern,north,59255,Schalkenmehren St.-Martin-Straße 9 54552,unconfirmed,125.442,44.0,0,,,
southern,north,59256,Üdersdorf Auf der Held 2 54552,unconfirmed,121.584,33.0,0,,,
southern,north,59257,Üdersdorf Auf der Held 3 54552,unconfirmed,121.411,11.0,0,,,
southern,north,59258,Gillenfeld Strohner Str. 3 54558,unconfirmed,123.14,44.0,0,,,
southern,north,59529,Illingen Am Marktplatz 0 66557,road_route_found_entrance_unverified,16.226,44.0,0,2179.3,2327.5,9.7
southern,north,59530,Illingen Burgweg 0 66557,unconfirmed,13.293,44.0,0,,,
southern,north,59531,Illingen Kapellenstraße 0 66557,unconfirmed,13.126,44.0,0,,,
southern,north,59532,Illingen Poststraße 20 66557,unconfirmed,13.293,22.0,0,,,
southern,north,59533,Illingen-Uchtelfangen Saarbrücker Str. 175 66557,road_route_found_entrance_unverified,16.226,900.0,6,820.2,979.8,15.5
southern,north,59541,Eppelborn Am Güterbahnhof 0 66571,unconfirmed,22.359,44.0,0,,,
southern,north,59542,Eppelborn Dompstr. 13 66571,unconfirmed,23.11,11.0,0,,,
southern,north,59543,Eppelborn Illinger Str. 34 66571,road_route_found_entrance_unverified,21.51,3.8,0,2760.6,2884.9,3.2
southern,north,59545,Eppelborn Rathausstr. 114 66571,unconfirmed,22.942,600.0,4,,,
southern,north,59546,Eppelborn Rathausstr. 27 66571,road_route_found_entrance_unverified,21.51,44.0,0,2962.7,3104.7,7.2
southern,north,59557,Merchweiler Auf Pfuhlst 2 66589,unconfirmed,12.524,400.0,4,,,
southern,north,59558,Merchweiler Hauptstraße 153 66589,unconfirmed,12.829,44.0,0,,,
southern,north,59561,Saarbrücken Ernst-Abbe-Straße 1 36115,unconfirmed,0.0,22.0,0,,,
southern,north,59563,Saarbrücken An der Saarlandhalle 1 66111,unconfirmed,0.0,22.0,0,,,
southern,north,59564,Saarbrücken Bormannspfad 38 66111,unconfirmed,0.0,66.0,0,,,
southern,north,59565,Saarbrücken Hafenstr. 20 66111,unconfirmed,0.0,110.0,0,,,
southern,north,59566,Saarbrücken Hafenstrasse 8 66111,unconfirmed,0.0,88.0,0,,,
southern,north,59577,Saarbrücken Trierer Straße 1 66111,unconfirmed,0.0,33.0,0,,,
southern,north,59578,Saarbrücken Trierer Straße 1 66111,unconfirmed,0.0,44.0,0,,,
southern,north,59580,Saarbrücken Am Emmersberg 108 66113,unconfirmed,0.622,11.0,0,,,
southern,north,59581,Saarbrücken Europaallee 14 66113,unconfirmed,0.0,22.0,0,,,
southern,north,59582,Saarbrücken Europaallee 16 66113,unconfirmed,0.0,66.0,0,,,
southern,north,59583,Saarbrücken Europaallee 22 66113,unconfirmed,0.0,88.0,0,,,
southern,north,59584,Saarbrücken Lebacherstr. 136 66113,unconfirmed,0.0,600.0,4,,,
southern,north,59585,Saarbrücken Steinbachstraße 31 66113,unconfirmed,0.565,11.0,0,,,
southern,north,59586,Saarbrücken Altenkesseler Straße 17/B1 66115,unconfirmed,0.0,44.0,0,,,
southern,north,59587,Saarbrücken Dr.-Tietz-Str. 2-4 66115,unconfirmed,0.0,700.0,4,,,
southern,north,59588,Saarbrücken Gasweg 1 66115,unconfirmed,0.0,150.0,2,,,
southern,north,59589,Saarbrücken Heinrich-Barth-Straße 16 66115,unconfirmed,0.0,88.0,0,,,
southern,north,59590,Saarbrücken Käthe-Kollwitz-Str. 16 66115,unconfirmed,0.0,600.0,4,,,
southern,north,59591,Saarbrücken Sankt Johanner Straße 101-105 66115,unconfirmed,0.0,194.0,1,,,
southern,north,59592,Saarbrücken Wiesenstraße 3 66115,unconfirmed,0.0,11.0,0,,,
southern,north,59593,Saarbrücken Wiesenstraße 5 66115,unconfirmed,0.0,11.0,0,,,
southern,north,59631,Saarbrücken Hauptstraße 10 66128,unconfirmed,0.0,44.0,0,,,
southern,north,59646,Heusweiler Am Steckenbüsch 0 66265,unconfirmed,11.73,1200.0,6,,,
southern,north,59648,Heusweiler Saarstr. 133 66265,unconfirmed,10.12,22.0,0,,,
southern,north,59651,Heusweiler Wiesbacher Str. 0 66265,unconfirmed,14.239,1200.0,6,,,
southern,north,59660,Göttelborn Zum Schacht 3 66287,road_route_found_entrance_unverified,10.618,22.0,0,2281.9,2282.7,0.0
southern,north,59661,Quierschied Fischbacher Str. 106 66287,unconfirmed,10.347,22.0,0,,,
southern,north,59662,Quierschied Glashüttenstr. 4 66287,unconfirmed,10.836,400.0,2,,,
southern,north,59663,Quierschied Lasbachstraße 8 66287,unconfirmed,10.618,11.0,0,,,
southern,north,59664,Quierschied Rathausplatz 1 66287,unconfirmed,10.73,44.0,0,,,
southern,north,59665,Quierschied Tannenweg 7 66287,unconfirmed,10.456,11.0,0,,,
southern,north,59666,Quierschied - Fischbach Quierschieder Straße 80 66287,unconfirmed,8.793,44.0,0,,,
southern,north,59668,Riegelsberg Am Wäldchen 0 66292,unconfirmed,4.618,44.0,0,,,
southern,north,59669,Riegelsberg Saarbrücker Str. 262 66292,unconfirmed,6.487,71.0,0,,,
southern,north,59670,Riegelsberg Saarbrücker Straße 2 66292,road_route_found_entrance_unverified,4.041,44.0,0,1131.2,1226.5,6.2
southern,north,59671,Riegelsberg Saarbrücker Straße 31-33 66292,road_route_found_entrance_unverified,4.041,22.0,0,1902.4,1854.5,15.4
southern,north,59728,Püttlingen Überhofer Straße 24 66346,unconfirmed,4.427,11.0,0,,,
southern,north,59824,Lebach-Thalexweiler Steinbacher Str. 20 66822,road_route_found_entrance_unverified,27.393,72.0,0,2502.2,2443.7,22.1
southern,north,59947,Nonnweiler Hochwaldstr. 27 66620,road_route_found_entrance_unverified,44.499,300.0,4,1171.2,2999.6,18.3
southern,north,59948,Nonnweiler Trierer Straße 2a 66620,road_route_found_entrance_unverified,47.417,44.0,0,1579.6,1553.4,7.4
southern,north,59949,Nonnweiler - Otzenhausen Europahausstraße 35 66620,road_route_found_entrance_unverified,44.499,44.0,0,1696.8,3350.4,8.9
southern,north,59950,Nonnweiler - Otzenhausen Ringwallstraße 0 66620,road_route_found_entrance_unverified,44.499,44.0,0,2907.8,4600.9,8.8
southern,north,59951,Nonnweiler6. Prälat-Faber-Straße 2-4 66620,unconfirmed,49.903,22.0,0,,,
southern,north,59972,Tholey Rathausplatz 10 66636,unconfirmed,31.011,44.0,0,,,
southern,north,59974,Tholey Theeltalstraße 49b 66636,road_route_found_entrance_unverified,31.662,22.0,0,664.8,762.0,14.3
southern,north,59975,Tholey Theeltalstraße 50 66636,road_route_found_entrance_unverified,31.662,112.0,0,699.1,777.6,4.7
southern,north,59976,Tholey Zum Erlebnispark 1a 66636,unconfirmed,32.68,44.0,0,,,
southern,north,59977,Tholey Zum Schaumbergturm 0 66636,unconfirmed,31.136,44.0,0,,,
southern,north,59978,Tholey Zur Herl 15 66636,unconfirmed,34.385,22.0,0,,,
southern,south,57982,Wittlich Dr. Oetker Str. 1 54516,unconfirmed,37.77,22.0,0,,,
southern,south,57983,Wittlich Feldstr. 0 54516,unconfirmed,39.139,44.0,0,,,
southern,south,57984,Wittlich Friedrichstr. 58 54516,unconfirmed,37.705,800.0,4,,,
southern,south,57985,Wittlich Friedrichstraße 59 54516,unconfirmed,37.382,750.0,8,,,
southern,south,57986,Wittlich Gerberstr. 0 54516,unconfirmed,38.672,150.0,2,,,
southern,south,57987,Wittlich Gottlieb-Daimler-Straße 10 54516,unconfirmed,38.454,125.0,0,,,
southern,south,57988,Wittlich Himmeroder Str. 88 54516,unconfirmed,39.145,44.0,0,,,
southern,south,57989,Wittlich Hof Breit 0 54516,unconfirmed,40.892,900.0,6,,,
southern,south,57990,Wittlich Hof Breit 0 54516,unconfirmed,40.939,2500.0,10,,,
southern,south,57991,Wittlich Hof Breit 0 54516,unconfirmed,40.892,150.0,2,,,
southern,south,57992,Wittlich Hofstraße 11 54516,unconfirmed,38.64,11.0,0,,,
southern,south,57993,Wittlich Im Giehren 17 54516,unconfirmed,35.788,11.0,0,,,
southern,south,57994,Wittlich Justis-von-Liebig-Straße 4 54516,unconfirmed,38.079,44.0,0,,,
southern,south,57995,Wittlich Justus-von-Liebig-Str. 0 54516,unconfirmed,38.109,750.0,4,,,
southern,south,57996,Wittlich Justus-von-Liebig-Str. 4 54516,unconfirmed,38.051,3000.0,12,,,
southern,south,57997,Wittlich Karrstr. 1 54516,unconfirmed,39.014,44.0,0,,,
southern,south,57998,Wittlich Kurfürstenstr. 1 54516,unconfirmed,38.612,44.0,0,,,
southern,south,57999,Wittlich Kurfürstenstr. 16 54516,unconfirmed,38.63,150.0,0,,,
southern,south,58000,Wittlich Kurfürstenstr. 69 54516,unconfirmed,38.355,43.5,0,,,
southern,south,58001,Wittlich Max-Planck-Str. 21 54516,unconfirmed,37.668,22.0,0,,,
southern,south,58002,Wittlich Max-Planck-Straße 4 54516,unconfirmed,37.929,22.0,0,,,
southern,south,58003,Wittlich Rudolf Diesel Str. 9 54516,unconfirmed,41.299,22.0,0,,,
southern,south,58004,Wittlich Rudolf Diesel Straße 9 54516,unconfirmed,37.824,22.0,0,,,
southern,south,58005,Wittlich Rudolf-Diesel-Str. 15 54516,unconfirmed,37.581,300.0,2,,,
southern,south,58006,WITTLICH Römerstraße 53 54516,unconfirmed,39.482,472.0,4,,,
southern,south,58007,Wittlich Römerstraße 59 54516,unconfirmed,39.746,44.0,0,,,
southern,south,58008,Wittlich Schloßstr. 11 54516,unconfirmed,38.848,44.0,0,,,
southern,south,58009,Wittlich Straßburgstraße 4 54516,unconfirmed,37.878,2100.0,6,,,
southern,south,58010,Wittlich Talweg 24 54516,unconfirmed,38.117,44.0,0,,,
southern,south,58019,Niederöffingen Autobahn 0 54533,road_route_found_entrance_unverified,25.121,300.0,2,326.4,270.6,1.5
southern,south,58020,Niederöffingen Autobahnraststätte Eifel Ost 0 54533,unconfirmed,25.329,300.0,2,,,
southern,south,58021,Niederöfflingen Autobahnraststätte Eifel West 0 54533,road_route_found_entrance_unverified,25.121,93.0,0,305.2,291.9,2.6
southern,south,58022,Niederöfflingen Autobahntankstelle Eifel-Ost 0 54533,unconfirmed,25.321,700.0,2,,,
southern,south,58023,Niederöfflingen Autobahntankstelle Eifel-West 0 54533,road_route_found_entrance_unverified,25.121,700.0,2,317.1,280.0,1.0
southern,south,58024,Niederöfflingen Eifel Ost 0 54533,unconfirmed,25.321,1400.0,4,,,
southern,south,58025,Niederöfflingen Eifel West 0 54533,road_route_found_entrance_unverified,25.121,1400.0,4,317.1,280.0,1.0
southern,south,58026,Niederöfflingen Raststätte Eifel Ost 0 54533,unconfirmed,25.329,93.0,0,,,
southern,south,58027,Oberöfflingen Neustraße 13 54533,unconfirmed,25.064,22.0,0,,,
southern,south,59165,Schweich Bahnhofstr. 8z 54338,road_route_found_entrance_unverified,57.866,44.0,0,2579.0,2989.0,4.6
southern,south,59166,Schweich Brückenstraße 26 54338,road_route_found_entrance_unverified,57.866,44.0,0,2984.0,2990.3,10.5
southern,south,59167,Schweich Im Kirchgarten 10 54338,unconfirmed,60.557,50.0,0,,,
southern,south,59168,Schweich In den Schlimmfuhren 10 54338,unconfirmed,60.222,550.0,6,,,
southern,south,59169,Schweich In den Schlimmfuhren 7 54338,unconfirmed,60.348,71.0,0,,,
southern,south,59170,Schweich Mathenstrasse 22 54338,unconfirmed,63.633,11.0,0,,,
southern,south,59171,Schweich Schulstr. 2z 54338,unconfirmed,60.439,44.0,0,,,
southern,south,59172,Schweich Steinerbaum 0 54338,road_route_found_entrance_unverified,57.866,44.0,0,2945.0,3244.3,7.9
southern,south,59177,Longuich In den Kreuzfeldern 0 54340,unconfirmed,61.536,44.0,0,,,
southern,south,59178,Föhren Bekonder Str. 24 54343,unconfirmed,56.218,33.0,0,,,
southern,south,59179,Föhren Europa-Allee 1 54343,road_route_found_entrance_unverified,54.252,44.0,0,2612.8,2634.3,7.5
southern,south,59180,Föhren Europa-Allee 14 54343,road_route_found_entrance_unverified,54.252,66.0,0,2838.7,2834.0,4.1
southern,south,59181,Föhren Europa-Allee 26/28 54343,road_route_found_entrance_unverified,54.252,110.0,0,1997.1,2001.9,9.7
southern,south,59182,Föhren Europa-Allee 6 54343,road_route_found_entrance_unverified,54.252,44.0,0,2617.4,2618.6,8.4
southern,south,59183,Föhren Europa-Allee 62 54343,road_route_found_entrance_unverified,54.252,220.0,0,2486.5,2479.5,9.9
southern,south,59184,Föhren Europaallee 62 54343,road_route_found_entrance_unverified,54.252,44.0,0,1834.5,1827.5,9.0
southern,south,59185,Föhren Flugplatz-Tower 0 54343,unconfirmed,55.368,44.0,0,,,
southern,south,59186,Föhren Im Brühl 4z 54343,unconfirmed,56.907,88.0,0,,,
southern,south,59187,Föhren Marie-Curie-Allee 10 54343,road_route_found_entrance_unverified,54.252,300.0,3,1775.3,1878.7,26.3
southern,south,59189,Kenn Gewerbegebiet 18 54344,unconfirmed,61.438,44.0,0,,,
southern,south,59190,Kenn Reihstraße 36z 54344,unconfirmed,61.526,44.0,0,,,
southern,south,59191,Mehring Am Kniebrecht 902 54346,unconfirmed,67.379,1200.0,6,,,
southern,south,59192,Mehring Am Kniebrecht 903 54346,road_route_found_entrance_unverified,67.122,1200.0,6,490.6,360.7,2.1
southern,south,59193,Mehring Gartenstraße 7z 54346,unconfirmed,67.864,44.0,0,,,
southern,south,59194,Mehring Medardusstraße 28z 54346,unconfirmed,67.638,44.0,0,,,
southern,south,59195,Mehring Moselstr. 1 54346,unconfirmed,67.501,50.0,0,,,
southern,south,59196,Mehring Neustr. 4 54346,unconfirmed,67.66,11.0,0,,,
southern,south,59200,Hermeskeil Am Fohlengarten 0 54411,unconfirmed,84.052,33.0,0,,,
southern,south,59201,Hermeskeil Gartenfeldstraße 1 54411,road_route_found_entrance_unverified,84.541,11.0,0,2742.9,2909.1,10.5
southern,south,59202,Hermeskeil Langer Markt 17 54411,road_route_found_entrance_unverified,84.541,44.0,0,2467.2,2933.6,12.2
southern,south,59203,Hermeskeil Neuer Markt 2 54411,road_route_found_entrance_unverified,84.541,44.0,0,2474.9,2423.3,1.1
southern,south,59204,Hermeskeil Römerstr. 1 54411,unconfirmed,83.529,1200.0,8,,,
southern,south,59205,Hermeskeil Saarstraße 53 54411,road_route_found_entrance_unverified,84.541,11.0,0,2761.3,2935.9,11.6
southern,south,59206,Hermeskeil Trierer Straße 126 54411,road_route_found_entrance_unverified,84.541,11.0,0,1503.6,1372.4,11.7
southern,south,59207,Beuren (Hochwald) Am Park 12 54413,unconfirmed,77.276,11.0,0,,,
southern,south,59208,Beuren (Hochwald) Brunnenstr. 1 54413,unconfirmed,75.542,11.0,0,,,
southern,south,59209,Beuren (Hochwald) Hauptstr. 25 54413,unconfirmed,77.159,44.0,0,,,
southern,south,59210,Beuren (Hochwald) Hofstr. 25 54413,unconfirmed,77.204,11.0,0,,,
southern,south,59211,Beuren-Prosterath Brunnenstr. 3 54413,unconfirmed,75.542,11.0,0,,,
southern,south,59212,Reinsfeld Autobahnraststätte Hochwald West 0 54421,road_route_found_entrance_unverified,80.344,93.0,0,335.1,479.6,12.5
southern,south,59213,"Reinsfeld BAB1, Autobahnraststätte Hochwald West 0 54421",road_route_found_entrance_unverified,80.344,300.0,2,339.3,475.3,3.4
southern,south,59214,Reinsfeld Herrensteg 9 54421,unconfirmed,80.945,44.0,0,,,
southern,south,59215,Reinsfeld Raststätte Hochwald Ost 0 54421,road_route_found_entrance_unverified,80.344,93.0,0,307.6,507.1,3.3
southern,south,59216,Reinsfeld Raststätte Hochwald Ost 0 54421,unconfirmed,80.744,300.0,2,,,
southern,south,59217,Reinsfeld Völkersheide 3a 54421,unconfirmed,81.847,11.0,0,,,
southern,south,59236,Daun Abt-Richard-Straße 15 54550,unconfirmed,6.774,44.0,0,,,
southern,south,59237,Daun Bahnhofstr. 29a 54550,unconfirmed,6.879,800.0,4,,,
southern,south,59241,Daun Leopoldstraße 13 54550,unconfirmed,6.738,22.0,0,,,
southern,south,59244,Daun Rosenbergstraße 0 54550,unconfirmed,6.778,72.0,0,,,
southern,south,59246,Daun Wirichplatz 18 A 54550,unconfirmed,6.881,44.0,0,,,
southern,south,59247,Schalkenmehren Maarstr. 22 22 54550,unconfirmed,13.95,22.0,0,,,
southern,south,59248,Brockscheid Glockenstr. 52 54552,unconfirmed,17.977,22.0,0,,,
southern,south,59249,Daun Abt-Richard-Straße 8 54552,unconfirmed,6.781,44.0,0,,,
southern,south,59252,Daun-Nerdlen Konrad-Zuse-Str. 3 54552,road_route_found_entrance_unverified,1.712,44.0,0,1656.1,1701.4,42.8
southern,south,59253,Schalkenmehren Maarstr. 22 54552,unconfirmed,13.95,22.0,0,,,
southern,south,59254,Schalkenmehren Maarstraße 22 54552,unconfirmed,13.942,22.0,0,,,
southern,south,59255,Schalkenmehren St.-Martin-Straße 9 54552,unconfirmed,13.927,44.0,0,,,
southern,south,59256,Üdersdorf Auf der Held 2 54552,unconfirmed,17.777,33.0,0,,,
southern,south,59257,Üdersdorf Auf der Held 3 54552,unconfirmed,17.95,11.0,0,,,
southern,south,59258,Gillenfeld Strohner Str. 3 54558,unconfirmed,16.216,44.0,0,,,
southern,south,59529,Illingen Am Marktplatz 0 66557,road_route_found_entrance_unverified,122.941,44.0,0,2320.4,2495.4,9.7
southern,south,59530,Illingen Burgweg 0 66557,unconfirmed,126.026,44.0,0,,,
southern,south,59531,Illingen Kapellenstraße 0 66557,unconfirmed,126.165,44.0,0,,,
southern,south,59532,Illingen Poststraße 20 66557,unconfirmed,126.027,22.0,0,,,
southern,south,59533,Illingen-Uchtelfangen Saarbrücker Str. 175 66557,road_route_found_entrance_unverified,122.941,900.0,6,961.3,1147.7,15.5
southern,south,59541,Eppelborn Am Güterbahnhof 0 66571,unconfirmed,116.964,44.0,0,,,
southern,south,59542,Eppelborn Dompstr. 13 66571,unconfirmed,116.209,11.0,0,,,
southern,south,59543,Eppelborn Illinger Str. 34 66571,unconfirmed,119.353,3.8,0,,,
southern,south,59545,Eppelborn Rathausstr. 114 66571,unconfirmed,116.337,600.0,4,,,
southern,south,59546,Eppelborn Rathausstr. 27 66571,road_route_found_entrance_unverified,117.328,44.0,0,2324.8,2196.5,7.2
southern,south,59557,Merchweiler Auf Pfuhlst 2 66589,unconfirmed,126.807,400.0,4,,,
southern,south,59558,Merchweiler Hauptstraße 153 66589,unconfirmed,126.484,44.0,0,,,
southern,south,59561,Saarbrücken Ernst-Abbe-Straße 1 36115,unconfirmed,139.004,22.0,0,,,
southern,south,59563,Saarbrücken An der Saarlandhalle 1 66111,unconfirmed,138.78,22.0,0,,,
southern,south,59565,Saarbrücken Hafenstr. 20 66111,unconfirmed,139.004,110.0,0,,,
southern,south,59577,Saarbrücken Trierer Straße 1 66111,unconfirmed,139.004,33.0,0,,,
southern,south,59578,Saarbrücken Trierer Straße 1 66111,unconfirmed,139.004,44.0,0,,,
southern,south,59580,Saarbrücken Am Emmersberg 108 66113,unconfirmed,138.678,11.0,0,,,
southern,south,59581,Saarbrücken Europaallee 14 66113,unconfirmed,139.004,22.0,0,,,
southern,south,59582,Saarbrücken Europaallee 16 66113,unconfirmed,139.004,66.0,0,,,
southern,south,59583,Saarbrücken Europaallee 22 66113,unconfirmed,139.004,88.0,0,,,
southern,south,59584,Saarbrücken Lebacherstr. 136 66113,unconfirmed,139.004,600.0,4,,,
southern,south,59585,Saarbrücken Steinbachstraße 31 66113,unconfirmed,138.736,11.0,0,,,
southern,south,59586,Saarbrücken Altenkesseler Straße 17/B1 66115,unconfirmed,139.004,44.0,0,,,
southern,south,59587,Saarbrücken Dr.-Tietz-Str. 2-4 66115,unconfirmed,139.004,700.0,4,,,
southern,south,59588,Saarbrücken Gasweg 1 66115,unconfirmed,139.004,150.0,2,,,
southern,south,59589,Saarbrücken Heinrich-Barth-Straße 16 66115,unconfirmed,139.004,88.0,0,,,
southern,south,59590,Saarbrücken Käthe-Kollwitz-Str. 16 66115,unconfirmed,139.004,600.0,4,,,
southern,south,59591,Saarbrücken Sankt Johanner Straße 101-105 66115,unconfirmed,139.004,194.0,1,,,
southern,south,59592,Saarbrücken Wiesenstraße 3 66115,unconfirmed,139.004,11.0,0,,,
southern,south,59593,Saarbrücken Wiesenstraße 5 66115,unconfirmed,139.004,11.0,0,,,
southern,south,59631,Saarbrücken Hauptstraße 10 66128,unconfirmed,139.004,44.0,0,,,
southern,south,59646,Heusweiler Am Steckenbüsch 0 66265,unconfirmed,127.579,1200.0,6,,,
southern,south,59648,Heusweiler Saarstr. 133 66265,unconfirmed,129.181,22.0,0,,,
southern,south,59651,Heusweiler Wiesbacher Str. 0 66265,unconfirmed,125.082,1200.0,6,,,
southern,south,59660,Göttelborn Zum Schacht 3 66287,road_route_found_entrance_unverified,128.162,22.0,0,2404.5,2372.0,0.0
southern,south,59661,Quierschied Fischbacher Str. 106 66287,unconfirmed,128.948,22.0,0,,,
southern,south,59662,Quierschied Glashüttenstr. 4 66287,unconfirmed,128.461,400.0,2,,,
southern,south,59663,Quierschied Lasbachstraße 8 66287,unconfirmed,128.701,11.0,0,,,
southern,south,59664,Quierschied Rathausplatz 1 66287,unconfirmed,128.581,44.0,0,,,
southern,south,59665,Quierschied Tannenweg 7 66287,unconfirmed,128.845,11.0,0,,,
southern,south,59666,Quierschied - Fischbach Quierschieder Straße 80 66287,unconfirmed,130.523,44.0,0,,,
southern,south,59668,Riegelsberg Am Wäldchen 0 66292,unconfirmed,134.689,44.0,0,,,
southern,south,59669,Riegelsberg Saarbrücker Str. 262 66292,unconfirmed,132.821,71.0,0,,,
southern,south,59670,Riegelsberg Saarbrücker Straße 2 66292,road_route_found_entrance_unverified,134.643,44.0,0,1006.3,1119.3,6.2
southern,south,59671,Riegelsberg Saarbrücker Straße 31-33 66292,road_route_found_entrance_unverified,134.643,22.0,0,1777.5,1747.3,15.4
southern,south,59728,Püttlingen Überhofer Straße 24 66346,unconfirmed,134.873,11.0,0,,,
southern,south,59824,Lebach-Thalexweiler Steinbacher Str. 20 66822,road_route_found_entrance_unverified,111.855,72.0,0,2040.1,1811.7,22.1
southern,south,59947,Nonnweiler Hochwaldstr. 27 66620,unconfirmed,94.211,300.0,4,,,
southern,south,59948,Nonnweiler Trierer Straße 2a 66620,road_route_found_entrance_unverified,91.737,44.0,0,1833.5,1759.3,7.4
southern,south,59949,Nonnweiler - Otzenhausen Europahausstraße 35 66620,unconfirmed,94.161,44.0,0,,,
southern,south,59950,Nonnweiler - Otzenhausen Ringwallstraße 0 66620,unconfirmed,94.261,44.0,0,,,
southern,south,59951,Nonnweiler6. Prälat-Faber-Straße 2-4 66620,unconfirmed,89.471,22.0,0,,,
southern,south,59972,Tholey Rathausplatz 10 66636,unconfirmed,108.291,44.0,0,,,
southern,south,59974,Tholey Theeltalstraße 49b 66636,road_route_found_entrance_unverified,107.84,22.0,0,374.9,435.8,14.3
southern,south,59975,Tholey Theeltalstraße 50 66636,road_route_found_entrance_unverified,107.84,112.0,0,409.2,451.4,4.7
southern,south,59976,Tholey Zum Erlebnispark 1a 66636,unconfirmed,106.626,44.0,0,,,
southern,south,59977,Tholey Zum Schaumbergturm 0 66636,unconfirmed,108.17,44.0,0,,,
southern,south,59978,Tholey Zur Herl 15 66636,unconfirmed,104.929,22.0,0,,,
